0 1 1 0.0153846 0.0153846
1 2 1 0.0307692 0.0153846
2 3 1 0.0461538 0.0153846
3 4 1 0.0615385 0.0153846
4 5 1 0.0769231 0.0153846
5 6 1 0.0923077 0.0153846
6 7 1 0.107692 0.0153846
7 8 1 0.123077 0.0153846
8 9 1 0.138462 0.0153846
9 10 1 0.153846 0.0153846
10 11 1 0.169231 0.0153846
11 12 1 0.184615 0.0153846
12 13 1 0.2 0.0153846
13 14 1 0.215385 0.0153846
14 15 1 0.230769 0.0153846
15 16 1 0.246154 0.0153846
16 17 1 0.261538 0.0153846
17 18 1 0.276923 0.0153846
18 19 1 0.292308 0.0153846
19 20 1 0.307692 0.0153846
20 21 1 0.323077 0.0153846
21 22 1 0.338462 0.0153846
22 23 1 0.353846 0.0153846
23 24 1 0.369231 0.0153846
24 25 1 0.384615 0.0153846
25 26 1 0.4 0.0153846
26 27 1 0.415385 0.0153846
27 28 1 0.430769 0.0153846
28 29 1 0.446154 0.0153846
29 30 1 0.461538 0.0153846
30 31 1 0.476923 0.0153846
31 32 1 0.492308 0.0153846
32 33 1 0.507692 0.0153846
33 34 1 0.523077 0.0153846
34 35 1 0.538462 0.0153846
35 36 1 0.553846 0.0153846
36 37 1 0.569231 0.0153846
37 38 1 0.584615 0.0153846
38 39 1 0.6 0.0153846
39 40 1 0.615385 0.0153846
40 41 1 0.630769 0.0153846
41 42 1 0.646154 0.0153846
42 43 1 0.661538 0.0153846
43 44 1 0.676923 0.0153846
44 45 1 0.692308 0.0153846
45 46 1 0.707692 0.0153846
46 47 1 0.723077 0.0153846
47 48 1 0.738462 0.0153846
48 49 1 0.753846 0.0153846
49 50 1 0.769231 0.0153846
50 51 1 0.784615 0.0153846
51 52 1 0.8 0.0153846
52 53 1 0.815385 0.0153846
53 54 1 0.830769 0.0153846
54 55 1 0.846154 0.0153846
55 56 1 0.861538 0.0153846
56 57 1 0.876923 0.0153846
57 58 1 0.892308 0.0153846
58 59 1 0.907692 0.0153846
59 60 1 0.923077 0.0153846
60 61 1 0.938462 0.0153846
61 62 1 0.953846 0.0153846
62 63 1 0.969231 0.0153846
63 64 1 0.984615 0.0153846
64 1 2 0.0153846 0.0307692
65 2 2 0.0307692 0.0307692
66 3 2 0.0461538 0.0307692
67 4 2 0.0615385 0.0307692
68 5 2 0.0769231 0.0307692
69 6 2 0.0923077 0.0307692
70 7 2 0.107692 0.0307692
71 8 2 0.123077 0.0307692
72 9 2 0.138462 0.0307692
73 10 2 0.153846 0.0307692
74 11 2 0.169231 0.0307692
75 12 2 0.184615 0.0307692
76 13 2 0.2 0.0307692
77 14 2 0.215385 0.0307692
78 15 2 0.230769 0.0307692
79 16 2 0.246154 0.0307692
80 17 2 0.261538 0.0307692
81 18 2 0.276923 0.0307692
82 19 2 0.292308 0.0307692
83 20 2 0.307692 0.0307692
84 21 2 0.323077 0.0307692
85 22 2 0.338462 0.0307692
86 23 2 0.353846 0.0307692
87 24 2 0.369231 0.0307692
88 25 2 0.384615 0.0307692
89 26 2 0.4 0.0307692
90 27 2 0.415385 0.0307692
91 28 2 0.430769 0.0307692
92 29 2 0.446154 0.0307692
93 30 2 0.461538 0.0307692
94 31 2 0.476923 0.0307692
95 32 2 0.492308 0.0307692
96 33 2 0.507692 0.0307692
97 34 2 0.523077 0.0307692
98 35 2 0.538462 0.0307692
99 36 2 0.553846 0.0307692
100 37 2 0.569231 0.0307692
101 38 2 0.584615 0.0307692
102 39 2 0.6 0.0307692
103 40 2 0.615385 0.0307692
104 41 2 0.630769 0.0307692
105 42 2 0.646154 0.0307692
106 43 2 0.661538 0.0307692
107 44 2 0.676923 0.0307692
108 45 2 0.692308 0.0307692
109 46 2 0.707692 0.0307692
110 47 2 0.723077 0.0307692
111 48 2 0.738462 0.0307692
112 49 2 0.753846 0.0307692
113 50 2 0.769231 0.0307692
114 51 2 0.784615 0.0307692
115 52 2 0.8 0.0307692
116 53 2 0.815385 0.0307692
117 54 2 0.830769 0.0307692
118 55 2 0.846154 0.0307692
119 56 2 0.861538 0.0307692
120 57 2 0.876923 0.0307692
121 58 2 0.892308 0.0307692
122 59 2 0.907692 0.0307692
123 60 2 0.923077 0.0307692
124 61 2 0.938462 0.0307692
125 62 2 0.953846 0.0307692
126 63 2 0.969231 0.0307692
127 64 2 0.984615 0.0307692
128 1 3 0.0153846 0.0461538
129 2 3 0.0307692 0.0461538
130 3 3 0.0461538 0.0461538
131 4 3 0.0615385 0.0461538
132 5 3 0.0769231 0.0461538
133 6 3 0.0923077 0.0461538
134 7 3 0.107692 0.0461538
135 8 3 0.123077 0.0461538
136 9 3 0.138462 0.0461538
137 10 3 0.153846 0.0461538
138 11 3 0.169231 0.0461538
139 12 3 0.184615 0.0461538
140 13 3 0.2 0.0461538
141 14 3 0.215385 0.0461538
142 15 3 0.230769 0.0461538
143 16 3 0.246154 0.0461538
144 17 3 0.261538 0.0461538
145 18 3 0.276923 0.0461538
146 19 3 0.292308 0.0461538
147 20 3 0.307692 0.0461538
148 21 3 0.323077 0.0461538
149 22 3 0.338462 0.0461538
150 23 3 0.353846 0.0461538
151 24 3 0.369231 0.0461538
152 25 3 0.384615 0.0461538
153 26 3 0.4 0.0461538
154 27 3 0.415385 0.0461538
155 28 3 0.430769 0.0461538
156 29 3 0.446154 0.0461538
157 30 3 0.461538 0.0461538
158 31 3 0.476923 0.0461538
159 32 3 0.492308 0.0461538
160 33 3 0.507692 0.0461538
161 34 3 0.523077 0.0461538
162 35 3 0.538462 0.0461538
163 36 3 0.553846 0.0461538
164 37 3 0.569231 0.0461538
165 38 3 0.584615 0.0461538
166 39 3 0.6 0.0461538
167 40 3 0.615385 0.0461538
168 41 3 0.630769 0.0461538
169 42 3 0.646154 0.0461538
170 43 3 0.661538 0.0461538
171 44 3 0.676923 0.0461538
172 45 3 0.692308 0.0461538
173 46 3 0.707692 0.0461538
174 47 3 0.723077 0.0461538
175 48 3 0.738462 0.0461538
176 49 3 0.753846 0.0461538
177 50 3 0.769231 0.0461538
178 51 3 0.784615 0.0461538
179 52 3 0.8 0.0461538
180 53 3 0.815385 0.0461538
181 54 3 0.830769 0.0461538
182 55 3 0.846154 0.0461538
183 56 3 0.861538 0.0461538
184 57 3 0.876923 0.0461538
185 58 3 0.892308 0.0461538
186 59 3 0.907692 0.0461538
187 60 3 0.923077 0.0461538
188 61 3 0.938462 0.0461538
189 62 3 0.953846 0.0461538
190 63 3 0.969231 0.0461538
191 64 3 0.984615 0.0461538
192 1 4 0.0153846 0.0615385
193 2 4 0.0307692 0.0615385
194 3 4 0.0461538 0.0615385
195 4 4 0.0615385 0.0615385
196 5 4 0.0769231 0.0615385
197 6 4 0.0923077 0.0615385
198 7 4 0.107692 0.0615385
199 8 4 0.123077 0.0615385
200 9 4 0.138462 0.0615385
201 10 4 0.153846 0.0615385
202 11 4 0.169231 0.0615385
203 12 4 0.184615 0.0615385
204 13 4 0.2 0.0615385
205 14 4 0.215385 0.0615385
206 15 4 0.230769 0.0615385
207 16 4 0.246154 0.0615385
208 17 4 0.261538 0.0615385
209 18 4 0.276923 0.0615385
210 19 4 0.292308 0.0615385
211 20 4 0.307692 0.0615385
212 21 4 0.323077 0.0615385
213 22 4 0.338462 0.0615385
214 23 4 0.353846 0.0615385
215 24 4 0.369231 0.0615385
216 25 4 0.384615 0.0615385
217 26 4 0.4 0.0615385
218 27 4 0.415385 0.0615385
219 28 4 0.430769 0.0615385
220 29 4 0.446154 0.0615385
221 30 4 0.461538 0.0615385
222 31 4 0.476923 0.0615385
223 32 4 0.492308 0.0615385
224 33 4 0.507692 0.0615385
225 34 4 0.523077 0.0615385
226 35 4 0.538462 0.0615385
227 36 4 0.553846 0.0615385
228 37 4 0.569231 0.0615385
229 38 4 0.584615 0.0615385
230 39 4 0.6 0.0615385
231 40 4 0.615385 0.0615385
232 41 4 0.630769 0.0615385
233 42 4 0.646154 0.0615385
234 43 4 0.661538 0.0615385
235 44 4 0.676923 0.0615385
236 45 4 0.692308 0.0615385
237 46 4 0.707692 0.0615385
238 47 4 0.723077 0.0615385
239 48 4 0.738462 0.0615385
240 49 4 0.753846 0.0615385
241 50 4 0.769231 0.0615385
242 51 4 0.784615 0.0615385
243 52 4 0.8 0.0615385
244 53 4 0.815385 0.0615385
245 54 4 0.830769 0.0615385
246 55 4 0.846154 0.0615385
247 56 4 0.861538 0.0615385
248 57 4 0.876923 0.0615385
249 58 4 0.892308 0.0615385
250 59 4 0.907692 0.0615385
251 60 4 0.923077 0.0615385
252 61 4 0.938462 0.0615385
253 62 4 0.953846 0.0615385
254 63 4 0.969231 0.0615385
255 64 4 0.984615 0.0615385
256 1 5 0.0153846 0.0769231
257 2 5 0.0307692 0.0769231
258 3 5 0.0461538 0.0769231
259 4 5 0.0615385 0.0769231
260 5 5 0.0769231 0.0769231
261 6 5 0.0923077 0.0769231
262 7 5 0.107692 0.0769231
263 8 5 0.123077 0.0769231
264 9 5 0.138462 0.0769231
265 10 5 0.153846 0.0769231
266 11 5 0.169231 0.0769231
267 12 5 0.184615 0.0769231
268 13 5 0.2 0.0769231
269 14 5 0.215385 0.0769231
270 15 5 0.230769 0.0769231
271 16 5 0.246154 0.0769231
272 17 5 0.261538 0.0769231
273 18 5 0.276923 0.0769231
274 19 5 0.292308 0.0769231
275 20 5 0.307692 0.0769231
276 21 5 0.323077 0.0769231
277 22 5 0.338462 0.0769231
278 23 5 0.353846 0.0769231
279 24 5 0.369231 0.0769231
280 25 5 0.384615 0.0769231
281 26 5 0.4 0.0769231
282 27 5 0.415385 0.0769231
283 28 5 0.430769 0.0769231
284 29 5 0.446154 0.0769231
285 30 5 0.461538 0.0769231
286 31 5 0.476923 0.0769231
287 32 5 0.492308 0.0769231
288 33 5 0.507692 0.0769231
289 34 5 0.523077 0.0769231
290 35 5 0.538462 0.0769231
291 36 5 0.553846 0.0769231
292 37 5 0.569231 0.0769231
293 38 5 0.584615 0.0769231
294 39 5 0.6 0.0769231
295 40 5 0.615385 0.0769231
296 41 5 0.630769 0.0769231
297 42 5 0.646154 0.0769231
298 43 5 0.661538 0.0769231
299 44 5 0.676923 0.0769231
300 45 5 0.692308 0.0769231
301 46 5 0.707692 0.0769231
302 47 5 0.723077 0.0769231
303 48 5 0.738462 0.0769231
304 49 5 0.753846 0.0769231
305 50 5 0.769231 0.0769231
306 51 5 0.784615 0.0769231
307 52 5 0.8 0.0769231
308 53 5 0.815385 0.0769231
309 54 5 0.830769 0.0769231
310 55 5 0.846154 0.0769231
311 56 5 0.861538 0.0769231
312 57 5 0.876923 0.0769231
313 58 5 0.892308 0.0769231
314 59 5 0.907692 0.0769231
315 60 5 0.923077 0.0769231
316 61 5 0.938462 0.0769231
317 62 5 0.953846 0.0769231
318 63 5 0.969231 0.0769231
319 64 5 0.984615 0.0769231
320 1 6 0.0153846 0.0923077
321 2 6 0.0307692 0.0923077
322 3 6 0.0461538 0.0923077
323 4 6 0.0615385 0.0923077
324 5 6 0.0769231 0.0923077
325 6 6 0.0923077 0.0923077
326 7 6 0.107692 0.0923077
327 8 6 0.123077 0.0923077
328 9 6 0.138462 0.0923077
329 10 6 0.153846 0.0923077
330 11 6 0.169231 0.0923077
331 12 6 0.184615 0.0923077
332 13 6 0.2 0.0923077
333 14 6 0.215385 0.0923077
334 15 6 0.230769 0.0923077
335 16 6 0.246154 0.0923077
336 17 6 0.261538 0.0923077
337 18 6 0.276923 0.0923077
338 19 6 0.292308 0.0923077
339 20 6 0.307692 0.0923077
340 21 6 0.323077 0.0923077
341 22 6 0.338462 0.0923077
342 23 6 0.353846 0.0923077
343 24 6 0.369231 0.0923077
344 25 6 0.384615 0.0923077
345 26 6 0.4 0.0923077
346 27 6 0.415385 0.0923077
347 28 6 0.430769 0.0923077
348 29 6 0.446154 0.0923077
349 30 6 0.461538 0.0923077
350 31 6 0.476923 0.0923077
351 32 6 0.492308 0.0923077
352 33 6 0.507692 0.0923077
353 34 6 0.523077 0.0923077
354 35 6 0.538462 0.0923077
355 36 6 0.553846 0.0923077
356 37 6 0.569231 0.0923077
357 38 6 0.584615 0.0923077
358 39 6 0.6 0.0923077
359 40 6 0.615385 0.0923077
360 41 6 0.630769 0.0923077
361 42 6 0.646154 0.0923077
362 43 6 0.661538 0.0923077
363 44 6 0.676923 0.0923077
364 45 6 0.692308 0.0923077
365 46 6 0.707692 0.0923077
366 47 6 0.723077 0.0923077
367 48 6 0.738462 0.0923077
368 49 6 0.753846 0.0923077
369 50 6 0.769231 0.0923077
370 51 6 0.784615 0.0923077
371 52 6 0.8 0.0923077
372 53 6 0.815385 0.0923077
373 54 6 0.830769 0.0923077
374 55 6 0.846154 0.0923077
375 56 6 0.861538 0.0923077
376 57 6 0.876923 0.0923077
377 58 6 0.892308 0.0923077
378 59 6 0.907692 0.0923077
379 60 6 0.923077 0.0923077
380 61 6 0.938462 0.0923077
381 62 6 0.953846 0.0923077
382 63 6 0.969231 0.0923077
383 64 6 0.984615 0.0923077
384 1 7 0.0153846 0.107692
385 2 7 0.0307692 0.107692
386 3 7 0.0461538 0.107692
387 4 7 0.0615385 0.107692
388 5 7 0.0769231 0.107692
389 6 7 0.0923077 0.107692
390 7 7 0.107692 0.107692
391 8 7 0.123077 0.107692
392 9 7 0.138462 0.107692
393 10 7 0.153846 0.107692
394 11 7 0.169231 0.107692
395 12 7 0.184615 0.107692
396 13 7 0.2 0.107692
397 14 7 0.215385 0.107692
398 15 7 0.230769 0.107692
399 16 7 0.246154 0.107692
400 17 7 0.261538 0.107692
401 18 7 0.276923 0.107692
402 19 7 0.292308 0.107692
403 20 7 0.307692 0.107692
404 21 7 0.323077 0.107692
405 22 7 0.338462 0.107692
406 23 7 0.353846 0.107692
407 24 7 0.369231 0.107692
408 25 7 0.384615 0.107692
409 26 7 0.4 0.107692
410 27 7 0.415385 0.107692
411 28 7 0.430769 0.107692
412 29 7 0.446154 0.107692
413 30 7 0.461538 0.107692
414 31 7 0.476923 0.107692
415 32 7 0.492308 0.107692
416 33 7 0.507692 0.107692
417 34 7 0.523077 0.107692
418 35 7 0.538462 0.107692
419 36 7 0.553846 0.107692
420 37 7 0.569231 0.107692
421 38 7 0.584615 0.107692
422 39 7 0.6 0.107692
423 40 7 0.615385 0.107692
424 41 7 0.630769 0.107692
425 42 7 0.646154 0.107692
426 43 7 0.661538 0.107692
427 44 7 0.676923 0.107692
428 45 7 0.692308 0.107692
429 46 7 0.707692 0.107692
430 47 7 0.723077 0.107692
431 48 7 0.738462 0.107692
432 49 7 0.753846 0.107692
433 50 7 0.769231 0.107692
434 51 7 0.784615 0.107692
435 52 7 0.8 0.107692
436 53 7 0.815385 0.107692
437 54 7 0.830769 0.107692
438 55 7 0.846154 0.107692
439 56 7 0.861538 0.107692
440 57 7 0.876923 0.107692
441 58 7 0.892308 0.107692
442 59 7 0.907692 0.107692
443 60 7 0.923077 0.107692
444 61 7 0.938462 0.107692
445 62 7 0.953846 0.107692
446 63 7 0.969231 0.107692
447 64 7 0.984615 0.107692
448 1 8 0.0153846 0.123077
449 2 8 0.0307692 0.123077
450 3 8 0.0461538 0.123077
451 4 8 0.0615385 0.123077
452 5 8 0.0769231 0.123077
453 6 8 0.0923077 0.123077
454 7 8 0.107692 0.123077
455 8 8 0.123077 0.123077
456 9 8 0.138462 0.123077
457 10 8 0.153846 0.123077
458 11 8 0.169231 0.123077
459 12 8 0.184615 0.123077
460 13 8 0.2 0.123077
461 14 8 0.215385 0.123077
462 15 8 0.230769 0.123077
463 16 8 0.246154 0.123077
464 17 8 0.261538 0.123077
465 18 8 0.276923 0.123077
466 19 8 0.292308 0.123077
467 20 8 0.307692 0.123077
468 21 8 0.323077 0.123077
469 22 8 0.338462 0.123077
470 23 8 0.353846 0.123077
471 24 8 0.369231 0.123077
472 25 8 0.384615 0.123077
473 26 8 0.4 0.123077
474 27 8 0.415385 0.123077
475 28 8 0.430769 0.123077
476 29 8 0.446154 0.123077
477 30 8 0.461538 0.123077
478 31 8 0.476923 0.123077
479 32 8 0.492308 0.123077
480 33 8 0.507692 0.123077
481 34 8 0.523077 0.123077
482 35 8 0.538462 0.123077
483 36 8 0.553846 0.123077
484 37 8 0.569231 0.123077
485 38 8 0.584615 0.123077
486 39 8 0.6 0.123077
487 40 8 0.615385 0.123077
488 41 8 0.630769 0.123077
489 42 8 0.646154 0.123077
490 43 8 0.661538 0.123077
491 44 8 0.676923 0.123077
492 45 8 0.692308 0.123077
493 46 8 0.707692 0.123077
494 47 8 0.723077 0.123077
495 48 8 0.738462 0.123077
496 49 8 0.753846 0.123077
497 50 8 0.769231 0.123077
498 51 8 0.784615 0.123077
499 52 8 0.8 0.123077
500 53 8 0.815385 0.123077
501 54 8 0.830769 0.123077
502 55 8 0.846154 0.123077
503 56 8 0.861538 0.123077
504 57 8 0.876923 0.123077
505 58 8 0.892308 0.123077
506 59 8 0.907692 0.123077
507 60 8 0.923077 0.123077
508 61 8 0.938462 0.123077
509 62 8 0.953846 0.123077
510 63 8 0.969231 0.123077
511 64 8 0.984615 0.123077
512 1 9 0.0153846 0.138462
513 2 9 0.0307692 0.138462
514 3 9 0.0461538 0.138462
515 4 9 0.0615385 0.138462
516 5 9 0.0769231 0.138462
517 6 9 0.0923077 0.138462
518 7 9 0.107692 0.138462
519 8 9 0.123077 0.138462
520 9 9 0.138462 0.138462
521 10 9 0.153846 0.138462
522 11 9 0.169231 0.138462
523 12 9 0.184615 0.138462
524 13 9 0.2 0.138462
525 14 9 0.215385 0.138462
526 15 9 0.230769 0.138462
527 16 9 0.246154 0.138462
528 17 9 0.261538 0.138462
529 18 9 0.276923 0.138462
530 19 9 0.292308 0.138462
531 20 9 0.307692 0.138462
532 21 9 0.323077 0.138462
533 22 9 0.338462 0.138462
534 23 9 0.353846 0.138462
535 24 9 0.369231 0.138462
536 25 9 0.384615 0.138462
537 26 9 0.4 0.138462
538 27 9 0.415385 0.138462
539 28 9 0.430769 0.138462
540 29 9 0.446154 0.138462
541 30 9 0.461538 0.138462
542 31 9 0.476923 0.138462
543 32 9 0.492308 0.138462
544 33 9 0.507692 0.138462
545 34 9 0.523077 0.138462
546 35 9 0.538462 0.138462
547 36 9 0.553846 0.138462
548 37 9 0.569231 0.138462
549 38 9 0.584615 0.138462
550 39 9 0.6 0.138462
551 40 9 0.615385 0.138462
552 41 9 0.630769 0.138462
553 42 9 0.646154 0.138462
554 43 9 0.661538 0.138462
555 44 9 0.676923 0.138462
556 45 9 0.692308 0.138462
557 46 9 0.707692 0.138462
558 47 9 0.723077 0.138462
559 48 9 0.738462 0.138462
560 49 9 0.753846 0.138462
561 50 9 0.769231 0.138462
562 51 9 0.784615 0.138462
563 52 9 0.8 0.138462
564 53 9 0.815385 0.138462
565 54 9 0.830769 0.138462
566 55 9 0.846154 0.138462
567 56 9 0.861538 0.138462
568 57 9 0.876923 0.138462
569 58 9 0.892308 0.138462
570 59 9 0.907692 0.138462
571 60 9 0.923077 0.138462
572 61 9 0.938462 0.138462
573 62 9 0.953846 0.138462
574 63 9 0.969231 0.138462
575 64 9 0.984615 0.138462
576 1 10 0.0153846 0.153846
577 2 10 0.0307692 0.153846
578 3 10 0.0461538 0.153846
579 4 10 0.0615385 0.153846
580 5 10 0.0769231 0.153846
581 6 10 0.0923077 0.153846
582 7 10 0.107692 0.153846
583 8 10 0.123077 0.153846
584 9 10 0.138462 0.153846
585 10 10 0.153846 0.153846
586 11 10 0.169231 0.153846
587 12 10 0.184615 0.153846
588 13 10 0.2 0.153846
589 14 10 0.215385 0.153846
590 15 10 0.230769 0.153846
591 16 10 0.246154 0.153846
592 17 10 0.261538 0.153846
593 18 10 0.276923 0.153846
594 19 10 0.292308 0.153846
595 20 10 0.307692 0.153846
596 21 10 0.323077 0.153846
597 22 10 0.338462 0.153846
598 23 10 0.353846 0.153846
599 24 10 0.369231 0.153846
600 25 10 0.384615 0.153846
601 26 10 0.4 0.153846
602 27 10 0.415385 0.153846
603 28 10 0.430769 0.153846
604 29 10 0.446154 0.153846
605 30 10 0.461538 0.153846
606 31 10 0.476923 0.153846
607 32 10 0.492308 0.153846
608 33 10 0.507692 0.153846
609 34 10 0.523077 0.153846
610 35 10 0.538462 0.153846
611 36 10 0.553846 0.153846
612 37 10 0.569231 0.153846
613 38 10 0.584615 0.153846
614 39 10 0.6 0.153846
615 40 10 0.615385 0.153846
616 41 10 0.630769 0.153846
617 42 10 0.646154 0.153846
618 43 10 0.661538 0.153846
619 44 10 0.676923 0.153846
620 45 10 0.692308 0.153846
621 46 10 0.707692 0.153846
622 47 10 0.723077 0.153846
623 48 10 0.738462 0.153846
624 49 10 0.753846 0.153846
625 50 10 0.769231 0.153846
626 51 10 0.784615 0.153846
627 52 10 0.8 0.153846
628 53 10 0.815385 0.153846
629 54 10 0.830769 0.153846
630 55 10 0.846154 0.153846
631 56 10 0.861538 0.153846
632 57 10 0.876923 0.153846
633 58 10 0.892308 0.153846
634 59 10 0.907692 0.153846
635 60 10 0.923077 0.153846
636 61 10 0.938462 0.153846
637 62 10 0.953846 0.153846
638 63 10 0.969231 0.153846
639 64 10 0.984615 0.153846
640 1 11 0.0153846 0.169231
641 2 11 0.0307692 0.169231
642 3 11 0.0461538 0.169231
643 4 11 0.0615385 0.169231
644 5 11 0.0769231 0.169231
645 6 11 0.0923077 0.169231
646 7 11 0.107692 0.169231
647 8 11 0.123077 0.169231
648 9 11 0.138462 0.169231
649 10 11 0.153846 0.169231
650 11 11 0.169231 0.169231
651 12 11 0.184615 0.169231
652 13 11 0.2 0.169231
653 14 11 0.215385 0.169231
654 15 11 0.230769 0.169231
655 16 11 0.246154 0.169231
656 17 11 0.261538 0.169231
657 18 11 0.276923 0.169231
658 19 11 0.292308 0.169231
659 20 11 0.307692 0.169231
660 21 11 0.323077 0.169231
661 22 11 0.338462 0.169231
662 23 11 0.353846 0.169231
663 24 11 0.369231 0.169231
664 25 11 0.384615 0.169231
665 26 11 0.4 0.169231
666 27 11 0.415385 0.169231
667 28 11 0.430769 0.169231
668 29 11 0.446154 0.169231
669 30 11 0.461538 0.169231
670 31 11 0.476923 0.169231
671 32 11 0.492308 0.169231
672 33 11 0.507692 0.169231
673 34 11 0.523077 0.169231
674 35 11 0.538462 0.169231
675 36 11 0.553846 0.169231
676 37 11 0.569231 0.169231
677 38 11 0.584615 0.169231
678 39 11 0.6 0.169231
679 40 11 0.615385 0.169231
680 41 11 0.630769 0.169231
681 42 11 0.646154 0.169231
682 43 11 0.661538 0.169231
683 44 11 0.676923 0.169231
684 45 11 0.692308 0.169231
685 46 11 0.707692 0.169231
686 47 11 0.723077 0.169231
687 48 11 0.738462 0.169231
688 49 11 0.753846 0.169231
689 50 11 0.769231 0.169231
690 51 11 0.784615 0.169231
691 52 11 0.8 0.169231
692 53 11 0.815385 0.169231
693 54 11 0.830769 0.169231
694 55 11 0.846154 0.169231
695 56 11 0.861538 0.169231
696 57 11 0.876923 0.169231
697 58 11 0.892308 0.169231
698 59 11 0.907692 0.169231
699 60 11 0.923077 0.169231
700 61 11 0.938462 0.169231
701 62 11 0.953846 0.169231
702 63 11 0.969231 0.169231
703 64 11 0.984615 0.169231
704 1 12 0.0153846 0.184615
705 2 12 0.0307692 0.184615
706 3 12 0.0461538 0.184615
707 4 12 0.0615385 0.184615
708 5 12 0.0769231 0.184615
709 6 12 0.0923077 0.184615
710 7 12 0.107692 0.184615
711 8 12 0.123077 0.184615
712 9 12 0.138462 0.184615
713 10 12 0.153846 0.184615
714 11 12 0.169231 0.184615
715 12 12 0.184615 0.184615
716 13 12 0.2 0.184615
717 14 12 0.215385 0.184615
718 15 12 0.230769 0.184615
719 16 12 0.246154 0.184615
720 17 12 0.261538 0.184615
721 18 12 0.276923 0.184615
722 19 12 0.292308 0.184615
723 20 12 0.307692 0.184615
724 21 12 0.323077 0.184615
725 22 12 0.338462 0.184615
726 23 12 0.353846 0.184615
727 24 12 0.369231 0.184615
728 25 12 0.384615 0.184615
729 26 12 0.4 0.184615
730 27 12 0.415385 0.184615
731 28 12 0.430769 0.184615
732 29 12 0.446154 0.184615
733 30 12 0.461538 0.184615
734 31 12 0.476923 0.184615
735 32 12 0.492308 0.184615
736 33 12 0.507692 0.184615
737 34 12 0.523077 0.184615
738 35 12 0.538462 0.184615
739 36 12 0.553846 0.184615
740 37 12 0.569231 0.184615
741 38 12 0.584615 0.184615
742 39 12 0.6 0.184615
743 40 12 0.615385 0.184615
744 41 12 0.630769 0.184615
745 42 12 0.646154 0.184615
746 43 12 0.661538 0.184615
747 44 12 0.676923 0.184615
748 45 12 0.692308 0.184615
749 46 12 0.707692 0.184615
750 47 12 0.723077 0.184615
751 48 12 0.738462 0.184615
752 49 12 0.753846 0.184615
753 50 12 0.769231 0.184615
754 51 12 0.784615 0.184615
755 52 12 0.8 0.184615
756 53 12 0.815385 0.184615
757 54 12 0.830769 0.184615
758 55 12 0.846154 0.184615
759 56 12 0.861538 0.184615
760 57 12 0.876923 0.184615
761 58 12 0.892308 0.184615
762 59 12 0.907692 0.184615
763 60 12 0.923077 0.184615
764 61 12 0.938462 0.184615
765 62 12 0.953846 0.184615
766 63 12 0.969231 0.184615
767 64 12 0.984615 0.184615
768 1 13 0.0153846 0.2
769 2 13 0.0307692 0.2
770 3 13 0.0461538 0.2
771 4 13 0.0615385 0.2
772 5 13 0.0769231 0.2
773 6 13 0.0923077 0.2
774 7 13 0.107692 0.2
775 8 13 0.123077 0.2
776 9 13 0.138462 0.2
777 10 13 0.153846 0.2
778 11 13 0.169231 0.2
779 12 13 0.184615 0.2
780 13 13 0.2 0.2
781 14 13 0.215385 0.2
782 15 13 0.230769 0.2
783 16 13 0.246154 0.2
784 17 13 0.261538 0.2
785 18 13 0.276923 0.2
786 19 13 0.292308 0.2
787 20 13 0.307692 0.2
788 21 13 0.323077 0.2
789 22 13 0.338462 0.2
790 23 13 0.353846 0.2
791 24 13 0.369231 0.2
792 25 13 0.384615 0.2
793 26 13 0.4 0.2
794 27 13 0.415385 0.2
795 28 13 0.430769 0.2
796 29 13 0.446154 0.2
797 30 13 0.461538 0.2
798 31 13 0.476923 0.2
799 32 13 0.492308 0.2
800 33 13 0.507692 0.2
801 34 13 0.523077 0.2
802 35 13 0.538462 0.2
803 36 13 0.553846 0.2
804 37 13 0.569231 0.2
805 38 13 0.584615 0.2
806 39 13 0.6 0.2
807 40 13 0.615385 0.2
808 41 13 0.630769 0.2
809 42 13 0.646154 0.2
810 43 13 0.661538 0.2
811 44 13 0.676923 0.2
812 45 13 0.692308 0.2
813 46 13 0.707692 0.2
814 47 13 0.723077 0.2
815 48 13 0.738462 0.2
816 49 13 0.753846 0.2
817 50 13 0.769231 0.2
818 51 13 0.784615 0.2
819 52 13 0.8 0.2
820 53 13 0.815385 0.2
821 54 13 0.830769 0.2
822 55 13 0.846154 0.2
823 56 13 0.861538 0.2
824 57 13 0.876923 0.2
825 58 13 0.892308 0.2
826 59 13 0.907692 0.2
827 60 13 0.923077 0.2
828 61 13 0.938462 0.2
829 62 13 0.953846 0.2
830 63 13 0.969231 0.2
831 64 13 0.984615 0.2
832 1 14 0.0153846 0.215385
833 2 14 0.0307692 0.215385
834 3 14 0.0461538 0.215385
835 4 14 0.0615385 0.215385
836 5 14 0.0769231 0.215385
837 6 14 0.0923077 0.215385
838 7 14 0.107692 0.215385
839 8 14 0.123077 0.215385
840 9 14 0.138462 0.215385
841 10 14 0.153846 0.215385
842 11 14 0.169231 0.215385
843 12 14 0.184615 0.215385
844 13 14 0.2 0.215385
845 14 14 0.215385 0.215385
846 15 14 0.230769 0.215385
847 16 14 0.246154 0.215385
848 17 14 0.261538 0.215385
849 18 14 0.276923 0.215385
850 19 14 0.292308 0.215385
851 20 14 0.307692 0.215385
852 21 14 0.323077 0.215385
853 22 14 0.338462 0.215385
854 23 14 0.353846 0.215385
855 24 14 0.369231 0.215385
856 25 14 0.384615 0.215385
857 26 14 0.4 0.215385
858 27 14 0.415385 0.215385
859 28 14 0.430769 0.215385
860 29 14 0.446154 0.215385
861 30 14 0.461538 0.215385
862 31 14 0.476923 0.215385
863 32 14 0.492308 0.215385
864 33 14 0.507692 0.215385
865 34 14 0.523077 0.215385
866 35 14 0.538462 0.215385
867 36 14 0.553846 0.215385
868 37 14 0.569231 0.215385
869 38 14 0.584615 0.215385
870 39 14 0.6 0.215385
871 40 14 0.615385 0.215385
872 41 14 0.630769 0.215385
873 42 14 0.646154 0.215385
874 43 14 0.661538 0.215385
875 44 14 0.676923 0.215385
876 45 14 0.692308 0.215385
877 46 14 0.707692 0.215385
878 47 14 0.723077 0.215385
879 48 14 0.738462 0.215385
880 49 14 0.753846 0.215385
881 50 14 0.769231 0.215385
882 51 14 0.784615 0.215385
883 52 14 0.8 0.215385
884 53 14 0.815385 0.215385
885 54 14 0.830769 0.215385
886 55 14 0.846154 0.215385
887 56 14 0.861538 0.215385
888 57 14 0.876923 0.215385
889 58 14 0.892308 0.215385
890 59 14 0.907692 0.215385
891 60 14 0.923077 0.215385
892 61 14 0.938462 0.215385
893 62 14 0.953846 0.215385
894 63 14 0.969231 0.215385
895 64 14 0.984615 0.215385
896 1 15 0.0153846 0.230769
897 2 15 0.0307692 0.230769
898 3 15 0.0461538 0.230769
899 4 15 0.0615385 0.230769
900 5 15 0.0769231 0.230769
901 6 15 0.0923077 0.230769
902 7 15 0.107692 0.230769
903 8 15 0.123077 0.230769
904 9 15 0.138462 0.230769
905 10 15 0.153846 0.230769
906 11 15 0.169231 0.230769
907 12 15 0.184615 0.230769
908 13 15 0.2 0.230769
909 14 15 0.215385 0.230769
910 15 15 0.230769 0.230769
911 16 15 0.246154 0.230769
912 17 15 0.261538 0.230769
913 18 15 0.276923 0.230769
914 19 15 0.292308 0.230769
915 20 15 0.307692 0.230769
916 21 15 0.323077 0.230769
917 22 15 0.338462 0.230769
918 23 15 0.353846 0.230769
919 24 15 0.369231 0.230769
920 25 15 0.384615 0.230769
921 26 15 0.4 0.230769
922 27 15 0.415385 0.230769
923 28 15 0.430769 0.230769
924 29 15 0.446154 0.230769
925 30 15 0.461538 0.230769
926 31 15 0.476923 0.230769
927 32 15 0.492308 0.230769
928 33 15 0.507692 0.230769
929 34 15 0.523077 0.230769
930 35 15 0.538462 0.230769
931 36 15 0.553846 0.230769
932 37 15 0.569231 0.230769
933 38 15 0.584615 0.230769
934 39 15 0.6 0.230769
935 40 15 0.615385 0.230769
936 41 15 0.630769 0.230769
937 42 15 0.646154 0.230769
938 43 15 0.661538 0.230769
939 44 15 0.676923 0.230769
940 45 15 0.692308 0.230769
941 46 15 0.707692 0.230769
942 47 15 0.723077 0.230769
943 48 15 0.738462 0.230769
944 49 15 0.753846 0.230769
945 50 15 0.769231 0.230769
946 51 15 0.784615 0.230769
947 52 15 0.8 0.230769
948 53 15 0.815385 0.230769
949 54 15 0.830769 0.230769
950 55 15 0.846154 0.230769
951 56 15 0.861538 0.230769
952 57 15 0.876923 0.230769
953 58 15 0.892308 0.230769
954 59 15 0.907692 0.230769
955 60 15 0.923077 0.230769
956 61 15 0.938462 0.230769
957 62 15 0.953846 0.230769
958 63 15 0.969231 0.230769
959 64 15 0.984615 0.230769
960 1 16 0.0153846 0.246154
961 2 16 0.0307692 0.246154
962 3 16 0.0461538 0.246154
963 4 16 0.0615385 0.246154
964 5 16 0.0769231 0.246154
965 6 16 0.0923077 0.246154
966 7 16 0.107692 0.246154
967 8 16 0.123077 0.246154
968 9 16 0.138462 0.246154
969 10 16 0.153846 0.246154
970 11 16 0.169231 0.246154
971 12 16 0.184615 0.246154
972 13 16 0.2 0.246154
973 14 16 0.215385 0.246154
974 15 16 0.230769 0.246154
975 16 16 0.246154 0.246154
976 17 16 0.261538 0.246154
977 18 16 0.276923 0.246154
978 19 16 0.292308 0.246154
979 20 16 0.307692 0.246154
980 21 16 0.323077 0.246154
981 22 16 0.338462 0.246154
982 23 16 0.353846 0.246154
983 24 16 0.369231 0.246154
984 25 16 0.384615 0.246154
985 26 16 0.4 0.246154
986 27 16 0.415385 0.246154
987 28 16 0.430769 0.246154
988 29 16 0.446154 0.246154
989 30 16 0.461538 0.246154
990 31 16 0.476923 0.246154
991 32 16 0.492308 0.246154
992 33 16 0.507692 0.246154
993 34 16 0.523077 0.246154
994 35 16 0.538462 0.246154
995 36 16 0.553846 0.246154
996 37 16 0.569231 0.246154
997 38 16 0.584615 0.246154
998 39 16 0.6 0.246154
999 40 16 0.615385 0.246154
1000 41 16 0.630769 0.246154
1001 42 16 0.646154 0.246154
1002 43 16 0.661538 0.246154
1003 44 16 0.676923 0.246154
1004 45 16 0.692308 0.246154
1005 46 16 0.707692 0.246154
1006 47 16 0.723077 0.246154
1007 48 16 0.738462 0.246154
1008 49 16 0.753846 0.246154
1009 50 16 0.769231 0.246154
1010 51 16 0.784615 0.246154
1011 52 16 0.8 0.246154
1012 53 16 0.815385 0.246154
1013 54 16 0.830769 0.246154
1014 55 16 0.846154 0.246154
1015 56 16 0.861538 0.246154
1016 57 16 0.876923 0.246154
1017 58 16 0.892308 0.246154
1018 59 16 0.907692 0.246154
1019 60 16 0.923077 0.246154
1020 61 16 0.938462 0.246154
1021 62 16 0.953846 0.246154
1022 63 16 0.969231 0.246154
1023 64 16 0.984615 0.246154
1024 1 17 0.0153846 0.261538
1025 2 17 0.0307692 0.261538
1026 3 17 0.0461538 0.261538
1027 4 17 0.0615385 0.261538
1028 5 17 0.0769231 0.261538
1029 6 17 0.0923077 0.261538
1030 7 17 0.107692 0.261538
1031 8 17 0.123077 0.261538
1032 9 17 0.138462 0.261538
1033 10 17 0.153846 0.261538
1034 11 17 0.169231 0.261538
1035 12 17 0.184615 0.261538
1036 13 17 0.2 0.261538
1037 14 17 0.215385 0.261538
1038 15 17 0.230769 0.261538
1039 16 17 0.246154 0.261538
1040 17 17 0.261538 0.261538
1041 18 17 0.276923 0.261538
1042 19 17 0.292308 0.261538
1043 20 17 0.307692 0.261538
1044 21 17 0.323077 0.261538
1045 22 17 0.338462 0.261538
1046 23 17 0.353846 0.261538
1047 24 17 0.369231 0.261538
1048 25 17 0.384615 0.261538
1049 26 17 0.4 0.261538
1050 27 17 0.415385 0.261538
1051 28 17 0.430769 0.261538
1052 29 17 0.446154 0.261538
1053 30 17 0.461538 0.261538
1054 31 17 0.476923 0.261538
1055 32 17 0.492308 0.261538
1056 33 17 0.507692 0.261538
1057 34 17 0.523077 0.261538
1058 35 17 0.538462 0.261538
1059 36 17 0.553846 0.261538
1060 37 17 0.569231 0.261538
1061 38 17 0.584615 0.261538
1062 39 17 0.6 0.261538
1063 40 17 0.615385 0.261538
1064 41 17 0.630769 0.261538
1065 42 17 0.646154 0.261538
1066 43 17 0.661538 0.261538
1067 44 17 0.676923 0.261538
1068 45 17 0.692308 0.261538
1069 46 17 0.707692 0.261538
1070 47 17 0.723077 0.261538
1071 48 17 0.738462 0.261538
1072 49 17 0.753846 0.261538
1073 50 17 0.769231 0.261538
1074 51 17 0.784615 0.261538
1075 52 17 0.8 0.261538
1076 53 17 0.815385 0.261538
1077 54 17 0.830769 0.261538
1078 55 17 0.846154 0.261538
1079 56 17 0.861538 0.261538
1080 57 17 0.876923 0.261538
1081 58 17 0.892308 0.261538
1082 59 17 0.907692 0.261538
1083 60 17 0.923077 0.261538
1084 61 17 0.938462 0.261538
1085 62 17 0.953846 0.261538
1086 63 17 0.969231 0.261538
1087 64 17 0.984615 0.261538
1088 1 18 0.0153846 0.276923
1089 2 18 0.0307692 0.276923
1090 3 18 0.0461538 0.276923
1091 4 18 0.0615385 0.276923
1092 5 18 0.0769231 0.276923
1093 6 18 0.0923077 0.276923
1094 7 18 0.107692 0.276923
1095 8 18 0.123077 0.276923
1096 9 18 0.138462 0.276923
1097 10 18 0.153846 0.276923
1098 11 18 0.169231 0.276923
1099 12 18 0.184615 0.276923
1100 13 18 0.2 0.276923
1101 14 18 0.215385 0.276923
1102 15 18 0.230769 0.276923
1103 16 18 0.246154 0.276923
1104 17 18 0.261538 0.276923
1105 18 18 0.276923 0.276923
1106 19 18 0.292308 0.276923
1107 20 18 0.307692 0.276923
1108 21 18 0.323077 0.276923
1109 22 18 0.338462 0.276923
1110 23 18 0.353846 0.276923
1111 24 18 0.369231 0.276923
1112 25 18 0.384615 0.276923
1113 26 18 0.4 0.276923
1114 27 18 0.415385 0.276923
1115 28 18 0.430769 0.276923
1116 29 18 0.446154 0.276923
1117 30 18 0.461538 0.276923
1118 31 18 0.476923 0.276923
1119 32 18 0.492308 0.276923
1120 33 18 0.507692 0.276923
1121 34 18 0.523077 0.276923
1122 35 18 0.538462 0.276923
1123 36 18 0.553846 0.276923
1124 37 18 0.569231 0.276923
1125 38 18 0.584615 0.276923
1126 39 18 0.6 0.276923
1127 40 18 0.615385 0.276923
1128 41 18 0.630769 0.276923
1129 42 18 0.646154 0.276923
1130 43 18 0.661538 0.276923
1131 44 18 0.676923 0.276923
1132 45 18 0.692308 0.276923
1133 46 18 0.707692 0.276923
1134 47 18 0.723077 0.276923
1135 48 18 0.738462 0.276923
1136 49 18 0.753846 0.276923
1137 50 18 0.769231 0.276923
1138 51 18 0.784615 0.276923
1139 52 18 0.8 0.276923
1140 53 18 0.815385 0.276923
1141 54 18 0.830769 0.276923
1142 55 18 0.846154 0.276923
1143 56 18 0.861538 0.276923
1144 57 18 0.876923 0.276923
1145 58 18 0.892308 0.276923
1146 59 18 0.907692 0.276923
1147 60 18 0.923077 0.276923
1148 61 18 0.938462 0.276923
1149 62 18 0.953846 0.276923
1150 63 18 0.969231 0.276923
1151 64 18 0.984615 0.276923
1152 1 19 0.0153846 0.292308
1153 2 19 0.0307692 0.292308
1154 3 19 0.0461538 0.292308
1155 4 19 0.0615385 0.292308
1156 5 19 0.0769231 0.292308
1157 6 19 0.0923077 0.292308
1158 7 19 0.107692 0.292308
1159 8 19 0.123077 0.292308
1160 9 19 0.138462 0.292308
1161 10 19 0.153846 0.292308
1162 11 19 0.169231 0.292308
1163 12 19 0.184615 0.292308
1164 13 19 0.2 0.292308
1165 14 19 0.215385 0.292308
1166 15 19 0.230769 0.292308
1167 16 19 0.246154 0.292308
1168 17 19 0.261538 0.292308
1169 18 19 0.276923 0.292308
1170 19 19 0.292308 0.292308
1171 20 19 0.307692 0.292308
1172 21 19 0.323077 0.292308
1173 22 19 0.338462 0.292308
1174 23 19 0.353846 0.292308
1175 24 19 0.369231 0.292308
1176 25 19 0.384615 0.292308
1177 26 19 0.4 0.292308
1178 27 19 0.415385 0.292308
1179 28 19 0.430769 0.292308
1180 29 19 0.446154 0.292308
1181 30 19 0.461538 0.292308
1182 31 19 0.476923 0.292308
1183 32 19 0.492308 0.292308
1184 33 19 0.507692 0.292308
1185 34 19 0.523077 0.292308
1186 35 19 0.538462 0.292308
1187 36 19 0.553846 0.292308
1188 37 19 0.569231 0.292308
1189 38 19 0.584615 0.292308
1190 39 19 0.6 0.292308
1191 40 19 0.615385 0.292308
1192 41 19 0.630769 0.292308
1193 42 19 0.646154 0.292308
1194 43 19 0.661538 0.292308
1195 44 19 0.676923 0.292308
1196 45 19 0.692308 0.292308
1197 46 19 0.707692 0.292308
1198 47 19 0.723077 0.292308
1199 48 19 0.738462 0.292308
1200 49 19 0.753846 0.292308
1201 50 19 0.769231 0.292308
1202 51 19 0.784615 0.292308
1203 52 19 0.8 0.292308
1204 53 19 0.815385 0.292308
1205 54 19 0.830769 0.292308
1206 55 19 0.846154 0.292308
1207 56 19 0.861538 0.292308
1208 57 19 0.876923 0.292308
1209 58 19 0.892308 0.292308
1210 59 19 0.907692 0.292308
1211 60 19 0.923077 0.292308
1212 61 19 0.938462 0.292308
1213 62 19 0.953846 0.292308
1214 63 19 0.969231 0.292308
1215 64 19 0.984615 0.292308
1216 1 20 0.0153846 0.307692
1217 2 20 0.0307692 0.307692
1218 3 20 0.0461538 0.307692
1219 4 20 0.0615385 0.307692
1220 5 20 0.0769231 0.307692
1221 6 20 0.0923077 0.307692
1222 7 20 0.107692 0.307692
1223 8 20 0.123077 0.307692
1224 9 20 0.138462 0.307692
1225 10 20 0.153846 0.307692
1226 11 20 0.169231 0.307692
1227 12 20 0.184615 0.307692
1228 13 20 0.2 0.307692
1229 14 20 0.215385 0.307692
1230 15 20 0.230769 0.307692
1231 16 20 0.246154 0.307692
1232 17 20 0.261538 0.307692
1233 18 20 0.276923 0.307692
1234 19 20 0.292308 0.307692
1235 20 20 0.307692 0.307692
1236 21 20 0.323077 0.307692
1237 22 20 0.338462 0.307692
1238 23 20 0.353846 0.307692
1239 24 20 0.369231 0.307692
1240 25 20 0.384615 0.307692
1241 26 20 0.4 0.307692
1242 27 20 0.415385 0.307692
1243 28 20 0.430769 0.307692
1244 29 20 0.446154 0.307692
1245 30 20 0.461538 0.307692
1246 31 20 0.476923 0.307692
1247 32 20 0.492308 0.307692
1248 33 20 0.507692 0.307692
1249 34 20 0.523077 0.307692
1250 35 20 0.538462 0.307692
1251 36 20 0.553846 0.307692
1252 37 20 0.569231 0.307692
1253 38 20 0.584615 0.307692
1254 39 20 0.6 0.307692
1255 40 20 0.615385 0.307692
1256 41 20 0.630769 0.307692
1257 42 20 0.646154 0.307692
1258 43 20 0.661538 0.307692
1259 44 20 0.676923 0.307692
1260 45 20 0.692308 0.307692
1261 46 20 0.707692 0.307692
1262 47 20 0.723077 0.307692
1263 48 20 0.738462 0.307692
1264 49 20 0.753846 0.307692
1265 50 20 0.769231 0.307692
1266 51 20 0.784615 0.307692
1267 52 20 0.8 0.307692
1268 53 20 0.815385 0.307692
1269 54 20 0.830769 0.307692
1270 55 20 0.846154 0.307692
1271 56 20 0.861538 0.307692
1272 57 20 0.876923 0.307692
1273 58 20 0.892308 0.307692
1274 59 20 0.907692 0.307692
1275 60 20 0.923077 0.307692
1276 61 20 0.938462 0.307692
1277 62 20 0.953846 0.307692
1278 63 20 0.969231 0.307692
1279 64 20 0.984615 0.307692
1280 1 21 0.0153846 0.323077
1281 2 21 0.0307692 0.323077
1282 3 21 0.0461538 0.323077
1283 4 21 0.0615385 0.323077
1284 5 21 0.0769231 0.323077
1285 6 21 0.0923077 0.323077
1286 7 21 0.107692 0.323077
1287 8 21 0.123077 0.323077
1288 9 21 0.138462 0.323077
1289 10 21 0.153846 0.323077
1290 11 21 0.169231 0.323077
1291 12 21 0.184615 0.323077
1292 13 21 0.2 0.323077
1293 14 21 0.215385 0.323077
1294 15 21 0.230769 0.323077
1295 16 21 0.246154 0.323077
1296 17 21 0.261538 0.323077
1297 18 21 0.276923 0.323077
1298 19 21 0.292308 0.323077
1299 20 21 0.307692 0.323077
1300 21 21 0.323077 0.323077
1301 22 21 0.338462 0.323077
1302 23 21 0.353846 0.323077
1303 24 21 0.369231 0.323077
1304 25 21 0.384615 0.323077
1305 26 21 0.4 0.323077
1306 27 21 0.415385 0.323077
1307 28 21 0.430769 0.323077
1308 29 21 0.446154 0.323077
1309 30 21 0.461538 0.323077
1310 31 21 0.476923 0.323077
1311 32 21 0.492308 0.323077
1312 33 21 0.507692 0.323077
1313 34 21 0.523077 0.323077
1314 35 21 0.538462 0.323077
1315 36 21 0.553846 0.323077
1316 37 21 0.569231 0.323077
1317 38 21 0.584615 0.323077
1318 39 21 0.6 0.323077
1319 40 21 0.615385 0.323077
1320 41 21 0.630769 0.323077
1321 42 21 0.646154 0.323077
1322 43 21 0.661538 0.323077
1323 44 21 0.676923 0.323077
1324 45 21 0.692308 0.323077
1325 46 21 0.707692 0.323077
1326 47 21 0.723077 0.323077
1327 48 21 0.738462 0.323077
1328 49 21 0.753846 0.323077
1329 50 21 0.769231 0.323077
1330 51 21 0.784615 0.323077
1331 52 21 0.8 0.323077
1332 53 21 0.815385 0.323077
1333 54 21 0.830769 0.323077
1334 55 21 0.846154 0.323077
1335 56 21 0.861538 0.323077
1336 57 21 0.876923 0.323077
1337 58 21 0.892308 0.323077
1338 59 21 0.907692 0.323077
1339 60 21 0.923077 0.323077
1340 61 21 0.938462 0.323077
1341 62 21 0.953846 0.323077
1342 63 21 0.969231 0.323077
1343 64 21 0.984615 0.323077
1344 1 22 0.0153846 0.338462
1345 2 22 0.0307692 0.338462
1346 3 22 0.0461538 0.338462
1347 4 22 0.0615385 0.338462
1348 5 22 0.0769231 0.338462
1349 6 22 0.0923077 0.338462
1350 7 22 0.107692 0.338462
1351 8 22 0.123077 0.338462
1352 9 22 0.138462 0.338462
1353 10 22 0.153846 0.338462
1354 11 22 0.169231 0.338462
1355 12 22 0.184615 0.338462
1356 13 22 0.2 0.338462
1357 14 22 0.215385 0.338462
1358 15 22 0.230769 0.338462
1359 16 22 0.246154 0.338462
1360 17 22 0.261538 0.338462
1361 18 22 0.276923 0.338462
1362 19 22 0.292308 0.338462
1363 20 22 0.307692 0.338462
1364 21 22 0.323077 0.338462
1365 22 22 0.338462 0.338462
1366 23 22 0.353846 0.338462
1367 24 22 0.369231 0.338462
1368 25 22 0.384615 0.338462
1369 26 22 0.4 0.338462
1370 27 22 0.415385 0.338462
1371 28 22 0.430769 0.338462
1372 29 22 0.446154 0.338462
1373 30 22 0.461538 0.338462
1374 31 22 0.476923 0.338462
1375 32 22 0.492308 0.338462
1376 33 22 0.507692 0.338462
1377 34 22 0.523077 0.338462
1378 35 22 0.538462 0.338462
1379 36 22 0.553846 0.338462
1380 37 22 0.569231 0.338462
1381 38 22 0.584615 0.338462
1382 39 22 0.6 0.338462
1383 40 22 0.615385 0.338462
1384 41 22 0.630769 0.338462
1385 42 22 0.646154 0.338462
1386 43 22 0.661538 0.338462
1387 44 22 0.676923 0.338462
1388 45 22 0.692308 0.338462
1389 46 22 0.707692 0.338462
1390 47 22 0.723077 0.338462
1391 48 22 0.738462 0.338462
1392 49 22 0.753846 0.338462
1393 50 22 0.769231 0.338462
1394 51 22 0.784615 0.338462
1395 52 22 0.8 0.338462
1396 53 22 0.815385 0.338462
1397 54 22 0.830769 0.338462
1398 55 22 0.846154 0.338462
1399 56 22 0.861538 0.338462
1400 57 22 0.876923 0.338462
1401 58 22 0.892308 0.338462
1402 59 22 0.907692 0.338462
1403 60 22 0.923077 0.338462
1404 61 22 0.938462 0.338462
1405 62 22 0.953846 0.338462
1406 63 22 0.969231 0.338462
1407 64 22 0.984615 0.338462
1408 1 23 0.0153846 0.353846
1409 2 23 0.0307692 0.353846
1410 3 23 0.0461538 0.353846
1411 4 23 0.0615385 0.353846
1412 5 23 0.0769231 0.353846
1413 6 23 0.0923077 0.353846
1414 7 23 0.107692 0.353846
1415 8 23 0.123077 0.353846
1416 9 23 0.138462 0.353846
1417 10 23 0.153846 0.353846
1418 11 23 0.169231 0.353846
1419 12 23 0.184615 0.353846
1420 13 23 0.2 0.353846
1421 14 23 0.215385 0.353846
1422 15 23 0.230769 0.353846
1423 16 23 0.246154 0.353846
1424 17 23 0.261538 0.353846
1425 18 23 0.276923 0.353846
1426 19 23 0.292308 0.353846
1427 20 23 0.307692 0.353846
1428 21 23 0.323077 0.353846
1429 22 23 0.338462 0.353846
1430 23 23 0.353846 0.353846
1431 24 23 0.369231 0.353846
1432 25 23 0.384615 0.353846
1433 26 23 0.4 0.353846
1434 27 23 0.415385 0.353846
1435 28 23 0.430769 0.353846
1436 29 23 0.446154 0.353846
1437 30 23 0.461538 0.353846
1438 31 23 0.476923 0.353846
1439 32 23 0.492308 0.353846
1440 33 23 0.507692 0.353846
1441 34 23 0.523077 0.353846
1442 35 23 0.538462 0.353846
1443 36 23 0.553846 0.353846
1444 37 23 0.569231 0.353846
1445 38 23 0.584615 0.353846
1446 39 23 0.6 0.353846
1447 40 23 0.615385 0.353846
1448 41 23 0.630769 0.353846
1449 42 23 0.646154 0.353846
1450 43 23 0.661538 0.353846
1451 44 23 0.676923 0.353846
1452 45 23 0.692308 0.353846
1453 46 23 0.707692 0.353846
1454 47 23 0.723077 0.353846
1455 48 23 0.738462 0.353846
1456 49 23 0.753846 0.353846
1457 50 23 0.769231 0.353846
1458 51 23 0.784615 0.353846
1459 52 23 0.8 0.353846
1460 53 23 0.815385 0.353846
1461 54 23 0.830769 0.353846
1462 55 23 0.846154 0.353846
1463 56 23 0.861538 0.353846
1464 57 23 0.876923 0.353846
1465 58 23 0.892308 0.353846
1466 59 23 0.907692 0.353846
1467 60 23 0.923077 0.353846
1468 61 23 0.938462 0.353846
1469 62 23 0.953846 0.353846
1470 63 23 0.969231 0.353846
1471 64 23 0.984615 0.353846
1472 1 24 0.0153846 0.369231
1473 2 24 0.0307692 0.369231
1474 3 24 0.0461538 0.369231
1475 4 24 0.0615385 0.369231
1476 5 24 0.0769231 0.369231
1477 6 24 0.0923077 0.369231
1478 7 24 0.107692 0.369231
1479 8 24 0.123077 0.369231
1480 9 24 0.138462 0.369231
1481 10 24 0.153846 0.369231
1482 11 24 0.169231 0.369231
1483 12 24 0.184615 0.369231
1484 13 24 0.2 0.369231
1485 14 24 0.215385 0.369231
1486 15 24 0.230769 0.369231
1487 16 24 0.246154 0.369231
1488 17 24 0.261538 0.369231
1489 18 24 0.276923 0.369231
1490 19 24 0.292308 0.369231
1491 20 24 0.307692 0.369231
1492 21 24 0.323077 0.369231
1493 22 24 0.338462 0.369231
1494 23 24 0.353846 0.369231
1495 24 24 0.369231 0.369231
1496 25 24 0.384615 0.369231
1497 26 24 0.4 0.369231
1498 27 24 0.415385 0.369231
1499 28 24 0.430769 0.369231
1500 29 24 0.446154 0.369231
1501 30 24 0.461538 0.369231
1502 31 24 0.476923 0.369231
1503 32 24 0.492308 0.369231
1504 33 24 0.507692 0.369231
1505 34 24 0.523077 0.369231
1506 35 24 0.538462 0.369231
1507 36 24 0.553846 0.369231
1508 37 24 0.569231 0.369231
1509 38 24 0.584615 0.369231
1510 39 24 0.6 0.369231
1511 40 24 0.615385 0.369231
1512 41 24 0.630769 0.369231
1513 42 24 0.646154 0.369231
1514 43 24 0.661538 0.369231
1515 44 24 0.676923 0.369231
1516 45 24 0.692308 0.369231
1517 46 24 0.707692 0.369231
1518 47 24 0.723077 0.369231
1519 48 24 0.738462 0.369231
1520 49 24 0.753846 0.369231
1521 50 24 0.769231 0.369231
1522 51 24 0.784615 0.369231
1523 52 24 0.8 0.369231
1524 53 24 0.815385 0.369231
1525 54 24 0.830769 0.369231
1526 55 24 0.846154 0.369231
1527 56 24 0.861538 0.369231
1528 57 24 0.876923 0.369231
1529 58 24 0.892308 0.369231
1530 59 24 0.907692 0.369231
1531 60 24 0.923077 0.369231
1532 61 24 0.938462 0.369231
1533 62 24 0.953846 0.369231
1534 63 24 0.969231 0.369231
1535 64 24 0.984615 0.369231
1536 1 25 0.0153846 0.384615
1537 2 25 0.0307692 0.384615
1538 3 25 0.0461538 0.384615
1539 4 25 0.0615385 0.384615
1540 5 25 0.0769231 0.384615
1541 6 25 0.0923077 0.384615
1542 7 25 0.107692 0.384615
1543 8 25 0.123077 0.384615
1544 9 25 0.138462 0.384615
1545 10 25 0.153846 0.384615
1546 11 25 0.169231 0.384615
1547 12 25 0.184615 0.384615
1548 13 25 0.2 0.384615
1549 14 25 0.215385 0.384615
1550 15 25 0.230769 0.384615
1551 16 25 0.246154 0.384615
1552 17 25 0.261538 0.384615
1553 18 25 0.276923 0.384615
1554 19 25 0.292308 0.384615
1555 20 25 0.307692 0.384615
1556 21 25 0.323077 0.384615
1557 22 25 0.338462 0.384615
1558 23 25 0.353846 0.384615
1559 24 25 0.369231 0.384615
1560 25 25 0.384615 0.384615
1561 26 25 0.4 0.384615
1562 27 25 0.415385 0.384615
1563 28 25 0.430769 0.384615
1564 29 25 0.446154 0.384615
1565 30 25 0.461538 0.384615
1566 31 25 0.476923 0.384615
1567 32 25 0.492308 0.384615
1568 33 25 0.507692 0.384615
1569 34 25 0.523077 0.384615
1570 35 25 0.538462 0.384615
1571 36 25 0.553846 0.384615
1572 37 25 0.569231 0.384615
1573 38 25 0.584615 0.384615
1574 39 25 0.6 0.384615
1575 40 25 0.615385 0.384615
1576 41 25 0.630769 0.384615
1577 42 25 0.646154 0.384615
1578 43 25 0.661538 0.384615
1579 44 25 0.676923 0.384615
1580 45 25 0.692308 0.384615
1581 46 25 0.707692 0.384615
1582 47 25 0.723077 0.384615
1583 48 25 0.738462 0.384615
1584 49 25 0.753846 0.384615
1585 50 25 0.769231 0.384615
1586 51 25 0.784615 0.384615
1587 52 25 0.8 0.384615
1588 53 25 0.815385 0.384615
1589 54 25 0.830769 0.384615
1590 55 25 0.846154 0.384615
1591 56 25 0.861538 0.384615
1592 57 25 0.876923 0.384615
1593 58 25 0.892308 0.384615
1594 59 25 0.907692 0.384615
1595 60 25 0.923077 0.384615
1596 61 25 0.938462 0.384615
1597 62 25 0.953846 0.384615
1598 63 25 0.969231 0.384615
1599 64 25 0.984615 0.384615
1600 1 26 0.0153846 0.4
1601 2 26 0.0307692 0.4
1602 3 26 0.0461538 0.4
1603 4 26 0.0615385 0.4
1604 5 26 0.0769231 0.4
1605 6 26 0.0923077 0.4
1606 7 26 0.107692 0.4
1607 8 26 0.123077 0.4
1608 9 26 0.138462 0.4
1609 10 26 0.153846 0.4
1610 11 26 0.169231 0.4
1611 12 26 0.184615 0.4
1612 13 26 0.2 0.4
1613 14 26 0.215385 0.4
1614 15 26 0.230769 0.4
1615 16 26 0.246154 0.4
1616 17 26 0.261538 0.4
1617 18 26 0.276923 0.4
1618 19 26 0.292308 0.4
1619 20 26 0.307692 0.4
1620 21 26 0.323077 0.4
1621 22 26 0.338462 0.4
1622 23 26 0.353846 0.4
1623 24 26 0.369231 0.4
1624 25 26 0.384615 0.4
1625 26 26 0.4 0.4
1626 27 26 0.415385 0.4
1627 28 26 0.430769 0.4
1628 29 26 0.446154 0.4
1629 30 26 0.461538 0.4
1630 31 26 0.476923 0.4
1631 32 26 0.492308 0.4
1632 33 26 0.507692 0.4
1633 34 26 0.523077 0.4
1634 35 26 0.538462 0.4
1635 36 26 0.553846 0.4
1636 37 26 0.569231 0.4
1637 38 26 0.584615 0.4
1638 39 26 0.6 0.4
1639 40 26 0.615385 0.4
1640 41 26 0.630769 0.4
1641 42 26 0.646154 0.4
1642 43 26 0.661538 0.4
1643 44 26 0.676923 0.4
1644 45 26 0.692308 0.4
1645 46 26 0.707692 0.4
1646 47 26 0.723077 0.4
1647 48 26 0.738462 0.4
1648 49 26 0.753846 0.4
1649 50 26 0.769231 0.4
1650 51 26 0.784615 0.4
1651 52 26 0.8 0.4
1652 53 26 0.815385 0.4
1653 54 26 0.830769 0.4
1654 55 26 0.846154 0.4
1655 56 26 0.861538 0.4
1656 57 26 0.876923 0.4
1657 58 26 0.892308 0.4
1658 59 26 0.907692 0.4
1659 60 26 0.923077 0.4
1660 61 26 0.938462 0.4
1661 62 26 0.953846 0.4
1662 63 26 0.969231 0.4
1663 64 26 0.984615 0.4
1664 1 27 0.0153846 0.415385
1665 2 27 0.0307692 0.415385
1666 3 27 0.0461538 0.415385
1667 4 27 0.0615385 0.415385
1668 5 27 0.0769231 0.415385
1669 6 27 0.0923077 0.415385
1670 7 27 0.107692 0.415385
1671 8 27 0.123077 0.415385
1672 9 27 0.138462 0.415385
1673 10 27 0.153846 0.415385
1674 11 27 0.169231 0.415385
1675 12 27 0.184615 0.415385
1676 13 27 0.2 0.415385
1677 14 27 0.215385 0.415385
1678 15 27 0.230769 0.415385
1679 16 27 0.246154 0.415385
1680 17 27 0.261538 0.415385
1681 18 27 0.276923 0.415385
1682 19 27 0.292308 0.415385
1683 20 27 0.307692 0.415385
1684 21 27 0.323077 0.415385
1685 22 27 0.338462 0.415385
1686 23 27 0.353846 0.415385
1687 24 27 0.369231 0.415385
1688 25 27 0.384615 0.415385
1689 26 27 0.4 0.415385
1690 27 27 0.415385 0.415385
1691 28 27 0.430769 0.415385
1692 29 27 0.446154 0.415385
1693 30 27 0.461538 0.415385
1694 31 27 0.476923 0.415385
1695 32 27 0.492308 0.415385
1696 33 27 0.507692 0.415385
1697 34 27 0.523077 0.415385
1698 35 27 0.538462 0.415385
1699 36 27 0.553846 0.415385
1700 37 27 0.569231 0.415385
1701 38 27 0.584615 0.415385
1702 39 27 0.6 0.415385
1703 40 27 0.615385 0.415385
1704 41 27 0.630769 0.415385
1705 42 27 0.646154 0.415385
1706 43 27 0.661538 0.415385
1707 44 27 0.676923 0.415385
1708 45 27 0.692308 0.415385
1709 46 27 0.707692 0.415385
1710 47 27 0.723077 0.415385
1711 48 27 0.738462 0.415385
1712 49 27 0.753846 0.415385
1713 50 27 0.769231 0.415385
1714 51 27 0.784615 0.415385
1715 52 27 0.8 0.415385
1716 53 27 0.815385 0.415385
1717 54 27 0.830769 0.415385
1718 55 27 0.846154 0.415385
1719 56 27 0.861538 0.415385
1720 57 27 0.876923 0.415385
1721 58 27 0.892308 0.415385
1722 59 27 0.907692 0.415385
1723 60 27 0.923077 0.415385
1724 61 27 0.938462 0.415385
1725 62 27 0.953846 0.415385
1726 63 27 0.969231 0.415385
1727 64 27 0.984615 0.415385
1728 1 28 0.0153846 0.430769
1729 2 28 0.0307692 0.430769
1730 3 28 0.0461538 0.430769
1731 4 28 0.0615385 0.430769
1732 5 28 0.0769231 0.430769
1733 6 28 0.0923077 0.430769
1734 7 28 0.107692 0.430769
1735 8 28 0.123077 0.430769
1736 9 28 0.138462 0.430769
1737 10 28 0.153846 0.430769
1738 11 28 0.169231 0.430769
1739 12 28 0.184615 0.430769
1740 13 28 0.2 0.430769
1741 14 28 0.215385 0.430769
1742 15 28 0.230769 0.430769
1743 16 28 0.246154 0.430769
1744 17 28 0.261538 0.430769
1745 18 28 0.276923 0.430769
1746 19 28 0.292308 0.430769
1747 20 28 0.307692 0.430769
1748 21 28 0.323077 0.430769
1749 22 28 0.338462 0.430769
1750 23 28 0.353846 0.430769
1751 24 28 0.369231 0.430769
1752 25 28 0.384615 0.430769
1753 26 28 0.4 0.430769
1754 27 28 0.415385 0.430769
1755 28 28 0.430769 0.430769
1756 29 28 0.446154 0.430769
1757 30 28 0.461538 0.430769
1758 31 28 0.476923 0.430769
1759 32 28 0.492308 0.430769
1760 33 28 0.507692 0.430769
1761 34 28 0.523077 0.430769
1762 35 28 0.538462 0.430769
1763 36 28 0.553846 0.430769
1764 37 28 0.569231 0.430769
1765 38 28 0.584615 0.430769
1766 39 28 0.6 0.430769
1767 40 28 0.615385 0.430769
1768 41 28 0.630769 0.430769
1769 42 28 0.646154 0.430769
1770 43 28 0.661538 0.430769
1771 44 28 0.676923 0.430769
1772 45 28 0.692308 0.430769
1773 46 28 0.707692 0.430769
1774 47 28 0.723077 0.430769
1775 48 28 0.738462 0.430769
1776 49 28 0.753846 0.430769
1777 50 28 0.769231 0.430769
1778 51 28 0.784615 0.430769
1779 52 28 0.8 0.430769
1780 53 28 0.815385 0.430769
1781 54 28 0.830769 0.430769
1782 55 28 0.846154 0.430769
1783 56 28 0.861538 0.430769
1784 57 28 0.876923 0.430769
1785 58 28 0.892308 0.430769
1786 59 28 0.907692 0.430769
1787 60 28 0.923077 0.430769
1788 61 28 0.938462 0.430769
1789 62 28 0.953846 0.430769
1790 63 28 0.969231 0.430769
1791 64 28 0.984615 0.430769
1792 1 29 0.0153846 0.446154
1793 2 29 0.0307692 0.446154
1794 3 29 0.0461538 0.446154
1795 4 29 0.0615385 0.446154
1796 5 29 0.0769231 0.446154
1797 6 29 0.0923077 0.446154
1798 7 29 0.107692 0.446154
1799 8 29 0.123077 0.446154
1800 9 29 0.138462 0.446154
1801 10 29 0.153846 0.446154
1802 11 29 0.169231 0.446154
1803 12 29 0.184615 0.446154
1804 13 29 0.2 0.446154
1805 14 29 0.215385 0.446154
1806 15 29 0.230769 0.446154
1807 16 29 0.246154 0.446154
1808 17 29 0.261538 0.446154
1809 18 29 0.276923 0.446154
1810 19 29 0.292308 0.446154
1811 20 29 0.307692 0.446154
1812 21 29 0.323077 0.446154
1813 22 29 0.338462 0.446154
1814 23 29 0.353846 0.446154
1815 24 29 0.369231 0.446154
1816 25 29 0.384615 0.446154
1817 26 29 0.4 0.446154
1818 27 29 0.415385 0.446154
1819 28 29 0.430769 0.446154
1820 29 29 0.446154 0.446154
1821 30 29 0.461538 0.446154
1822 31 29 0.476923 0.446154
1823 32 29 0.492308 0.446154
1824 33 29 0.507692 0.446154
1825 34 29 0.523077 0.446154
1826 35 29 0.538462 0.446154
1827 36 29 0.553846 0.446154
1828 37 29 0.569231 0.446154
1829 38 29 0.584615 0.446154
1830 39 29 0.6 0.446154
1831 40 29 0.615385 0.446154
1832 41 29 0.630769 0.446154
1833 42 29 0.646154 0.446154
1834 43 29 0.661538 0.446154
1835 44 29 0.676923 0.446154
1836 45 29 0.692308 0.446154
1837 46 29 0.707692 0.446154
1838 47 29 0.723077 0.446154
1839 48 29 0.738462 0.446154
1840 49 29 0.753846 0.446154
1841 50 29 0.769231 0.446154
1842 51 29 0.784615 0.446154
1843 52 29 0.8 0.446154
1844 53 29 0.815385 0.446154
1845 54 29 0.830769 0.446154
1846 55 29 0.846154 0.446154
1847 56 29 0.861538 0.446154
1848 57 29 0.876923 0.446154
1849 58 29 0.892308 0.446154
1850 59 29 0.907692 0.446154
1851 60 29 0.923077 0.446154
1852 61 29 0.938462 0.446154
1853 62 29 0.953846 0.446154
1854 63 29 0.969231 0.446154
1855 64 29 0.984615 0.446154
1856 1 30 0.0153846 0.461538
1857 2 30 0.0307692 0.461538
1858 3 30 0.0461538 0.461538
1859 4 30 0.0615385 0.461538
1860 5 30 0.0769231 0.461538
1861 6 30 0.0923077 0.461538
1862 7 30 0.107692 0.461538
1863 8 30 0.123077 0.461538
1864 9 30 0.138462 0.461538
1865 10 30 0.153846 0.461538
1866 11 30 0.169231 0.461538
1867 12 30 0.184615 0.461538
1868 13 30 0.2 0.461538
1869 14 30 0.215385 0.461538
1870 15 30 0.230769 0.461538
1871 16 30 0.246154 0.461538
1872 17 30 0.261538 0.461538
1873 18 30 0.276923 0.461538
1874 19 30 0.292308 0.461538
1875 20 30 0.307692 0.461538
1876 21 30 0.323077 0.461538
1877 22 30 0.338462 0.461538
1878 23 30 0.353846 0.461538
1879 24 30 0.369231 0.461538
1880 25 30 0.384615 0.461538
1881 26 30 0.4 0.461538
1882 27 30 0.415385 0.461538
1883 28 30 0.430769 0.461538
1884 29 30 0.446154 0.461538
1885 30 30 0.461538 0.461538
1886 31 30 0.476923 0.461538
1887 32 30 0.492308 0.461538
1888 33 30 0.507692 0.461538
1889 34 30 0.523077 0.461538
1890 35 30 0.538462 0.461538
1891 36 30 0.553846 0.461538
1892 37 30 0.569231 0.461538
1893 38 30 0.584615 0.461538
1894 39 30 0.6 0.461538
1895 40 30 0.615385 0.461538
1896 41 30 0.630769 0.461538
1897 42 30 0.646154 0.461538
1898 43 30 0.661538 0.461538
1899 44 30 0.676923 0.461538
1900 45 30 0.692308 0.461538
1901 46 30 0.707692 0.461538
1902 47 30 0.723077 0.461538
1903 48 30 0.738462 0.461538
1904 49 30 0.753846 0.461538
1905 50 30 0.769231 0.461538
1906 51 30 0.784615 0.461538
1907 52 30 0.8 0.461538
1908 53 30 0.815385 0.461538
1909 54 30 0.830769 0.461538
1910 55 30 0.846154 0.461538
1911 56 30 0.861538 0.461538
1912 57 30 0.876923 0.461538
1913 58 30 0.892308 0.461538
1914 59 30 0.907692 0.461538
1915 60 30 0.923077 0.461538
1916 61 30 0.938462 0.461538
1917 62 30 0.953846 0.461538
1918 63 30 0.969231 0.461538
1919 64 30 0.984615 0.461538
1920 1 31 0.0153846 0.476923
1921 2 31 0.0307692 0.476923
1922 3 31 0.0461538 0.476923
1923 4 31 0.0615385 0.476923
1924 5 31 0.0769231 0.476923
1925 6 31 0.0923077 0.476923
1926 7 31 0.107692 0.476923
1927 8 31 0.123077 0.476923
1928 9 31 0.138462 0.476923
1929 10 31 0.153846 0.476923
1930 11 31 0.169231 0.476923
1931 12 31 0.184615 0.476923
1932 13 31 0.2 0.476923
1933 14 31 0.215385 0.476923
1934 15 31 0.230769 0.476923
1935 16 31 0.246154 0.476923
1936 17 31 0.261538 0.476923
1937 18 31 0.276923 0.476923
1938 19 31 0.292308 0.476923
1939 20 31 0.307692 0.476923
1940 21 31 0.323077 0.476923
1941 22 31 0.338462 0.476923
1942 23 31 0.353846 0.476923
1943 24 31 0.369231 0.476923
1944 25 31 0.384615 0.476923
1945 26 31 0.4 0.476923
1946 27 31 0.415385 0.476923
1947 28 31 0.430769 0.476923
1948 29 31 0.446154 0.476923
1949 30 31 0.461538 0.476923
1950 31 31 0.476923 0.476923
1951 32 31 0.492308 0.476923
1952 33 31 0.507692 0.476923
1953 34 31 0.523077 0.476923
1954 35 31 0.538462 0.476923
1955 36 31 0.553846 0.476923
1956 37 31 0.569231 0.476923
1957 38 31 0.584615 0.476923
1958 39 31 0.6 0.476923
1959 40 31 0.615385 0.476923
1960 41 31 0.630769 0.476923
1961 42 31 0.646154 0.476923
1962 43 31 0.661538 0.476923
1963 44 31 0.676923 0.476923
1964 45 31 0.692308 0.476923
1965 46 31 0.707692 0.476923
1966 47 31 0.723077 0.476923
1967 48 31 0.738462 0.476923
1968 49 31 0.753846 0.476923
1969 50 31 0.769231 0.476923
1970 51 31 0.784615 0.476923
1971 52 31 0.8 0.476923
1972 53 31 0.815385 0.476923
1973 54 31 0.830769 0.476923
1974 55 31 0.846154 0.476923
1975 56 31 0.861538 0.476923
1976 57 31 0.876923 0.476923
1977 58 31 0.892308 0.476923
1978 59 31 0.907692 0.476923
1979 60 31 0.923077 0.476923
1980 61 31 0.938462 0.476923
1981 62 31 0.953846 0.476923
1982 63 31 0.969231 0.476923
1983 64 31 0.984615 0.476923
1984 1 32 0.0153846 0.492308
1985 2 32 0.0307692 0.492308
1986 3 32 0.0461538 0.492308
1987 4 32 0.0615385 0.492308
1988 5 32 0.0769231 0.492308
1989 6 32 0.0923077 0.492308
1990 7 32 0.107692 0.492308
1991 8 32 0.123077 0.492308
1992 9 32 0.138462 0.492308
1993 10 32 0.153846 0.492308
1994 11 32 0.169231 0.492308
1995 12 32 0.184615 0.492308
1996 13 32 0.2 0.492308
1997 14 32 0.215385 0.492308
1998 15 32 0.230769 0.492308
1999 16 32 0.246154 0.492308
2000 17 32 0.261538 0.492308
2001 18 32 0.276923 0.492308
2002 19 32 0.292308 0.492308
2003 20 32 0.307692 0.492308
2004 21 32 0.323077 0.492308
2005 22 32 0.338462 0.492308
2006 23 32 0.353846 0.492308
2007 24 32 0.369231 0.492308
2008 25 32 0.384615 0.492308
2009 26 32 0.4 0.492308
2010 27 32 0.415385 0.492308
2011 28 32 0.430769 0.492308
2012 29 32 0.446154 0.492308
2013 30 32 0.461538 0.492308
2014 31 32 0.476923 0.492308
2015 32 32 0.492308 0.492308
2016 33 32 0.507692 0.492308
2017 34 32 0.523077 0.492308
2018 35 32 0.538462 0.492308
2019 36 32 0.553846 0.492308
2020 37 32 0.569231 0.492308
2021 38 32 0.584615 0.492308
2022 39 32 0.6 0.492308
2023 40 32 0.615385 0.492308
2024 41 32 0.630769 0.492308
2025 42 32 0.646154 0.492308
2026 43 32 0.661538 0.492308
2027 44 32 0.676923 0.492308
2028 45 32 0.692308 0.492308
2029 46 32 0.707692 0.492308
2030 47 32 0.723077 0.492308
2031 48 32 0.738462 0.492308
2032 49 32 0.753846 0.492308
2033 50 32 0.769231 0.492308
2034 51 32 0.784615 0.492308
2035 52 32 0.8 0.492308
2036 53 32 0.815385 0.492308
2037 54 32 0.830769 0.492308
2038 55 32 0.846154 0.492308
2039 56 32 0.861538 0.492308
2040 57 32 0.876923 0.492308
2041 58 32 0.892308 0.492308
2042 59 32 0.907692 0.492308
2043 60 32 0.923077 0.492308
2044 61 32 0.938462 0.492308
2045 62 32 0.953846 0.492308
2046 63 32 0.969231 0.492308
2047 64 32 0.984615 0.492308
2048 1 33 0.0153846 0.507692
2049 2 33 0.0307692 0.507692
2050 3 33 0.0461538 0.507692
2051 4 33 0.0615385 0.507692
2052 5 33 0.0769231 0.507692
2053 6 33 0.0923077 0.507692
2054 7 33 0.107692 0.507692
2055 8 33 0.123077 0.507692
2056 9 33 0.138462 0.507692
2057 10 33 0.153846 0.507692
2058 11 33 0.169231 0.507692
2059 12 33 0.184615 0.507692
2060 13 33 0.2 0.507692
2061 14 33 0.215385 0.507692
2062 15 33 0.230769 0.507692
2063 16 33 0.246154 0.507692
2064 17 33 0.261538 0.507692
2065 18 33 0.276923 0.507692
2066 19 33 0.292308 0.507692
2067 20 33 0.307692 0.507692
2068 21 33 0.323077 0.507692
2069 22 33 0.338462 0.507692
2070 23 33 0.353846 0.507692
2071 24 33 0.369231 0.507692
2072 25 33 0.384615 0.507692
2073 26 33 0.4 0.507692
2074 27 33 0.415385 0.507692
2075 28 33 0.430769 0.507692
2076 29 33 0.446154 0.507692
2077 30 33 0.461538 0.507692
2078 31 33 0.476923 0.507692
2079 32 33 0.492308 0.507692
2080 33 33 0.507692 0.507692
2081 34 33 0.523077 0.507692
2082 35 33 0.538462 0.507692
2083 36 33 0.553846 0.507692
2084 37 33 0.569231 0.507692
2085 38 33 0.584615 0.507692
2086 39 33 0.6 0.507692
2087 40 33 0.615385 0.507692
2088 41 33 0.630769 0.507692
2089 42 33 0.646154 0.507692
2090 43 33 0.661538 0.507692
2091 44 33 0.676923 0.507692
2092 45 33 0.692308 0.507692
2093 46 33 0.707692 0.507692
2094 47 33 0.723077 0.507692
2095 48 33 0.738462 0.507692
2096 49 33 0.753846 0.507692
2097 50 33 0.769231 0.507692
2098 51 33 0.784615 0.507692
2099 52 33 0.8 0.507692
2100 53 33 0.815385 0.507692
2101 54 33 0.830769 0.507692
2102 55 33 0.846154 0.507692
2103 56 33 0.861538 0.507692
2104 57 33 0.876923 0.507692
2105 58 33 0.892308 0.507692
2106 59 33 0.907692 0.507692
2107 60 33 0.923077 0.507692
2108 61 33 0.938462 0.507692
2109 62 33 0.953846 0.507692
2110 63 33 0.969231 0.507692
2111 64 33 0.984615 0.507692
2112 1 34 0.0153846 0.523077
2113 2 34 0.0307692 0.523077
2114 3 34 0.0461538 0.523077
2115 4 34 0.0615385 0.523077
2116 5 34 0.0769231 0.523077
2117 6 34 0.0923077 0.523077
2118 7 34 0.107692 0.523077
2119 8 34 0.123077 0.523077
2120 9 34 0.138462 0.523077
2121 10 34 0.153846 0.523077
2122 11 34 0.169231 0.523077
2123 12 34 0.184615 0.523077
2124 13 34 0.2 0.523077
2125 14 34 0.215385 0.523077
2126 15 34 0.230769 0.523077
2127 16 34 0.246154 0.523077
2128 17 34 0.261538 0.523077
2129 18 34 0.276923 0.523077
2130 19 34 0.292308 0.523077
2131 20 34 0.307692 0.523077
2132 21 34 0.323077 0.523077
2133 22 34 0.338462 0.523077
2134 23 34 0.353846 0.523077
2135 24 34 0.369231 0.523077
2136 25 34 0.384615 0.523077
2137 26 34 0.4 0.523077
2138 27 34 0.415385 0.523077
2139 28 34 0.430769 0.523077
2140 29 34 0.446154 0.523077
2141 30 34 0.461538 0.523077
2142 31 34 0.476923 0.523077
2143 32 34 0.492308 0.523077
2144 33 34 0.507692 0.523077
2145 34 34 0.523077 0.523077
2146 35 34 0.538462 0.523077
2147 36 34 0.553846 0.523077
2148 37 34 0.569231 0.523077
2149 38 34 0.584615 0.523077
2150 39 34 0.6 0.523077
2151 40 34 0.615385 0.523077
2152 41 34 0.630769 0.523077
2153 42 34 0.646154 0.523077
2154 43 34 0.661538 0.523077
2155 44 34 0.676923 0.523077
2156 45 34 0.692308 0.523077
2157 46 34 0.707692 0.523077
2158 47 34 0.723077 0.523077
2159 48 34 0.738462 0.523077
2160 49 34 0.753846 0.523077
2161 50 34 0.769231 0.523077
2162 51 34 0.784615 0.523077
2163 52 34 0.8 0.523077
2164 53 34 0.815385 0.523077
2165 54 34 0.830769 0.523077
2166 55 34 0.846154 0.523077
2167 56 34 0.861538 0.523077
2168 57 34 0.876923 0.523077
2169 58 34 0.892308 0.523077
2170 59 34 0.907692 0.523077
2171 60 34 0.923077 0.523077
2172 61 34 0.938462 0.523077
2173 62 34 0.953846 0.523077
2174 63 34 0.969231 0.523077
2175 64 34 0.984615 0.523077
2176 1 35 0.0153846 0.538462
2177 2 35 0.0307692 0.538462
2178 3 35 0.0461538 0.538462
2179 4 35 0.0615385 0.538462
2180 5 35 0.0769231 0.538462
2181 6 35 0.0923077 0.538462
2182 7 35 0.107692 0.538462
2183 8 35 0.123077 0.538462
2184 9 35 0.138462 0.538462
2185 10 35 0.153846 0.538462
2186 11 35 0.169231 0.538462
2187 12 35 0.184615 0.538462
2188 13 35 0.2 0.538462
2189 14 35 0.215385 0.538462
2190 15 35 0.230769 0.538462
2191 16 35 0.246154 0.538462
2192 17 35 0.261538 0.538462
2193 18 35 0.276923 0.538462
2194 19 35 0.292308 0.538462
2195 20 35 0.307692 0.538462
2196 21 35 0.323077 0.538462
2197 22 35 0.338462 0.538462
2198 23 35 0.353846 0.538462
2199 24 35 0.369231 0.538462
2200 25 35 0.384615 0.538462
2201 26 35 0.4 0.538462
2202 27 35 0.415385 0.538462
2203 28 35 0.430769 0.538462
2204 29 35 0.446154 0.538462
2205 30 35 0.461538 0.538462
2206 31 35 0.476923 0.538462
2207 32 35 0.492308 0.538462
2208 33 35 0.507692 0.538462
2209 34 35 0.523077 0.538462
2210 35 35 0.538462 0.538462
2211 36 35 0.553846 0.538462
2212 37 35 0.569231 0.538462
2213 38 35 0.584615 0.538462
2214 39 35 0.6 0.538462
2215 40 35 0.615385 0.538462
2216 41 35 0.630769 0.538462
2217 42 35 0.646154 0.538462
2218 43 35 0.661538 0.538462
2219 44 35 0.676923 0.538462
2220 45 35 0.692308 0.538462
2221 46 35 0.707692 0.538462
2222 47 35 0.723077 0.538462
2223 48 35 0.738462 0.538462
2224 49 35 0.753846 0.538462
2225 50 35 0.769231 0.538462
2226 51 35 0.784615 0.538462
2227 52 35 0.8 0.538462
2228 53 35 0.815385 0.538462
2229 54 35 0.830769 0.538462
2230 55 35 0.846154 0.538462
2231 56 35 0.861538 0.538462
2232 57 35 0.876923 0.538462
2233 58 35 0.892308 0.538462
2234 59 35 0.907692 0.538462
2235 60 35 0.923077 0.538462
2236 61 35 0.938462 0.538462
2237 62 35 0.953846 0.538462
2238 63 35 0.969231 0.538462
2239 64 35 0.984615 0.538462
2240 1 36 0.0153846 0.553846
2241 2 36 0.0307692 0.553846
2242 3 36 0.0461538 0.553846
2243 4 36 0.0615385 0.553846
2244 5 36 0.0769231 0.553846
2245 6 36 0.0923077 0.553846
2246 7 36 0.107692 0.553846
2247 8 36 0.123077 0.553846
2248 9 36 0.138462 0.553846
2249 10 36 0.153846 0.553846
2250 11 36 0.169231 0.553846
2251 12 36 0.184615 0.553846
2252 13 36 0.2 0.553846
2253 14 36 0.215385 0.553846
2254 15 36 0.230769 0.553846
2255 16 36 0.246154 0.553846
2256 17 36 0.261538 0.553846
2257 18 36 0.276923 0.553846
2258 19 36 0.292308 0.553846
2259 20 36 0.307692 0.553846
2260 21 36 0.323077 0.553846
2261 22 36 0.338462 0.553846
2262 23 36 0.353846 0.553846
2263 24 36 0.369231 0.553846
2264 25 36 0.384615 0.553846
2265 26 36 0.4 0.553846
2266 27 36 0.415385 0.553846
2267 28 36 0.430769 0.553846
2268 29 36 0.446154 0.553846
2269 30 36 0.461538 0.553846
2270 31 36 0.476923 0.553846
2271 32 36 0.492308 0.553846
2272 33 36 0.507692 0.553846
2273 34 36 0.523077 0.553846
2274 35 36 0.538462 0.553846
2275 36 36 0.553846 0.553846
2276 37 36 0.569231 0.553846
2277 38 36 0.584615 0.553846
2278 39 36 0.6 0.553846
2279 40 36 0.615385 0.553846
2280 41 36 0.630769 0.553846
2281 42 36 0.646154 0.553846
2282 43 36 0.661538 0.553846
2283 44 36 0.676923 0.553846
2284 45 36 0.692308 0.553846
2285 46 36 0.707692 0.553846
2286 47 36 0.723077 0.553846
2287 48 36 0.738462 0.553846
2288 49 36 0.753846 0.553846
2289 50 36 0.769231 0.553846
2290 51 36 0.784615 0.553846
2291 52 36 0.8 0.553846
2292 53 36 0.815385 0.553846
2293 54 36 0.830769 0.553846
2294 55 36 0.846154 0.553846
2295 56 36 0.861538 0.553846
2296 57 36 0.876923 0.553846
2297 58 36 0.892308 0.553846
2298 59 36 0.907692 0.553846
2299 60 36 0.923077 0.553846
2300 61 36 0.938462 0.553846
2301 62 36 0.953846 0.553846
2302 63 36 0.969231 0.553846
2303 64 36 0.984615 0.553846
2304 1 37 0.0153846 0.569231
2305 2 37 0.0307692 0.569231
2306 3 37 0.0461538 0.569231
2307 4 37 0.0615385 0.569231
2308 5 37 0.0769231 0.569231
2309 6 37 0.0923077 0.569231
2310 7 37 0.107692 0.569231
2311 8 37 0.123077 0.569231
2312 9 37 0.138462 0.569231
2313 10 37 0.153846 0.569231
2314 11 37 0.169231 0.569231
2315 12 37 0.184615 0.569231
2316 13 37 0.2 0.569231
2317 14 37 0.215385 0.569231
2318 15 37 0.230769 0.569231
2319 16 37 0.246154 0.569231
2320 17 37 0.261538 0.569231
2321 18 37 0.276923 0.569231
2322 19 37 0.292308 0.569231
2323 20 37 0.307692 0.569231
2324 21 37 0.323077 0.569231
2325 22 37 0.338462 0.569231
2326 23 37 0.353846 0.569231
2327 24 37 0.369231 0.569231
2328 25 37 0.384615 0.569231
2329 26 37 0.4 0.569231
2330 27 37 0.415385 0.569231
2331 28 37 0.430769 0.569231
2332 29 37 0.446154 0.569231
2333 30 37 0.461538 0.569231
2334 31 37 0.476923 0.569231
2335 32 37 0.492308 0.569231
2336 33 37 0.507692 0.569231
2337 34 37 0.523077 0.569231
2338 35 37 0.538462 0.569231
2339 36 37 0.553846 0.569231
2340 37 37 0.569231 0.569231
2341 38 37 0.584615 0.569231
2342 39 37 0.6 0.569231
2343 40 37 0.615385 0.569231
2344 41 37 0.630769 0.569231
2345 42 37 0.646154 0.569231
2346 43 37 0.661538 0.569231
2347 44 37 0.676923 0.569231
2348 45 37 0.692308 0.569231
2349 46 37 0.707692 0.569231
2350 47 37 0.723077 0.569231
2351 48 37 0.738462 0.569231
2352 49 37 0.753846 0.569231
2353 50 37 0.769231 0.569231
2354 51 37 0.784615 0.569231
2355 52 37 0.8 0.569231
2356 53 37 0.815385 0.569231
2357 54 37 0.830769 0.569231
2358 55 37 0.846154 0.569231
2359 56 37 0.861538 0.569231
2360 57 37 0.876923 0.569231
2361 58 37 0.892308 0.569231
2362 59 37 0.907692 0.569231
2363 60 37 0.923077 0.569231
2364 61 37 0.938462 0.569231
2365 62 37 0.953846 0.569231
2366 63 37 0.969231 0.569231
2367 64 37 0.984615 0.569231
2368 1 38 0.0153846 0.584615
2369 2 38 0.0307692 0.584615
2370 3 38 0.0461538 0.584615
2371 4 38 0.0615385 0.584615
2372 5 38 0.0769231 0.584615
2373 6 38 0.0923077 0.584615
2374 7 38 0.107692 0.584615
2375 8 38 0.123077 0.584615
2376 9 38 0.138462 0.584615
2377 10 38 0.153846 0.584615
2378 11 38 0.169231 0.584615
2379 12 38 0.184615 0.584615
2380 13 38 0.2 0.584615
2381 14 38 0.215385 0.584615
2382 15 38 0.230769 0.584615
2383 16 38 0.246154 0.584615
2384 17 38 0.261538 0.584615
2385 18 38 0.276923 0.584615
2386 19 38 0.292308 0.584615
2387 20 38 0.307692 0.584615
2388 21 38 0.323077 0.584615
2389 22 38 0.338462 0.584615
2390 23 38 0.353846 0.584615
2391 24 38 0.369231 0.584615
2392 25 38 0.384615 0.584615
2393 26 38 0.4 0.584615
2394 27 38 0.415385 0.584615
2395 28 38 0.430769 0.584615
2396 29 38 0.446154 0.584615
2397 30 38 0.461538 0.584615
2398 31 38 0.476923 0.584615
2399 32 38 0.492308 0.584615
2400 33 38 0.507692 0.584615
2401 34 38 0.523077 0.584615
2402 35 38 0.538462 0.584615
2403 36 38 0.553846 0.584615
2404 37 38 0.569231 0.584615
2405 38 38 0.584615 0.584615
2406 39 38 0.6 0.584615
2407 40 38 0.615385 0.584615
2408 41 38 0.630769 0.584615
2409 42 38 0.646154 0.584615
2410 43 38 0.661538 0.584615
2411 44 38 0.676923 0.584615
2412 45 38 0.692308 0.584615
2413 46 38 0.707692 0.584615
2414 47 38 0.723077 0.584615
2415 48 38 0.738462 0.584615
2416 49 38 0.753846 0.584615
2417 50 38 0.769231 0.584615
2418 51 38 0.784615 0.584615
2419 52 38 0.8 0.584615
2420 53 38 0.815385 0.584615
2421 54 38 0.830769 0.584615
2422 55 38 0.846154 0.584615
2423 56 38 0.861538 0.584615
2424 57 38 0.876923 0.584615
2425 58 38 0.892308 0.584615
2426 59 38 0.907692 0.584615
2427 60 38 0.923077 0.584615
2428 61 38 0.938462 0.584615
2429 62 38 0.953846 0.584615
2430 63 38 0.969231 0.584615
2431 64 38 0.984615 0.584615
2432 1 39 0.0153846 0.6
2433 2 39 0.0307692 0.6
2434 3 39 0.0461538 0.6
2435 4 39 0.0615385 0.6
2436 5 39 0.0769231 0.6
2437 6 39 0.0923077 0.6
2438 7 39 0.107692 0.6
2439 8 39 0.123077 0.6
2440 9 39 0.138462 0.6
2441 10 39 0.153846 0.6
2442 11 39 0.169231 0.6
2443 12 39 0.184615 0.6
2444 13 39 0.2 0.6
2445 14 39 0.215385 0.6
2446 15 39 0.230769 0.6
2447 16 39 0.246154 0.6
2448 17 39 0.261538 0.6
2449 18 39 0.276923 0.6
2450 19 39 0.292308 0.6
2451 20 39 0.307692 0.6
2452 21 39 0.323077 0.6
2453 22 39 0.338462 0.6
2454 23 39 0.353846 0.6
2455 24 39 0.369231 0.6
2456 25 39 0.384615 0.6
2457 26 39 0.4 0.6
2458 27 39 0.415385 0.6
2459 28 39 0.430769 0.6
2460 29 39 0.446154 0.6
2461 30 39 0.461538 0.6
2462 31 39 0.476923 0.6
2463 32 39 0.492308 0.6
2464 33 39 0.507692 0.6
2465 34 39 0.523077 0.6
2466 35 39 0.538462 0.6
2467 36 39 0.553846 0.6
2468 37 39 0.569231 0.6
2469 38 39 0.584615 0.6
2470 39 39 0.6 0.6
2471 40 39 0.615385 0.6
2472 41 39 0.630769 0.6
2473 42 39 0.646154 0.6
2474 43 39 0.661538 0.6
2475 44 39 0.676923 0.6
2476 45 39 0.692308 0.6
2477 46 39 0.707692 0.6
2478 47 39 0.723077 0.6
2479 48 39 0.738462 0.6
2480 49 39 0.753846 0.6
2481 50 39 0.769231 0.6
2482 51 39 0.784615 0.6
2483 52 39 0.8 0.6
2484 53 39 0.815385 0.6
2485 54 39 0.830769 0.6
2486 55 39 0.846154 0.6
2487 56 39 0.861538 0.6
2488 57 39 0.876923 0.6
2489 58 39 0.892308 0.6
2490 59 39 0.907692 0.6
2491 60 39 0.923077 0.6
2492 61 39 0.938462 0.6
2493 62 39 0.953846 0.6
2494 63 39 0.969231 0.6
2495 64 39 0.984615 0.6
2496 1 40 0.0153846 0.615385
2497 2 40 0.0307692 0.615385
2498 3 40 0.0461538 0.615385
2499 4 40 0.0615385 0.615385
2500 5 40 0.0769231 0.615385
2501 6 40 0.0923077 0.615385
2502 7 40 0.107692 0.615385
2503 8 40 0.123077 0.615385
2504 9 40 0.138462 0.615385
2505 10 40 0.153846 0.615385
2506 11 40 0.169231 0.615385
2507 12 40 0.184615 0.615385
2508 13 40 0.2 0.615385
2509 14 40 0.215385 0.615385
2510 15 40 0.230769 0.615385
2511 16 40 0.246154 0.615385
2512 17 40 0.261538 0.615385
2513 18 40 0.276923 0.615385
2514 19 40 0.292308 0.615385
2515 20 40 0.307692 0.615385
2516 21 40 0.323077 0.615385
2517 22 40 0.338462 0.615385
2518 23 40 0.353846 0.615385
2519 24 40 0.369231 0.615385
2520 25 40 0.384615 0.615385
2521 26 40 0.4 0.615385
2522 27 40 0.415385 0.615385
2523 28 40 0.430769 0.615385
2524 29 40 0.446154 0.615385
2525 30 40 0.461538 0.615385
2526 31 40 0.476923 0.615385
2527 32 40 0.492308 0.615385
2528 33 40 0.507692 0.615385
2529 34 40 0.523077 0.615385
2530 35 40 0.538462 0.615385
2531 36 40 0.553846 0.615385
2532 37 40 0.569231 0.615385
2533 38 40 0.584615 0.615385
2534 39 40 0.6 0.615385
2535 40 40 0.615385 0.615385
2536 41 40 0.630769 0.615385
2537 42 40 0.646154 0.615385
2538 43 40 0.661538 0.615385
2539 44 40 0.676923 0.615385
2540 45 40 0.692308 0.615385
2541 46 40 0.707692 0.615385
2542 47 40 0.723077 0.615385
2543 48 40 0.738462 0.615385
2544 49 40 0.753846 0.615385
2545 50 40 0.769231 0.615385
2546 51 40 0.784615 0.615385
2547 52 40 0.8 0.615385
2548 53 40 0.815385 0.615385
2549 54 40 0.830769 0.615385
2550 55 40 0.846154 0.615385
2551 56 40 0.861538 0.615385
2552 57 40 0.876923 0.615385
2553 58 40 0.892308 0.615385
2554 59 40 0.907692 0.615385
2555 60 40 0.923077 0.615385
2556 61 40 0.938462 0.615385
2557 62 40 0.953846 0.615385
2558 63 40 0.969231 0.615385
2559 64 40 0.984615 0.615385
2560 1 41 0.0153846 0.630769
2561 2 41 0.0307692 0.630769
2562 3 41 0.0461538 0.630769
2563 4 41 0.0615385 0.630769
2564 5 41 0.0769231 0.630769
2565 6 41 0.0923077 0.630769
2566 7 41 0.107692 0.630769
2567 8 41 0.123077 0.630769
2568 9 41 0.138462 0.630769
2569 10 41 0.153846 0.630769
2570 11 41 0.169231 0.630769
2571 12 41 0.184615 0.630769
2572 13 41 0.2 0.630769
2573 14 41 0.215385 0.630769
2574 15 41 0.230769 0.630769
2575 16 41 0.246154 0.630769
2576 17 41 0.261538 0.630769
2577 18 41 0.276923 0.630769
2578 19 41 0.292308 0.630769
2579 20 41 0.307692 0.630769
2580 21 41 0.323077 0.630769
2581 22 41 0.338462 0.630769
2582 23 41 0.353846 0.630769
2583 24 41 0.369231 0.630769
2584 25 41 0.384615 0.630769
2585 26 41 0.4 0.630769
2586 27 41 0.415385 0.630769
2587 28 41 0.430769 0.630769
2588 29 41 0.446154 0.630769
2589 30 41 0.461538 0.630769
2590 31 41 0.476923 0.630769
2591 32 41 0.492308 0.630769
2592 33 41 0.507692 0.630769
2593 34 41 0.523077 0.630769
2594 35 41 0.538462 0.630769
2595 36 41 0.553846 0.630769
2596 37 41 0.569231 0.630769
2597 38 41 0.584615 0.630769
2598 39 41 0.6 0.630769
2599 40 41 0.615385 0.630769
2600 41 41 0.630769 0.630769
2601 42 41 0.646154 0.630769
2602 43 41 0.661538 0.630769
2603 44 41 0.676923 0.630769
2604 45 41 0.692308 0.630769
2605 46 41 0.707692 0.630769
2606 47 41 0.723077 0.630769
2607 48 41 0.738462 0.630769
2608 49 41 0.753846 0.630769
2609 50 41 0.769231 0.630769
2610 51 41 0.784615 0.630769
2611 52 41 0.8 0.630769
2612 53 41 0.815385 0.630769
2613 54 41 0.830769 0.630769
2614 55 41 0.846154 0.630769
2615 56 41 0.861538 0.630769
2616 57 41 0.876923 0.630769
2617 58 41 0.892308 0.630769
2618 59 41 0.907692 0.630769
2619 60 41 0.923077 0.630769
2620 61 41 0.938462 0.630769
2621 62 41 0.953846 0.630769
2622 63 41 0.969231 0.630769
2623 64 41 0.984615 0.630769
2624 1 42 0.0153846 0.646154
2625 2 42 0.0307692 0.646154
2626 3 42 0.0461538 0.646154
2627 4 42 0.0615385 0.646154
2628 5 42 0.0769231 0.646154
2629 6 42 0.0923077 0.646154
2630 7 42 0.107692 0.646154
2631 8 42 0.123077 0.646154
2632 9 42 0.138462 0.646154
2633 10 42 0.153846 0.646154
2634 11 42 0.169231 0.646154
2635 12 42 0.184615 0.646154
2636 13 42 0.2 0.646154
2637 14 42 0.215385 0.646154
2638 15 42 0.230769 0.646154
2639 16 42 0.246154 0.646154
2640 17 42 0.261538 0.646154
2641 18 42 0.276923 0.646154
2642 19 42 0.292308 0.646154
2643 20 42 0.307692 0.646154
2644 21 42 0.323077 0.646154
2645 22 42 0.338462 0.646154
2646 23 42 0.353846 0.646154
2647 24 42 0.369231 0.646154
2648 25 42 0.384615 0.646154
2649 26 42 0.4 0.646154
2650 27 42 0.415385 0.646154
2651 28 42 0.430769 0.646154
2652 29 42 0.446154 0.646154
2653 30 42 0.461538 0.646154
2654 31 42 0.476923 0.646154
2655 32 42 0.492308 0.646154
2656 33 42 0.507692 0.646154
2657 34 42 0.523077 0.646154
2658 35 42 0.538462 0.646154
2659 36 42 0.553846 0.646154
2660 37 42 0.569231 0.646154
2661 38 42 0.584615 0.646154
2662 39 42 0.6 0.646154
2663 40 42 0.615385 0.646154
2664 41 42 0.630769 0.646154
2665 42 42 0.646154 0.646154
2666 43 42 0.661538 0.646154
2667 44 42 0.676923 0.646154
2668 45 42 0.692308 0.646154
2669 46 42 0.707692 0.646154
2670 47 42 0.723077 0.646154
2671 48 42 0.738462 0.646154
2672 49 42 0.753846 0.646154
2673 50 42 0.769231 0.646154
2674 51 42 0.784615 0.646154
2675 52 42 0.8 0.646154
2676 53 42 0.815385 0.646154
2677 54 42 0.830769 0.646154
2678 55 42 0.846154 0.646154
2679 56 42 0.861538 0.646154
2680 57 42 0.876923 0.646154
2681 58 42 0.892308 0.646154
2682 59 42 0.907692 0.646154
2683 60 42 0.923077 0.646154
2684 61 42 0.938462 0.646154
2685 62 42 0.953846 0.646154
2686 63 42 0.969231 0.646154
2687 64 42 0.984615 0.646154
2688 1 43 0.0153846 0.661538
2689 2 43 0.0307692 0.661538
2690 3 43 0.0461538 0.661538
2691 4 43 0.0615385 0.661538
2692 5 43 0.0769231 0.661538
2693 6 43 0.0923077 0.661538
2694 7 43 0.107692 0.661538
2695 8 43 0.123077 0.661538
2696 9 43 0.138462 0.661538
2697 10 43 0.153846 0.661538
2698 11 43 0.169231 0.661538
2699 12 43 0.184615 0.661538
2700 13 43 0.2 0.661538
2701 14 43 0.215385 0.661538
2702 15 43 0.230769 0.661538
2703 16 43 0.246154 0.661538
2704 17 43 0.261538 0.661538
2705 18 43 0.276923 0.661538
2706 19 43 0.292308 0.661538
2707 20 43 0.307692 0.661538
2708 21 43 0.323077 0.661538
2709 22 43 0.338462 0.661538
2710 23 43 0.353846 0.661538
2711 24 43 0.369231 0.661538
2712 25 43 0.384615 0.661538
2713 26 43 0.4 0.661538
2714 27 43 0.415385 0.661538
2715 28 43 0.430769 0.661538
2716 29 43 0.446154 0.661538
2717 30 43 0.461538 0.661538
2718 31 43 0.476923 0.661538
2719 32 43 0.492308 0.661538
2720 33 43 0.507692 0.661538
2721 34 43 0.523077 0.661538
2722 35 43 0.538462 0.661538
2723 36 43 0.553846 0.661538
2724 37 43 0.569231 0.661538
2725 38 43 0.584615 0.661538
2726 39 43 0.6 0.661538
2727 40 43 0.615385 0.661538
2728 41 43 0.630769 0.661538
2729 42 43 0.646154 0.661538
2730 43 43 0.661538 0.661538
2731 44 43 0.676923 0.661538
2732 45 43 0.692308 0.661538
2733 46 43 0.707692 0.661538
2734 47 43 0.723077 0.661538
2735 48 43 0.738462 0.661538
2736 49 43 0.753846 0.661538
2737 50 43 0.769231 0.661538
2738 51 43 0.784615 0.661538
2739 52 43 0.8 0.661538
2740 53 43 0.815385 0.661538
2741 54 43 0.830769 0.661538
2742 55 43 0.846154 0.661538
2743 56 43 0.861538 0.661538
2744 57 43 0.876923 0.661538
2745 58 43 0.892308 0.661538
2746 59 43 0.907692 0.661538
2747 60 43 0.923077 0.661538
2748 61 43 0.938462 0.661538
2749 62 43 0.953846 0.661538
2750 63 43 0.969231 0.661538
2751 64 43 0.984615 0.661538
2752 1 44 0.0153846 0.676923
2753 2 44 0.0307692 0.676923
2754 3 44 0.0461538 0.676923
2755 4 44 0.0615385 0.676923
2756 5 44 0.0769231 0.676923
2757 6 44 0.0923077 0.676923
2758 7 44 0.107692 0.676923
2759 8 44 0.123077 0.676923
2760 9 44 0.138462 0.676923
2761 10 44 0.153846 0.676923
2762 11 44 0.169231 0.676923
2763 12 44 0.184615 0.676923
2764 13 44 0.2 0.676923
2765 14 44 0.215385 0.676923
2766 15 44 0.230769 0.676923
2767 16 44 0.246154 0.676923
2768 17 44 0.261538 0.676923
2769 18 44 0.276923 0.676923
2770 19 44 0.292308 0.676923
2771 20 44 0.307692 0.676923
2772 21 44 0.323077 0.676923
2773 22 44 0.338462 0.676923
2774 23 44 0.353846 0.676923
2775 24 44 0.369231 0.676923
2776 25 44 0.384615 0.676923
2777 26 44 0.4 0.676923
2778 27 44 0.415385 0.676923
2779 28 44 0.430769 0.676923
2780 29 44 0.446154 0.676923
2781 30 44 0.461538 0.676923
2782 31 44 0.476923 0.676923
2783 32 44 0.492308 0.676923
2784 33 44 0.507692 0.676923
2785 34 44 0.523077 0.676923
2786 35 44 0.538462 0.676923
2787 36 44 0.553846 0.676923
2788 37 44 0.569231 0.676923
2789 38 44 0.584615 0.676923
2790 39 44 0.6 0.676923
2791 40 44 0.615385 0.676923
2792 41 44 0.630769 0.676923
2793 42 44 0.646154 0.676923
2794 43 44 0.661538 0.676923
2795 44 44 0.676923 0.676923
2796 45 44 0.692308 0.676923
2797 46 44 0.707692 0.676923
2798 47 44 0.723077 0.676923
2799 48 44 0.738462 0.676923
2800 49 44 0.753846 0.676923
2801 50 44 0.769231 0.676923
2802 51 44 0.784615 0.676923
2803 52 44 0.8 0.676923
2804 53 44 0.815385 0.676923
2805 54 44 0.830769 0.676923
2806 55 44 0.846154 0.676923
2807 56 44 0.861538 0.676923
2808 57 44 0.876923 0.676923
2809 58 44 0.892308 0.676923
2810 59 44 0.907692 0.676923
2811 60 44 0.923077 0.676923
2812 61 44 0.938462 0.676923
2813 62 44 0.953846 0.676923
2814 63 44 0.969231 0.676923
2815 64 44 0.984615 0.676923
2816 1 45 0.0153846 0.692308
2817 2 45 0.0307692 0.692308
2818 3 45 0.0461538 0.692308
2819 4 45 0.0615385 0.692308
2820 5 45 0.0769231 0.692308
2821 6 45 0.0923077 0.692308
2822 7 45 0.107692 0.692308
2823 8 45 0.123077 0.692308
2824 9 45 0.138462 0.692308
2825 10 45 0.153846 0.692308
2826 11 45 0.169231 0.692308
2827 12 45 0.184615 0.692308
2828 13 45 0.2 0.692308
2829 14 45 0.215385 0.692308
2830 15 45 0.230769 0.692308
2831 16 45 0.246154 0.692308
2832 17 45 0.261538 0.692308
2833 18 45 0.276923 0.692308
2834 19 45 0.292308 0.692308
2835 20 45 0.307692 0.692308
2836 21 45 0.323077 0.692308
2837 22 45 0.338462 0.692308
2838 23 45 0.353846 0.692308
2839 24 45 0.369231 0.692308
2840 25 45 0.384615 0.692308
2841 26 45 0.4 0.692308
2842 27 45 0.415385 0.692308
2843 28 45 0.430769 0.692308
2844 29 45 0.446154 0.692308
2845 30 45 0.461538 0.692308
2846 31 45 0.476923 0.692308
2847 32 45 0.492308 0.692308
2848 33 45 0.507692 0.692308
2849 34 45 0.523077 0.692308
2850 35 45 0.538462 0.692308
2851 36 45 0.553846 0.692308
2852 37 45 0.569231 0.692308
2853 38 45 0.584615 0.692308
2854 39 45 0.6 0.692308
2855 40 45 0.615385 0.692308
2856 41 45 0.630769 0.692308
2857 42 45 0.646154 0.692308
2858 43 45 0.661538 0.692308
2859 44 45 0.676923 0.692308
2860 45 45 0.692308 0.692308
2861 46 45 0.707692 0.692308
2862 47 45 0.723077 0.692308
2863 48 45 0.738462 0.692308
2864 49 45 0.753846 0.692308
2865 50 45 0.769231 0.692308
2866 51 45 0.784615 0.692308
2867 52 45 0.8 0.692308
2868 53 45 0.815385 0.692308
2869 54 45 0.830769 0.692308
2870 55 45 0.846154 0.692308
2871 56 45 0.861538 0.692308
2872 57 45 0.876923 0.692308
2873 58 45 0.892308 0.692308
2874 59 45 0.907692 0.692308
2875 60 45 0.923077 0.692308
2876 61 45 0.938462 0.692308
2877 62 45 0.953846 0.692308
2878 63 45 0.969231 0.692308
2879 64 45 0.984615 0.692308
2880 1 46 0.0153846 0.707692
2881 2 46 0.0307692 0.707692
2882 3 46 0.0461538 0.707692
2883 4 46 0.0615385 0.707692
2884 5 46 0.0769231 0.707692
2885 6 46 0.0923077 0.707692
2886 7 46 0.107692 0.707692
2887 8 46 0.123077 0.707692
2888 9 46 0.138462 0.707692
2889 10 46 0.153846 0.707692
2890 11 46 0.169231 0.707692
2891 12 46 0.184615 0.707692
2892 13 46 0.2 0.707692
2893 14 46 0.215385 0.707692
2894 15 46 0.230769 0.707692
2895 16 46 0.246154 0.707692
2896 17 46 0.261538 0.707692
2897 18 46 0.276923 0.707692
2898 19 46 0.292308 0.707692
2899 20 46 0.307692 0.707692
2900 21 46 0.323077 0.707692
2901 22 46 0.338462 0.707692
2902 23 46 0.353846 0.707692
2903 24 46 0.369231 0.707692
2904 25 46 0.384615 0.707692
2905 26 46 0.4 0.707692
2906 27 46 0.415385 0.707692
2907 28 46 0.430769 0.707692
2908 29 46 0.446154 0.707692
2909 30 46 0.461538 0.707692
2910 31 46 0.476923 0.707692
2911 32 46 0.492308 0.707692
2912 33 46 0.507692 0.707692
2913 34 46 0.523077 0.707692
2914 35 46 0.538462 0.707692
2915 36 46 0.553846 0.707692
2916 37 46 0.569231 0.707692
2917 38 46 0.584615 0.707692
2918 39 46 0.6 0.707692
2919 40 46 0.615385 0.707692
2920 41 46 0.630769 0.707692
2921 42 46 0.646154 0.707692
2922 43 46 0.661538 0.707692
2923 44 46 0.676923 0.707692
2924 45 46 0.692308 0.707692
2925 46 46 0.707692 0.707692
2926 47 46 0.723077 0.707692
2927 48 46 0.738462 0.707692
2928 49 46 0.753846 0.707692
2929 50 46 0.769231 0.707692
2930 51 46 0.784615 0.707692
2931 52 46 0.8 0.707692
2932 53 46 0.815385 0.707692
2933 54 46 0.830769 0.707692
2934 55 46 0.846154 0.707692
2935 56 46 0.861538 0.707692
2936 57 46 0.876923 0.707692
2937 58 46 0.892308 0.707692
2938 59 46 0.907692 0.707692
2939 60 46 0.923077 0.707692
2940 61 46 0.938462 0.707692
2941 62 46 0.953846 0.707692
2942 63 46 0.969231 0.707692
2943 64 46 0.984615 0.707692
2944 1 47 0.0153846 0.723077
2945 2 47 0.0307692 0.723077
2946 3 47 0.0461538 0.723077
2947 4 47 0.0615385 0.723077
2948 5 47 0.0769231 0.723077
2949 6 47 0.0923077 0.723077
2950 7 47 0.107692 0.723077
2951 8 47 0.123077 0.723077
2952 9 47 0.138462 0.723077
2953 10 47 0.153846 0.723077
2954 11 47 0.169231 0.723077
2955 12 47 0.184615 0.723077
2956 13 47 0.2 0.723077
2957 14 47 0.215385 0.723077
2958 15 47 0.230769 0.723077
2959 16 47 0.246154 0.723077
2960 17 47 0.261538 0.723077
2961 18 47 0.276923 0.723077
2962 19 47 0.292308 0.723077
2963 20 47 0.307692 0.723077
2964 21 47 0.323077 0.723077
2965 22 47 0.338462 0.723077
2966 23 47 0.353846 0.723077
2967 24 47 0.369231 0.723077
2968 25 47 0.384615 0.723077
2969 26 47 0.4 0.723077
2970 27 47 0.415385 0.723077
2971 28 47 0.430769 0.723077
2972 29 47 0.446154 0.723077
2973 30 47 0.461538 0.723077
2974 31 47 0.476923 0.723077
2975 32 47 0.492308 0.723077
2976 33 47 0.507692 0.723077
2977 34 47 0.523077 0.723077
2978 35 47 0.538462 0.723077
2979 36 47 0.553846 0.723077
2980 37 47 0.569231 0.723077
2981 38 47 0.584615 0.723077
2982 39 47 0.6 0.723077
2983 40 47 0.615385 0.723077
2984 41 47 0.630769 0.723077
2985 42 47 0.646154 0.723077
2986 43 47 0.661538 0.723077
2987 44 47 0.676923 0.723077
2988 45 47 0.692308 0.723077
2989 46 47 0.707692 0.723077
2990 47 47 0.723077 0.723077
2991 48 47 0.738462 0.723077
2992 49 47 0.753846 0.723077
2993 50 47 0.769231 0.723077
2994 51 47 0.784615 0.723077
2995 52 47 0.8 0.723077
2996 53 47 0.815385 0.723077
2997 54 47 0.830769 0.723077
2998 55 47 0.846154 0.723077
2999 56 47 0.861538 0.723077
3000 57 47 0.876923 0.723077
3001 58 47 0.892308 0.723077
3002 59 47 0.907692 0.723077
3003 60 47 0.923077 0.723077
3004 61 47 0.938462 0.723077
3005 62 47 0.953846 0.723077
3006 63 47 0.969231 0.723077
3007 64 47 0.984615 0.723077
3008 1 48 0.0153846 0.738462
3009 2 48 0.0307692 0.738462
3010 3 48 0.0461538 0.738462
3011 4 48 0.0615385 0.738462
3012 5 48 0.0769231 0.738462
3013 6 48 0.0923077 0.738462
3014 7 48 0.107692 0.738462
3015 8 48 0.123077 0.738462
3016 9 48 0.138462 0.738462
3017 10 48 0.153846 0.738462
3018 11 48 0.169231 0.738462
3019 12 48 0.184615 0.738462
3020 13 48 0.2 0.738462
3021 14 48 0.215385 0.738462
3022 15 48 0.230769 0.738462
3023 16 48 0.246154 0.738462
3024 17 48 0.261538 0.738462
3025 18 48 0.276923 0.738462
3026 19 48 0.292308 0.738462
3027 20 48 0.307692 0.738462
3028 21 48 0.323077 0.738462
3029 22 48 0.338462 0.738462
3030 23 48 0.353846 0.738462
3031 24 48 0.369231 0.738462
3032 25 48 0.384615 0.738462
3033 26 48 0.4 0.738462
3034 27 48 0.415385 0.738462
3035 28 48 0.430769 0.738462
3036 29 48 0.446154 0.738462
3037 30 48 0.461538 0.738462
3038 31 48 0.476923 0.738462
3039 32 48 0.492308 0.738462
3040 33 48 0.507692 0.738462
3041 34 48 0.523077 0.738462
3042 35 48 0.538462 0.738462
3043 36 48 0.553846 0.738462
3044 37 48 0.569231 0.738462
3045 38 48 0.584615 0.738462
3046 39 48 0.6 0.738462
3047 40 48 0.615385 0.738462
3048 41 48 0.630769 0.738462
3049 42 48 0.646154 0.738462
3050 43 48 0.661538 0.738462
3051 44 48 0.676923 0.738462
3052 45 48 0.692308 0.738462
3053 46 48 0.707692 0.738462
3054 47 48 0.723077 0.738462
3055 48 48 0.738462 0.738462
3056 49 48 0.753846 0.738462
3057 50 48 0.769231 0.738462
3058 51 48 0.784615 0.738462
3059 52 48 0.8 0.738462
3060 53 48 0.815385 0.738462
3061 54 48 0.830769 0.738462
3062 55 48 0.846154 0.738462
3063 56 48 0.861538 0.738462
3064 57 48 0.876923 0.738462
3065 58 48 0.892308 0.738462
3066 59 48 0.907692 0.738462
3067 60 48 0.923077 0.738462
3068 61 48 0.938462 0.738462
3069 62 48 0.953846 0.738462
3070 63 48 0.969231 0.738462
3071 64 48 0.984615 0.738462
3072 1 49 0.0153846 0.753846
3073 2 49 0.0307692 0.753846
3074 3 49 0.0461538 0.753846
3075 4 49 0.0615385 0.753846
3076 5 49 0.0769231 0.753846
3077 6 49 0.0923077 0.753846
3078 7 49 0.107692 0.753846
3079 8 49 0.123077 0.753846
3080 9 49 0.138462 0.753846
3081 10 49 0.153846 0.753846
3082 11 49 0.169231 0.753846
3083 12 49 0.184615 0.753846
3084 13 49 0.2 0.753846
3085 14 49 0.215385 0.753846
3086 15 49 0.230769 0.753846
3087 16 49 0.246154 0.753846
3088 17 49 0.261538 0.753846
3089 18 49 0.276923 0.753846
3090 19 49 0.292308 0.753846
3091 20 49 0.307692 0.753846
3092 21 49 0.323077 0.753846
3093 22 49 0.338462 0.753846
3094 23 49 0.353846 0.753846
3095 24 49 0.369231 0.753846
3096 25 49 0.384615 0.753846
3097 26 49 0.4 0.753846
3098 27 49 0.415385 0.753846
3099 28 49 0.430769 0.753846
3100 29 49 0.446154 0.753846
3101 30 49 0.461538 0.753846
3102 31 49 0.476923 0.753846
3103 32 49 0.492308 0.753846
3104 33 49 0.507692 0.753846
3105 34 49 0.523077 0.753846
3106 35 49 0.538462 0.753846
3107 36 49 0.553846 0.753846
3108 37 49 0.569231 0.753846
3109 38 49 0.584615 0.753846
3110 39 49 0.6 0.753846
3111 40 49 0.615385 0.753846
3112 41 49 0.630769 0.753846
3113 42 49 0.646154 0.753846
3114 43 49 0.661538 0.753846
3115 44 49 0.676923 0.753846
3116 45 49 0.692308 0.753846
3117 46 49 0.707692 0.753846
3118 47 49 0.723077 0.753846
3119 48 49 0.738462 0.753846
3120 49 49 0.753846 0.753846
3121 50 49 0.769231 0.753846
3122 51 49 0.784615 0.753846
3123 52 49 0.8 0.753846
3124 53 49 0.815385 0.753846
3125 54 49 0.830769 0.753846
3126 55 49 0.846154 0.753846
3127 56 49 0.861538 0.753846
3128 57 49 0.876923 0.753846
3129 58 49 0.892308 0.753846
3130 59 49 0.907692 0.753846
3131 60 49 0.923077 0.753846
3132 61 49 0.938462 0.753846
3133 62 49 0.953846 0.753846
3134 63 49 0.969231 0.753846
3135 64 49 0.984615 0.753846
3136 1 50 0.0153846 0.769231
3137 2 50 0.0307692 0.769231
3138 3 50 0.0461538 0.769231
3139 4 50 0.0615385 0.769231
3140 5 50 0.0769231 0.769231
3141 6 50 0.0923077 0.769231
3142 7 50 0.107692 0.769231
3143 8 50 0.123077 0.769231
3144 9 50 0.138462 0.769231
3145 10 50 0.153846 0.769231
3146 11 50 0.169231 0.769231
3147 12 50 0.184615 0.769231
3148 13 50 0.2 0.769231
3149 14 50 0.215385 0.769231
3150 15 50 0.230769 0.769231
3151 16 50 0.246154 0.769231
3152 17 50 0.261538 0.769231
3153 18 50 0.276923 0.769231
3154 19 50 0.292308 0.769231
3155 20 50 0.307692 0.769231
3156 21 50 0.323077 0.769231
3157 22 50 0.338462 0.769231
3158 23 50 0.353846 0.769231
3159 24 50 0.369231 0.769231
3160 25 50 0.384615 0.769231
3161 26 50 0.4 0.769231
3162 27 50 0.415385 0.769231
3163 28 50 0.430769 0.769231
3164 29 50 0.446154 0.769231
3165 30 50 0.461538 0.769231
3166 31 50 0.476923 0.769231
3167 32 50 0.492308 0.769231
3168 33 50 0.507692 0.769231
3169 34 50 0.523077 0.769231
3170 35 50 0.538462 0.769231
3171 36 50 0.553846 0.769231
3172 37 50 0.569231 0.769231
3173 38 50 0.584615 0.769231
3174 39 50 0.6 0.769231
3175 40 50 0.615385 0.769231
3176 41 50 0.630769 0.769231
3177 42 50 0.646154 0.769231
3178 43 50 0.661538 0.769231
3179 44 50 0.676923 0.769231
3180 45 50 0.692308 0.769231
3181 46 50 0.707692 0.769231
3182 47 50 0.723077 0.769231
3183 48 50 0.738462 0.769231
3184 49 50 0.753846 0.769231
3185 50 50 0.769231 0.769231
3186 51 50 0.784615 0.769231
3187 52 50 0.8 0.769231
3188 53 50 0.815385 0.769231
3189 54 50 0.830769 0.769231
3190 55 50 0.846154 0.769231
3191 56 50 0.861538 0.769231
3192 57 50 0.876923 0.769231
3193 58 50 0.892308 0.769231
3194 59 50 0.907692 0.769231
3195 60 50 0.923077 0.769231
3196 61 50 0.938462 0.769231
3197 62 50 0.953846 0.769231
3198 63 50 0.969231 0.769231
3199 64 50 0.984615 0.769231
3200 1 51 0.0153846 0.784615
3201 2 51 0.0307692 0.784615
3202 3 51 0.0461538 0.784615
3203 4 51 0.0615385 0.784615
3204 5 51 0.0769231 0.784615
3205 6 51 0.0923077 0.784615
3206 7 51 0.107692 0.784615
3207 8 51 0.123077 0.784615
3208 9 51 0.138462 0.784615
3209 10 51 0.153846 0.784615
3210 11 51 0.169231 0.784615
3211 12 51 0.184615 0.784615
3212 13 51 0.2 0.784615
3213 14 51 0.215385 0.784615
3214 15 51 0.230769 0.784615
3215 16 51 0.246154 0.784615
3216 17 51 0.261538 0.784615
3217 18 51 0.276923 0.784615
3218 19 51 0.292308 0.784615
3219 20 51 0.307692 0.784615
3220 21 51 0.323077 0.784615
3221 22 51 0.338462 0.784615
3222 23 51 0.353846 0.784615
3223 24 51 0.369231 0.784615
3224 25 51 0.384615 0.784615
3225 26 51 0.4 0.784615
3226 27 51 0.415385 0.784615
3227 28 51 0.430769 0.784615
3228 29 51 0.446154 0.784615
3229 30 51 0.461538 0.784615
3230 31 51 0.476923 0.784615
3231 32 51 0.492308 0.784615
3232 33 51 0.507692 0.784615
3233 34 51 0.523077 0.784615
3234 35 51 0.538462 0.784615
3235 36 51 0.553846 0.784615
3236 37 51 0.569231 0.784615
3237 38 51 0.584615 0.784615
3238 39 51 0.6 0.784615
3239 40 51 0.615385 0.784615
3240 41 51 0.630769 0.784615
3241 42 51 0.646154 0.784615
3242 43 51 0.661538 0.784615
3243 44 51 0.676923 0.784615
3244 45 51 0.692308 0.784615
3245 46 51 0.707692 0.784615
3246 47 51 0.723077 0.784615
3247 48 51 0.738462 0.784615
3248 49 51 0.753846 0.784615
3249 50 51 0.769231 0.784615
3250 51 51 0.784615 0.784615
3251 52 51 0.8 0.784615
3252 53 51 0.815385 0.784615
3253 54 51 0.830769 0.784615
3254 55 51 0.846154 0.784615
3255 56 51 0.861538 0.784615
3256 57 51 0.876923 0.784615
3257 58 51 0.892308 0.784615
3258 59 51 0.907692 0.784615
3259 60 51 0.923077 0.784615
3260 61 51 0.938462 0.784615
3261 62 51 0.953846 0.784615
3262 63 51 0.969231 0.784615
3263 64 51 0.984615 0.784615
3264 1 52 0.0153846 0.8
3265 2 52 0.0307692 0.8
3266 3 52 0.0461538 0.8
3267 4 52 0.0615385 0.8
3268 5 52 0.0769231 0.8
3269 6 52 0.0923077 0.8
3270 7 52 0.107692 0.8
3271 8 52 0.123077 0.8
3272 9 52 0.138462 0.8
3273 10 52 0.153846 0.8
3274 11 52 0.169231 0.8
3275 12 52 0.184615 0.8
3276 13 52 0.2 0.8
3277 14 52 0.215385 0.8
3278 15 52 0.230769 0.8
3279 16 52 0.246154 0.8
3280 17 52 0.261538 0.8
3281 18 52 0.276923 0.8
3282 19 52 0.292308 0.8
3283 20 52 0.307692 0.8
3284 21 52 0.323077 0.8
3285 22 52 0.338462 0.8
3286 23 52 0.353846 0.8
3287 24 52 0.369231 0.8
3288 25 52 0.384615 0.8
3289 26 52 0.4 0.8
3290 27 52 0.415385 0.8
3291 28 52 0.430769 0.8
3292 29 52 0.446154 0.8
3293 30 52 0.461538 0.8
3294 31 52 0.476923 0.8
3295 32 52 0.492308 0.8
3296 33 52 0.507692 0.8
3297 34 52 0.523077 0.8
3298 35 52 0.538462 0.8
3299 36 52 0.553846 0.8
3300 37 52 0.569231 0.8
3301 38 52 0.584615 0.8
3302 39 52 0.6 0.8
3303 40 52 0.615385 0.8
3304 41 52 0.630769 0.8
3305 42 52 0.646154 0.8
3306 43 52 0.661538 0.8
3307 44 52 0.676923 0.8
3308 45 52 0.692308 0.8
3309 46 52 0.707692 0.8
3310 47 52 0.723077 0.8
3311 48 52 0.738462 0.8
3312 49 52 0.753846 0.8
3313 50 52 0.769231 0.8
3314 51 52 0.784615 0.8
3315 52 52 0.8 0.8
3316 53 52 0.815385 0.8
3317 54 52 0.830769 0.8
3318 55 52 0.846154 0.8
3319 56 52 0.861538 0.8
3320 57 52 0.876923 0.8
3321 58 52 0.892308 0.8
3322 59 52 0.907692 0.8
3323 60 52 0.923077 0.8
3324 61 52 0.938462 0.8
3325 62 52 0.953846 0.8
3326 63 52 0.969231 0.8
3327 64 52 0.984615 0.8
3328 1 53 0.0153846 0.815385
3329 2 53 0.0307692 0.815385
3330 3 53 0.0461538 0.815385
3331 4 53 0.0615385 0.815385
3332 5 53 0.0769231 0.815385
3333 6 53 0.0923077 0.815385
3334 7 53 0.107692 0.815385
3335 8 53 0.123077 0.815385
3336 9 53 0.138462 0.815385
3337 10 53 0.153846 0.815385
3338 11 53 0.169231 0.815385
3339 12 53 0.184615 0.815385
3340 13 53 0.2 0.815385
3341 14 53 0.215385 0.815385
3342 15 53 0.230769 0.815385
3343 16 53 0.246154 0.815385
3344 17 53 0.261538 0.815385
3345 18 53 0.276923 0.815385
3346 19 53 0.292308 0.815385
3347 20 53 0.307692 0.815385
3348 21 53 0.323077 0.815385
3349 22 53 0.338462 0.815385
3350 23 53 0.353846 0.815385
3351 24 53 0.369231 0.815385
3352 25 53 0.384615 0.815385
3353 26 53 0.4 0.815385
3354 27 53 0.415385 0.815385
3355 28 53 0.430769 0.815385
3356 29 53 0.446154 0.815385
3357 30 53 0.461538 0.815385
3358 31 53 0.476923 0.815385
3359 32 53 0.492308 0.815385
3360 33 53 0.507692 0.815385
3361 34 53 0.523077 0.815385
3362 35 53 0.538462 0.815385
3363 36 53 0.553846 0.815385
3364 37 53 0.569231 0.815385
3365 38 53 0.584615 0.815385
3366 39 53 0.6 0.815385
3367 40 53 0.615385 0.815385
3368 41 53 0.630769 0.815385
3369 42 53 0.646154 0.815385
3370 43 53 0.661538 0.815385
3371 44 53 0.676923 0.815385
3372 45 53 0.692308 0.815385
3373 46 53 0.707692 0.815385
3374 47 53 0.723077 0.815385
3375 48 53 0.738462 0.815385
3376 49 53 0.753846 0.815385
3377 50 53 0.769231 0.815385
3378 51 53 0.784615 0.815385
3379 52 53 0.8 0.815385
3380 53 53 0.815385 0.815385
3381 54 53 0.830769 0.815385
3382 55 53 0.846154 0.815385
3383 56 53 0.861538 0.815385
3384 57 53 0.876923 0.815385
3385 58 53 0.892308 0.815385
3386 59 53 0.907692 0.815385
3387 60 53 0.923077 0.815385
3388 61 53 0.938462 0.815385
3389 62 53 0.953846 0.815385
3390 63 53 0.969231 0.815385
3391 64 53 0.984615 0.815385
3392 1 54 0.0153846 0.830769
3393 2 54 0.0307692 0.830769
3394 3 54 0.0461538 0.830769
3395 4 54 0.0615385 0.830769
3396 5 54 0.0769231 0.830769
3397 6 54 0.0923077 0.830769
3398 7 54 0.107692 0.830769
3399 8 54 0.123077 0.830769
3400 9 54 0.138462 0.830769
3401 10 54 0.153846 0.830769
3402 11 54 0.169231 0.830769
3403 12 54 0.184615 0.830769
3404 13 54 0.2 0.830769
3405 14 54 0.215385 0.830769
3406 15 54 0.230769 0.830769
3407 16 54 0.246154 0.830769
3408 17 54 0.261538 0.830769
3409 18 54 0.276923 0.830769
3410 19 54 0.292308 0.830769
3411 20 54 0.307692 0.830769
3412 21 54 0.323077 0.830769
3413 22 54 0.338462 0.830769
3414 23 54 0.353846 0.830769
3415 24 54 0.369231 0.830769
3416 25 54 0.384615 0.830769
3417 26 54 0.4 0.830769
3418 27 54 0.415385 0.830769
3419 28 54 0.430769 0.830769
3420 29 54 0.446154 0.830769
3421 30 54 0.461538 0.830769
3422 31 54 0.476923 0.830769
3423 32 54 0.492308 0.830769
3424 33 54 0.507692 0.830769
3425 34 54 0.523077 0.830769
3426 35 54 0.538462 0.830769
3427 36 54 0.553846 0.830769
3428 37 54 0.569231 0.830769
3429 38 54 0.584615 0.830769
3430 39 54 0.6 0.830769
3431 40 54 0.615385 0.830769
3432 41 54 0.630769 0.830769
3433 42 54 0.646154 0.830769
3434 43 54 0.661538 0.830769
3435 44 54 0.676923 0.830769
3436 45 54 0.692308 0.830769
3437 46 54 0.707692 0.830769
3438 47 54 0.723077 0.830769
3439 48 54 0.738462 0.830769
3440 49 54 0.753846 0.830769
3441 50 54 0.769231 0.830769
3442 51 54 0.784615 0.830769
3443 52 54 0.8 0.830769
3444 53 54 0.815385 0.830769
3445 54 54 0.830769 0.830769
3446 55 54 0.846154 0.830769
3447 56 54 0.861538 0.830769
3448 57 54 0.876923 0.830769
3449 58 54 0.892308 0.830769
3450 59 54 0.907692 0.830769
3451 60 54 0.923077 0.830769
3452 61 54 0.938462 0.830769
3453 62 54 0.953846 0.830769
3454 63 54 0.969231 0.830769
3455 64 54 0.984615 0.830769
3456 1 55 0.0153846 0.846154
3457 2 55 0.0307692 0.846154
3458 3 55 0.0461538 0.846154
3459 4 55 0.0615385 0.846154
3460 5 55 0.0769231 0.846154
3461 6 55 0.0923077 0.846154
3462 7 55 0.107692 0.846154
3463 8 55 0.123077 0.846154
3464 9 55 0.138462 0.846154
3465 10 55 0.153846 0.846154
3466 11 55 0.169231 0.846154
3467 12 55 0.184615 0.846154
3468 13 55 0.2 0.846154
3469 14 55 0.215385 0.846154
3470 15 55 0.230769 0.846154
3471 16 55 0.246154 0.846154
3472 17 55 0.261538 0.846154
3473 18 55 0.276923 0.846154
3474 19 55 0.292308 0.846154
3475 20 55 0.307692 0.846154
3476 21 55 0.323077 0.846154
3477 22 55 0.338462 0.846154
3478 23 55 0.353846 0.846154
3479 24 55 0.369231 0.846154
3480 25 55 0.384615 0.846154
3481 26 55 0.4 0.846154
3482 27 55 0.415385 0.846154
3483 28 55 0.430769 0.846154
3484 29 55 0.446154 0.846154
3485 30 55 0.461538 0.846154
3486 31 55 0.476923 0.846154
3487 32 55 0.492308 0.846154
3488 33 55 0.507692 0.846154
3489 34 55 0.523077 0.846154
3490 35 55 0.538462 0.846154
3491 36 55 0.553846 0.846154
3492 37 55 0.569231 0.846154
3493 38 55 0.584615 0.846154
3494 39 55 0.6 0.846154
3495 40 55 0.615385 0.846154
3496 41 55 0.630769 0.846154
3497 42 55 0.646154 0.846154
3498 43 55 0.661538 0.846154
3499 44 55 0.676923 0.846154
3500 45 55 0.692308 0.846154
3501 46 55 0.707692 0.846154
3502 47 55 0.723077 0.846154
3503 48 55 0.738462 0.846154
3504 49 55 0.753846 0.846154
3505 50 55 0.769231 0.846154
3506 51 55 0.784615 0.846154
3507 52 55 0.8 0.846154
3508 53 55 0.815385 0.846154
3509 54 55 0.830769 0.846154
3510 55 55 0.846154 0.846154
3511 56 55 0.861538 0.846154
3512 57 55 0.876923 0.846154
3513 58 55 0.892308 0.846154
3514 59 55 0.907692 0.846154
3515 60 55 0.923077 0.846154
3516 61 55 0.938462 0.846154
3517 62 55 0.953846 0.846154
3518 63 55 0.969231 0.846154
3519 64 55 0.984615 0.846154
3520 1 56 0.0153846 0.861538
3521 2 56 0.0307692 0.861538
3522 3 56 0.0461538 0.861538
3523 4 56 0.0615385 0.861538
3524 5 56 0.0769231 0.861538
3525 6 56 0.0923077 0.861538
3526 7 56 0.107692 0.861538
3527 8 56 0.123077 0.861538
3528 9 56 0.138462 0.861538
3529 10 56 0.153846 0.861538
3530 11 56 0.169231 0.861538
3531 12 56 0.184615 0.861538
3532 13 56 0.2 0.861538
3533 14 56 0.215385 0.861538
3534 15 56 0.230769 0.861538
3535 16 56 0.246154 0.861538
3536 17 56 0.261538 0.861538
3537 18 56 0.276923 0.861538
3538 19 56 0.292308 0.861538
3539 20 56 0.307692 0.861538
3540 21 56 0.323077 0.861538
3541 22 56 0.338462 0.861538
3542 23 56 0.353846 0.861538
3543 24 56 0.369231 0.861538
3544 25 56 0.384615 0.861538
3545 26 56 0.4 0.861538
3546 27 56 0.415385 0.861538
3547 28 56 0.430769 0.861538
3548 29 56 0.446154 0.861538
3549 30 56 0.461538 0.861538
3550 31 56 0.476923 0.861538
3551 32 56 0.492308 0.861538
3552 33 56 0.507692 0.861538
3553 34 56 0.523077 0.861538
3554 35 56 0.538462 0.861538
3555 36 56 0.553846 0.861538
3556 37 56 0.569231 0.861538
3557 38 56 0.584615 0.861538
3558 39 56 0.6 0.861538
3559 40 56 0.615385 0.861538
3560 41 56 0.630769 0.861538
3561 42 56 0.646154 0.861538
3562 43 56 0.661538 0.861538
3563 44 56 0.676923 0.861538
3564 45 56 0.692308 0.861538
3565 46 56 0.707692 0.861538
3566 47 56 0.723077 0.861538
3567 48 56 0.738462 0.861538
3568 49 56 0.753846 0.861538
3569 50 56 0.769231 0.861538
3570 51 56 0.784615 0.861538
3571 52 56 0.8 0.861538
3572 53 56 0.815385 0.861538
3573 54 56 0.830769 0.861538
3574 55 56 0.846154 0.861538
3575 56 56 0.861538 0.861538
3576 57 56 0.876923 0.861538
3577 58 56 0.892308 0.861538
3578 59 56 0.907692 0.861538
3579 60 56 0.923077 0.861538
3580 61 56 0.938462 0.861538
3581 62 56 0.953846 0.861538
3582 63 56 0.969231 0.861538
3583 64 56 0.984615 0.861538
3584 1 57 0.0153846 0.876923
3585 2 57 0.0307692 0.876923
3586 3 57 0.0461538 0.876923
3587 4 57 0.0615385 0.876923
3588 5 57 0.0769231 0.876923
3589 6 57 0.0923077 0.876923
3590 7 57 0.107692 0.876923
3591 8 57 0.123077 0.876923
3592 9 57 0.138462 0.876923
3593 10 57 0.153846 0.876923
3594 11 57 0.169231 0.876923
3595 12 57 0.184615 0.876923
3596 13 57 0.2 0.876923
3597 14 57 0.215385 0.876923
3598 15 57 0.230769 0.876923
3599 16 57 0.246154 0.876923
3600 17 57 0.261538 0.876923
3601 18 57 0.276923 0.876923
3602 19 57 0.292308 0.876923
3603 20 57 0.307692 0.876923
3604 21 57 0.323077 0.876923
3605 22 57 0.338462 0.876923
3606 23 57 0.353846 0.876923
3607 24 57 0.369231 0.876923
3608 25 57 0.384615 0.876923
3609 26 57 0.4 0.876923
3610 27 57 0.415385 0.876923
3611 28 57 0.430769 0.876923
3612 29 57 0.446154 0.876923
3613 30 57 0.461538 0.876923
3614 31 57 0.476923 0.876923
3615 32 57 0.492308 0.876923
3616 33 57 0.507692 0.876923
3617 34 57 0.523077 0.876923
3618 35 57 0.538462 0.876923
3619 36 57 0.553846 0.876923
3620 37 57 0.569231 0.876923
3621 38 57 0.584615 0.876923
3622 39 57 0.6 0.876923
3623 40 57 0.615385 0.876923
3624 41 57 0.630769 0.876923
3625 42 57 0.646154 0.876923
3626 43 57 0.661538 0.876923
3627 44 57 0.676923 0.876923
3628 45 57 0.692308 0.876923
3629 46 57 0.707692 0.876923
3630 47 57 0.723077 0.876923
3631 48 57 0.738462 0.876923
3632 49 57 0.753846 0.876923
3633 50 57 0.769231 0.876923
3634 51 57 0.784615 0.876923
3635 52 57 0.8 0.876923
3636 53 57 0.815385 0.876923
3637 54 57 0.830769 0.876923
3638 55 57 0.846154 0.876923
3639 56 57 0.861538 0.876923
3640 57 57 0.876923 0.876923
3641 58 57 0.892308 0.876923
3642 59 57 0.907692 0.876923
3643 60 57 0.923077 0.876923
3644 61 57 0.938462 0.876923
3645 62 57 0.953846 0.876923
3646 63 57 0.969231 0.876923
3647 64 57 0.984615 0.876923
3648 1 58 0.0153846 0.892308
3649 2 58 0.0307692 0.892308
3650 3 58 0.0461538 0.892308
3651 4 58 0.0615385 0.892308
3652 5 58 0.0769231 0.892308
3653 6 58 0.0923077 0.892308
3654 7 58 0.107692 0.892308
3655 8 58 0.123077 0.892308
3656 9 58 0.138462 0.892308
3657 10 58 0.153846 0.892308
3658 11 58 0.169231 0.892308
3659 12 58 0.184615 0.892308
3660 13 58 0.2 0.892308
3661 14 58 0.215385 0.892308
3662 15 58 0.230769 0.892308
3663 16 58 0.246154 0.892308
3664 17 58 0.261538 0.892308
3665 18 58 0.276923 0.892308
3666 19 58 0.292308 0.892308
3667 20 58 0.307692 0.892308
3668 21 58 0.323077 0.892308
3669 22 58 0.338462 0.892308
3670 23 58 0.353846 0.892308
3671 24 58 0.369231 0.892308
3672 25 58 0.384615 0.892308
3673 26 58 0.4 0.892308
3674 27 58 0.415385 0.892308
3675 28 58 0.430769 0.892308
3676 29 58 0.446154 0.892308
3677 30 58 0.461538 0.892308
3678 31 58 0.476923 0.892308
3679 32 58 0.492308 0.892308
3680 33 58 0.507692 0.892308
3681 34 58 0.523077 0.892308
3682 35 58 0.538462 0.892308
3683 36 58 0.553846 0.892308
3684 37 58 0.569231 0.892308
3685 38 58 0.584615 0.892308
3686 39 58 0.6 0.892308
3687 40 58 0.615385 0.892308
3688 41 58 0.630769 0.892308
3689 42 58 0.646154 0.892308
3690 43 58 0.661538 0.892308
3691 44 58 0.676923 0.892308
3692 45 58 0.692308 0.892308
3693 46 58 0.707692 0.892308
3694 47 58 0.723077 0.892308
3695 48 58 0.738462 0.892308
3696 49 58 0.753846 0.892308
3697 50 58 0.769231 0.892308
3698 51 58 0.784615 0.892308
3699 52 58 0.8 0.892308
3700 53 58 0.815385 0.892308
3701 54 58 0.830769 0.892308
3702 55 58 0.846154 0.892308
3703 56 58 0.861538 0.892308
3704 57 58 0.876923 0.892308
3705 58 58 0.892308 0.892308
3706 59 58 0.907692 0.892308
3707 60 58 0.923077 0.892308
3708 61 58 0.938462 0.892308
3709 62 58 0.953846 0.892308
3710 63 58 0.969231 0.892308
3711 64 58 0.984615 0.892308
3712 1 59 0.0153846 0.907692
3713 2 59 0.0307692 0.907692
3714 3 59 0.0461538 0.907692
3715 4 59 0.0615385 0.907692
3716 5 59 0.0769231 0.907692
3717 6 59 0.0923077 0.907692
3718 7 59 0.107692 0.907692
3719 8 59 0.123077 0.907692
3720 9 59 0.138462 0.907692
3721 10 59 0.153846 0.907692
3722 11 59 0.169231 0.907692
3723 12 59 0.184615 0.907692
3724 13 59 0.2 0.907692
3725 14 59 0.215385 0.907692
3726 15 59 0.230769 0.907692
3727 16 59 0.246154 0.907692
3728 17 59 0.261538 0.907692
3729 18 59 0.276923 0.907692
3730 19 59 0.292308 0.907692
3731 20 59 0.307692 0.907692
3732 21 59 0.323077 0.907692
3733 22 59 0.338462 0.907692
3734 23 59 0.353846 0.907692
3735 24 59 0.369231 0.907692
3736 25 59 0.384615 0.907692
3737 26 59 0.4 0.907692
3738 27 59 0.415385 0.907692
3739 28 59 0.430769 0.907692
3740 29 59 0.446154 0.907692
3741 30 59 0.461538 0.907692
3742 31 59 0.476923 0.907692
3743 32 59 0.492308 0.907692
3744 33 59 0.507692 0.907692
3745 34 59 0.523077 0.907692
3746 35 59 0.538462 0.907692
3747 36 59 0.553846 0.907692
3748 37 59 0.569231 0.907692
3749 38 59 0.584615 0.907692
3750 39 59 0.6 0.907692
3751 40 59 0.615385 0.907692
3752 41 59 0.630769 0.907692
3753 42 59 0.646154 0.907692
3754 43 59 0.661538 0.907692
3755 44 59 0.676923 0.907692
3756 45 59 0.692308 0.907692
3757 46 59 0.707692 0.907692
3758 47 59 0.723077 0.907692
3759 48 59 0.738462 0.907692
3760 49 59 0.753846 0.907692
3761 50 59 0.769231 0.907692
3762 51 59 0.784615 0.907692
3763 52 59 0.8 0.907692
3764 53 59 0.815385 0.907692
3765 54 59 0.830769 0.907692
3766 55 59 0.846154 0.907692
3767 56 59 0.861538 0.907692
3768 57 59 0.876923 0.907692
3769 58 59 0.892308 0.907692
3770 59 59 0.907692 0.907692
3771 60 59 0.923077 0.907692
3772 61 59 0.938462 0.907692
3773 62 59 0.953846 0.907692
3774 63 59 0.969231 0.907692
3775 64 59 0.984615 0.907692
3776 1 60 0.0153846 0.923077
3777 2 60 0.0307692 0.923077
3778 3 60 0.0461538 0.923077
3779 4 60 0.0615385 0.923077
3780 5 60 0.0769231 0.923077
3781 6 60 0.0923077 0.923077
3782 7 60 0.107692 0.923077
3783 8 60 0.123077 0.923077
3784 9 60 0.138462 0.923077
3785 10 60 0.153846 0.923077
3786 11 60 0.169231 0.923077
3787 12 60 0.184615 0.923077
3788 13 60 0.2 0.923077
3789 14 60 0.215385 0.923077
3790 15 60 0.230769 0.923077
3791 16 60 0.246154 0.923077
3792 17 60 0.261538 0.923077
3793 18 60 0.276923 0.923077
3794 19 60 0.292308 0.923077
3795 20 60 0.307692 0.923077
3796 21 60 0.323077 0.923077
3797 22 60 0.338462 0.923077
3798 23 60 0.353846 0.923077
3799 24 60 0.369231 0.923077
3800 25 60 0.384615 0.923077
3801 26 60 0.4 0.923077
3802 27 60 0.415385 0.923077
3803 28 60 0.430769 0.923077
3804 29 60 0.446154 0.923077
3805 30 60 0.461538 0.923077
3806 31 60 0.476923 0.923077
3807 32 60 0.492308 0.923077
3808 33 60 0.507692 0.923077
3809 34 60 0.523077 0.923077
3810 35 60 0.538462 0.923077
3811 36 60 0.553846 0.923077
3812 37 60 0.569231 0.923077
3813 38 60 0.584615 0.923077
3814 39 60 0.6 0.923077
3815 40 60 0.615385 0.923077
3816 41 60 0.630769 0.923077
3817 42 60 0.646154 0.923077
3818 43 60 0.661538 0.923077
3819 44 60 0.676923 0.923077
3820 45 60 0.692308 0.923077
3821 46 60 0.707692 0.923077
3822 47 60 0.723077 0.923077
3823 48 60 0.738462 0.923077
3824 49 60 0.753846 0.923077
3825 50 60 0.769231 0.923077
3826 51 60 0.784615 0.923077
3827 52 60 0.8 0.923077
3828 53 60 0.815385 0.923077
3829 54 60 0.830769 0.923077
3830 55 60 0.846154 0.923077
3831 56 60 0.861538 0.923077
3832 57 60 0.876923 0.923077
3833 58 60 0.892308 0.923077
3834 59 60 0.907692 0.923077
3835 60 60 0.923077 0.923077
3836 61 60 0.938462 0.923077
3837 62 60 0.953846 0.923077
3838 63 60 0.969231 0.923077
3839 64 60 0.984615 0.923077
3840 1 61 0.0153846 0.938462
3841 2 61 0.0307692 0.938462
3842 3 61 0.0461538 0.938462
3843 4 61 0.0615385 0.938462
3844 5 61 0.0769231 0.938462
3845 6 61 0.0923077 0.938462
3846 7 61 0.107692 0.938462
3847 8 61 0.123077 0.938462
3848 9 61 0.138462 0.938462
3849 10 61 0.153846 0.938462
3850 11 61 0.169231 0.938462
3851 12 61 0.184615 0.938462
3852 13 61 0.2 0.938462
3853 14 61 0.215385 0.938462
3854 15 61 0.230769 0.938462
3855 16 61 0.246154 0.938462
3856 17 61 0.261538 0.938462
3857 18 61 0.276923 0.938462
3858 19 61 0.292308 0.938462
3859 20 61 0.307692 0.938462
3860 21 61 0.323077 0.938462
3861 22 61 0.338462 0.938462
3862 23 61 0.353846 0.938462
3863 24 61 0.369231 0.938462
3864 25 61 0.384615 0.938462
3865 26 61 0.4 0.938462
3866 27 61 0.415385 0.938462
3867 28 61 0.430769 0.938462
3868 29 61 0.446154 0.938462
3869 30 61 0.461538 0.938462
3870 31 61 0.476923 0.938462
3871 32 61 0.492308 0.938462
3872 33 61 0.507692 0.938462
3873 34 61 0.523077 0.938462
3874 35 61 0.538462 0.938462
3875 36 61 0.553846 0.938462
3876 37 61 0.569231 0.938462
3877 38 61 0.584615 0.938462
3878 39 61 0.6 0.938462
3879 40 61 0.615385 0.938462
3880 41 61 0.630769 0.938462
3881 42 61 0.646154 0.938462
3882 43 61 0.661538 0.938462
3883 44 61 0.676923 0.938462
3884 45 61 0.692308 0.938462
3885 46 61 0.707692 0.938462
3886 47 61 0.723077 0.938462
3887 48 61 0.738462 0.938462
3888 49 61 0.753846 0.938462
3889 50 61 0.769231 0.938462
3890 51 61 0.784615 0.938462
3891 52 61 0.8 0.938462
3892 53 61 0.815385 0.938462
3893 54 61 0.830769 0.938462
3894 55 61 0.846154 0.938462
3895 56 61 0.861538 0.938462
3896 57 61 0.876923 0.938462
3897 58 61 0.892308 0.938462
3898 59 61 0.907692 0.938462
3899 60 61 0.923077 0.938462
3900 61 61 0.938462 0.938462
3901 62 61 0.953846 0.938462
3902 63 61 0.969231 0.938462
3903 64 61 0.984615 0.938462
3904 1 62 0.0153846 0.953846
3905 2 62 0.0307692 0.953846
3906 3 62 0.0461538 0.953846
3907 4 62 0.0615385 0.953846
3908 5 62 0.0769231 0.953846
3909 6 62 0.0923077 0.953846
3910 7 62 0.107692 0.953846
3911 8 62 0.123077 0.953846
3912 9 62 0.138462 0.953846
3913 10 62 0.153846 0.953846
3914 11 62 0.169231 0.953846
3915 12 62 0.184615 0.953846
3916 13 62 0.2 0.953846
3917 14 62 0.215385 0.953846
3918 15 62 0.230769 0.953846
3919 16 62 0.246154 0.953846
3920 17 62 0.261538 0.953846
3921 18 62 0.276923 0.953846
3922 19 62 0.292308 0.953846
3923 20 62 0.307692 0.953846
3924 21 62 0.323077 0.953846
3925 22 62 0.338462 0.953846
3926 23 62 0.353846 0.953846
3927 24 62 0.369231 0.953846
3928 25 62 0.384615 0.953846
3929 26 62 0.4 0.953846
3930 27 62 0.415385 0.953846
3931 28 62 0.430769 0.953846
3932 29 62 0.446154 0.953846
3933 30 62 0.461538 0.953846
3934 31 62 0.476923 0.953846
3935 32 62 0.492308 0.953846
3936 33 62 0.507692 0.953846
3937 34 62 0.523077 0.953846
3938 35 62 0.538462 0.953846
3939 36 62 0.553846 0.953846
3940 37 62 0.569231 0.953846
3941 38 62 0.584615 0.953846
3942 39 62 0.6 0.953846
3943 40 62 0.615385 0.953846
3944 41 62 0.630769 0.953846
3945 42 62 0.646154 0.953846
3946 43 62 0.661538 0.953846
3947 44 62 0.676923 0.953846
3948 45 62 0.692308 0.953846
3949 46 62 0.707692 0.953846
3950 47 62 0.723077 0.953846
3951 48 62 0.738462 0.953846
3952 49 62 0.753846 0.953846
3953 50 62 0.769231 0.953846
3954 51 62 0.784615 0.953846
3955 52 62 0.8 0.953846
3956 53 62 0.815385 0.953846
3957 54 62 0.830769 0.953846
3958 55 62 0.846154 0.953846
3959 56 62 0.861538 0.953846
3960 57 62 0.876923 0.953846
3961 58 62 0.892308 0.953846
3962 59 62 0.907692 0.953846
3963 60 62 0.923077 0.953846
3964 61 62 0.938462 0.953846
3965 62 62 0.953846 0.953846
3966 63 62 0.969231 0.953846
3967 64 62 0.984615 0.953846
3968 1 63 0.0153846 0.969231
3969 2 63 0.0307692 0.969231
3970 3 63 0.0461538 0.969231
3971 4 63 0.0615385 0.969231
3972 5 63 0.0769231 0.969231
3973 6 63 0.0923077 0.969231
3974 7 63 0.107692 0.969231
3975 8 63 0.123077 0.969231
3976 9 63 0.138462 0.969231
3977 10 63 0.153846 0.969231
3978 11 63 0.169231 0.969231
3979 12 63 0.184615 0.969231
3980 13 63 0.2 0.969231
3981 14 63 0.215385 0.969231
3982 15 63 0.230769 0.969231
3983 16 63 0.246154 0.969231
3984 17 63 0.261538 0.969231
3985 18 63 0.276923 0.969231
3986 19 63 0.292308 0.969231
3987 20 63 0.307692 0.969231
3988 21 63 0.323077 0.969231
3989 22 63 0.338462 0.969231
3990 23 63 0.353846 0.969231
3991 24 63 0.369231 0.969231
3992 25 63 0.384615 0.969231
3993 26 63 0.4 0.969231
3994 27 63 0.415385 0.969231
3995 28 63 0.430769 0.969231
3996 29 63 0.446154 0.969231
3997 30 63 0.461538 0.969231
3998 31 63 0.476923 0.969231
3999 32 63 0.492308 0.969231
4000 33 63 0.507692 0.969231
4001 34 63 0.523077 0.969231
4002 35 63 0.538462 0.969231
4003 36 63 0.553846 0.969231
4004 37 63 0.569231 0.969231
4005 38 63 0.584615 0.969231
4006 39 63 0.6 0.969231
4007 40 63 0.615385 0.969231
4008 41 63 0.630769 0.969231
4009 42 63 0.646154 0.969231
4010 43 63 0.661538 0.969231
4011 44 63 0.676923 0.969231
4012 45 63 0.692308 0.969231
4013 46 63 0.707692 0.969231
4014 47 63 0.723077 0.969231
4015 48 63 0.738462 0.969231
4016 49 63 0.753846 0.969231
4017 50 63 0.769231 0.969231
4018 51 63 0.784615 0.969231
4019 52 63 0.8 0.969231
4020 53 63 0.815385 0.969231
4021 54 63 0.830769 0.969231
4022 55 63 0.846154 0.969231
4023 56 63 0.861538 0.969231
4024 57 63 0.876923 0.969231
4025 58 63 0.892308 0.969231
4026 59 63 0.907692 0.969231
4027 60 63 0.923077 0.969231
4028 61 63 0.938462 0.969231
4029 62 63 0.953846 0.969231
4030 63 63 0.969231 0.969231
4031 64 63 0.984615 0.969231
4032 1 64 0.0153846 0.984615
4033 2 64 0.0307692 0.984615
4034 3 64 0.0461538 0.984615
4035 4 64 0.0615385 0.984615
4036 5 64 0.0769231 0.984615
4037 6 64 0.0923077 0.984615
4038 7 64 0.107692 0.984615
4039 8 64 0.123077 0.984615
4040 9 64 0.138462 0.984615
4041 10 64 0.153846 0.984615
4042 11 64 0.169231 0.984615
4043 12 64 0.184615 0.984615
4044 13 64 0.2 0.984615
4045 14 64 0.215385 0.984615
4046 15 64 0.230769 0.984615
4047 16 64 0.246154 0.984615
4048 17 64 0.261538 0.984615
4049 18 64 0.276923 0.984615
4050 19 64 0.292308 0.984615
4051 20 64 0.307692 0.984615
4052 21 64 0.323077 0.984615
4053 22 64 0.338462 0.984615
4054 23 64 0.353846 0.984615
4055 24 64 0.369231 0.984615
4056 25 64 0.384615 0.984615
4057 26 64 0.4 0.984615
4058 27 64 0.415385 0.984615
4059 28 64 0.430769 0.984615
4060 29 64 0.446154 0.984615
4061 30 64 0.461538 0.984615
4062 31 64 0.476923 0.984615
4063 32 64 0.492308 0.984615
4064 33 64 0.507692 0.984615
4065 34 64 0.523077 0.984615
4066 35 64 0.538462 0.984615
4067 36 64 0.553846 0.984615
4068 37 64 0.569231 0.984615
4069 38 64 0.584615 0.984615
4070 39 64 0.6 0.984615
4071 40 64 0.615385 0.984615
4072 41 64 0.630769 0.984615
4073 42 64 0.646154 0.984615
4074 43 64 0.661538 0.984615
4075 44 64 0.676923 0.984615
4076 45 64 0.692308 0.984615
4077 46 64 0.707692 0.984615
4078 47 64 0.723077 0.984615
4079 48 64 0.738462 0.984615
4080 49 64 0.753846 0.984615
4081 50 64 0.769231 0.984615
4082 51 64 0.784615 0.984615
4083 52 64 0.8 0.984615
4084 53 64 0.815385 0.984615
4085 54 64 0.830769 0.984615
4086 55 64 0.846154 0.984615
4087 56 64 0.861538 0.984615
4088 57 64 0.876923 0.984615
4089 58 64 0.892308 0.984615
4090 59 64 0.907692 0.984615
4091 60 64 0.923077 0.984615
4092 61 64 0.938462 0.984615
4093 62 64 0.953846 0.984615
4094 63 64 0.969231 0.984615
4095 64 64 0.984615 0.984615
