0 1 1 0.00775194 0.00775194
1 2 1 0.0155039 0.00775194
2 3 1 0.0232558 0.00775194
3 4 1 0.0310078 0.00775194
4 5 1 0.0387597 0.00775194
5 6 1 0.0465116 0.00775194
6 7 1 0.0542636 0.00775194
7 8 1 0.0620155 0.00775194
8 9 1 0.0697674 0.00775194
9 10 1 0.0775194 0.00775194
10 11 1 0.0852713 0.00775194
11 12 1 0.0930233 0.00775194
12 13 1 0.100775 0.00775194
13 14 1 0.108527 0.00775194
14 15 1 0.116279 0.00775194
15 16 1 0.124031 0.00775194
16 17 1 0.131783 0.00775194
17 18 1 0.139535 0.00775194
18 19 1 0.147287 0.00775194
19 20 1 0.155039 0.00775194
20 21 1 0.162791 0.00775194
21 22 1 0.170543 0.00775194
22 23 1 0.178295 0.00775194
23 24 1 0.186047 0.00775194
24 25 1 0.193798 0.00775194
25 26 1 0.20155 0.00775194
26 27 1 0.209302 0.00775194
27 28 1 0.217054 0.00775194
28 29 1 0.224806 0.00775194
29 30 1 0.232558 0.00775194
30 31 1 0.24031 0.00775194
31 32 1 0.248062 0.00775194
32 33 1 0.255814 0.00775194
33 34 1 0.263566 0.00775194
34 35 1 0.271318 0.00775194
35 36 1 0.27907 0.00775194
36 37 1 0.286822 0.00775194
37 38 1 0.294574 0.00775194
38 39 1 0.302326 0.00775194
39 40 1 0.310078 0.00775194
40 41 1 0.317829 0.00775194
41 42 1 0.325581 0.00775194
42 43 1 0.333333 0.00775194
43 44 1 0.341085 0.00775194
44 45 1 0.348837 0.00775194
45 46 1 0.356589 0.00775194
46 47 1 0.364341 0.00775194
47 48 1 0.372093 0.00775194
48 49 1 0.379845 0.00775194
49 50 1 0.387597 0.00775194
50 51 1 0.395349 0.00775194
51 52 1 0.403101 0.00775194
52 53 1 0.410853 0.00775194
53 54 1 0.418605 0.00775194
54 55 1 0.426357 0.00775194
55 56 1 0.434109 0.00775194
56 57 1 0.44186 0.00775194
57 58 1 0.449612 0.00775194
58 59 1 0.457364 0.00775194
59 60 1 0.465116 0.00775194
60 61 1 0.472868 0.00775194
61 62 1 0.48062 0.00775194
62 63 1 0.488372 0.00775194
63 64 1 0.496124 0.00775194
64 65 1 0.503876 0.00775194
65 66 1 0.511628 0.00775194
66 67 1 0.51938 0.00775194
67 68 1 0.527132 0.00775194
68 69 1 0.534884 0.00775194
69 70 1 0.542636 0.00775194
70 71 1 0.550388 0.00775194
71 72 1 0.55814 0.00775194
72 73 1 0.565891 0.00775194
73 74 1 0.573643 0.00775194
74 75 1 0.581395 0.00775194
75 76 1 0.589147 0.00775194
76 77 1 0.596899 0.00775194
77 78 1 0.604651 0.00775194
78 79 1 0.612403 0.00775194
79 80 1 0.620155 0.00775194
80 81 1 0.627907 0.00775194
81 82 1 0.635659 0.00775194
82 83 1 0.643411 0.00775194
83 84 1 0.651163 0.00775194
84 85 1 0.658915 0.00775194
85 86 1 0.666667 0.00775194
86 87 1 0.674419 0.00775194
87 88 1 0.682171 0.00775194
88 89 1 0.689922 0.00775194
89 90 1 0.697674 0.00775194
90 91 1 0.705426 0.00775194
91 92 1 0.713178 0.00775194
92 93 1 0.72093 0.00775194
93 94 1 0.728682 0.00775194
94 95 1 0.736434 0.00775194
95 96 1 0.744186 0.00775194
96 97 1 0.751938 0.00775194
97 98 1 0.75969 0.00775194
98 99 1 0.767442 0.00775194
99 100 1 0.775194 0.00775194
100 101 1 0.782946 0.00775194
101 102 1 0.790698 0.00775194
102 103 1 0.79845 0.00775194
103 104 1 0.806202 0.00775194
104 105 1 0.813953 0.00775194
105 106 1 0.821705 0.00775194
106 107 1 0.829457 0.00775194
107 108 1 0.837209 0.00775194
108 109 1 0.844961 0.00775194
109 110 1 0.852713 0.00775194
110 111 1 0.860465 0.00775194
111 112 1 0.868217 0.00775194
112 113 1 0.875969 0.00775194
113 114 1 0.883721 0.00775194
114 115 1 0.891473 0.00775194
115 116 1 0.899225 0.00775194
116 117 1 0.906977 0.00775194
117 118 1 0.914729 0.00775194
118 119 1 0.922481 0.00775194
119 120 1 0.930233 0.00775194
120 121 1 0.937984 0.00775194
121 122 1 0.945736 0.00775194
122 123 1 0.953488 0.00775194
123 124 1 0.96124 0.00775194
124 125 1 0.968992 0.00775194
125 126 1 0.976744 0.00775194
126 127 1 0.984496 0.00775194
127 128 1 0.992248 0.00775194
128 1 2 0.00775194 0.0155039
129 2 2 0.0155039 0.0155039
130 3 2 0.0232558 0.0155039
131 4 2 0.0310078 0.0155039
132 5 2 0.0387597 0.0155039
133 6 2 0.0465116 0.0155039
134 7 2 0.0542636 0.0155039
135 8 2 0.0620155 0.0155039
136 9 2 0.0697674 0.0155039
137 10 2 0.0775194 0.0155039
138 11 2 0.0852713 0.0155039
139 12 2 0.0930233 0.0155039
140 13 2 0.100775 0.0155039
141 14 2 0.108527 0.0155039
142 15 2 0.116279 0.0155039
143 16 2 0.124031 0.0155039
144 17 2 0.131783 0.0155039
145 18 2 0.139535 0.0155039
146 19 2 0.147287 0.0155039
147 20 2 0.155039 0.0155039
148 21 2 0.162791 0.0155039
149 22 2 0.170543 0.0155039
150 23 2 0.178295 0.0155039
151 24 2 0.186047 0.0155039
152 25 2 0.193798 0.0155039
153 26 2 0.20155 0.0155039
154 27 2 0.209302 0.0155039
155 28 2 0.217054 0.0155039
156 29 2 0.224806 0.0155039
157 30 2 0.232558 0.0155039
158 31 2 0.24031 0.0155039
159 32 2 0.248062 0.0155039
160 33 2 0.255814 0.0155039
161 34 2 0.263566 0.0155039
162 35 2 0.271318 0.0155039
163 36 2 0.27907 0.0155039
164 37 2 0.286822 0.0155039
165 38 2 0.294574 0.0155039
166 39 2 0.302326 0.0155039
167 40 2 0.310078 0.0155039
168 41 2 0.317829 0.0155039
169 42 2 0.325581 0.0155039
170 43 2 0.333333 0.0155039
171 44 2 0.341085 0.0155039
172 45 2 0.348837 0.0155039
173 46 2 0.356589 0.0155039
174 47 2 0.364341 0.0155039
175 48 2 0.372093 0.0155039
176 49 2 0.379845 0.0155039
177 50 2 0.387597 0.0155039
178 51 2 0.395349 0.0155039
179 52 2 0.403101 0.0155039
180 53 2 0.410853 0.0155039
181 54 2 0.418605 0.0155039
182 55 2 0.426357 0.0155039
183 56 2 0.434109 0.0155039
184 57 2 0.44186 0.0155039
185 58 2 0.449612 0.0155039
186 59 2 0.457364 0.0155039
187 60 2 0.465116 0.0155039
188 61 2 0.472868 0.0155039
189 62 2 0.48062 0.0155039
190 63 2 0.488372 0.0155039
191 64 2 0.496124 0.0155039
192 65 2 0.503876 0.0155039
193 66 2 0.511628 0.0155039
194 67 2 0.51938 0.0155039
195 68 2 0.527132 0.0155039
196 69 2 0.534884 0.0155039
197 70 2 0.542636 0.0155039
198 71 2 0.550388 0.0155039
199 72 2 0.55814 0.0155039
200 73 2 0.565891 0.0155039
201 74 2 0.573643 0.0155039
202 75 2 0.581395 0.0155039
203 76 2 0.589147 0.0155039
204 77 2 0.596899 0.0155039
205 78 2 0.604651 0.0155039
206 79 2 0.612403 0.0155039
207 80 2 0.620155 0.0155039
208 81 2 0.627907 0.0155039
209 82 2 0.635659 0.0155039
210 83 2 0.643411 0.0155039
211 84 2 0.651163 0.0155039
212 85 2 0.658915 0.0155039
213 86 2 0.666667 0.0155039
214 87 2 0.674419 0.0155039
215 88 2 0.682171 0.0155039
216 89 2 0.689922 0.0155039
217 90 2 0.697674 0.0155039
218 91 2 0.705426 0.0155039
219 92 2 0.713178 0.0155039
220 93 2 0.72093 0.0155039
221 94 2 0.728682 0.0155039
222 95 2 0.736434 0.0155039
223 96 2 0.744186 0.0155039
224 97 2 0.751938 0.0155039
225 98 2 0.75969 0.0155039
226 99 2 0.767442 0.0155039
227 100 2 0.775194 0.0155039
228 101 2 0.782946 0.0155039
229 102 2 0.790698 0.0155039
230 103 2 0.79845 0.0155039
231 104 2 0.806202 0.0155039
232 105 2 0.813953 0.0155039
233 106 2 0.821705 0.0155039
234 107 2 0.829457 0.0155039
235 108 2 0.837209 0.0155039
236 109 2 0.844961 0.0155039
237 110 2 0.852713 0.0155039
238 111 2 0.860465 0.0155039
239 112 2 0.868217 0.0155039
240 113 2 0.875969 0.0155039
241 114 2 0.883721 0.0155039
242 115 2 0.891473 0.0155039
243 116 2 0.899225 0.0155039
244 117 2 0.906977 0.0155039
245 118 2 0.914729 0.0155039
246 119 2 0.922481 0.0155039
247 120 2 0.930233 0.0155039
248 121 2 0.937984 0.0155039
249 122 2 0.945736 0.0155039
250 123 2 0.953488 0.0155039
251 124 2 0.96124 0.0155039
252 125 2 0.968992 0.0155039
253 126 2 0.976744 0.0155039
254 127 2 0.984496 0.0155039
255 128 2 0.992248 0.0155039
256 1 3 0.00775194 0.0232558
257 2 3 0.0155039 0.0232558
258 3 3 0.0232558 0.0232558
259 4 3 0.0310078 0.0232558
260 5 3 0.0387597 0.0232558
261 6 3 0.0465116 0.0232558
262 7 3 0.0542636 0.0232558
263 8 3 0.0620155 0.0232558
264 9 3 0.0697674 0.0232558
265 10 3 0.0775194 0.0232558
266 11 3 0.0852713 0.0232558
267 12 3 0.0930233 0.0232558
268 13 3 0.100775 0.0232558
269 14 3 0.108527 0.0232558
270 15 3 0.116279 0.0232558
271 16 3 0.124031 0.0232558
272 17 3 0.131783 0.0232558
273 18 3 0.139535 0.0232558
274 19 3 0.147287 0.0232558
275 20 3 0.155039 0.0232558
276 21 3 0.162791 0.0232558
277 22 3 0.170543 0.0232558
278 23 3 0.178295 0.0232558
279 24 3 0.186047 0.0232558
280 25 3 0.193798 0.0232558
281 26 3 0.20155 0.0232558
282 27 3 0.209302 0.0232558
283 28 3 0.217054 0.0232558
284 29 3 0.224806 0.0232558
285 30 3 0.232558 0.0232558
286 31 3 0.24031 0.0232558
287 32 3 0.248062 0.0232558
288 33 3 0.255814 0.0232558
289 34 3 0.263566 0.0232558
290 35 3 0.271318 0.0232558
291 36 3 0.27907 0.0232558
292 37 3 0.286822 0.0232558
293 38 3 0.294574 0.0232558
294 39 3 0.302326 0.0232558
295 40 3 0.310078 0.0232558
296 41 3 0.317829 0.0232558
297 42 3 0.325581 0.0232558
298 43 3 0.333333 0.0232558
299 44 3 0.341085 0.0232558
300 45 3 0.348837 0.0232558
301 46 3 0.356589 0.0232558
302 47 3 0.364341 0.0232558
303 48 3 0.372093 0.0232558
304 49 3 0.379845 0.0232558
305 50 3 0.387597 0.0232558
306 51 3 0.395349 0.0232558
307 52 3 0.403101 0.0232558
308 53 3 0.410853 0.0232558
309 54 3 0.418605 0.0232558
310 55 3 0.426357 0.0232558
311 56 3 0.434109 0.0232558
312 57 3 0.44186 0.0232558
313 58 3 0.449612 0.0232558
314 59 3 0.457364 0.0232558
315 60 3 0.465116 0.0232558
316 61 3 0.472868 0.0232558
317 62 3 0.48062 0.0232558
318 63 3 0.488372 0.0232558
319 64 3 0.496124 0.0232558
320 65 3 0.503876 0.0232558
321 66 3 0.511628 0.0232558
322 67 3 0.51938 0.0232558
323 68 3 0.527132 0.0232558
324 69 3 0.534884 0.0232558
325 70 3 0.542636 0.0232558
326 71 3 0.550388 0.0232558
327 72 3 0.55814 0.0232558
328 73 3 0.565891 0.0232558
329 74 3 0.573643 0.0232558
330 75 3 0.581395 0.0232558
331 76 3 0.589147 0.0232558
332 77 3 0.596899 0.0232558
333 78 3 0.604651 0.0232558
334 79 3 0.612403 0.0232558
335 80 3 0.620155 0.0232558
336 81 3 0.627907 0.0232558
337 82 3 0.635659 0.0232558
338 83 3 0.643411 0.0232558
339 84 3 0.651163 0.0232558
340 85 3 0.658915 0.0232558
341 86 3 0.666667 0.0232558
342 87 3 0.674419 0.0232558
343 88 3 0.682171 0.0232558
344 89 3 0.689922 0.0232558
345 90 3 0.697674 0.0232558
346 91 3 0.705426 0.0232558
347 92 3 0.713178 0.0232558
348 93 3 0.72093 0.0232558
349 94 3 0.728682 0.0232558
350 95 3 0.736434 0.0232558
351 96 3 0.744186 0.0232558
352 97 3 0.751938 0.0232558
353 98 3 0.75969 0.0232558
354 99 3 0.767442 0.0232558
355 100 3 0.775194 0.0232558
356 101 3 0.782946 0.0232558
357 102 3 0.790698 0.0232558
358 103 3 0.79845 0.0232558
359 104 3 0.806202 0.0232558
360 105 3 0.813953 0.0232558
361 106 3 0.821705 0.0232558
362 107 3 0.829457 0.0232558
363 108 3 0.837209 0.0232558
364 109 3 0.844961 0.0232558
365 110 3 0.852713 0.0232558
366 111 3 0.860465 0.0232558
367 112 3 0.868217 0.0232558
368 113 3 0.875969 0.0232558
369 114 3 0.883721 0.0232558
370 115 3 0.891473 0.0232558
371 116 3 0.899225 0.0232558
372 117 3 0.906977 0.0232558
373 118 3 0.914729 0.0232558
374 119 3 0.922481 0.0232558
375 120 3 0.930233 0.0232558
376 121 3 0.937984 0.0232558
377 122 3 0.945736 0.0232558
378 123 3 0.953488 0.0232558
379 124 3 0.96124 0.0232558
380 125 3 0.968992 0.0232558
381 126 3 0.976744 0.0232558
382 127 3 0.984496 0.0232558
383 128 3 0.992248 0.0232558
384 1 4 0.00775194 0.0310078
385 2 4 0.0155039 0.0310078
386 3 4 0.0232558 0.0310078
387 4 4 0.0310078 0.0310078
388 5 4 0.0387597 0.0310078
389 6 4 0.0465116 0.0310078
390 7 4 0.0542636 0.0310078
391 8 4 0.0620155 0.0310078
392 9 4 0.0697674 0.0310078
393 10 4 0.0775194 0.0310078
394 11 4 0.0852713 0.0310078
395 12 4 0.0930233 0.0310078
396 13 4 0.100775 0.0310078
397 14 4 0.108527 0.0310078
398 15 4 0.116279 0.0310078
399 16 4 0.124031 0.0310078
400 17 4 0.131783 0.0310078
401 18 4 0.139535 0.0310078
402 19 4 0.147287 0.0310078
403 20 4 0.155039 0.0310078
404 21 4 0.162791 0.0310078
405 22 4 0.170543 0.0310078
406 23 4 0.178295 0.0310078
407 24 4 0.186047 0.0310078
408 25 4 0.193798 0.0310078
409 26 4 0.20155 0.0310078
410 27 4 0.209302 0.0310078
411 28 4 0.217054 0.0310078
412 29 4 0.224806 0.0310078
413 30 4 0.232558 0.0310078
414 31 4 0.24031 0.0310078
415 32 4 0.248062 0.0310078
416 33 4 0.255814 0.0310078
417 34 4 0.263566 0.0310078
418 35 4 0.271318 0.0310078
419 36 4 0.27907 0.0310078
420 37 4 0.286822 0.0310078
421 38 4 0.294574 0.0310078
422 39 4 0.302326 0.0310078
423 40 4 0.310078 0.0310078
424 41 4 0.317829 0.0310078
425 42 4 0.325581 0.0310078
426 43 4 0.333333 0.0310078
427 44 4 0.341085 0.0310078
428 45 4 0.348837 0.0310078
429 46 4 0.356589 0.0310078
430 47 4 0.364341 0.0310078
431 48 4 0.372093 0.0310078
432 49 4 0.379845 0.0310078
433 50 4 0.387597 0.0310078
434 51 4 0.395349 0.0310078
435 52 4 0.403101 0.0310078
436 53 4 0.410853 0.0310078
437 54 4 0.418605 0.0310078
438 55 4 0.426357 0.0310078
439 56 4 0.434109 0.0310078
440 57 4 0.44186 0.0310078
441 58 4 0.449612 0.0310078
442 59 4 0.457364 0.0310078
443 60 4 0.465116 0.0310078
444 61 4 0.472868 0.0310078
445 62 4 0.48062 0.0310078
446 63 4 0.488372 0.0310078
447 64 4 0.496124 0.0310078
448 65 4 0.503876 0.0310078
449 66 4 0.511628 0.0310078
450 67 4 0.51938 0.0310078
451 68 4 0.527132 0.0310078
452 69 4 0.534884 0.0310078
453 70 4 0.542636 0.0310078
454 71 4 0.550388 0.0310078
455 72 4 0.55814 0.0310078
456 73 4 0.565891 0.0310078
457 74 4 0.573643 0.0310078
458 75 4 0.581395 0.0310078
459 76 4 0.589147 0.0310078
460 77 4 0.596899 0.0310078
461 78 4 0.604651 0.0310078
462 79 4 0.612403 0.0310078
463 80 4 0.620155 0.0310078
464 81 4 0.627907 0.0310078
465 82 4 0.635659 0.0310078
466 83 4 0.643411 0.0310078
467 84 4 0.651163 0.0310078
468 85 4 0.658915 0.0310078
469 86 4 0.666667 0.0310078
470 87 4 0.674419 0.0310078
471 88 4 0.682171 0.0310078
472 89 4 0.689922 0.0310078
473 90 4 0.697674 0.0310078
474 91 4 0.705426 0.0310078
475 92 4 0.713178 0.0310078
476 93 4 0.72093 0.0310078
477 94 4 0.728682 0.0310078
478 95 4 0.736434 0.0310078
479 96 4 0.744186 0.0310078
480 97 4 0.751938 0.0310078
481 98 4 0.75969 0.0310078
482 99 4 0.767442 0.0310078
483 100 4 0.775194 0.0310078
484 101 4 0.782946 0.0310078
485 102 4 0.790698 0.0310078
486 103 4 0.79845 0.0310078
487 104 4 0.806202 0.0310078
488 105 4 0.813953 0.0310078
489 106 4 0.821705 0.0310078
490 107 4 0.829457 0.0310078
491 108 4 0.837209 0.0310078
492 109 4 0.844961 0.0310078
493 110 4 0.852713 0.0310078
494 111 4 0.860465 0.0310078
495 112 4 0.868217 0.0310078
496 113 4 0.875969 0.0310078
497 114 4 0.883721 0.0310078
498 115 4 0.891473 0.0310078
499 116 4 0.899225 0.0310078
500 117 4 0.906977 0.0310078
501 118 4 0.914729 0.0310078
502 119 4 0.922481 0.0310078
503 120 4 0.930233 0.0310078
504 121 4 0.937984 0.0310078
505 122 4 0.945736 0.0310078
506 123 4 0.953488 0.0310078
507 124 4 0.96124 0.0310078
508 125 4 0.968992 0.0310078
509 126 4 0.976744 0.0310078
510 127 4 0.984496 0.0310078
511 128 4 0.992248 0.0310078
512 1 5 0.00775194 0.0387597
513 2 5 0.0155039 0.0387597
514 3 5 0.0232558 0.0387597
515 4 5 0.0310078 0.0387597
516 5 5 0.0387597 0.0387597
517 6 5 0.0465116 0.0387597
518 7 5 0.0542636 0.0387597
519 8 5 0.0620155 0.0387597
520 9 5 0.0697674 0.0387597
521 10 5 0.0775194 0.0387597
522 11 5 0.0852713 0.0387597
523 12 5 0.0930233 0.0387597
524 13 5 0.100775 0.0387597
525 14 5 0.108527 0.0387597
526 15 5 0.116279 0.0387597
527 16 5 0.124031 0.0387597
528 17 5 0.131783 0.0387597
529 18 5 0.139535 0.0387597
530 19 5 0.147287 0.0387597
531 20 5 0.155039 0.0387597
532 21 5 0.162791 0.0387597
533 22 5 0.170543 0.0387597
534 23 5 0.178295 0.0387597
535 24 5 0.186047 0.0387597
536 25 5 0.193798 0.0387597
537 26 5 0.20155 0.0387597
538 27 5 0.209302 0.0387597
539 28 5 0.217054 0.0387597
540 29 5 0.224806 0.0387597
541 30 5 0.232558 0.0387597
542 31 5 0.24031 0.0387597
543 32 5 0.248062 0.0387597
544 33 5 0.255814 0.0387597
545 34 5 0.263566 0.0387597
546 35 5 0.271318 0.0387597
547 36 5 0.27907 0.0387597
548 37 5 0.286822 0.0387597
549 38 5 0.294574 0.0387597
550 39 5 0.302326 0.0387597
551 40 5 0.310078 0.0387597
552 41 5 0.317829 0.0387597
553 42 5 0.325581 0.0387597
554 43 5 0.333333 0.0387597
555 44 5 0.341085 0.0387597
556 45 5 0.348837 0.0387597
557 46 5 0.356589 0.0387597
558 47 5 0.364341 0.0387597
559 48 5 0.372093 0.0387597
560 49 5 0.379845 0.0387597
561 50 5 0.387597 0.0387597
562 51 5 0.395349 0.0387597
563 52 5 0.403101 0.0387597
564 53 5 0.410853 0.0387597
565 54 5 0.418605 0.0387597
566 55 5 0.426357 0.0387597
567 56 5 0.434109 0.0387597
568 57 5 0.44186 0.0387597
569 58 5 0.449612 0.0387597
570 59 5 0.457364 0.0387597
571 60 5 0.465116 0.0387597
572 61 5 0.472868 0.0387597
573 62 5 0.48062 0.0387597
574 63 5 0.488372 0.0387597
575 64 5 0.496124 0.0387597
576 65 5 0.503876 0.0387597
577 66 5 0.511628 0.0387597
578 67 5 0.51938 0.0387597
579 68 5 0.527132 0.0387597
580 69 5 0.534884 0.0387597
581 70 5 0.542636 0.0387597
582 71 5 0.550388 0.0387597
583 72 5 0.55814 0.0387597
584 73 5 0.565891 0.0387597
585 74 5 0.573643 0.0387597
586 75 5 0.581395 0.0387597
587 76 5 0.589147 0.0387597
588 77 5 0.596899 0.0387597
589 78 5 0.604651 0.0387597
590 79 5 0.612403 0.0387597
591 80 5 0.620155 0.0387597
592 81 5 0.627907 0.0387597
593 82 5 0.635659 0.0387597
594 83 5 0.643411 0.0387597
595 84 5 0.651163 0.0387597
596 85 5 0.658915 0.0387597
597 86 5 0.666667 0.0387597
598 87 5 0.674419 0.0387597
599 88 5 0.682171 0.0387597
600 89 5 0.689922 0.0387597
601 90 5 0.697674 0.0387597
602 91 5 0.705426 0.0387597
603 92 5 0.713178 0.0387597
604 93 5 0.72093 0.0387597
605 94 5 0.728682 0.0387597
606 95 5 0.736434 0.0387597
607 96 5 0.744186 0.0387597
608 97 5 0.751938 0.0387597
609 98 5 0.75969 0.0387597
610 99 5 0.767442 0.0387597
611 100 5 0.775194 0.0387597
612 101 5 0.782946 0.0387597
613 102 5 0.790698 0.0387597
614 103 5 0.79845 0.0387597
615 104 5 0.806202 0.0387597
616 105 5 0.813953 0.0387597
617 106 5 0.821705 0.0387597
618 107 5 0.829457 0.0387597
619 108 5 0.837209 0.0387597
620 109 5 0.844961 0.0387597
621 110 5 0.852713 0.0387597
622 111 5 0.860465 0.0387597
623 112 5 0.868217 0.0387597
624 113 5 0.875969 0.0387597
625 114 5 0.883721 0.0387597
626 115 5 0.891473 0.0387597
627 116 5 0.899225 0.0387597
628 117 5 0.906977 0.0387597
629 118 5 0.914729 0.0387597
630 119 5 0.922481 0.0387597
631 120 5 0.930233 0.0387597
632 121 5 0.937984 0.0387597
633 122 5 0.945736 0.0387597
634 123 5 0.953488 0.0387597
635 124 5 0.96124 0.0387597
636 125 5 0.968992 0.0387597
637 126 5 0.976744 0.0387597
638 127 5 0.984496 0.0387597
639 128 5 0.992248 0.0387597
640 1 6 0.00775194 0.0465116
641 2 6 0.0155039 0.0465116
642 3 6 0.0232558 0.0465116
643 4 6 0.0310078 0.0465116
644 5 6 0.0387597 0.0465116
645 6 6 0.0465116 0.0465116
646 7 6 0.0542636 0.0465116
647 8 6 0.0620155 0.0465116
648 9 6 0.0697674 0.0465116
649 10 6 0.0775194 0.0465116
650 11 6 0.0852713 0.0465116
651 12 6 0.0930233 0.0465116
652 13 6 0.100775 0.0465116
653 14 6 0.108527 0.0465116
654 15 6 0.116279 0.0465116
655 16 6 0.124031 0.0465116
656 17 6 0.131783 0.0465116
657 18 6 0.139535 0.0465116
658 19 6 0.147287 0.0465116
659 20 6 0.155039 0.0465116
660 21 6 0.162791 0.0465116
661 22 6 0.170543 0.0465116
662 23 6 0.178295 0.0465116
663 24 6 0.186047 0.0465116
664 25 6 0.193798 0.0465116
665 26 6 0.20155 0.0465116
666 27 6 0.209302 0.0465116
667 28 6 0.217054 0.0465116
668 29 6 0.224806 0.0465116
669 30 6 0.232558 0.0465116
670 31 6 0.24031 0.0465116
671 32 6 0.248062 0.0465116
672 33 6 0.255814 0.0465116
673 34 6 0.263566 0.0465116
674 35 6 0.271318 0.0465116
675 36 6 0.27907 0.0465116
676 37 6 0.286822 0.0465116
677 38 6 0.294574 0.0465116
678 39 6 0.302326 0.0465116
679 40 6 0.310078 0.0465116
680 41 6 0.317829 0.0465116
681 42 6 0.325581 0.0465116
682 43 6 0.333333 0.0465116
683 44 6 0.341085 0.0465116
684 45 6 0.348837 0.0465116
685 46 6 0.356589 0.0465116
686 47 6 0.364341 0.0465116
687 48 6 0.372093 0.0465116
688 49 6 0.379845 0.0465116
689 50 6 0.387597 0.0465116
690 51 6 0.395349 0.0465116
691 52 6 0.403101 0.0465116
692 53 6 0.410853 0.0465116
693 54 6 0.418605 0.0465116
694 55 6 0.426357 0.0465116
695 56 6 0.434109 0.0465116
696 57 6 0.44186 0.0465116
697 58 6 0.449612 0.0465116
698 59 6 0.457364 0.0465116
699 60 6 0.465116 0.0465116
700 61 6 0.472868 0.0465116
701 62 6 0.48062 0.0465116
702 63 6 0.488372 0.0465116
703 64 6 0.496124 0.0465116
704 65 6 0.503876 0.0465116
705 66 6 0.511628 0.0465116
706 67 6 0.51938 0.0465116
707 68 6 0.527132 0.0465116
708 69 6 0.534884 0.0465116
709 70 6 0.542636 0.0465116
710 71 6 0.550388 0.0465116
711 72 6 0.55814 0.0465116
712 73 6 0.565891 0.0465116
713 74 6 0.573643 0.0465116
714 75 6 0.581395 0.0465116
715 76 6 0.589147 0.0465116
716 77 6 0.596899 0.0465116
717 78 6 0.604651 0.0465116
718 79 6 0.612403 0.0465116
719 80 6 0.620155 0.0465116
720 81 6 0.627907 0.0465116
721 82 6 0.635659 0.0465116
722 83 6 0.643411 0.0465116
723 84 6 0.651163 0.0465116
724 85 6 0.658915 0.0465116
725 86 6 0.666667 0.0465116
726 87 6 0.674419 0.0465116
727 88 6 0.682171 0.0465116
728 89 6 0.689922 0.0465116
729 90 6 0.697674 0.0465116
730 91 6 0.705426 0.0465116
731 92 6 0.713178 0.0465116
732 93 6 0.72093 0.0465116
733 94 6 0.728682 0.0465116
734 95 6 0.736434 0.0465116
735 96 6 0.744186 0.0465116
736 97 6 0.751938 0.0465116
737 98 6 0.75969 0.0465116
738 99 6 0.767442 0.0465116
739 100 6 0.775194 0.0465116
740 101 6 0.782946 0.0465116
741 102 6 0.790698 0.0465116
742 103 6 0.79845 0.0465116
743 104 6 0.806202 0.0465116
744 105 6 0.813953 0.0465116
745 106 6 0.821705 0.0465116
746 107 6 0.829457 0.0465116
747 108 6 0.837209 0.0465116
748 109 6 0.844961 0.0465116
749 110 6 0.852713 0.0465116
750 111 6 0.860465 0.0465116
751 112 6 0.868217 0.0465116
752 113 6 0.875969 0.0465116
753 114 6 0.883721 0.0465116
754 115 6 0.891473 0.0465116
755 116 6 0.899225 0.0465116
756 117 6 0.906977 0.0465116
757 118 6 0.914729 0.0465116
758 119 6 0.922481 0.0465116
759 120 6 0.930233 0.0465116
760 121 6 0.937984 0.0465116
761 122 6 0.945736 0.0465116
762 123 6 0.953488 0.0465116
763 124 6 0.96124 0.0465116
764 125 6 0.968992 0.0465116
765 126 6 0.976744 0.0465116
766 127 6 0.984496 0.0465116
767 128 6 0.992248 0.0465116
768 1 7 0.00775194 0.0542636
769 2 7 0.0155039 0.0542636
770 3 7 0.0232558 0.0542636
771 4 7 0.0310078 0.0542636
772 5 7 0.0387597 0.0542636
773 6 7 0.0465116 0.0542636
774 7 7 0.0542636 0.0542636
775 8 7 0.0620155 0.0542636
776 9 7 0.0697674 0.0542636
777 10 7 0.0775194 0.0542636
778 11 7 0.0852713 0.0542636
779 12 7 0.0930233 0.0542636
780 13 7 0.100775 0.0542636
781 14 7 0.108527 0.0542636
782 15 7 0.116279 0.0542636
783 16 7 0.124031 0.0542636
784 17 7 0.131783 0.0542636
785 18 7 0.139535 0.0542636
786 19 7 0.147287 0.0542636
787 20 7 0.155039 0.0542636
788 21 7 0.162791 0.0542636
789 22 7 0.170543 0.0542636
790 23 7 0.178295 0.0542636
791 24 7 0.186047 0.0542636
792 25 7 0.193798 0.0542636
793 26 7 0.20155 0.0542636
794 27 7 0.209302 0.0542636
795 28 7 0.217054 0.0542636
796 29 7 0.224806 0.0542636
797 30 7 0.232558 0.0542636
798 31 7 0.24031 0.0542636
799 32 7 0.248062 0.0542636
800 33 7 0.255814 0.0542636
801 34 7 0.263566 0.0542636
802 35 7 0.271318 0.0542636
803 36 7 0.27907 0.0542636
804 37 7 0.286822 0.0542636
805 38 7 0.294574 0.0542636
806 39 7 0.302326 0.0542636
807 40 7 0.310078 0.0542636
808 41 7 0.317829 0.0542636
809 42 7 0.325581 0.0542636
810 43 7 0.333333 0.0542636
811 44 7 0.341085 0.0542636
812 45 7 0.348837 0.0542636
813 46 7 0.356589 0.0542636
814 47 7 0.364341 0.0542636
815 48 7 0.372093 0.0542636
816 49 7 0.379845 0.0542636
817 50 7 0.387597 0.0542636
818 51 7 0.395349 0.0542636
819 52 7 0.403101 0.0542636
820 53 7 0.410853 0.0542636
821 54 7 0.418605 0.0542636
822 55 7 0.426357 0.0542636
823 56 7 0.434109 0.0542636
824 57 7 0.44186 0.0542636
825 58 7 0.449612 0.0542636
826 59 7 0.457364 0.0542636
827 60 7 0.465116 0.0542636
828 61 7 0.472868 0.0542636
829 62 7 0.48062 0.0542636
830 63 7 0.488372 0.0542636
831 64 7 0.496124 0.0542636
832 65 7 0.503876 0.0542636
833 66 7 0.511628 0.0542636
834 67 7 0.51938 0.0542636
835 68 7 0.527132 0.0542636
836 69 7 0.534884 0.0542636
837 70 7 0.542636 0.0542636
838 71 7 0.550388 0.0542636
839 72 7 0.55814 0.0542636
840 73 7 0.565891 0.0542636
841 74 7 0.573643 0.0542636
842 75 7 0.581395 0.0542636
843 76 7 0.589147 0.0542636
844 77 7 0.596899 0.0542636
845 78 7 0.604651 0.0542636
846 79 7 0.612403 0.0542636
847 80 7 0.620155 0.0542636
848 81 7 0.627907 0.0542636
849 82 7 0.635659 0.0542636
850 83 7 0.643411 0.0542636
851 84 7 0.651163 0.0542636
852 85 7 0.658915 0.0542636
853 86 7 0.666667 0.0542636
854 87 7 0.674419 0.0542636
855 88 7 0.682171 0.0542636
856 89 7 0.689922 0.0542636
857 90 7 0.697674 0.0542636
858 91 7 0.705426 0.0542636
859 92 7 0.713178 0.0542636
860 93 7 0.72093 0.0542636
861 94 7 0.728682 0.0542636
862 95 7 0.736434 0.0542636
863 96 7 0.744186 0.0542636
864 97 7 0.751938 0.0542636
865 98 7 0.75969 0.0542636
866 99 7 0.767442 0.0542636
867 100 7 0.775194 0.0542636
868 101 7 0.782946 0.0542636
869 102 7 0.790698 0.0542636
870 103 7 0.79845 0.0542636
871 104 7 0.806202 0.0542636
872 105 7 0.813953 0.0542636
873 106 7 0.821705 0.0542636
874 107 7 0.829457 0.0542636
875 108 7 0.837209 0.0542636
876 109 7 0.844961 0.0542636
877 110 7 0.852713 0.0542636
878 111 7 0.860465 0.0542636
879 112 7 0.868217 0.0542636
880 113 7 0.875969 0.0542636
881 114 7 0.883721 0.0542636
882 115 7 0.891473 0.0542636
883 116 7 0.899225 0.0542636
884 117 7 0.906977 0.0542636
885 118 7 0.914729 0.0542636
886 119 7 0.922481 0.0542636
887 120 7 0.930233 0.0542636
888 121 7 0.937984 0.0542636
889 122 7 0.945736 0.0542636
890 123 7 0.953488 0.0542636
891 124 7 0.96124 0.0542636
892 125 7 0.968992 0.0542636
893 126 7 0.976744 0.0542636
894 127 7 0.984496 0.0542636
895 128 7 0.992248 0.0542636
896 1 8 0.00775194 0.0620155
897 2 8 0.0155039 0.0620155
898 3 8 0.0232558 0.0620155
899 4 8 0.0310078 0.0620155
900 5 8 0.0387597 0.0620155
901 6 8 0.0465116 0.0620155
902 7 8 0.0542636 0.0620155
903 8 8 0.0620155 0.0620155
904 9 8 0.0697674 0.0620155
905 10 8 0.0775194 0.0620155
906 11 8 0.0852713 0.0620155
907 12 8 0.0930233 0.0620155
908 13 8 0.100775 0.0620155
909 14 8 0.108527 0.0620155
910 15 8 0.116279 0.0620155
911 16 8 0.124031 0.0620155
912 17 8 0.131783 0.0620155
913 18 8 0.139535 0.0620155
914 19 8 0.147287 0.0620155
915 20 8 0.155039 0.0620155
916 21 8 0.162791 0.0620155
917 22 8 0.170543 0.0620155
918 23 8 0.178295 0.0620155
919 24 8 0.186047 0.0620155
920 25 8 0.193798 0.0620155
921 26 8 0.20155 0.0620155
922 27 8 0.209302 0.0620155
923 28 8 0.217054 0.0620155
924 29 8 0.224806 0.0620155
925 30 8 0.232558 0.0620155
926 31 8 0.24031 0.0620155
927 32 8 0.248062 0.0620155
928 33 8 0.255814 0.0620155
929 34 8 0.263566 0.0620155
930 35 8 0.271318 0.0620155
931 36 8 0.27907 0.0620155
932 37 8 0.286822 0.0620155
933 38 8 0.294574 0.0620155
934 39 8 0.302326 0.0620155
935 40 8 0.310078 0.0620155
936 41 8 0.317829 0.0620155
937 42 8 0.325581 0.0620155
938 43 8 0.333333 0.0620155
939 44 8 0.341085 0.0620155
940 45 8 0.348837 0.0620155
941 46 8 0.356589 0.0620155
942 47 8 0.364341 0.0620155
943 48 8 0.372093 0.0620155
944 49 8 0.379845 0.0620155
945 50 8 0.387597 0.0620155
946 51 8 0.395349 0.0620155
947 52 8 0.403101 0.0620155
948 53 8 0.410853 0.0620155
949 54 8 0.418605 0.0620155
950 55 8 0.426357 0.0620155
951 56 8 0.434109 0.0620155
952 57 8 0.44186 0.0620155
953 58 8 0.449612 0.0620155
954 59 8 0.457364 0.0620155
955 60 8 0.465116 0.0620155
956 61 8 0.472868 0.0620155
957 62 8 0.48062 0.0620155
958 63 8 0.488372 0.0620155
959 64 8 0.496124 0.0620155
960 65 8 0.503876 0.0620155
961 66 8 0.511628 0.0620155
962 67 8 0.51938 0.0620155
963 68 8 0.527132 0.0620155
964 69 8 0.534884 0.0620155
965 70 8 0.542636 0.0620155
966 71 8 0.550388 0.0620155
967 72 8 0.55814 0.0620155
968 73 8 0.565891 0.0620155
969 74 8 0.573643 0.0620155
970 75 8 0.581395 0.0620155
971 76 8 0.589147 0.0620155
972 77 8 0.596899 0.0620155
973 78 8 0.604651 0.0620155
974 79 8 0.612403 0.0620155
975 80 8 0.620155 0.0620155
976 81 8 0.627907 0.0620155
977 82 8 0.635659 0.0620155
978 83 8 0.643411 0.0620155
979 84 8 0.651163 0.0620155
980 85 8 0.658915 0.0620155
981 86 8 0.666667 0.0620155
982 87 8 0.674419 0.0620155
983 88 8 0.682171 0.0620155
984 89 8 0.689922 0.0620155
985 90 8 0.697674 0.0620155
986 91 8 0.705426 0.0620155
987 92 8 0.713178 0.0620155
988 93 8 0.72093 0.0620155
989 94 8 0.728682 0.0620155
990 95 8 0.736434 0.0620155
991 96 8 0.744186 0.0620155
992 97 8 0.751938 0.0620155
993 98 8 0.75969 0.0620155
994 99 8 0.767442 0.0620155
995 100 8 0.775194 0.0620155
996 101 8 0.782946 0.0620155
997 102 8 0.790698 0.0620155
998 103 8 0.79845 0.0620155
999 104 8 0.806202 0.0620155
1000 105 8 0.813953 0.0620155
1001 106 8 0.821705 0.0620155
1002 107 8 0.829457 0.0620155
1003 108 8 0.837209 0.0620155
1004 109 8 0.844961 0.0620155
1005 110 8 0.852713 0.0620155
1006 111 8 0.860465 0.0620155
1007 112 8 0.868217 0.0620155
1008 113 8 0.875969 0.0620155
1009 114 8 0.883721 0.0620155
1010 115 8 0.891473 0.0620155
1011 116 8 0.899225 0.0620155
1012 117 8 0.906977 0.0620155
1013 118 8 0.914729 0.0620155
1014 119 8 0.922481 0.0620155
1015 120 8 0.930233 0.0620155
1016 121 8 0.937984 0.0620155
1017 122 8 0.945736 0.0620155
1018 123 8 0.953488 0.0620155
1019 124 8 0.96124 0.0620155
1020 125 8 0.968992 0.0620155
1021 126 8 0.976744 0.0620155
1022 127 8 0.984496 0.0620155
1023 128 8 0.992248 0.0620155
1024 1 9 0.00775194 0.0697674
1025 2 9 0.0155039 0.0697674
1026 3 9 0.0232558 0.0697674
1027 4 9 0.0310078 0.0697674
1028 5 9 0.0387597 0.0697674
1029 6 9 0.0465116 0.0697674
1030 7 9 0.0542636 0.0697674
1031 8 9 0.0620155 0.0697674
1032 9 9 0.0697674 0.0697674
1033 10 9 0.0775194 0.0697674
1034 11 9 0.0852713 0.0697674
1035 12 9 0.0930233 0.0697674
1036 13 9 0.100775 0.0697674
1037 14 9 0.108527 0.0697674
1038 15 9 0.116279 0.0697674
1039 16 9 0.124031 0.0697674
1040 17 9 0.131783 0.0697674
1041 18 9 0.139535 0.0697674
1042 19 9 0.147287 0.0697674
1043 20 9 0.155039 0.0697674
1044 21 9 0.162791 0.0697674
1045 22 9 0.170543 0.0697674
1046 23 9 0.178295 0.0697674
1047 24 9 0.186047 0.0697674
1048 25 9 0.193798 0.0697674
1049 26 9 0.20155 0.0697674
1050 27 9 0.209302 0.0697674
1051 28 9 0.217054 0.0697674
1052 29 9 0.224806 0.0697674
1053 30 9 0.232558 0.0697674
1054 31 9 0.24031 0.0697674
1055 32 9 0.248062 0.0697674
1056 33 9 0.255814 0.0697674
1057 34 9 0.263566 0.0697674
1058 35 9 0.271318 0.0697674
1059 36 9 0.27907 0.0697674
1060 37 9 0.286822 0.0697674
1061 38 9 0.294574 0.0697674
1062 39 9 0.302326 0.0697674
1063 40 9 0.310078 0.0697674
1064 41 9 0.317829 0.0697674
1065 42 9 0.325581 0.0697674
1066 43 9 0.333333 0.0697674
1067 44 9 0.341085 0.0697674
1068 45 9 0.348837 0.0697674
1069 46 9 0.356589 0.0697674
1070 47 9 0.364341 0.0697674
1071 48 9 0.372093 0.0697674
1072 49 9 0.379845 0.0697674
1073 50 9 0.387597 0.0697674
1074 51 9 0.395349 0.0697674
1075 52 9 0.403101 0.0697674
1076 53 9 0.410853 0.0697674
1077 54 9 0.418605 0.0697674
1078 55 9 0.426357 0.0697674
1079 56 9 0.434109 0.0697674
1080 57 9 0.44186 0.0697674
1081 58 9 0.449612 0.0697674
1082 59 9 0.457364 0.0697674
1083 60 9 0.465116 0.0697674
1084 61 9 0.472868 0.0697674
1085 62 9 0.48062 0.0697674
1086 63 9 0.488372 0.0697674
1087 64 9 0.496124 0.0697674
1088 65 9 0.503876 0.0697674
1089 66 9 0.511628 0.0697674
1090 67 9 0.51938 0.0697674
1091 68 9 0.527132 0.0697674
1092 69 9 0.534884 0.0697674
1093 70 9 0.542636 0.0697674
1094 71 9 0.550388 0.0697674
1095 72 9 0.55814 0.0697674
1096 73 9 0.565891 0.0697674
1097 74 9 0.573643 0.0697674
1098 75 9 0.581395 0.0697674
1099 76 9 0.589147 0.0697674
1100 77 9 0.596899 0.0697674
1101 78 9 0.604651 0.0697674
1102 79 9 0.612403 0.0697674
1103 80 9 0.620155 0.0697674
1104 81 9 0.627907 0.0697674
1105 82 9 0.635659 0.0697674
1106 83 9 0.643411 0.0697674
1107 84 9 0.651163 0.0697674
1108 85 9 0.658915 0.0697674
1109 86 9 0.666667 0.0697674
1110 87 9 0.674419 0.0697674
1111 88 9 0.682171 0.0697674
1112 89 9 0.689922 0.0697674
1113 90 9 0.697674 0.0697674
1114 91 9 0.705426 0.0697674
1115 92 9 0.713178 0.0697674
1116 93 9 0.72093 0.0697674
1117 94 9 0.728682 0.0697674
1118 95 9 0.736434 0.0697674
1119 96 9 0.744186 0.0697674
1120 97 9 0.751938 0.0697674
1121 98 9 0.75969 0.0697674
1122 99 9 0.767442 0.0697674
1123 100 9 0.775194 0.0697674
1124 101 9 0.782946 0.0697674
1125 102 9 0.790698 0.0697674
1126 103 9 0.79845 0.0697674
1127 104 9 0.806202 0.0697674
1128 105 9 0.813953 0.0697674
1129 106 9 0.821705 0.0697674
1130 107 9 0.829457 0.0697674
1131 108 9 0.837209 0.0697674
1132 109 9 0.844961 0.0697674
1133 110 9 0.852713 0.0697674
1134 111 9 0.860465 0.0697674
1135 112 9 0.868217 0.0697674
1136 113 9 0.875969 0.0697674
1137 114 9 0.883721 0.0697674
1138 115 9 0.891473 0.0697674
1139 116 9 0.899225 0.0697674
1140 117 9 0.906977 0.0697674
1141 118 9 0.914729 0.0697674
1142 119 9 0.922481 0.0697674
1143 120 9 0.930233 0.0697674
1144 121 9 0.937984 0.0697674
1145 122 9 0.945736 0.0697674
1146 123 9 0.953488 0.0697674
1147 124 9 0.96124 0.0697674
1148 125 9 0.968992 0.0697674
1149 126 9 0.976744 0.0697674
1150 127 9 0.984496 0.0697674
1151 128 9 0.992248 0.0697674
1152 1 10 0.00775194 0.0775194
1153 2 10 0.0155039 0.0775194
1154 3 10 0.0232558 0.0775194
1155 4 10 0.0310078 0.0775194
1156 5 10 0.0387597 0.0775194
1157 6 10 0.0465116 0.0775194
1158 7 10 0.0542636 0.0775194
1159 8 10 0.0620155 0.0775194
1160 9 10 0.0697674 0.0775194
1161 10 10 0.0775194 0.0775194
1162 11 10 0.0852713 0.0775194
1163 12 10 0.0930233 0.0775194
1164 13 10 0.100775 0.0775194
1165 14 10 0.108527 0.0775194
1166 15 10 0.116279 0.0775194
1167 16 10 0.124031 0.0775194
1168 17 10 0.131783 0.0775194
1169 18 10 0.139535 0.0775194
1170 19 10 0.147287 0.0775194
1171 20 10 0.155039 0.0775194
1172 21 10 0.162791 0.0775194
1173 22 10 0.170543 0.0775194
1174 23 10 0.178295 0.0775194
1175 24 10 0.186047 0.0775194
1176 25 10 0.193798 0.0775194
1177 26 10 0.20155 0.0775194
1178 27 10 0.209302 0.0775194
1179 28 10 0.217054 0.0775194
1180 29 10 0.224806 0.0775194
1181 30 10 0.232558 0.0775194
1182 31 10 0.24031 0.0775194
1183 32 10 0.248062 0.0775194
1184 33 10 0.255814 0.0775194
1185 34 10 0.263566 0.0775194
1186 35 10 0.271318 0.0775194
1187 36 10 0.27907 0.0775194
1188 37 10 0.286822 0.0775194
1189 38 10 0.294574 0.0775194
1190 39 10 0.302326 0.0775194
1191 40 10 0.310078 0.0775194
1192 41 10 0.317829 0.0775194
1193 42 10 0.325581 0.0775194
1194 43 10 0.333333 0.0775194
1195 44 10 0.341085 0.0775194
1196 45 10 0.348837 0.0775194
1197 46 10 0.356589 0.0775194
1198 47 10 0.364341 0.0775194
1199 48 10 0.372093 0.0775194
1200 49 10 0.379845 0.0775194
1201 50 10 0.387597 0.0775194
1202 51 10 0.395349 0.0775194
1203 52 10 0.403101 0.0775194
1204 53 10 0.410853 0.0775194
1205 54 10 0.418605 0.0775194
1206 55 10 0.426357 0.0775194
1207 56 10 0.434109 0.0775194
1208 57 10 0.44186 0.0775194
1209 58 10 0.449612 0.0775194
1210 59 10 0.457364 0.0775194
1211 60 10 0.465116 0.0775194
1212 61 10 0.472868 0.0775194
1213 62 10 0.48062 0.0775194
1214 63 10 0.488372 0.0775194
1215 64 10 0.496124 0.0775194
1216 65 10 0.503876 0.0775194
1217 66 10 0.511628 0.0775194
1218 67 10 0.51938 0.0775194
1219 68 10 0.527132 0.0775194
1220 69 10 0.534884 0.0775194
1221 70 10 0.542636 0.0775194
1222 71 10 0.550388 0.0775194
1223 72 10 0.55814 0.0775194
1224 73 10 0.565891 0.0775194
1225 74 10 0.573643 0.0775194
1226 75 10 0.581395 0.0775194
1227 76 10 0.589147 0.0775194
1228 77 10 0.596899 0.0775194
1229 78 10 0.604651 0.0775194
1230 79 10 0.612403 0.0775194
1231 80 10 0.620155 0.0775194
1232 81 10 0.627907 0.0775194
1233 82 10 0.635659 0.0775194
1234 83 10 0.643411 0.0775194
1235 84 10 0.651163 0.0775194
1236 85 10 0.658915 0.0775194
1237 86 10 0.666667 0.0775194
1238 87 10 0.674419 0.0775194
1239 88 10 0.682171 0.0775194
1240 89 10 0.689922 0.0775194
1241 90 10 0.697674 0.0775194
1242 91 10 0.705426 0.0775194
1243 92 10 0.713178 0.0775194
1244 93 10 0.72093 0.0775194
1245 94 10 0.728682 0.0775194
1246 95 10 0.736434 0.0775194
1247 96 10 0.744186 0.0775194
1248 97 10 0.751938 0.0775194
1249 98 10 0.75969 0.0775194
1250 99 10 0.767442 0.0775194
1251 100 10 0.775194 0.0775194
1252 101 10 0.782946 0.0775194
1253 102 10 0.790698 0.0775194
1254 103 10 0.79845 0.0775194
1255 104 10 0.806202 0.0775194
1256 105 10 0.813953 0.0775194
1257 106 10 0.821705 0.0775194
1258 107 10 0.829457 0.0775194
1259 108 10 0.837209 0.0775194
1260 109 10 0.844961 0.0775194
1261 110 10 0.852713 0.0775194
1262 111 10 0.860465 0.0775194
1263 112 10 0.868217 0.0775194
1264 113 10 0.875969 0.0775194
1265 114 10 0.883721 0.0775194
1266 115 10 0.891473 0.0775194
1267 116 10 0.899225 0.0775194
1268 117 10 0.906977 0.0775194
1269 118 10 0.914729 0.0775194
1270 119 10 0.922481 0.0775194
1271 120 10 0.930233 0.0775194
1272 121 10 0.937984 0.0775194
1273 122 10 0.945736 0.0775194
1274 123 10 0.953488 0.0775194
1275 124 10 0.96124 0.0775194
1276 125 10 0.968992 0.0775194
1277 126 10 0.976744 0.0775194
1278 127 10 0.984496 0.0775194
1279 128 10 0.992248 0.0775194
1280 1 11 0.00775194 0.0852713
1281 2 11 0.0155039 0.0852713
1282 3 11 0.0232558 0.0852713
1283 4 11 0.0310078 0.0852713
1284 5 11 0.0387597 0.0852713
1285 6 11 0.0465116 0.0852713
1286 7 11 0.0542636 0.0852713
1287 8 11 0.0620155 0.0852713
1288 9 11 0.0697674 0.0852713
1289 10 11 0.0775194 0.0852713
1290 11 11 0.0852713 0.0852713
1291 12 11 0.0930233 0.0852713
1292 13 11 0.100775 0.0852713
1293 14 11 0.108527 0.0852713
1294 15 11 0.116279 0.0852713
1295 16 11 0.124031 0.0852713
1296 17 11 0.131783 0.0852713
1297 18 11 0.139535 0.0852713
1298 19 11 0.147287 0.0852713
1299 20 11 0.155039 0.0852713
1300 21 11 0.162791 0.0852713
1301 22 11 0.170543 0.0852713
1302 23 11 0.178295 0.0852713
1303 24 11 0.186047 0.0852713
1304 25 11 0.193798 0.0852713
1305 26 11 0.20155 0.0852713
1306 27 11 0.209302 0.0852713
1307 28 11 0.217054 0.0852713
1308 29 11 0.224806 0.0852713
1309 30 11 0.232558 0.0852713
1310 31 11 0.24031 0.0852713
1311 32 11 0.248062 0.0852713
1312 33 11 0.255814 0.0852713
1313 34 11 0.263566 0.0852713
1314 35 11 0.271318 0.0852713
1315 36 11 0.27907 0.0852713
1316 37 11 0.286822 0.0852713
1317 38 11 0.294574 0.0852713
1318 39 11 0.302326 0.0852713
1319 40 11 0.310078 0.0852713
1320 41 11 0.317829 0.0852713
1321 42 11 0.325581 0.0852713
1322 43 11 0.333333 0.0852713
1323 44 11 0.341085 0.0852713
1324 45 11 0.348837 0.0852713
1325 46 11 0.356589 0.0852713
1326 47 11 0.364341 0.0852713
1327 48 11 0.372093 0.0852713
1328 49 11 0.379845 0.0852713
1329 50 11 0.387597 0.0852713
1330 51 11 0.395349 0.0852713
1331 52 11 0.403101 0.0852713
1332 53 11 0.410853 0.0852713
1333 54 11 0.418605 0.0852713
1334 55 11 0.426357 0.0852713
1335 56 11 0.434109 0.0852713
1336 57 11 0.44186 0.0852713
1337 58 11 0.449612 0.0852713
1338 59 11 0.457364 0.0852713
1339 60 11 0.465116 0.0852713
1340 61 11 0.472868 0.0852713
1341 62 11 0.48062 0.0852713
1342 63 11 0.488372 0.0852713
1343 64 11 0.496124 0.0852713
1344 65 11 0.503876 0.0852713
1345 66 11 0.511628 0.0852713
1346 67 11 0.51938 0.0852713
1347 68 11 0.527132 0.0852713
1348 69 11 0.534884 0.0852713
1349 70 11 0.542636 0.0852713
1350 71 11 0.550388 0.0852713
1351 72 11 0.55814 0.0852713
1352 73 11 0.565891 0.0852713
1353 74 11 0.573643 0.0852713
1354 75 11 0.581395 0.0852713
1355 76 11 0.589147 0.0852713
1356 77 11 0.596899 0.0852713
1357 78 11 0.604651 0.0852713
1358 79 11 0.612403 0.0852713
1359 80 11 0.620155 0.0852713
1360 81 11 0.627907 0.0852713
1361 82 11 0.635659 0.0852713
1362 83 11 0.643411 0.0852713
1363 84 11 0.651163 0.0852713
1364 85 11 0.658915 0.0852713
1365 86 11 0.666667 0.0852713
1366 87 11 0.674419 0.0852713
1367 88 11 0.682171 0.0852713
1368 89 11 0.689922 0.0852713
1369 90 11 0.697674 0.0852713
1370 91 11 0.705426 0.0852713
1371 92 11 0.713178 0.0852713
1372 93 11 0.72093 0.0852713
1373 94 11 0.728682 0.0852713
1374 95 11 0.736434 0.0852713
1375 96 11 0.744186 0.0852713
1376 97 11 0.751938 0.0852713
1377 98 11 0.75969 0.0852713
1378 99 11 0.767442 0.0852713
1379 100 11 0.775194 0.0852713
1380 101 11 0.782946 0.0852713
1381 102 11 0.790698 0.0852713
1382 103 11 0.79845 0.0852713
1383 104 11 0.806202 0.0852713
1384 105 11 0.813953 0.0852713
1385 106 11 0.821705 0.0852713
1386 107 11 0.829457 0.0852713
1387 108 11 0.837209 0.0852713
1388 109 11 0.844961 0.0852713
1389 110 11 0.852713 0.0852713
1390 111 11 0.860465 0.0852713
1391 112 11 0.868217 0.0852713
1392 113 11 0.875969 0.0852713
1393 114 11 0.883721 0.0852713
1394 115 11 0.891473 0.0852713
1395 116 11 0.899225 0.0852713
1396 117 11 0.906977 0.0852713
1397 118 11 0.914729 0.0852713
1398 119 11 0.922481 0.0852713
1399 120 11 0.930233 0.0852713
1400 121 11 0.937984 0.0852713
1401 122 11 0.945736 0.0852713
1402 123 11 0.953488 0.0852713
1403 124 11 0.96124 0.0852713
1404 125 11 0.968992 0.0852713
1405 126 11 0.976744 0.0852713
1406 127 11 0.984496 0.0852713
1407 128 11 0.992248 0.0852713
1408 1 12 0.00775194 0.0930233
1409 2 12 0.0155039 0.0930233
1410 3 12 0.0232558 0.0930233
1411 4 12 0.0310078 0.0930233
1412 5 12 0.0387597 0.0930233
1413 6 12 0.0465116 0.0930233
1414 7 12 0.0542636 0.0930233
1415 8 12 0.0620155 0.0930233
1416 9 12 0.0697674 0.0930233
1417 10 12 0.0775194 0.0930233
1418 11 12 0.0852713 0.0930233
1419 12 12 0.0930233 0.0930233
1420 13 12 0.100775 0.0930233
1421 14 12 0.108527 0.0930233
1422 15 12 0.116279 0.0930233
1423 16 12 0.124031 0.0930233
1424 17 12 0.131783 0.0930233
1425 18 12 0.139535 0.0930233
1426 19 12 0.147287 0.0930233
1427 20 12 0.155039 0.0930233
1428 21 12 0.162791 0.0930233
1429 22 12 0.170543 0.0930233
1430 23 12 0.178295 0.0930233
1431 24 12 0.186047 0.0930233
1432 25 12 0.193798 0.0930233
1433 26 12 0.20155 0.0930233
1434 27 12 0.209302 0.0930233
1435 28 12 0.217054 0.0930233
1436 29 12 0.224806 0.0930233
1437 30 12 0.232558 0.0930233
1438 31 12 0.24031 0.0930233
1439 32 12 0.248062 0.0930233
1440 33 12 0.255814 0.0930233
1441 34 12 0.263566 0.0930233
1442 35 12 0.271318 0.0930233
1443 36 12 0.27907 0.0930233
1444 37 12 0.286822 0.0930233
1445 38 12 0.294574 0.0930233
1446 39 12 0.302326 0.0930233
1447 40 12 0.310078 0.0930233
1448 41 12 0.317829 0.0930233
1449 42 12 0.325581 0.0930233
1450 43 12 0.333333 0.0930233
1451 44 12 0.341085 0.0930233
1452 45 12 0.348837 0.0930233
1453 46 12 0.356589 0.0930233
1454 47 12 0.364341 0.0930233
1455 48 12 0.372093 0.0930233
1456 49 12 0.379845 0.0930233
1457 50 12 0.387597 0.0930233
1458 51 12 0.395349 0.0930233
1459 52 12 0.403101 0.0930233
1460 53 12 0.410853 0.0930233
1461 54 12 0.418605 0.0930233
1462 55 12 0.426357 0.0930233
1463 56 12 0.434109 0.0930233
1464 57 12 0.44186 0.0930233
1465 58 12 0.449612 0.0930233
1466 59 12 0.457364 0.0930233
1467 60 12 0.465116 0.0930233
1468 61 12 0.472868 0.0930233
1469 62 12 0.48062 0.0930233
1470 63 12 0.488372 0.0930233
1471 64 12 0.496124 0.0930233
1472 65 12 0.503876 0.0930233
1473 66 12 0.511628 0.0930233
1474 67 12 0.51938 0.0930233
1475 68 12 0.527132 0.0930233
1476 69 12 0.534884 0.0930233
1477 70 12 0.542636 0.0930233
1478 71 12 0.550388 0.0930233
1479 72 12 0.55814 0.0930233
1480 73 12 0.565891 0.0930233
1481 74 12 0.573643 0.0930233
1482 75 12 0.581395 0.0930233
1483 76 12 0.589147 0.0930233
1484 77 12 0.596899 0.0930233
1485 78 12 0.604651 0.0930233
1486 79 12 0.612403 0.0930233
1487 80 12 0.620155 0.0930233
1488 81 12 0.627907 0.0930233
1489 82 12 0.635659 0.0930233
1490 83 12 0.643411 0.0930233
1491 84 12 0.651163 0.0930233
1492 85 12 0.658915 0.0930233
1493 86 12 0.666667 0.0930233
1494 87 12 0.674419 0.0930233
1495 88 12 0.682171 0.0930233
1496 89 12 0.689922 0.0930233
1497 90 12 0.697674 0.0930233
1498 91 12 0.705426 0.0930233
1499 92 12 0.713178 0.0930233
1500 93 12 0.72093 0.0930233
1501 94 12 0.728682 0.0930233
1502 95 12 0.736434 0.0930233
1503 96 12 0.744186 0.0930233
1504 97 12 0.751938 0.0930233
1505 98 12 0.75969 0.0930233
1506 99 12 0.767442 0.0930233
1507 100 12 0.775194 0.0930233
1508 101 12 0.782946 0.0930233
1509 102 12 0.790698 0.0930233
1510 103 12 0.79845 0.0930233
1511 104 12 0.806202 0.0930233
1512 105 12 0.813953 0.0930233
1513 106 12 0.821705 0.0930233
1514 107 12 0.829457 0.0930233
1515 108 12 0.837209 0.0930233
1516 109 12 0.844961 0.0930233
1517 110 12 0.852713 0.0930233
1518 111 12 0.860465 0.0930233
1519 112 12 0.868217 0.0930233
1520 113 12 0.875969 0.0930233
1521 114 12 0.883721 0.0930233
1522 115 12 0.891473 0.0930233
1523 116 12 0.899225 0.0930233
1524 117 12 0.906977 0.0930233
1525 118 12 0.914729 0.0930233
1526 119 12 0.922481 0.0930233
1527 120 12 0.930233 0.0930233
1528 121 12 0.937984 0.0930233
1529 122 12 0.945736 0.0930233
1530 123 12 0.953488 0.0930233
1531 124 12 0.96124 0.0930233
1532 125 12 0.968992 0.0930233
1533 126 12 0.976744 0.0930233
1534 127 12 0.984496 0.0930233
1535 128 12 0.992248 0.0930233
1536 1 13 0.00775194 0.100775
1537 2 13 0.0155039 0.100775
1538 3 13 0.0232558 0.100775
1539 4 13 0.0310078 0.100775
1540 5 13 0.0387597 0.100775
1541 6 13 0.0465116 0.100775
1542 7 13 0.0542636 0.100775
1543 8 13 0.0620155 0.100775
1544 9 13 0.0697674 0.100775
1545 10 13 0.0775194 0.100775
1546 11 13 0.0852713 0.100775
1547 12 13 0.0930233 0.100775
1548 13 13 0.100775 0.100775
1549 14 13 0.108527 0.100775
1550 15 13 0.116279 0.100775
1551 16 13 0.124031 0.100775
1552 17 13 0.131783 0.100775
1553 18 13 0.139535 0.100775
1554 19 13 0.147287 0.100775
1555 20 13 0.155039 0.100775
1556 21 13 0.162791 0.100775
1557 22 13 0.170543 0.100775
1558 23 13 0.178295 0.100775
1559 24 13 0.186047 0.100775
1560 25 13 0.193798 0.100775
1561 26 13 0.20155 0.100775
1562 27 13 0.209302 0.100775
1563 28 13 0.217054 0.100775
1564 29 13 0.224806 0.100775
1565 30 13 0.232558 0.100775
1566 31 13 0.24031 0.100775
1567 32 13 0.248062 0.100775
1568 33 13 0.255814 0.100775
1569 34 13 0.263566 0.100775
1570 35 13 0.271318 0.100775
1571 36 13 0.27907 0.100775
1572 37 13 0.286822 0.100775
1573 38 13 0.294574 0.100775
1574 39 13 0.302326 0.100775
1575 40 13 0.310078 0.100775
1576 41 13 0.317829 0.100775
1577 42 13 0.325581 0.100775
1578 43 13 0.333333 0.100775
1579 44 13 0.341085 0.100775
1580 45 13 0.348837 0.100775
1581 46 13 0.356589 0.100775
1582 47 13 0.364341 0.100775
1583 48 13 0.372093 0.100775
1584 49 13 0.379845 0.100775
1585 50 13 0.387597 0.100775
1586 51 13 0.395349 0.100775
1587 52 13 0.403101 0.100775
1588 53 13 0.410853 0.100775
1589 54 13 0.418605 0.100775
1590 55 13 0.426357 0.100775
1591 56 13 0.434109 0.100775
1592 57 13 0.44186 0.100775
1593 58 13 0.449612 0.100775
1594 59 13 0.457364 0.100775
1595 60 13 0.465116 0.100775
1596 61 13 0.472868 0.100775
1597 62 13 0.48062 0.100775
1598 63 13 0.488372 0.100775
1599 64 13 0.496124 0.100775
1600 65 13 0.503876 0.100775
1601 66 13 0.511628 0.100775
1602 67 13 0.51938 0.100775
1603 68 13 0.527132 0.100775
1604 69 13 0.534884 0.100775
1605 70 13 0.542636 0.100775
1606 71 13 0.550388 0.100775
1607 72 13 0.55814 0.100775
1608 73 13 0.565891 0.100775
1609 74 13 0.573643 0.100775
1610 75 13 0.581395 0.100775
1611 76 13 0.589147 0.100775
1612 77 13 0.596899 0.100775
1613 78 13 0.604651 0.100775
1614 79 13 0.612403 0.100775
1615 80 13 0.620155 0.100775
1616 81 13 0.627907 0.100775
1617 82 13 0.635659 0.100775
1618 83 13 0.643411 0.100775
1619 84 13 0.651163 0.100775
1620 85 13 0.658915 0.100775
1621 86 13 0.666667 0.100775
1622 87 13 0.674419 0.100775
1623 88 13 0.682171 0.100775
1624 89 13 0.689922 0.100775
1625 90 13 0.697674 0.100775
1626 91 13 0.705426 0.100775
1627 92 13 0.713178 0.100775
1628 93 13 0.72093 0.100775
1629 94 13 0.728682 0.100775
1630 95 13 0.736434 0.100775
1631 96 13 0.744186 0.100775
1632 97 13 0.751938 0.100775
1633 98 13 0.75969 0.100775
1634 99 13 0.767442 0.100775
1635 100 13 0.775194 0.100775
1636 101 13 0.782946 0.100775
1637 102 13 0.790698 0.100775
1638 103 13 0.79845 0.100775
1639 104 13 0.806202 0.100775
1640 105 13 0.813953 0.100775
1641 106 13 0.821705 0.100775
1642 107 13 0.829457 0.100775
1643 108 13 0.837209 0.100775
1644 109 13 0.844961 0.100775
1645 110 13 0.852713 0.100775
1646 111 13 0.860465 0.100775
1647 112 13 0.868217 0.100775
1648 113 13 0.875969 0.100775
1649 114 13 0.883721 0.100775
1650 115 13 0.891473 0.100775
1651 116 13 0.899225 0.100775
1652 117 13 0.906977 0.100775
1653 118 13 0.914729 0.100775
1654 119 13 0.922481 0.100775
1655 120 13 0.930233 0.100775
1656 121 13 0.937984 0.100775
1657 122 13 0.945736 0.100775
1658 123 13 0.953488 0.100775
1659 124 13 0.96124 0.100775
1660 125 13 0.968992 0.100775
1661 126 13 0.976744 0.100775
1662 127 13 0.984496 0.100775
1663 128 13 0.992248 0.100775
1664 1 14 0.00775194 0.108527
1665 2 14 0.0155039 0.108527
1666 3 14 0.0232558 0.108527
1667 4 14 0.0310078 0.108527
1668 5 14 0.0387597 0.108527
1669 6 14 0.0465116 0.108527
1670 7 14 0.0542636 0.108527
1671 8 14 0.0620155 0.108527
1672 9 14 0.0697674 0.108527
1673 10 14 0.0775194 0.108527
1674 11 14 0.0852713 0.108527
1675 12 14 0.0930233 0.108527
1676 13 14 0.100775 0.108527
1677 14 14 0.108527 0.108527
1678 15 14 0.116279 0.108527
1679 16 14 0.124031 0.108527
1680 17 14 0.131783 0.108527
1681 18 14 0.139535 0.108527
1682 19 14 0.147287 0.108527
1683 20 14 0.155039 0.108527
1684 21 14 0.162791 0.108527
1685 22 14 0.170543 0.108527
1686 23 14 0.178295 0.108527
1687 24 14 0.186047 0.108527
1688 25 14 0.193798 0.108527
1689 26 14 0.20155 0.108527
1690 27 14 0.209302 0.108527
1691 28 14 0.217054 0.108527
1692 29 14 0.224806 0.108527
1693 30 14 0.232558 0.108527
1694 31 14 0.24031 0.108527
1695 32 14 0.248062 0.108527
1696 33 14 0.255814 0.108527
1697 34 14 0.263566 0.108527
1698 35 14 0.271318 0.108527
1699 36 14 0.27907 0.108527
1700 37 14 0.286822 0.108527
1701 38 14 0.294574 0.108527
1702 39 14 0.302326 0.108527
1703 40 14 0.310078 0.108527
1704 41 14 0.317829 0.108527
1705 42 14 0.325581 0.108527
1706 43 14 0.333333 0.108527
1707 44 14 0.341085 0.108527
1708 45 14 0.348837 0.108527
1709 46 14 0.356589 0.108527
1710 47 14 0.364341 0.108527
1711 48 14 0.372093 0.108527
1712 49 14 0.379845 0.108527
1713 50 14 0.387597 0.108527
1714 51 14 0.395349 0.108527
1715 52 14 0.403101 0.108527
1716 53 14 0.410853 0.108527
1717 54 14 0.418605 0.108527
1718 55 14 0.426357 0.108527
1719 56 14 0.434109 0.108527
1720 57 14 0.44186 0.108527
1721 58 14 0.449612 0.108527
1722 59 14 0.457364 0.108527
1723 60 14 0.465116 0.108527
1724 61 14 0.472868 0.108527
1725 62 14 0.48062 0.108527
1726 63 14 0.488372 0.108527
1727 64 14 0.496124 0.108527
1728 65 14 0.503876 0.108527
1729 66 14 0.511628 0.108527
1730 67 14 0.51938 0.108527
1731 68 14 0.527132 0.108527
1732 69 14 0.534884 0.108527
1733 70 14 0.542636 0.108527
1734 71 14 0.550388 0.108527
1735 72 14 0.55814 0.108527
1736 73 14 0.565891 0.108527
1737 74 14 0.573643 0.108527
1738 75 14 0.581395 0.108527
1739 76 14 0.589147 0.108527
1740 77 14 0.596899 0.108527
1741 78 14 0.604651 0.108527
1742 79 14 0.612403 0.108527
1743 80 14 0.620155 0.108527
1744 81 14 0.627907 0.108527
1745 82 14 0.635659 0.108527
1746 83 14 0.643411 0.108527
1747 84 14 0.651163 0.108527
1748 85 14 0.658915 0.108527
1749 86 14 0.666667 0.108527
1750 87 14 0.674419 0.108527
1751 88 14 0.682171 0.108527
1752 89 14 0.689922 0.108527
1753 90 14 0.697674 0.108527
1754 91 14 0.705426 0.108527
1755 92 14 0.713178 0.108527
1756 93 14 0.72093 0.108527
1757 94 14 0.728682 0.108527
1758 95 14 0.736434 0.108527
1759 96 14 0.744186 0.108527
1760 97 14 0.751938 0.108527
1761 98 14 0.75969 0.108527
1762 99 14 0.767442 0.108527
1763 100 14 0.775194 0.108527
1764 101 14 0.782946 0.108527
1765 102 14 0.790698 0.108527
1766 103 14 0.79845 0.108527
1767 104 14 0.806202 0.108527
1768 105 14 0.813953 0.108527
1769 106 14 0.821705 0.108527
1770 107 14 0.829457 0.108527
1771 108 14 0.837209 0.108527
1772 109 14 0.844961 0.108527
1773 110 14 0.852713 0.108527
1774 111 14 0.860465 0.108527
1775 112 14 0.868217 0.108527
1776 113 14 0.875969 0.108527
1777 114 14 0.883721 0.108527
1778 115 14 0.891473 0.108527
1779 116 14 0.899225 0.108527
1780 117 14 0.906977 0.108527
1781 118 14 0.914729 0.108527
1782 119 14 0.922481 0.108527
1783 120 14 0.930233 0.108527
1784 121 14 0.937984 0.108527
1785 122 14 0.945736 0.108527
1786 123 14 0.953488 0.108527
1787 124 14 0.96124 0.108527
1788 125 14 0.968992 0.108527
1789 126 14 0.976744 0.108527
1790 127 14 0.984496 0.108527
1791 128 14 0.992248 0.108527
1792 1 15 0.00775194 0.116279
1793 2 15 0.0155039 0.116279
1794 3 15 0.0232558 0.116279
1795 4 15 0.0310078 0.116279
1796 5 15 0.0387597 0.116279
1797 6 15 0.0465116 0.116279
1798 7 15 0.0542636 0.116279
1799 8 15 0.0620155 0.116279
1800 9 15 0.0697674 0.116279
1801 10 15 0.0775194 0.116279
1802 11 15 0.0852713 0.116279
1803 12 15 0.0930233 0.116279
1804 13 15 0.100775 0.116279
1805 14 15 0.108527 0.116279
1806 15 15 0.116279 0.116279
1807 16 15 0.124031 0.116279
1808 17 15 0.131783 0.116279
1809 18 15 0.139535 0.116279
1810 19 15 0.147287 0.116279
1811 20 15 0.155039 0.116279
1812 21 15 0.162791 0.116279
1813 22 15 0.170543 0.116279
1814 23 15 0.178295 0.116279
1815 24 15 0.186047 0.116279
1816 25 15 0.193798 0.116279
1817 26 15 0.20155 0.116279
1818 27 15 0.209302 0.116279
1819 28 15 0.217054 0.116279
1820 29 15 0.224806 0.116279
1821 30 15 0.232558 0.116279
1822 31 15 0.24031 0.116279
1823 32 15 0.248062 0.116279
1824 33 15 0.255814 0.116279
1825 34 15 0.263566 0.116279
1826 35 15 0.271318 0.116279
1827 36 15 0.27907 0.116279
1828 37 15 0.286822 0.116279
1829 38 15 0.294574 0.116279
1830 39 15 0.302326 0.116279
1831 40 15 0.310078 0.116279
1832 41 15 0.317829 0.116279
1833 42 15 0.325581 0.116279
1834 43 15 0.333333 0.116279
1835 44 15 0.341085 0.116279
1836 45 15 0.348837 0.116279
1837 46 15 0.356589 0.116279
1838 47 15 0.364341 0.116279
1839 48 15 0.372093 0.116279
1840 49 15 0.379845 0.116279
1841 50 15 0.387597 0.116279
1842 51 15 0.395349 0.116279
1843 52 15 0.403101 0.116279
1844 53 15 0.410853 0.116279
1845 54 15 0.418605 0.116279
1846 55 15 0.426357 0.116279
1847 56 15 0.434109 0.116279
1848 57 15 0.44186 0.116279
1849 58 15 0.449612 0.116279
1850 59 15 0.457364 0.116279
1851 60 15 0.465116 0.116279
1852 61 15 0.472868 0.116279
1853 62 15 0.48062 0.116279
1854 63 15 0.488372 0.116279
1855 64 15 0.496124 0.116279
1856 65 15 0.503876 0.116279
1857 66 15 0.511628 0.116279
1858 67 15 0.51938 0.116279
1859 68 15 0.527132 0.116279
1860 69 15 0.534884 0.116279
1861 70 15 0.542636 0.116279
1862 71 15 0.550388 0.116279
1863 72 15 0.55814 0.116279
1864 73 15 0.565891 0.116279
1865 74 15 0.573643 0.116279
1866 75 15 0.581395 0.116279
1867 76 15 0.589147 0.116279
1868 77 15 0.596899 0.116279
1869 78 15 0.604651 0.116279
1870 79 15 0.612403 0.116279
1871 80 15 0.620155 0.116279
1872 81 15 0.627907 0.116279
1873 82 15 0.635659 0.116279
1874 83 15 0.643411 0.116279
1875 84 15 0.651163 0.116279
1876 85 15 0.658915 0.116279
1877 86 15 0.666667 0.116279
1878 87 15 0.674419 0.116279
1879 88 15 0.682171 0.116279
1880 89 15 0.689922 0.116279
1881 90 15 0.697674 0.116279
1882 91 15 0.705426 0.116279
1883 92 15 0.713178 0.116279
1884 93 15 0.72093 0.116279
1885 94 15 0.728682 0.116279
1886 95 15 0.736434 0.116279
1887 96 15 0.744186 0.116279
1888 97 15 0.751938 0.116279
1889 98 15 0.75969 0.116279
1890 99 15 0.767442 0.116279
1891 100 15 0.775194 0.116279
1892 101 15 0.782946 0.116279
1893 102 15 0.790698 0.116279
1894 103 15 0.79845 0.116279
1895 104 15 0.806202 0.116279
1896 105 15 0.813953 0.116279
1897 106 15 0.821705 0.116279
1898 107 15 0.829457 0.116279
1899 108 15 0.837209 0.116279
1900 109 15 0.844961 0.116279
1901 110 15 0.852713 0.116279
1902 111 15 0.860465 0.116279
1903 112 15 0.868217 0.116279
1904 113 15 0.875969 0.116279
1905 114 15 0.883721 0.116279
1906 115 15 0.891473 0.116279
1907 116 15 0.899225 0.116279
1908 117 15 0.906977 0.116279
1909 118 15 0.914729 0.116279
1910 119 15 0.922481 0.116279
1911 120 15 0.930233 0.116279
1912 121 15 0.937984 0.116279
1913 122 15 0.945736 0.116279
1914 123 15 0.953488 0.116279
1915 124 15 0.96124 0.116279
1916 125 15 0.968992 0.116279
1917 126 15 0.976744 0.116279
1918 127 15 0.984496 0.116279
1919 128 15 0.992248 0.116279
1920 1 16 0.00775194 0.124031
1921 2 16 0.0155039 0.124031
1922 3 16 0.0232558 0.124031
1923 4 16 0.0310078 0.124031
1924 5 16 0.0387597 0.124031
1925 6 16 0.0465116 0.124031
1926 7 16 0.0542636 0.124031
1927 8 16 0.0620155 0.124031
1928 9 16 0.0697674 0.124031
1929 10 16 0.0775194 0.124031
1930 11 16 0.0852713 0.124031
1931 12 16 0.0930233 0.124031
1932 13 16 0.100775 0.124031
1933 14 16 0.108527 0.124031
1934 15 16 0.116279 0.124031
1935 16 16 0.124031 0.124031
1936 17 16 0.131783 0.124031
1937 18 16 0.139535 0.124031
1938 19 16 0.147287 0.124031
1939 20 16 0.155039 0.124031
1940 21 16 0.162791 0.124031
1941 22 16 0.170543 0.124031
1942 23 16 0.178295 0.124031
1943 24 16 0.186047 0.124031
1944 25 16 0.193798 0.124031
1945 26 16 0.20155 0.124031
1946 27 16 0.209302 0.124031
1947 28 16 0.217054 0.124031
1948 29 16 0.224806 0.124031
1949 30 16 0.232558 0.124031
1950 31 16 0.24031 0.124031
1951 32 16 0.248062 0.124031
1952 33 16 0.255814 0.124031
1953 34 16 0.263566 0.124031
1954 35 16 0.271318 0.124031
1955 36 16 0.27907 0.124031
1956 37 16 0.286822 0.124031
1957 38 16 0.294574 0.124031
1958 39 16 0.302326 0.124031
1959 40 16 0.310078 0.124031
1960 41 16 0.317829 0.124031
1961 42 16 0.325581 0.124031
1962 43 16 0.333333 0.124031
1963 44 16 0.341085 0.124031
1964 45 16 0.348837 0.124031
1965 46 16 0.356589 0.124031
1966 47 16 0.364341 0.124031
1967 48 16 0.372093 0.124031
1968 49 16 0.379845 0.124031
1969 50 16 0.387597 0.124031
1970 51 16 0.395349 0.124031
1971 52 16 0.403101 0.124031
1972 53 16 0.410853 0.124031
1973 54 16 0.418605 0.124031
1974 55 16 0.426357 0.124031
1975 56 16 0.434109 0.124031
1976 57 16 0.44186 0.124031
1977 58 16 0.449612 0.124031
1978 59 16 0.457364 0.124031
1979 60 16 0.465116 0.124031
1980 61 16 0.472868 0.124031
1981 62 16 0.48062 0.124031
1982 63 16 0.488372 0.124031
1983 64 16 0.496124 0.124031
1984 65 16 0.503876 0.124031
1985 66 16 0.511628 0.124031
1986 67 16 0.51938 0.124031
1987 68 16 0.527132 0.124031
1988 69 16 0.534884 0.124031
1989 70 16 0.542636 0.124031
1990 71 16 0.550388 0.124031
1991 72 16 0.55814 0.124031
1992 73 16 0.565891 0.124031
1993 74 16 0.573643 0.124031
1994 75 16 0.581395 0.124031
1995 76 16 0.589147 0.124031
1996 77 16 0.596899 0.124031
1997 78 16 0.604651 0.124031
1998 79 16 0.612403 0.124031
1999 80 16 0.620155 0.124031
2000 81 16 0.627907 0.124031
2001 82 16 0.635659 0.124031
2002 83 16 0.643411 0.124031
2003 84 16 0.651163 0.124031
2004 85 16 0.658915 0.124031
2005 86 16 0.666667 0.124031
2006 87 16 0.674419 0.124031
2007 88 16 0.682171 0.124031
2008 89 16 0.689922 0.124031
2009 90 16 0.697674 0.124031
2010 91 16 0.705426 0.124031
2011 92 16 0.713178 0.124031
2012 93 16 0.72093 0.124031
2013 94 16 0.728682 0.124031
2014 95 16 0.736434 0.124031
2015 96 16 0.744186 0.124031
2016 97 16 0.751938 0.124031
2017 98 16 0.75969 0.124031
2018 99 16 0.767442 0.124031
2019 100 16 0.775194 0.124031
2020 101 16 0.782946 0.124031
2021 102 16 0.790698 0.124031
2022 103 16 0.79845 0.124031
2023 104 16 0.806202 0.124031
2024 105 16 0.813953 0.124031
2025 106 16 0.821705 0.124031
2026 107 16 0.829457 0.124031
2027 108 16 0.837209 0.124031
2028 109 16 0.844961 0.124031
2029 110 16 0.852713 0.124031
2030 111 16 0.860465 0.124031
2031 112 16 0.868217 0.124031
2032 113 16 0.875969 0.124031
2033 114 16 0.883721 0.124031
2034 115 16 0.891473 0.124031
2035 116 16 0.899225 0.124031
2036 117 16 0.906977 0.124031
2037 118 16 0.914729 0.124031
2038 119 16 0.922481 0.124031
2039 120 16 0.930233 0.124031
2040 121 16 0.937984 0.124031
2041 122 16 0.945736 0.124031
2042 123 16 0.953488 0.124031
2043 124 16 0.96124 0.124031
2044 125 16 0.968992 0.124031
2045 126 16 0.976744 0.124031
2046 127 16 0.984496 0.124031
2047 128 16 0.992248 0.124031
2048 1 17 0.00775194 0.131783
2049 2 17 0.0155039 0.131783
2050 3 17 0.0232558 0.131783
2051 4 17 0.0310078 0.131783
2052 5 17 0.0387597 0.131783
2053 6 17 0.0465116 0.131783
2054 7 17 0.0542636 0.131783
2055 8 17 0.0620155 0.131783
2056 9 17 0.0697674 0.131783
2057 10 17 0.0775194 0.131783
2058 11 17 0.0852713 0.131783
2059 12 17 0.0930233 0.131783
2060 13 17 0.100775 0.131783
2061 14 17 0.108527 0.131783
2062 15 17 0.116279 0.131783
2063 16 17 0.124031 0.131783
2064 17 17 0.131783 0.131783
2065 18 17 0.139535 0.131783
2066 19 17 0.147287 0.131783
2067 20 17 0.155039 0.131783
2068 21 17 0.162791 0.131783
2069 22 17 0.170543 0.131783
2070 23 17 0.178295 0.131783
2071 24 17 0.186047 0.131783
2072 25 17 0.193798 0.131783
2073 26 17 0.20155 0.131783
2074 27 17 0.209302 0.131783
2075 28 17 0.217054 0.131783
2076 29 17 0.224806 0.131783
2077 30 17 0.232558 0.131783
2078 31 17 0.24031 0.131783
2079 32 17 0.248062 0.131783
2080 33 17 0.255814 0.131783
2081 34 17 0.263566 0.131783
2082 35 17 0.271318 0.131783
2083 36 17 0.27907 0.131783
2084 37 17 0.286822 0.131783
2085 38 17 0.294574 0.131783
2086 39 17 0.302326 0.131783
2087 40 17 0.310078 0.131783
2088 41 17 0.317829 0.131783
2089 42 17 0.325581 0.131783
2090 43 17 0.333333 0.131783
2091 44 17 0.341085 0.131783
2092 45 17 0.348837 0.131783
2093 46 17 0.356589 0.131783
2094 47 17 0.364341 0.131783
2095 48 17 0.372093 0.131783
2096 49 17 0.379845 0.131783
2097 50 17 0.387597 0.131783
2098 51 17 0.395349 0.131783
2099 52 17 0.403101 0.131783
2100 53 17 0.410853 0.131783
2101 54 17 0.418605 0.131783
2102 55 17 0.426357 0.131783
2103 56 17 0.434109 0.131783
2104 57 17 0.44186 0.131783
2105 58 17 0.449612 0.131783
2106 59 17 0.457364 0.131783
2107 60 17 0.465116 0.131783
2108 61 17 0.472868 0.131783
2109 62 17 0.48062 0.131783
2110 63 17 0.488372 0.131783
2111 64 17 0.496124 0.131783
2112 65 17 0.503876 0.131783
2113 66 17 0.511628 0.131783
2114 67 17 0.51938 0.131783
2115 68 17 0.527132 0.131783
2116 69 17 0.534884 0.131783
2117 70 17 0.542636 0.131783
2118 71 17 0.550388 0.131783
2119 72 17 0.55814 0.131783
2120 73 17 0.565891 0.131783
2121 74 17 0.573643 0.131783
2122 75 17 0.581395 0.131783
2123 76 17 0.589147 0.131783
2124 77 17 0.596899 0.131783
2125 78 17 0.604651 0.131783
2126 79 17 0.612403 0.131783
2127 80 17 0.620155 0.131783
2128 81 17 0.627907 0.131783
2129 82 17 0.635659 0.131783
2130 83 17 0.643411 0.131783
2131 84 17 0.651163 0.131783
2132 85 17 0.658915 0.131783
2133 86 17 0.666667 0.131783
2134 87 17 0.674419 0.131783
2135 88 17 0.682171 0.131783
2136 89 17 0.689922 0.131783
2137 90 17 0.697674 0.131783
2138 91 17 0.705426 0.131783
2139 92 17 0.713178 0.131783
2140 93 17 0.72093 0.131783
2141 94 17 0.728682 0.131783
2142 95 17 0.736434 0.131783
2143 96 17 0.744186 0.131783
2144 97 17 0.751938 0.131783
2145 98 17 0.75969 0.131783
2146 99 17 0.767442 0.131783
2147 100 17 0.775194 0.131783
2148 101 17 0.782946 0.131783
2149 102 17 0.790698 0.131783
2150 103 17 0.79845 0.131783
2151 104 17 0.806202 0.131783
2152 105 17 0.813953 0.131783
2153 106 17 0.821705 0.131783
2154 107 17 0.829457 0.131783
2155 108 17 0.837209 0.131783
2156 109 17 0.844961 0.131783
2157 110 17 0.852713 0.131783
2158 111 17 0.860465 0.131783
2159 112 17 0.868217 0.131783
2160 113 17 0.875969 0.131783
2161 114 17 0.883721 0.131783
2162 115 17 0.891473 0.131783
2163 116 17 0.899225 0.131783
2164 117 17 0.906977 0.131783
2165 118 17 0.914729 0.131783
2166 119 17 0.922481 0.131783
2167 120 17 0.930233 0.131783
2168 121 17 0.937984 0.131783
2169 122 17 0.945736 0.131783
2170 123 17 0.953488 0.131783
2171 124 17 0.96124 0.131783
2172 125 17 0.968992 0.131783
2173 126 17 0.976744 0.131783
2174 127 17 0.984496 0.131783
2175 128 17 0.992248 0.131783
2176 1 18 0.00775194 0.139535
2177 2 18 0.0155039 0.139535
2178 3 18 0.0232558 0.139535
2179 4 18 0.0310078 0.139535
2180 5 18 0.0387597 0.139535
2181 6 18 0.0465116 0.139535
2182 7 18 0.0542636 0.139535
2183 8 18 0.0620155 0.139535
2184 9 18 0.0697674 0.139535
2185 10 18 0.0775194 0.139535
2186 11 18 0.0852713 0.139535
2187 12 18 0.0930233 0.139535
2188 13 18 0.100775 0.139535
2189 14 18 0.108527 0.139535
2190 15 18 0.116279 0.139535
2191 16 18 0.124031 0.139535
2192 17 18 0.131783 0.139535
2193 18 18 0.139535 0.139535
2194 19 18 0.147287 0.139535
2195 20 18 0.155039 0.139535
2196 21 18 0.162791 0.139535
2197 22 18 0.170543 0.139535
2198 23 18 0.178295 0.139535
2199 24 18 0.186047 0.139535
2200 25 18 0.193798 0.139535
2201 26 18 0.20155 0.139535
2202 27 18 0.209302 0.139535
2203 28 18 0.217054 0.139535
2204 29 18 0.224806 0.139535
2205 30 18 0.232558 0.139535
2206 31 18 0.24031 0.139535
2207 32 18 0.248062 0.139535
2208 33 18 0.255814 0.139535
2209 34 18 0.263566 0.139535
2210 35 18 0.271318 0.139535
2211 36 18 0.27907 0.139535
2212 37 18 0.286822 0.139535
2213 38 18 0.294574 0.139535
2214 39 18 0.302326 0.139535
2215 40 18 0.310078 0.139535
2216 41 18 0.317829 0.139535
2217 42 18 0.325581 0.139535
2218 43 18 0.333333 0.139535
2219 44 18 0.341085 0.139535
2220 45 18 0.348837 0.139535
2221 46 18 0.356589 0.139535
2222 47 18 0.364341 0.139535
2223 48 18 0.372093 0.139535
2224 49 18 0.379845 0.139535
2225 50 18 0.387597 0.139535
2226 51 18 0.395349 0.139535
2227 52 18 0.403101 0.139535
2228 53 18 0.410853 0.139535
2229 54 18 0.418605 0.139535
2230 55 18 0.426357 0.139535
2231 56 18 0.434109 0.139535
2232 57 18 0.44186 0.139535
2233 58 18 0.449612 0.139535
2234 59 18 0.457364 0.139535
2235 60 18 0.465116 0.139535
2236 61 18 0.472868 0.139535
2237 62 18 0.48062 0.139535
2238 63 18 0.488372 0.139535
2239 64 18 0.496124 0.139535
2240 65 18 0.503876 0.139535
2241 66 18 0.511628 0.139535
2242 67 18 0.51938 0.139535
2243 68 18 0.527132 0.139535
2244 69 18 0.534884 0.139535
2245 70 18 0.542636 0.139535
2246 71 18 0.550388 0.139535
2247 72 18 0.55814 0.139535
2248 73 18 0.565891 0.139535
2249 74 18 0.573643 0.139535
2250 75 18 0.581395 0.139535
2251 76 18 0.589147 0.139535
2252 77 18 0.596899 0.139535
2253 78 18 0.604651 0.139535
2254 79 18 0.612403 0.139535
2255 80 18 0.620155 0.139535
2256 81 18 0.627907 0.139535
2257 82 18 0.635659 0.139535
2258 83 18 0.643411 0.139535
2259 84 18 0.651163 0.139535
2260 85 18 0.658915 0.139535
2261 86 18 0.666667 0.139535
2262 87 18 0.674419 0.139535
2263 88 18 0.682171 0.139535
2264 89 18 0.689922 0.139535
2265 90 18 0.697674 0.139535
2266 91 18 0.705426 0.139535
2267 92 18 0.713178 0.139535
2268 93 18 0.72093 0.139535
2269 94 18 0.728682 0.139535
2270 95 18 0.736434 0.139535
2271 96 18 0.744186 0.139535
2272 97 18 0.751938 0.139535
2273 98 18 0.75969 0.139535
2274 99 18 0.767442 0.139535
2275 100 18 0.775194 0.139535
2276 101 18 0.782946 0.139535
2277 102 18 0.790698 0.139535
2278 103 18 0.79845 0.139535
2279 104 18 0.806202 0.139535
2280 105 18 0.813953 0.139535
2281 106 18 0.821705 0.139535
2282 107 18 0.829457 0.139535
2283 108 18 0.837209 0.139535
2284 109 18 0.844961 0.139535
2285 110 18 0.852713 0.139535
2286 111 18 0.860465 0.139535
2287 112 18 0.868217 0.139535
2288 113 18 0.875969 0.139535
2289 114 18 0.883721 0.139535
2290 115 18 0.891473 0.139535
2291 116 18 0.899225 0.139535
2292 117 18 0.906977 0.139535
2293 118 18 0.914729 0.139535
2294 119 18 0.922481 0.139535
2295 120 18 0.930233 0.139535
2296 121 18 0.937984 0.139535
2297 122 18 0.945736 0.139535
2298 123 18 0.953488 0.139535
2299 124 18 0.96124 0.139535
2300 125 18 0.968992 0.139535
2301 126 18 0.976744 0.139535
2302 127 18 0.984496 0.139535
2303 128 18 0.992248 0.139535
2304 1 19 0.00775194 0.147287
2305 2 19 0.0155039 0.147287
2306 3 19 0.0232558 0.147287
2307 4 19 0.0310078 0.147287
2308 5 19 0.0387597 0.147287
2309 6 19 0.0465116 0.147287
2310 7 19 0.0542636 0.147287
2311 8 19 0.0620155 0.147287
2312 9 19 0.0697674 0.147287
2313 10 19 0.0775194 0.147287
2314 11 19 0.0852713 0.147287
2315 12 19 0.0930233 0.147287
2316 13 19 0.100775 0.147287
2317 14 19 0.108527 0.147287
2318 15 19 0.116279 0.147287
2319 16 19 0.124031 0.147287
2320 17 19 0.131783 0.147287
2321 18 19 0.139535 0.147287
2322 19 19 0.147287 0.147287
2323 20 19 0.155039 0.147287
2324 21 19 0.162791 0.147287
2325 22 19 0.170543 0.147287
2326 23 19 0.178295 0.147287
2327 24 19 0.186047 0.147287
2328 25 19 0.193798 0.147287
2329 26 19 0.20155 0.147287
2330 27 19 0.209302 0.147287
2331 28 19 0.217054 0.147287
2332 29 19 0.224806 0.147287
2333 30 19 0.232558 0.147287
2334 31 19 0.24031 0.147287
2335 32 19 0.248062 0.147287
2336 33 19 0.255814 0.147287
2337 34 19 0.263566 0.147287
2338 35 19 0.271318 0.147287
2339 36 19 0.27907 0.147287
2340 37 19 0.286822 0.147287
2341 38 19 0.294574 0.147287
2342 39 19 0.302326 0.147287
2343 40 19 0.310078 0.147287
2344 41 19 0.317829 0.147287
2345 42 19 0.325581 0.147287
2346 43 19 0.333333 0.147287
2347 44 19 0.341085 0.147287
2348 45 19 0.348837 0.147287
2349 46 19 0.356589 0.147287
2350 47 19 0.364341 0.147287
2351 48 19 0.372093 0.147287
2352 49 19 0.379845 0.147287
2353 50 19 0.387597 0.147287
2354 51 19 0.395349 0.147287
2355 52 19 0.403101 0.147287
2356 53 19 0.410853 0.147287
2357 54 19 0.418605 0.147287
2358 55 19 0.426357 0.147287
2359 56 19 0.434109 0.147287
2360 57 19 0.44186 0.147287
2361 58 19 0.449612 0.147287
2362 59 19 0.457364 0.147287
2363 60 19 0.465116 0.147287
2364 61 19 0.472868 0.147287
2365 62 19 0.48062 0.147287
2366 63 19 0.488372 0.147287
2367 64 19 0.496124 0.147287
2368 65 19 0.503876 0.147287
2369 66 19 0.511628 0.147287
2370 67 19 0.51938 0.147287
2371 68 19 0.527132 0.147287
2372 69 19 0.534884 0.147287
2373 70 19 0.542636 0.147287
2374 71 19 0.550388 0.147287
2375 72 19 0.55814 0.147287
2376 73 19 0.565891 0.147287
2377 74 19 0.573643 0.147287
2378 75 19 0.581395 0.147287
2379 76 19 0.589147 0.147287
2380 77 19 0.596899 0.147287
2381 78 19 0.604651 0.147287
2382 79 19 0.612403 0.147287
2383 80 19 0.620155 0.147287
2384 81 19 0.627907 0.147287
2385 82 19 0.635659 0.147287
2386 83 19 0.643411 0.147287
2387 84 19 0.651163 0.147287
2388 85 19 0.658915 0.147287
2389 86 19 0.666667 0.147287
2390 87 19 0.674419 0.147287
2391 88 19 0.682171 0.147287
2392 89 19 0.689922 0.147287
2393 90 19 0.697674 0.147287
2394 91 19 0.705426 0.147287
2395 92 19 0.713178 0.147287
2396 93 19 0.72093 0.147287
2397 94 19 0.728682 0.147287
2398 95 19 0.736434 0.147287
2399 96 19 0.744186 0.147287
2400 97 19 0.751938 0.147287
2401 98 19 0.75969 0.147287
2402 99 19 0.767442 0.147287
2403 100 19 0.775194 0.147287
2404 101 19 0.782946 0.147287
2405 102 19 0.790698 0.147287
2406 103 19 0.79845 0.147287
2407 104 19 0.806202 0.147287
2408 105 19 0.813953 0.147287
2409 106 19 0.821705 0.147287
2410 107 19 0.829457 0.147287
2411 108 19 0.837209 0.147287
2412 109 19 0.844961 0.147287
2413 110 19 0.852713 0.147287
2414 111 19 0.860465 0.147287
2415 112 19 0.868217 0.147287
2416 113 19 0.875969 0.147287
2417 114 19 0.883721 0.147287
2418 115 19 0.891473 0.147287
2419 116 19 0.899225 0.147287
2420 117 19 0.906977 0.147287
2421 118 19 0.914729 0.147287
2422 119 19 0.922481 0.147287
2423 120 19 0.930233 0.147287
2424 121 19 0.937984 0.147287
2425 122 19 0.945736 0.147287
2426 123 19 0.953488 0.147287
2427 124 19 0.96124 0.147287
2428 125 19 0.968992 0.147287
2429 126 19 0.976744 0.147287
2430 127 19 0.984496 0.147287
2431 128 19 0.992248 0.147287
2432 1 20 0.00775194 0.155039
2433 2 20 0.0155039 0.155039
2434 3 20 0.0232558 0.155039
2435 4 20 0.0310078 0.155039
2436 5 20 0.0387597 0.155039
2437 6 20 0.0465116 0.155039
2438 7 20 0.0542636 0.155039
2439 8 20 0.0620155 0.155039
2440 9 20 0.0697674 0.155039
2441 10 20 0.0775194 0.155039
2442 11 20 0.0852713 0.155039
2443 12 20 0.0930233 0.155039
2444 13 20 0.100775 0.155039
2445 14 20 0.108527 0.155039
2446 15 20 0.116279 0.155039
2447 16 20 0.124031 0.155039
2448 17 20 0.131783 0.155039
2449 18 20 0.139535 0.155039
2450 19 20 0.147287 0.155039
2451 20 20 0.155039 0.155039
2452 21 20 0.162791 0.155039
2453 22 20 0.170543 0.155039
2454 23 20 0.178295 0.155039
2455 24 20 0.186047 0.155039
2456 25 20 0.193798 0.155039
2457 26 20 0.20155 0.155039
2458 27 20 0.209302 0.155039
2459 28 20 0.217054 0.155039
2460 29 20 0.224806 0.155039
2461 30 20 0.232558 0.155039
2462 31 20 0.24031 0.155039
2463 32 20 0.248062 0.155039
2464 33 20 0.255814 0.155039
2465 34 20 0.263566 0.155039
2466 35 20 0.271318 0.155039
2467 36 20 0.27907 0.155039
2468 37 20 0.286822 0.155039
2469 38 20 0.294574 0.155039
2470 39 20 0.302326 0.155039
2471 40 20 0.310078 0.155039
2472 41 20 0.317829 0.155039
2473 42 20 0.325581 0.155039
2474 43 20 0.333333 0.155039
2475 44 20 0.341085 0.155039
2476 45 20 0.348837 0.155039
2477 46 20 0.356589 0.155039
2478 47 20 0.364341 0.155039
2479 48 20 0.372093 0.155039
2480 49 20 0.379845 0.155039
2481 50 20 0.387597 0.155039
2482 51 20 0.395349 0.155039
2483 52 20 0.403101 0.155039
2484 53 20 0.410853 0.155039
2485 54 20 0.418605 0.155039
2486 55 20 0.426357 0.155039
2487 56 20 0.434109 0.155039
2488 57 20 0.44186 0.155039
2489 58 20 0.449612 0.155039
2490 59 20 0.457364 0.155039
2491 60 20 0.465116 0.155039
2492 61 20 0.472868 0.155039
2493 62 20 0.48062 0.155039
2494 63 20 0.488372 0.155039
2495 64 20 0.496124 0.155039
2496 65 20 0.503876 0.155039
2497 66 20 0.511628 0.155039
2498 67 20 0.51938 0.155039
2499 68 20 0.527132 0.155039
2500 69 20 0.534884 0.155039
2501 70 20 0.542636 0.155039
2502 71 20 0.550388 0.155039
2503 72 20 0.55814 0.155039
2504 73 20 0.565891 0.155039
2505 74 20 0.573643 0.155039
2506 75 20 0.581395 0.155039
2507 76 20 0.589147 0.155039
2508 77 20 0.596899 0.155039
2509 78 20 0.604651 0.155039
2510 79 20 0.612403 0.155039
2511 80 20 0.620155 0.155039
2512 81 20 0.627907 0.155039
2513 82 20 0.635659 0.155039
2514 83 20 0.643411 0.155039
2515 84 20 0.651163 0.155039
2516 85 20 0.658915 0.155039
2517 86 20 0.666667 0.155039
2518 87 20 0.674419 0.155039
2519 88 20 0.682171 0.155039
2520 89 20 0.689922 0.155039
2521 90 20 0.697674 0.155039
2522 91 20 0.705426 0.155039
2523 92 20 0.713178 0.155039
2524 93 20 0.72093 0.155039
2525 94 20 0.728682 0.155039
2526 95 20 0.736434 0.155039
2527 96 20 0.744186 0.155039
2528 97 20 0.751938 0.155039
2529 98 20 0.75969 0.155039
2530 99 20 0.767442 0.155039
2531 100 20 0.775194 0.155039
2532 101 20 0.782946 0.155039
2533 102 20 0.790698 0.155039
2534 103 20 0.79845 0.155039
2535 104 20 0.806202 0.155039
2536 105 20 0.813953 0.155039
2537 106 20 0.821705 0.155039
2538 107 20 0.829457 0.155039
2539 108 20 0.837209 0.155039
2540 109 20 0.844961 0.155039
2541 110 20 0.852713 0.155039
2542 111 20 0.860465 0.155039
2543 112 20 0.868217 0.155039
2544 113 20 0.875969 0.155039
2545 114 20 0.883721 0.155039
2546 115 20 0.891473 0.155039
2547 116 20 0.899225 0.155039
2548 117 20 0.906977 0.155039
2549 118 20 0.914729 0.155039
2550 119 20 0.922481 0.155039
2551 120 20 0.930233 0.155039
2552 121 20 0.937984 0.155039
2553 122 20 0.945736 0.155039
2554 123 20 0.953488 0.155039
2555 124 20 0.96124 0.155039
2556 125 20 0.968992 0.155039
2557 126 20 0.976744 0.155039
2558 127 20 0.984496 0.155039
2559 128 20 0.992248 0.155039
2560 1 21 0.00775194 0.162791
2561 2 21 0.0155039 0.162791
2562 3 21 0.0232558 0.162791
2563 4 21 0.0310078 0.162791
2564 5 21 0.0387597 0.162791
2565 6 21 0.0465116 0.162791
2566 7 21 0.0542636 0.162791
2567 8 21 0.0620155 0.162791
2568 9 21 0.0697674 0.162791
2569 10 21 0.0775194 0.162791
2570 11 21 0.0852713 0.162791
2571 12 21 0.0930233 0.162791
2572 13 21 0.100775 0.162791
2573 14 21 0.108527 0.162791
2574 15 21 0.116279 0.162791
2575 16 21 0.124031 0.162791
2576 17 21 0.131783 0.162791
2577 18 21 0.139535 0.162791
2578 19 21 0.147287 0.162791
2579 20 21 0.155039 0.162791
2580 21 21 0.162791 0.162791
2581 22 21 0.170543 0.162791
2582 23 21 0.178295 0.162791
2583 24 21 0.186047 0.162791
2584 25 21 0.193798 0.162791
2585 26 21 0.20155 0.162791
2586 27 21 0.209302 0.162791
2587 28 21 0.217054 0.162791
2588 29 21 0.224806 0.162791
2589 30 21 0.232558 0.162791
2590 31 21 0.24031 0.162791
2591 32 21 0.248062 0.162791
2592 33 21 0.255814 0.162791
2593 34 21 0.263566 0.162791
2594 35 21 0.271318 0.162791
2595 36 21 0.27907 0.162791
2596 37 21 0.286822 0.162791
2597 38 21 0.294574 0.162791
2598 39 21 0.302326 0.162791
2599 40 21 0.310078 0.162791
2600 41 21 0.317829 0.162791
2601 42 21 0.325581 0.162791
2602 43 21 0.333333 0.162791
2603 44 21 0.341085 0.162791
2604 45 21 0.348837 0.162791
2605 46 21 0.356589 0.162791
2606 47 21 0.364341 0.162791
2607 48 21 0.372093 0.162791
2608 49 21 0.379845 0.162791
2609 50 21 0.387597 0.162791
2610 51 21 0.395349 0.162791
2611 52 21 0.403101 0.162791
2612 53 21 0.410853 0.162791
2613 54 21 0.418605 0.162791
2614 55 21 0.426357 0.162791
2615 56 21 0.434109 0.162791
2616 57 21 0.44186 0.162791
2617 58 21 0.449612 0.162791
2618 59 21 0.457364 0.162791
2619 60 21 0.465116 0.162791
2620 61 21 0.472868 0.162791
2621 62 21 0.48062 0.162791
2622 63 21 0.488372 0.162791
2623 64 21 0.496124 0.162791
2624 65 21 0.503876 0.162791
2625 66 21 0.511628 0.162791
2626 67 21 0.51938 0.162791
2627 68 21 0.527132 0.162791
2628 69 21 0.534884 0.162791
2629 70 21 0.542636 0.162791
2630 71 21 0.550388 0.162791
2631 72 21 0.55814 0.162791
2632 73 21 0.565891 0.162791
2633 74 21 0.573643 0.162791
2634 75 21 0.581395 0.162791
2635 76 21 0.589147 0.162791
2636 77 21 0.596899 0.162791
2637 78 21 0.604651 0.162791
2638 79 21 0.612403 0.162791
2639 80 21 0.620155 0.162791
2640 81 21 0.627907 0.162791
2641 82 21 0.635659 0.162791
2642 83 21 0.643411 0.162791
2643 84 21 0.651163 0.162791
2644 85 21 0.658915 0.162791
2645 86 21 0.666667 0.162791
2646 87 21 0.674419 0.162791
2647 88 21 0.682171 0.162791
2648 89 21 0.689922 0.162791
2649 90 21 0.697674 0.162791
2650 91 21 0.705426 0.162791
2651 92 21 0.713178 0.162791
2652 93 21 0.72093 0.162791
2653 94 21 0.728682 0.162791
2654 95 21 0.736434 0.162791
2655 96 21 0.744186 0.162791
2656 97 21 0.751938 0.162791
2657 98 21 0.75969 0.162791
2658 99 21 0.767442 0.162791
2659 100 21 0.775194 0.162791
2660 101 21 0.782946 0.162791
2661 102 21 0.790698 0.162791
2662 103 21 0.79845 0.162791
2663 104 21 0.806202 0.162791
2664 105 21 0.813953 0.162791
2665 106 21 0.821705 0.162791
2666 107 21 0.829457 0.162791
2667 108 21 0.837209 0.162791
2668 109 21 0.844961 0.162791
2669 110 21 0.852713 0.162791
2670 111 21 0.860465 0.162791
2671 112 21 0.868217 0.162791
2672 113 21 0.875969 0.162791
2673 114 21 0.883721 0.162791
2674 115 21 0.891473 0.162791
2675 116 21 0.899225 0.162791
2676 117 21 0.906977 0.162791
2677 118 21 0.914729 0.162791
2678 119 21 0.922481 0.162791
2679 120 21 0.930233 0.162791
2680 121 21 0.937984 0.162791
2681 122 21 0.945736 0.162791
2682 123 21 0.953488 0.162791
2683 124 21 0.96124 0.162791
2684 125 21 0.968992 0.162791
2685 126 21 0.976744 0.162791
2686 127 21 0.984496 0.162791
2687 128 21 0.992248 0.162791
2688 1 22 0.00775194 0.170543
2689 2 22 0.0155039 0.170543
2690 3 22 0.0232558 0.170543
2691 4 22 0.0310078 0.170543
2692 5 22 0.0387597 0.170543
2693 6 22 0.0465116 0.170543
2694 7 22 0.0542636 0.170543
2695 8 22 0.0620155 0.170543
2696 9 22 0.0697674 0.170543
2697 10 22 0.0775194 0.170543
2698 11 22 0.0852713 0.170543
2699 12 22 0.0930233 0.170543
2700 13 22 0.100775 0.170543
2701 14 22 0.108527 0.170543
2702 15 22 0.116279 0.170543
2703 16 22 0.124031 0.170543
2704 17 22 0.131783 0.170543
2705 18 22 0.139535 0.170543
2706 19 22 0.147287 0.170543
2707 20 22 0.155039 0.170543
2708 21 22 0.162791 0.170543
2709 22 22 0.170543 0.170543
2710 23 22 0.178295 0.170543
2711 24 22 0.186047 0.170543
2712 25 22 0.193798 0.170543
2713 26 22 0.20155 0.170543
2714 27 22 0.209302 0.170543
2715 28 22 0.217054 0.170543
2716 29 22 0.224806 0.170543
2717 30 22 0.232558 0.170543
2718 31 22 0.24031 0.170543
2719 32 22 0.248062 0.170543
2720 33 22 0.255814 0.170543
2721 34 22 0.263566 0.170543
2722 35 22 0.271318 0.170543
2723 36 22 0.27907 0.170543
2724 37 22 0.286822 0.170543
2725 38 22 0.294574 0.170543
2726 39 22 0.302326 0.170543
2727 40 22 0.310078 0.170543
2728 41 22 0.317829 0.170543
2729 42 22 0.325581 0.170543
2730 43 22 0.333333 0.170543
2731 44 22 0.341085 0.170543
2732 45 22 0.348837 0.170543
2733 46 22 0.356589 0.170543
2734 47 22 0.364341 0.170543
2735 48 22 0.372093 0.170543
2736 49 22 0.379845 0.170543
2737 50 22 0.387597 0.170543
2738 51 22 0.395349 0.170543
2739 52 22 0.403101 0.170543
2740 53 22 0.410853 0.170543
2741 54 22 0.418605 0.170543
2742 55 22 0.426357 0.170543
2743 56 22 0.434109 0.170543
2744 57 22 0.44186 0.170543
2745 58 22 0.449612 0.170543
2746 59 22 0.457364 0.170543
2747 60 22 0.465116 0.170543
2748 61 22 0.472868 0.170543
2749 62 22 0.48062 0.170543
2750 63 22 0.488372 0.170543
2751 64 22 0.496124 0.170543
2752 65 22 0.503876 0.170543
2753 66 22 0.511628 0.170543
2754 67 22 0.51938 0.170543
2755 68 22 0.527132 0.170543
2756 69 22 0.534884 0.170543
2757 70 22 0.542636 0.170543
2758 71 22 0.550388 0.170543
2759 72 22 0.55814 0.170543
2760 73 22 0.565891 0.170543
2761 74 22 0.573643 0.170543
2762 75 22 0.581395 0.170543
2763 76 22 0.589147 0.170543
2764 77 22 0.596899 0.170543
2765 78 22 0.604651 0.170543
2766 79 22 0.612403 0.170543
2767 80 22 0.620155 0.170543
2768 81 22 0.627907 0.170543
2769 82 22 0.635659 0.170543
2770 83 22 0.643411 0.170543
2771 84 22 0.651163 0.170543
2772 85 22 0.658915 0.170543
2773 86 22 0.666667 0.170543
2774 87 22 0.674419 0.170543
2775 88 22 0.682171 0.170543
2776 89 22 0.689922 0.170543
2777 90 22 0.697674 0.170543
2778 91 22 0.705426 0.170543
2779 92 22 0.713178 0.170543
2780 93 22 0.72093 0.170543
2781 94 22 0.728682 0.170543
2782 95 22 0.736434 0.170543
2783 96 22 0.744186 0.170543
2784 97 22 0.751938 0.170543
2785 98 22 0.75969 0.170543
2786 99 22 0.767442 0.170543
2787 100 22 0.775194 0.170543
2788 101 22 0.782946 0.170543
2789 102 22 0.790698 0.170543
2790 103 22 0.79845 0.170543
2791 104 22 0.806202 0.170543
2792 105 22 0.813953 0.170543
2793 106 22 0.821705 0.170543
2794 107 22 0.829457 0.170543
2795 108 22 0.837209 0.170543
2796 109 22 0.844961 0.170543
2797 110 22 0.852713 0.170543
2798 111 22 0.860465 0.170543
2799 112 22 0.868217 0.170543
2800 113 22 0.875969 0.170543
2801 114 22 0.883721 0.170543
2802 115 22 0.891473 0.170543
2803 116 22 0.899225 0.170543
2804 117 22 0.906977 0.170543
2805 118 22 0.914729 0.170543
2806 119 22 0.922481 0.170543
2807 120 22 0.930233 0.170543
2808 121 22 0.937984 0.170543
2809 122 22 0.945736 0.170543
2810 123 22 0.953488 0.170543
2811 124 22 0.96124 0.170543
2812 125 22 0.968992 0.170543
2813 126 22 0.976744 0.170543
2814 127 22 0.984496 0.170543
2815 128 22 0.992248 0.170543
2816 1 23 0.00775194 0.178295
2817 2 23 0.0155039 0.178295
2818 3 23 0.0232558 0.178295
2819 4 23 0.0310078 0.178295
2820 5 23 0.0387597 0.178295
2821 6 23 0.0465116 0.178295
2822 7 23 0.0542636 0.178295
2823 8 23 0.0620155 0.178295
2824 9 23 0.0697674 0.178295
2825 10 23 0.0775194 0.178295
2826 11 23 0.0852713 0.178295
2827 12 23 0.0930233 0.178295
2828 13 23 0.100775 0.178295
2829 14 23 0.108527 0.178295
2830 15 23 0.116279 0.178295
2831 16 23 0.124031 0.178295
2832 17 23 0.131783 0.178295
2833 18 23 0.139535 0.178295
2834 19 23 0.147287 0.178295
2835 20 23 0.155039 0.178295
2836 21 23 0.162791 0.178295
2837 22 23 0.170543 0.178295
2838 23 23 0.178295 0.178295
2839 24 23 0.186047 0.178295
2840 25 23 0.193798 0.178295
2841 26 23 0.20155 0.178295
2842 27 23 0.209302 0.178295
2843 28 23 0.217054 0.178295
2844 29 23 0.224806 0.178295
2845 30 23 0.232558 0.178295
2846 31 23 0.24031 0.178295
2847 32 23 0.248062 0.178295
2848 33 23 0.255814 0.178295
2849 34 23 0.263566 0.178295
2850 35 23 0.271318 0.178295
2851 36 23 0.27907 0.178295
2852 37 23 0.286822 0.178295
2853 38 23 0.294574 0.178295
2854 39 23 0.302326 0.178295
2855 40 23 0.310078 0.178295
2856 41 23 0.317829 0.178295
2857 42 23 0.325581 0.178295
2858 43 23 0.333333 0.178295
2859 44 23 0.341085 0.178295
2860 45 23 0.348837 0.178295
2861 46 23 0.356589 0.178295
2862 47 23 0.364341 0.178295
2863 48 23 0.372093 0.178295
2864 49 23 0.379845 0.178295
2865 50 23 0.387597 0.178295
2866 51 23 0.395349 0.178295
2867 52 23 0.403101 0.178295
2868 53 23 0.410853 0.178295
2869 54 23 0.418605 0.178295
2870 55 23 0.426357 0.178295
2871 56 23 0.434109 0.178295
2872 57 23 0.44186 0.178295
2873 58 23 0.449612 0.178295
2874 59 23 0.457364 0.178295
2875 60 23 0.465116 0.178295
2876 61 23 0.472868 0.178295
2877 62 23 0.48062 0.178295
2878 63 23 0.488372 0.178295
2879 64 23 0.496124 0.178295
2880 65 23 0.503876 0.178295
2881 66 23 0.511628 0.178295
2882 67 23 0.51938 0.178295
2883 68 23 0.527132 0.178295
2884 69 23 0.534884 0.178295
2885 70 23 0.542636 0.178295
2886 71 23 0.550388 0.178295
2887 72 23 0.55814 0.178295
2888 73 23 0.565891 0.178295
2889 74 23 0.573643 0.178295
2890 75 23 0.581395 0.178295
2891 76 23 0.589147 0.178295
2892 77 23 0.596899 0.178295
2893 78 23 0.604651 0.178295
2894 79 23 0.612403 0.178295
2895 80 23 0.620155 0.178295
2896 81 23 0.627907 0.178295
2897 82 23 0.635659 0.178295
2898 83 23 0.643411 0.178295
2899 84 23 0.651163 0.178295
2900 85 23 0.658915 0.178295
2901 86 23 0.666667 0.178295
2902 87 23 0.674419 0.178295
2903 88 23 0.682171 0.178295
2904 89 23 0.689922 0.178295
2905 90 23 0.697674 0.178295
2906 91 23 0.705426 0.178295
2907 92 23 0.713178 0.178295
2908 93 23 0.72093 0.178295
2909 94 23 0.728682 0.178295
2910 95 23 0.736434 0.178295
2911 96 23 0.744186 0.178295
2912 97 23 0.751938 0.178295
2913 98 23 0.75969 0.178295
2914 99 23 0.767442 0.178295
2915 100 23 0.775194 0.178295
2916 101 23 0.782946 0.178295
2917 102 23 0.790698 0.178295
2918 103 23 0.79845 0.178295
2919 104 23 0.806202 0.178295
2920 105 23 0.813953 0.178295
2921 106 23 0.821705 0.178295
2922 107 23 0.829457 0.178295
2923 108 23 0.837209 0.178295
2924 109 23 0.844961 0.178295
2925 110 23 0.852713 0.178295
2926 111 23 0.860465 0.178295
2927 112 23 0.868217 0.178295
2928 113 23 0.875969 0.178295
2929 114 23 0.883721 0.178295
2930 115 23 0.891473 0.178295
2931 116 23 0.899225 0.178295
2932 117 23 0.906977 0.178295
2933 118 23 0.914729 0.178295
2934 119 23 0.922481 0.178295
2935 120 23 0.930233 0.178295
2936 121 23 0.937984 0.178295
2937 122 23 0.945736 0.178295
2938 123 23 0.953488 0.178295
2939 124 23 0.96124 0.178295
2940 125 23 0.968992 0.178295
2941 126 23 0.976744 0.178295
2942 127 23 0.984496 0.178295
2943 128 23 0.992248 0.178295
2944 1 24 0.00775194 0.186047
2945 2 24 0.0155039 0.186047
2946 3 24 0.0232558 0.186047
2947 4 24 0.0310078 0.186047
2948 5 24 0.0387597 0.186047
2949 6 24 0.0465116 0.186047
2950 7 24 0.0542636 0.186047
2951 8 24 0.0620155 0.186047
2952 9 24 0.0697674 0.186047
2953 10 24 0.0775194 0.186047
2954 11 24 0.0852713 0.186047
2955 12 24 0.0930233 0.186047
2956 13 24 0.100775 0.186047
2957 14 24 0.108527 0.186047
2958 15 24 0.116279 0.186047
2959 16 24 0.124031 0.186047
2960 17 24 0.131783 0.186047
2961 18 24 0.139535 0.186047
2962 19 24 0.147287 0.186047
2963 20 24 0.155039 0.186047
2964 21 24 0.162791 0.186047
2965 22 24 0.170543 0.186047
2966 23 24 0.178295 0.186047
2967 24 24 0.186047 0.186047
2968 25 24 0.193798 0.186047
2969 26 24 0.20155 0.186047
2970 27 24 0.209302 0.186047
2971 28 24 0.217054 0.186047
2972 29 24 0.224806 0.186047
2973 30 24 0.232558 0.186047
2974 31 24 0.24031 0.186047
2975 32 24 0.248062 0.186047
2976 33 24 0.255814 0.186047
2977 34 24 0.263566 0.186047
2978 35 24 0.271318 0.186047
2979 36 24 0.27907 0.186047
2980 37 24 0.286822 0.186047
2981 38 24 0.294574 0.186047
2982 39 24 0.302326 0.186047
2983 40 24 0.310078 0.186047
2984 41 24 0.317829 0.186047
2985 42 24 0.325581 0.186047
2986 43 24 0.333333 0.186047
2987 44 24 0.341085 0.186047
2988 45 24 0.348837 0.186047
2989 46 24 0.356589 0.186047
2990 47 24 0.364341 0.186047
2991 48 24 0.372093 0.186047
2992 49 24 0.379845 0.186047
2993 50 24 0.387597 0.186047
2994 51 24 0.395349 0.186047
2995 52 24 0.403101 0.186047
2996 53 24 0.410853 0.186047
2997 54 24 0.418605 0.186047
2998 55 24 0.426357 0.186047
2999 56 24 0.434109 0.186047
3000 57 24 0.44186 0.186047
3001 58 24 0.449612 0.186047
3002 59 24 0.457364 0.186047
3003 60 24 0.465116 0.186047
3004 61 24 0.472868 0.186047
3005 62 24 0.48062 0.186047
3006 63 24 0.488372 0.186047
3007 64 24 0.496124 0.186047
3008 65 24 0.503876 0.186047
3009 66 24 0.511628 0.186047
3010 67 24 0.51938 0.186047
3011 68 24 0.527132 0.186047
3012 69 24 0.534884 0.186047
3013 70 24 0.542636 0.186047
3014 71 24 0.550388 0.186047
3015 72 24 0.55814 0.186047
3016 73 24 0.565891 0.186047
3017 74 24 0.573643 0.186047
3018 75 24 0.581395 0.186047
3019 76 24 0.589147 0.186047
3020 77 24 0.596899 0.186047
3021 78 24 0.604651 0.186047
3022 79 24 0.612403 0.186047
3023 80 24 0.620155 0.186047
3024 81 24 0.627907 0.186047
3025 82 24 0.635659 0.186047
3026 83 24 0.643411 0.186047
3027 84 24 0.651163 0.186047
3028 85 24 0.658915 0.186047
3029 86 24 0.666667 0.186047
3030 87 24 0.674419 0.186047
3031 88 24 0.682171 0.186047
3032 89 24 0.689922 0.186047
3033 90 24 0.697674 0.186047
3034 91 24 0.705426 0.186047
3035 92 24 0.713178 0.186047
3036 93 24 0.72093 0.186047
3037 94 24 0.728682 0.186047
3038 95 24 0.736434 0.186047
3039 96 24 0.744186 0.186047
3040 97 24 0.751938 0.186047
3041 98 24 0.75969 0.186047
3042 99 24 0.767442 0.186047
3043 100 24 0.775194 0.186047
3044 101 24 0.782946 0.186047
3045 102 24 0.790698 0.186047
3046 103 24 0.79845 0.186047
3047 104 24 0.806202 0.186047
3048 105 24 0.813953 0.186047
3049 106 24 0.821705 0.186047
3050 107 24 0.829457 0.186047
3051 108 24 0.837209 0.186047
3052 109 24 0.844961 0.186047
3053 110 24 0.852713 0.186047
3054 111 24 0.860465 0.186047
3055 112 24 0.868217 0.186047
3056 113 24 0.875969 0.186047
3057 114 24 0.883721 0.186047
3058 115 24 0.891473 0.186047
3059 116 24 0.899225 0.186047
3060 117 24 0.906977 0.186047
3061 118 24 0.914729 0.186047
3062 119 24 0.922481 0.186047
3063 120 24 0.930233 0.186047
3064 121 24 0.937984 0.186047
3065 122 24 0.945736 0.186047
3066 123 24 0.953488 0.186047
3067 124 24 0.96124 0.186047
3068 125 24 0.968992 0.186047
3069 126 24 0.976744 0.186047
3070 127 24 0.984496 0.186047
3071 128 24 0.992248 0.186047
3072 1 25 0.00775194 0.193798
3073 2 25 0.0155039 0.193798
3074 3 25 0.0232558 0.193798
3075 4 25 0.0310078 0.193798
3076 5 25 0.0387597 0.193798
3077 6 25 0.0465116 0.193798
3078 7 25 0.0542636 0.193798
3079 8 25 0.0620155 0.193798
3080 9 25 0.0697674 0.193798
3081 10 25 0.0775194 0.193798
3082 11 25 0.0852713 0.193798
3083 12 25 0.0930233 0.193798
3084 13 25 0.100775 0.193798
3085 14 25 0.108527 0.193798
3086 15 25 0.116279 0.193798
3087 16 25 0.124031 0.193798
3088 17 25 0.131783 0.193798
3089 18 25 0.139535 0.193798
3090 19 25 0.147287 0.193798
3091 20 25 0.155039 0.193798
3092 21 25 0.162791 0.193798
3093 22 25 0.170543 0.193798
3094 23 25 0.178295 0.193798
3095 24 25 0.186047 0.193798
3096 25 25 0.193798 0.193798
3097 26 25 0.20155 0.193798
3098 27 25 0.209302 0.193798
3099 28 25 0.217054 0.193798
3100 29 25 0.224806 0.193798
3101 30 25 0.232558 0.193798
3102 31 25 0.24031 0.193798
3103 32 25 0.248062 0.193798
3104 33 25 0.255814 0.193798
3105 34 25 0.263566 0.193798
3106 35 25 0.271318 0.193798
3107 36 25 0.27907 0.193798
3108 37 25 0.286822 0.193798
3109 38 25 0.294574 0.193798
3110 39 25 0.302326 0.193798
3111 40 25 0.310078 0.193798
3112 41 25 0.317829 0.193798
3113 42 25 0.325581 0.193798
3114 43 25 0.333333 0.193798
3115 44 25 0.341085 0.193798
3116 45 25 0.348837 0.193798
3117 46 25 0.356589 0.193798
3118 47 25 0.364341 0.193798
3119 48 25 0.372093 0.193798
3120 49 25 0.379845 0.193798
3121 50 25 0.387597 0.193798
3122 51 25 0.395349 0.193798
3123 52 25 0.403101 0.193798
3124 53 25 0.410853 0.193798
3125 54 25 0.418605 0.193798
3126 55 25 0.426357 0.193798
3127 56 25 0.434109 0.193798
3128 57 25 0.44186 0.193798
3129 58 25 0.449612 0.193798
3130 59 25 0.457364 0.193798
3131 60 25 0.465116 0.193798
3132 61 25 0.472868 0.193798
3133 62 25 0.48062 0.193798
3134 63 25 0.488372 0.193798
3135 64 25 0.496124 0.193798
3136 65 25 0.503876 0.193798
3137 66 25 0.511628 0.193798
3138 67 25 0.51938 0.193798
3139 68 25 0.527132 0.193798
3140 69 25 0.534884 0.193798
3141 70 25 0.542636 0.193798
3142 71 25 0.550388 0.193798
3143 72 25 0.55814 0.193798
3144 73 25 0.565891 0.193798
3145 74 25 0.573643 0.193798
3146 75 25 0.581395 0.193798
3147 76 25 0.589147 0.193798
3148 77 25 0.596899 0.193798
3149 78 25 0.604651 0.193798
3150 79 25 0.612403 0.193798
3151 80 25 0.620155 0.193798
3152 81 25 0.627907 0.193798
3153 82 25 0.635659 0.193798
3154 83 25 0.643411 0.193798
3155 84 25 0.651163 0.193798
3156 85 25 0.658915 0.193798
3157 86 25 0.666667 0.193798
3158 87 25 0.674419 0.193798
3159 88 25 0.682171 0.193798
3160 89 25 0.689922 0.193798
3161 90 25 0.697674 0.193798
3162 91 25 0.705426 0.193798
3163 92 25 0.713178 0.193798
3164 93 25 0.72093 0.193798
3165 94 25 0.728682 0.193798
3166 95 25 0.736434 0.193798
3167 96 25 0.744186 0.193798
3168 97 25 0.751938 0.193798
3169 98 25 0.75969 0.193798
3170 99 25 0.767442 0.193798
3171 100 25 0.775194 0.193798
3172 101 25 0.782946 0.193798
3173 102 25 0.790698 0.193798
3174 103 25 0.79845 0.193798
3175 104 25 0.806202 0.193798
3176 105 25 0.813953 0.193798
3177 106 25 0.821705 0.193798
3178 107 25 0.829457 0.193798
3179 108 25 0.837209 0.193798
3180 109 25 0.844961 0.193798
3181 110 25 0.852713 0.193798
3182 111 25 0.860465 0.193798
3183 112 25 0.868217 0.193798
3184 113 25 0.875969 0.193798
3185 114 25 0.883721 0.193798
3186 115 25 0.891473 0.193798
3187 116 25 0.899225 0.193798
3188 117 25 0.906977 0.193798
3189 118 25 0.914729 0.193798
3190 119 25 0.922481 0.193798
3191 120 25 0.930233 0.193798
3192 121 25 0.937984 0.193798
3193 122 25 0.945736 0.193798
3194 123 25 0.953488 0.193798
3195 124 25 0.96124 0.193798
3196 125 25 0.968992 0.193798
3197 126 25 0.976744 0.193798
3198 127 25 0.984496 0.193798
3199 128 25 0.992248 0.193798
3200 1 26 0.00775194 0.20155
3201 2 26 0.0155039 0.20155
3202 3 26 0.0232558 0.20155
3203 4 26 0.0310078 0.20155
3204 5 26 0.0387597 0.20155
3205 6 26 0.0465116 0.20155
3206 7 26 0.0542636 0.20155
3207 8 26 0.0620155 0.20155
3208 9 26 0.0697674 0.20155
3209 10 26 0.0775194 0.20155
3210 11 26 0.0852713 0.20155
3211 12 26 0.0930233 0.20155
3212 13 26 0.100775 0.20155
3213 14 26 0.108527 0.20155
3214 15 26 0.116279 0.20155
3215 16 26 0.124031 0.20155
3216 17 26 0.131783 0.20155
3217 18 26 0.139535 0.20155
3218 19 26 0.147287 0.20155
3219 20 26 0.155039 0.20155
3220 21 26 0.162791 0.20155
3221 22 26 0.170543 0.20155
3222 23 26 0.178295 0.20155
3223 24 26 0.186047 0.20155
3224 25 26 0.193798 0.20155
3225 26 26 0.20155 0.20155
3226 27 26 0.209302 0.20155
3227 28 26 0.217054 0.20155
3228 29 26 0.224806 0.20155
3229 30 26 0.232558 0.20155
3230 31 26 0.24031 0.20155
3231 32 26 0.248062 0.20155
3232 33 26 0.255814 0.20155
3233 34 26 0.263566 0.20155
3234 35 26 0.271318 0.20155
3235 36 26 0.27907 0.20155
3236 37 26 0.286822 0.20155
3237 38 26 0.294574 0.20155
3238 39 26 0.302326 0.20155
3239 40 26 0.310078 0.20155
3240 41 26 0.317829 0.20155
3241 42 26 0.325581 0.20155
3242 43 26 0.333333 0.20155
3243 44 26 0.341085 0.20155
3244 45 26 0.348837 0.20155
3245 46 26 0.356589 0.20155
3246 47 26 0.364341 0.20155
3247 48 26 0.372093 0.20155
3248 49 26 0.379845 0.20155
3249 50 26 0.387597 0.20155
3250 51 26 0.395349 0.20155
3251 52 26 0.403101 0.20155
3252 53 26 0.410853 0.20155
3253 54 26 0.418605 0.20155
3254 55 26 0.426357 0.20155
3255 56 26 0.434109 0.20155
3256 57 26 0.44186 0.20155
3257 58 26 0.449612 0.20155
3258 59 26 0.457364 0.20155
3259 60 26 0.465116 0.20155
3260 61 26 0.472868 0.20155
3261 62 26 0.48062 0.20155
3262 63 26 0.488372 0.20155
3263 64 26 0.496124 0.20155
3264 65 26 0.503876 0.20155
3265 66 26 0.511628 0.20155
3266 67 26 0.51938 0.20155
3267 68 26 0.527132 0.20155
3268 69 26 0.534884 0.20155
3269 70 26 0.542636 0.20155
3270 71 26 0.550388 0.20155
3271 72 26 0.55814 0.20155
3272 73 26 0.565891 0.20155
3273 74 26 0.573643 0.20155
3274 75 26 0.581395 0.20155
3275 76 26 0.589147 0.20155
3276 77 26 0.596899 0.20155
3277 78 26 0.604651 0.20155
3278 79 26 0.612403 0.20155
3279 80 26 0.620155 0.20155
3280 81 26 0.627907 0.20155
3281 82 26 0.635659 0.20155
3282 83 26 0.643411 0.20155
3283 84 26 0.651163 0.20155
3284 85 26 0.658915 0.20155
3285 86 26 0.666667 0.20155
3286 87 26 0.674419 0.20155
3287 88 26 0.682171 0.20155
3288 89 26 0.689922 0.20155
3289 90 26 0.697674 0.20155
3290 91 26 0.705426 0.20155
3291 92 26 0.713178 0.20155
3292 93 26 0.72093 0.20155
3293 94 26 0.728682 0.20155
3294 95 26 0.736434 0.20155
3295 96 26 0.744186 0.20155
3296 97 26 0.751938 0.20155
3297 98 26 0.75969 0.20155
3298 99 26 0.767442 0.20155
3299 100 26 0.775194 0.20155
3300 101 26 0.782946 0.20155
3301 102 26 0.790698 0.20155
3302 103 26 0.79845 0.20155
3303 104 26 0.806202 0.20155
3304 105 26 0.813953 0.20155
3305 106 26 0.821705 0.20155
3306 107 26 0.829457 0.20155
3307 108 26 0.837209 0.20155
3308 109 26 0.844961 0.20155
3309 110 26 0.852713 0.20155
3310 111 26 0.860465 0.20155
3311 112 26 0.868217 0.20155
3312 113 26 0.875969 0.20155
3313 114 26 0.883721 0.20155
3314 115 26 0.891473 0.20155
3315 116 26 0.899225 0.20155
3316 117 26 0.906977 0.20155
3317 118 26 0.914729 0.20155
3318 119 26 0.922481 0.20155
3319 120 26 0.930233 0.20155
3320 121 26 0.937984 0.20155
3321 122 26 0.945736 0.20155
3322 123 26 0.953488 0.20155
3323 124 26 0.96124 0.20155
3324 125 26 0.968992 0.20155
3325 126 26 0.976744 0.20155
3326 127 26 0.984496 0.20155
3327 128 26 0.992248 0.20155
3328 1 27 0.00775194 0.209302
3329 2 27 0.0155039 0.209302
3330 3 27 0.0232558 0.209302
3331 4 27 0.0310078 0.209302
3332 5 27 0.0387597 0.209302
3333 6 27 0.0465116 0.209302
3334 7 27 0.0542636 0.209302
3335 8 27 0.0620155 0.209302
3336 9 27 0.0697674 0.209302
3337 10 27 0.0775194 0.209302
3338 11 27 0.0852713 0.209302
3339 12 27 0.0930233 0.209302
3340 13 27 0.100775 0.209302
3341 14 27 0.108527 0.209302
3342 15 27 0.116279 0.209302
3343 16 27 0.124031 0.209302
3344 17 27 0.131783 0.209302
3345 18 27 0.139535 0.209302
3346 19 27 0.147287 0.209302
3347 20 27 0.155039 0.209302
3348 21 27 0.162791 0.209302
3349 22 27 0.170543 0.209302
3350 23 27 0.178295 0.209302
3351 24 27 0.186047 0.209302
3352 25 27 0.193798 0.209302
3353 26 27 0.20155 0.209302
3354 27 27 0.209302 0.209302
3355 28 27 0.217054 0.209302
3356 29 27 0.224806 0.209302
3357 30 27 0.232558 0.209302
3358 31 27 0.24031 0.209302
3359 32 27 0.248062 0.209302
3360 33 27 0.255814 0.209302
3361 34 27 0.263566 0.209302
3362 35 27 0.271318 0.209302
3363 36 27 0.27907 0.209302
3364 37 27 0.286822 0.209302
3365 38 27 0.294574 0.209302
3366 39 27 0.302326 0.209302
3367 40 27 0.310078 0.209302
3368 41 27 0.317829 0.209302
3369 42 27 0.325581 0.209302
3370 43 27 0.333333 0.209302
3371 44 27 0.341085 0.209302
3372 45 27 0.348837 0.209302
3373 46 27 0.356589 0.209302
3374 47 27 0.364341 0.209302
3375 48 27 0.372093 0.209302
3376 49 27 0.379845 0.209302
3377 50 27 0.387597 0.209302
3378 51 27 0.395349 0.209302
3379 52 27 0.403101 0.209302
3380 53 27 0.410853 0.209302
3381 54 27 0.418605 0.209302
3382 55 27 0.426357 0.209302
3383 56 27 0.434109 0.209302
3384 57 27 0.44186 0.209302
3385 58 27 0.449612 0.209302
3386 59 27 0.457364 0.209302
3387 60 27 0.465116 0.209302
3388 61 27 0.472868 0.209302
3389 62 27 0.48062 0.209302
3390 63 27 0.488372 0.209302
3391 64 27 0.496124 0.209302
3392 65 27 0.503876 0.209302
3393 66 27 0.511628 0.209302
3394 67 27 0.51938 0.209302
3395 68 27 0.527132 0.209302
3396 69 27 0.534884 0.209302
3397 70 27 0.542636 0.209302
3398 71 27 0.550388 0.209302
3399 72 27 0.55814 0.209302
3400 73 27 0.565891 0.209302
3401 74 27 0.573643 0.209302
3402 75 27 0.581395 0.209302
3403 76 27 0.589147 0.209302
3404 77 27 0.596899 0.209302
3405 78 27 0.604651 0.209302
3406 79 27 0.612403 0.209302
3407 80 27 0.620155 0.209302
3408 81 27 0.627907 0.209302
3409 82 27 0.635659 0.209302
3410 83 27 0.643411 0.209302
3411 84 27 0.651163 0.209302
3412 85 27 0.658915 0.209302
3413 86 27 0.666667 0.209302
3414 87 27 0.674419 0.209302
3415 88 27 0.682171 0.209302
3416 89 27 0.689922 0.209302
3417 90 27 0.697674 0.209302
3418 91 27 0.705426 0.209302
3419 92 27 0.713178 0.209302
3420 93 27 0.72093 0.209302
3421 94 27 0.728682 0.209302
3422 95 27 0.736434 0.209302
3423 96 27 0.744186 0.209302
3424 97 27 0.751938 0.209302
3425 98 27 0.75969 0.209302
3426 99 27 0.767442 0.209302
3427 100 27 0.775194 0.209302
3428 101 27 0.782946 0.209302
3429 102 27 0.790698 0.209302
3430 103 27 0.79845 0.209302
3431 104 27 0.806202 0.209302
3432 105 27 0.813953 0.209302
3433 106 27 0.821705 0.209302
3434 107 27 0.829457 0.209302
3435 108 27 0.837209 0.209302
3436 109 27 0.844961 0.209302
3437 110 27 0.852713 0.209302
3438 111 27 0.860465 0.209302
3439 112 27 0.868217 0.209302
3440 113 27 0.875969 0.209302
3441 114 27 0.883721 0.209302
3442 115 27 0.891473 0.209302
3443 116 27 0.899225 0.209302
3444 117 27 0.906977 0.209302
3445 118 27 0.914729 0.209302
3446 119 27 0.922481 0.209302
3447 120 27 0.930233 0.209302
3448 121 27 0.937984 0.209302
3449 122 27 0.945736 0.209302
3450 123 27 0.953488 0.209302
3451 124 27 0.96124 0.209302
3452 125 27 0.968992 0.209302
3453 126 27 0.976744 0.209302
3454 127 27 0.984496 0.209302
3455 128 27 0.992248 0.209302
3456 1 28 0.00775194 0.217054
3457 2 28 0.0155039 0.217054
3458 3 28 0.0232558 0.217054
3459 4 28 0.0310078 0.217054
3460 5 28 0.0387597 0.217054
3461 6 28 0.0465116 0.217054
3462 7 28 0.0542636 0.217054
3463 8 28 0.0620155 0.217054
3464 9 28 0.0697674 0.217054
3465 10 28 0.0775194 0.217054
3466 11 28 0.0852713 0.217054
3467 12 28 0.0930233 0.217054
3468 13 28 0.100775 0.217054
3469 14 28 0.108527 0.217054
3470 15 28 0.116279 0.217054
3471 16 28 0.124031 0.217054
3472 17 28 0.131783 0.217054
3473 18 28 0.139535 0.217054
3474 19 28 0.147287 0.217054
3475 20 28 0.155039 0.217054
3476 21 28 0.162791 0.217054
3477 22 28 0.170543 0.217054
3478 23 28 0.178295 0.217054
3479 24 28 0.186047 0.217054
3480 25 28 0.193798 0.217054
3481 26 28 0.20155 0.217054
3482 27 28 0.209302 0.217054
3483 28 28 0.217054 0.217054
3484 29 28 0.224806 0.217054
3485 30 28 0.232558 0.217054
3486 31 28 0.24031 0.217054
3487 32 28 0.248062 0.217054
3488 33 28 0.255814 0.217054
3489 34 28 0.263566 0.217054
3490 35 28 0.271318 0.217054
3491 36 28 0.27907 0.217054
3492 37 28 0.286822 0.217054
3493 38 28 0.294574 0.217054
3494 39 28 0.302326 0.217054
3495 40 28 0.310078 0.217054
3496 41 28 0.317829 0.217054
3497 42 28 0.325581 0.217054
3498 43 28 0.333333 0.217054
3499 44 28 0.341085 0.217054
3500 45 28 0.348837 0.217054
3501 46 28 0.356589 0.217054
3502 47 28 0.364341 0.217054
3503 48 28 0.372093 0.217054
3504 49 28 0.379845 0.217054
3505 50 28 0.387597 0.217054
3506 51 28 0.395349 0.217054
3507 52 28 0.403101 0.217054
3508 53 28 0.410853 0.217054
3509 54 28 0.418605 0.217054
3510 55 28 0.426357 0.217054
3511 56 28 0.434109 0.217054
3512 57 28 0.44186 0.217054
3513 58 28 0.449612 0.217054
3514 59 28 0.457364 0.217054
3515 60 28 0.465116 0.217054
3516 61 28 0.472868 0.217054
3517 62 28 0.48062 0.217054
3518 63 28 0.488372 0.217054
3519 64 28 0.496124 0.217054
3520 65 28 0.503876 0.217054
3521 66 28 0.511628 0.217054
3522 67 28 0.51938 0.217054
3523 68 28 0.527132 0.217054
3524 69 28 0.534884 0.217054
3525 70 28 0.542636 0.217054
3526 71 28 0.550388 0.217054
3527 72 28 0.55814 0.217054
3528 73 28 0.565891 0.217054
3529 74 28 0.573643 0.217054
3530 75 28 0.581395 0.217054
3531 76 28 0.589147 0.217054
3532 77 28 0.596899 0.217054
3533 78 28 0.604651 0.217054
3534 79 28 0.612403 0.217054
3535 80 28 0.620155 0.217054
3536 81 28 0.627907 0.217054
3537 82 28 0.635659 0.217054
3538 83 28 0.643411 0.217054
3539 84 28 0.651163 0.217054
3540 85 28 0.658915 0.217054
3541 86 28 0.666667 0.217054
3542 87 28 0.674419 0.217054
3543 88 28 0.682171 0.217054
3544 89 28 0.689922 0.217054
3545 90 28 0.697674 0.217054
3546 91 28 0.705426 0.217054
3547 92 28 0.713178 0.217054
3548 93 28 0.72093 0.217054
3549 94 28 0.728682 0.217054
3550 95 28 0.736434 0.217054
3551 96 28 0.744186 0.217054
3552 97 28 0.751938 0.217054
3553 98 28 0.75969 0.217054
3554 99 28 0.767442 0.217054
3555 100 28 0.775194 0.217054
3556 101 28 0.782946 0.217054
3557 102 28 0.790698 0.217054
3558 103 28 0.79845 0.217054
3559 104 28 0.806202 0.217054
3560 105 28 0.813953 0.217054
3561 106 28 0.821705 0.217054
3562 107 28 0.829457 0.217054
3563 108 28 0.837209 0.217054
3564 109 28 0.844961 0.217054
3565 110 28 0.852713 0.217054
3566 111 28 0.860465 0.217054
3567 112 28 0.868217 0.217054
3568 113 28 0.875969 0.217054
3569 114 28 0.883721 0.217054
3570 115 28 0.891473 0.217054
3571 116 28 0.899225 0.217054
3572 117 28 0.906977 0.217054
3573 118 28 0.914729 0.217054
3574 119 28 0.922481 0.217054
3575 120 28 0.930233 0.217054
3576 121 28 0.937984 0.217054
3577 122 28 0.945736 0.217054
3578 123 28 0.953488 0.217054
3579 124 28 0.96124 0.217054
3580 125 28 0.968992 0.217054
3581 126 28 0.976744 0.217054
3582 127 28 0.984496 0.217054
3583 128 28 0.992248 0.217054
3584 1 29 0.00775194 0.224806
3585 2 29 0.0155039 0.224806
3586 3 29 0.0232558 0.224806
3587 4 29 0.0310078 0.224806
3588 5 29 0.0387597 0.224806
3589 6 29 0.0465116 0.224806
3590 7 29 0.0542636 0.224806
3591 8 29 0.0620155 0.224806
3592 9 29 0.0697674 0.224806
3593 10 29 0.0775194 0.224806
3594 11 29 0.0852713 0.224806
3595 12 29 0.0930233 0.224806
3596 13 29 0.100775 0.224806
3597 14 29 0.108527 0.224806
3598 15 29 0.116279 0.224806
3599 16 29 0.124031 0.224806
3600 17 29 0.131783 0.224806
3601 18 29 0.139535 0.224806
3602 19 29 0.147287 0.224806
3603 20 29 0.155039 0.224806
3604 21 29 0.162791 0.224806
3605 22 29 0.170543 0.224806
3606 23 29 0.178295 0.224806
3607 24 29 0.186047 0.224806
3608 25 29 0.193798 0.224806
3609 26 29 0.20155 0.224806
3610 27 29 0.209302 0.224806
3611 28 29 0.217054 0.224806
3612 29 29 0.224806 0.224806
3613 30 29 0.232558 0.224806
3614 31 29 0.24031 0.224806
3615 32 29 0.248062 0.224806
3616 33 29 0.255814 0.224806
3617 34 29 0.263566 0.224806
3618 35 29 0.271318 0.224806
3619 36 29 0.27907 0.224806
3620 37 29 0.286822 0.224806
3621 38 29 0.294574 0.224806
3622 39 29 0.302326 0.224806
3623 40 29 0.310078 0.224806
3624 41 29 0.317829 0.224806
3625 42 29 0.325581 0.224806
3626 43 29 0.333333 0.224806
3627 44 29 0.341085 0.224806
3628 45 29 0.348837 0.224806
3629 46 29 0.356589 0.224806
3630 47 29 0.364341 0.224806
3631 48 29 0.372093 0.224806
3632 49 29 0.379845 0.224806
3633 50 29 0.387597 0.224806
3634 51 29 0.395349 0.224806
3635 52 29 0.403101 0.224806
3636 53 29 0.410853 0.224806
3637 54 29 0.418605 0.224806
3638 55 29 0.426357 0.224806
3639 56 29 0.434109 0.224806
3640 57 29 0.44186 0.224806
3641 58 29 0.449612 0.224806
3642 59 29 0.457364 0.224806
3643 60 29 0.465116 0.224806
3644 61 29 0.472868 0.224806
3645 62 29 0.48062 0.224806
3646 63 29 0.488372 0.224806
3647 64 29 0.496124 0.224806
3648 65 29 0.503876 0.224806
3649 66 29 0.511628 0.224806
3650 67 29 0.51938 0.224806
3651 68 29 0.527132 0.224806
3652 69 29 0.534884 0.224806
3653 70 29 0.542636 0.224806
3654 71 29 0.550388 0.224806
3655 72 29 0.55814 0.224806
3656 73 29 0.565891 0.224806
3657 74 29 0.573643 0.224806
3658 75 29 0.581395 0.224806
3659 76 29 0.589147 0.224806
3660 77 29 0.596899 0.224806
3661 78 29 0.604651 0.224806
3662 79 29 0.612403 0.224806
3663 80 29 0.620155 0.224806
3664 81 29 0.627907 0.224806
3665 82 29 0.635659 0.224806
3666 83 29 0.643411 0.224806
3667 84 29 0.651163 0.224806
3668 85 29 0.658915 0.224806
3669 86 29 0.666667 0.224806
3670 87 29 0.674419 0.224806
3671 88 29 0.682171 0.224806
3672 89 29 0.689922 0.224806
3673 90 29 0.697674 0.224806
3674 91 29 0.705426 0.224806
3675 92 29 0.713178 0.224806
3676 93 29 0.72093 0.224806
3677 94 29 0.728682 0.224806
3678 95 29 0.736434 0.224806
3679 96 29 0.744186 0.224806
3680 97 29 0.751938 0.224806
3681 98 29 0.75969 0.224806
3682 99 29 0.767442 0.224806
3683 100 29 0.775194 0.224806
3684 101 29 0.782946 0.224806
3685 102 29 0.790698 0.224806
3686 103 29 0.79845 0.224806
3687 104 29 0.806202 0.224806
3688 105 29 0.813953 0.224806
3689 106 29 0.821705 0.224806
3690 107 29 0.829457 0.224806
3691 108 29 0.837209 0.224806
3692 109 29 0.844961 0.224806
3693 110 29 0.852713 0.224806
3694 111 29 0.860465 0.224806
3695 112 29 0.868217 0.224806
3696 113 29 0.875969 0.224806
3697 114 29 0.883721 0.224806
3698 115 29 0.891473 0.224806
3699 116 29 0.899225 0.224806
3700 117 29 0.906977 0.224806
3701 118 29 0.914729 0.224806
3702 119 29 0.922481 0.224806
3703 120 29 0.930233 0.224806
3704 121 29 0.937984 0.224806
3705 122 29 0.945736 0.224806
3706 123 29 0.953488 0.224806
3707 124 29 0.96124 0.224806
3708 125 29 0.968992 0.224806
3709 126 29 0.976744 0.224806
3710 127 29 0.984496 0.224806
3711 128 29 0.992248 0.224806
3712 1 30 0.00775194 0.232558
3713 2 30 0.0155039 0.232558
3714 3 30 0.0232558 0.232558
3715 4 30 0.0310078 0.232558
3716 5 30 0.0387597 0.232558
3717 6 30 0.0465116 0.232558
3718 7 30 0.0542636 0.232558
3719 8 30 0.0620155 0.232558
3720 9 30 0.0697674 0.232558
3721 10 30 0.0775194 0.232558
3722 11 30 0.0852713 0.232558
3723 12 30 0.0930233 0.232558
3724 13 30 0.100775 0.232558
3725 14 30 0.108527 0.232558
3726 15 30 0.116279 0.232558
3727 16 30 0.124031 0.232558
3728 17 30 0.131783 0.232558
3729 18 30 0.139535 0.232558
3730 19 30 0.147287 0.232558
3731 20 30 0.155039 0.232558
3732 21 30 0.162791 0.232558
3733 22 30 0.170543 0.232558
3734 23 30 0.178295 0.232558
3735 24 30 0.186047 0.232558
3736 25 30 0.193798 0.232558
3737 26 30 0.20155 0.232558
3738 27 30 0.209302 0.232558
3739 28 30 0.217054 0.232558
3740 29 30 0.224806 0.232558
3741 30 30 0.232558 0.232558
3742 31 30 0.24031 0.232558
3743 32 30 0.248062 0.232558
3744 33 30 0.255814 0.232558
3745 34 30 0.263566 0.232558
3746 35 30 0.271318 0.232558
3747 36 30 0.27907 0.232558
3748 37 30 0.286822 0.232558
3749 38 30 0.294574 0.232558
3750 39 30 0.302326 0.232558
3751 40 30 0.310078 0.232558
3752 41 30 0.317829 0.232558
3753 42 30 0.325581 0.232558
3754 43 30 0.333333 0.232558
3755 44 30 0.341085 0.232558
3756 45 30 0.348837 0.232558
3757 46 30 0.356589 0.232558
3758 47 30 0.364341 0.232558
3759 48 30 0.372093 0.232558
3760 49 30 0.379845 0.232558
3761 50 30 0.387597 0.232558
3762 51 30 0.395349 0.232558
3763 52 30 0.403101 0.232558
3764 53 30 0.410853 0.232558
3765 54 30 0.418605 0.232558
3766 55 30 0.426357 0.232558
3767 56 30 0.434109 0.232558
3768 57 30 0.44186 0.232558
3769 58 30 0.449612 0.232558
3770 59 30 0.457364 0.232558
3771 60 30 0.465116 0.232558
3772 61 30 0.472868 0.232558
3773 62 30 0.48062 0.232558
3774 63 30 0.488372 0.232558
3775 64 30 0.496124 0.232558
3776 65 30 0.503876 0.232558
3777 66 30 0.511628 0.232558
3778 67 30 0.51938 0.232558
3779 68 30 0.527132 0.232558
3780 69 30 0.534884 0.232558
3781 70 30 0.542636 0.232558
3782 71 30 0.550388 0.232558
3783 72 30 0.55814 0.232558
3784 73 30 0.565891 0.232558
3785 74 30 0.573643 0.232558
3786 75 30 0.581395 0.232558
3787 76 30 0.589147 0.232558
3788 77 30 0.596899 0.232558
3789 78 30 0.604651 0.232558
3790 79 30 0.612403 0.232558
3791 80 30 0.620155 0.232558
3792 81 30 0.627907 0.232558
3793 82 30 0.635659 0.232558
3794 83 30 0.643411 0.232558
3795 84 30 0.651163 0.232558
3796 85 30 0.658915 0.232558
3797 86 30 0.666667 0.232558
3798 87 30 0.674419 0.232558
3799 88 30 0.682171 0.232558
3800 89 30 0.689922 0.232558
3801 90 30 0.697674 0.232558
3802 91 30 0.705426 0.232558
3803 92 30 0.713178 0.232558
3804 93 30 0.72093 0.232558
3805 94 30 0.728682 0.232558
3806 95 30 0.736434 0.232558
3807 96 30 0.744186 0.232558
3808 97 30 0.751938 0.232558
3809 98 30 0.75969 0.232558
3810 99 30 0.767442 0.232558
3811 100 30 0.775194 0.232558
3812 101 30 0.782946 0.232558
3813 102 30 0.790698 0.232558
3814 103 30 0.79845 0.232558
3815 104 30 0.806202 0.232558
3816 105 30 0.813953 0.232558
3817 106 30 0.821705 0.232558
3818 107 30 0.829457 0.232558
3819 108 30 0.837209 0.232558
3820 109 30 0.844961 0.232558
3821 110 30 0.852713 0.232558
3822 111 30 0.860465 0.232558
3823 112 30 0.868217 0.232558
3824 113 30 0.875969 0.232558
3825 114 30 0.883721 0.232558
3826 115 30 0.891473 0.232558
3827 116 30 0.899225 0.232558
3828 117 30 0.906977 0.232558
3829 118 30 0.914729 0.232558
3830 119 30 0.922481 0.232558
3831 120 30 0.930233 0.232558
3832 121 30 0.937984 0.232558
3833 122 30 0.945736 0.232558
3834 123 30 0.953488 0.232558
3835 124 30 0.96124 0.232558
3836 125 30 0.968992 0.232558
3837 126 30 0.976744 0.232558
3838 127 30 0.984496 0.232558
3839 128 30 0.992248 0.232558
3840 1 31 0.00775194 0.24031
3841 2 31 0.0155039 0.24031
3842 3 31 0.0232558 0.24031
3843 4 31 0.0310078 0.24031
3844 5 31 0.0387597 0.24031
3845 6 31 0.0465116 0.24031
3846 7 31 0.0542636 0.24031
3847 8 31 0.0620155 0.24031
3848 9 31 0.0697674 0.24031
3849 10 31 0.0775194 0.24031
3850 11 31 0.0852713 0.24031
3851 12 31 0.0930233 0.24031
3852 13 31 0.100775 0.24031
3853 14 31 0.108527 0.24031
3854 15 31 0.116279 0.24031
3855 16 31 0.124031 0.24031
3856 17 31 0.131783 0.24031
3857 18 31 0.139535 0.24031
3858 19 31 0.147287 0.24031
3859 20 31 0.155039 0.24031
3860 21 31 0.162791 0.24031
3861 22 31 0.170543 0.24031
3862 23 31 0.178295 0.24031
3863 24 31 0.186047 0.24031
3864 25 31 0.193798 0.24031
3865 26 31 0.20155 0.24031
3866 27 31 0.209302 0.24031
3867 28 31 0.217054 0.24031
3868 29 31 0.224806 0.24031
3869 30 31 0.232558 0.24031
3870 31 31 0.24031 0.24031
3871 32 31 0.248062 0.24031
3872 33 31 0.255814 0.24031
3873 34 31 0.263566 0.24031
3874 35 31 0.271318 0.24031
3875 36 31 0.27907 0.24031
3876 37 31 0.286822 0.24031
3877 38 31 0.294574 0.24031
3878 39 31 0.302326 0.24031
3879 40 31 0.310078 0.24031
3880 41 31 0.317829 0.24031
3881 42 31 0.325581 0.24031
3882 43 31 0.333333 0.24031
3883 44 31 0.341085 0.24031
3884 45 31 0.348837 0.24031
3885 46 31 0.356589 0.24031
3886 47 31 0.364341 0.24031
3887 48 31 0.372093 0.24031
3888 49 31 0.379845 0.24031
3889 50 31 0.387597 0.24031
3890 51 31 0.395349 0.24031
3891 52 31 0.403101 0.24031
3892 53 31 0.410853 0.24031
3893 54 31 0.418605 0.24031
3894 55 31 0.426357 0.24031
3895 56 31 0.434109 0.24031
3896 57 31 0.44186 0.24031
3897 58 31 0.449612 0.24031
3898 59 31 0.457364 0.24031
3899 60 31 0.465116 0.24031
3900 61 31 0.472868 0.24031
3901 62 31 0.48062 0.24031
3902 63 31 0.488372 0.24031
3903 64 31 0.496124 0.24031
3904 65 31 0.503876 0.24031
3905 66 31 0.511628 0.24031
3906 67 31 0.51938 0.24031
3907 68 31 0.527132 0.24031
3908 69 31 0.534884 0.24031
3909 70 31 0.542636 0.24031
3910 71 31 0.550388 0.24031
3911 72 31 0.55814 0.24031
3912 73 31 0.565891 0.24031
3913 74 31 0.573643 0.24031
3914 75 31 0.581395 0.24031
3915 76 31 0.589147 0.24031
3916 77 31 0.596899 0.24031
3917 78 31 0.604651 0.24031
3918 79 31 0.612403 0.24031
3919 80 31 0.620155 0.24031
3920 81 31 0.627907 0.24031
3921 82 31 0.635659 0.24031
3922 83 31 0.643411 0.24031
3923 84 31 0.651163 0.24031
3924 85 31 0.658915 0.24031
3925 86 31 0.666667 0.24031
3926 87 31 0.674419 0.24031
3927 88 31 0.682171 0.24031
3928 89 31 0.689922 0.24031
3929 90 31 0.697674 0.24031
3930 91 31 0.705426 0.24031
3931 92 31 0.713178 0.24031
3932 93 31 0.72093 0.24031
3933 94 31 0.728682 0.24031
3934 95 31 0.736434 0.24031
3935 96 31 0.744186 0.24031
3936 97 31 0.751938 0.24031
3937 98 31 0.75969 0.24031
3938 99 31 0.767442 0.24031
3939 100 31 0.775194 0.24031
3940 101 31 0.782946 0.24031
3941 102 31 0.790698 0.24031
3942 103 31 0.79845 0.24031
3943 104 31 0.806202 0.24031
3944 105 31 0.813953 0.24031
3945 106 31 0.821705 0.24031
3946 107 31 0.829457 0.24031
3947 108 31 0.837209 0.24031
3948 109 31 0.844961 0.24031
3949 110 31 0.852713 0.24031
3950 111 31 0.860465 0.24031
3951 112 31 0.868217 0.24031
3952 113 31 0.875969 0.24031
3953 114 31 0.883721 0.24031
3954 115 31 0.891473 0.24031
3955 116 31 0.899225 0.24031
3956 117 31 0.906977 0.24031
3957 118 31 0.914729 0.24031
3958 119 31 0.922481 0.24031
3959 120 31 0.930233 0.24031
3960 121 31 0.937984 0.24031
3961 122 31 0.945736 0.24031
3962 123 31 0.953488 0.24031
3963 124 31 0.96124 0.24031
3964 125 31 0.968992 0.24031
3965 126 31 0.976744 0.24031
3966 127 31 0.984496 0.24031
3967 128 31 0.992248 0.24031
3968 1 32 0.00775194 0.248062
3969 2 32 0.0155039 0.248062
3970 3 32 0.0232558 0.248062
3971 4 32 0.0310078 0.248062
3972 5 32 0.0387597 0.248062
3973 6 32 0.0465116 0.248062
3974 7 32 0.0542636 0.248062
3975 8 32 0.0620155 0.248062
3976 9 32 0.0697674 0.248062
3977 10 32 0.0775194 0.248062
3978 11 32 0.0852713 0.248062
3979 12 32 0.0930233 0.248062
3980 13 32 0.100775 0.248062
3981 14 32 0.108527 0.248062
3982 15 32 0.116279 0.248062
3983 16 32 0.124031 0.248062
3984 17 32 0.131783 0.248062
3985 18 32 0.139535 0.248062
3986 19 32 0.147287 0.248062
3987 20 32 0.155039 0.248062
3988 21 32 0.162791 0.248062
3989 22 32 0.170543 0.248062
3990 23 32 0.178295 0.248062
3991 24 32 0.186047 0.248062
3992 25 32 0.193798 0.248062
3993 26 32 0.20155 0.248062
3994 27 32 0.209302 0.248062
3995 28 32 0.217054 0.248062
3996 29 32 0.224806 0.248062
3997 30 32 0.232558 0.248062
3998 31 32 0.24031 0.248062
3999 32 32 0.248062 0.248062
4000 33 32 0.255814 0.248062
4001 34 32 0.263566 0.248062
4002 35 32 0.271318 0.248062
4003 36 32 0.27907 0.248062
4004 37 32 0.286822 0.248062
4005 38 32 0.294574 0.248062
4006 39 32 0.302326 0.248062
4007 40 32 0.310078 0.248062
4008 41 32 0.317829 0.248062
4009 42 32 0.325581 0.248062
4010 43 32 0.333333 0.248062
4011 44 32 0.341085 0.248062
4012 45 32 0.348837 0.248062
4013 46 32 0.356589 0.248062
4014 47 32 0.364341 0.248062
4015 48 32 0.372093 0.248062
4016 49 32 0.379845 0.248062
4017 50 32 0.387597 0.248062
4018 51 32 0.395349 0.248062
4019 52 32 0.403101 0.248062
4020 53 32 0.410853 0.248062
4021 54 32 0.418605 0.248062
4022 55 32 0.426357 0.248062
4023 56 32 0.434109 0.248062
4024 57 32 0.44186 0.248062
4025 58 32 0.449612 0.248062
4026 59 32 0.457364 0.248062
4027 60 32 0.465116 0.248062
4028 61 32 0.472868 0.248062
4029 62 32 0.48062 0.248062
4030 63 32 0.488372 0.248062
4031 64 32 0.496124 0.248062
4032 65 32 0.503876 0.248062
4033 66 32 0.511628 0.248062
4034 67 32 0.51938 0.248062
4035 68 32 0.527132 0.248062
4036 69 32 0.534884 0.248062
4037 70 32 0.542636 0.248062
4038 71 32 0.550388 0.248062
4039 72 32 0.55814 0.248062
4040 73 32 0.565891 0.248062
4041 74 32 0.573643 0.248062
4042 75 32 0.581395 0.248062
4043 76 32 0.589147 0.248062
4044 77 32 0.596899 0.248062
4045 78 32 0.604651 0.248062
4046 79 32 0.612403 0.248062
4047 80 32 0.620155 0.248062
4048 81 32 0.627907 0.248062
4049 82 32 0.635659 0.248062
4050 83 32 0.643411 0.248062
4051 84 32 0.651163 0.248062
4052 85 32 0.658915 0.248062
4053 86 32 0.666667 0.248062
4054 87 32 0.674419 0.248062
4055 88 32 0.682171 0.248062
4056 89 32 0.689922 0.248062
4057 90 32 0.697674 0.248062
4058 91 32 0.705426 0.248062
4059 92 32 0.713178 0.248062
4060 93 32 0.72093 0.248062
4061 94 32 0.728682 0.248062
4062 95 32 0.736434 0.248062
4063 96 32 0.744186 0.248062
4064 97 32 0.751938 0.248062
4065 98 32 0.75969 0.248062
4066 99 32 0.767442 0.248062
4067 100 32 0.775194 0.248062
4068 101 32 0.782946 0.248062
4069 102 32 0.790698 0.248062
4070 103 32 0.79845 0.248062
4071 104 32 0.806202 0.248062
4072 105 32 0.813953 0.248062
4073 106 32 0.821705 0.248062
4074 107 32 0.829457 0.248062
4075 108 32 0.837209 0.248062
4076 109 32 0.844961 0.248062
4077 110 32 0.852713 0.248062
4078 111 32 0.860465 0.248062
4079 112 32 0.868217 0.248062
4080 113 32 0.875969 0.248062
4081 114 32 0.883721 0.248062
4082 115 32 0.891473 0.248062
4083 116 32 0.899225 0.248062
4084 117 32 0.906977 0.248062
4085 118 32 0.914729 0.248062
4086 119 32 0.922481 0.248062
4087 120 32 0.930233 0.248062
4088 121 32 0.937984 0.248062
4089 122 32 0.945736 0.248062
4090 123 32 0.953488 0.248062
4091 124 32 0.96124 0.248062
4092 125 32 0.968992 0.248062
4093 126 32 0.976744 0.248062
4094 127 32 0.984496 0.248062
4095 128 32 0.992248 0.248062
4096 1 33 0.00775194 0.255814
4097 2 33 0.0155039 0.255814
4098 3 33 0.0232558 0.255814
4099 4 33 0.0310078 0.255814
4100 5 33 0.0387597 0.255814
4101 6 33 0.0465116 0.255814
4102 7 33 0.0542636 0.255814
4103 8 33 0.0620155 0.255814
4104 9 33 0.0697674 0.255814
4105 10 33 0.0775194 0.255814
4106 11 33 0.0852713 0.255814
4107 12 33 0.0930233 0.255814
4108 13 33 0.100775 0.255814
4109 14 33 0.108527 0.255814
4110 15 33 0.116279 0.255814
4111 16 33 0.124031 0.255814
4112 17 33 0.131783 0.255814
4113 18 33 0.139535 0.255814
4114 19 33 0.147287 0.255814
4115 20 33 0.155039 0.255814
4116 21 33 0.162791 0.255814
4117 22 33 0.170543 0.255814
4118 23 33 0.178295 0.255814
4119 24 33 0.186047 0.255814
4120 25 33 0.193798 0.255814
4121 26 33 0.20155 0.255814
4122 27 33 0.209302 0.255814
4123 28 33 0.217054 0.255814
4124 29 33 0.224806 0.255814
4125 30 33 0.232558 0.255814
4126 31 33 0.24031 0.255814
4127 32 33 0.248062 0.255814
4128 33 33 0.255814 0.255814
4129 34 33 0.263566 0.255814
4130 35 33 0.271318 0.255814
4131 36 33 0.27907 0.255814
4132 37 33 0.286822 0.255814
4133 38 33 0.294574 0.255814
4134 39 33 0.302326 0.255814
4135 40 33 0.310078 0.255814
4136 41 33 0.317829 0.255814
4137 42 33 0.325581 0.255814
4138 43 33 0.333333 0.255814
4139 44 33 0.341085 0.255814
4140 45 33 0.348837 0.255814
4141 46 33 0.356589 0.255814
4142 47 33 0.364341 0.255814
4143 48 33 0.372093 0.255814
4144 49 33 0.379845 0.255814
4145 50 33 0.387597 0.255814
4146 51 33 0.395349 0.255814
4147 52 33 0.403101 0.255814
4148 53 33 0.410853 0.255814
4149 54 33 0.418605 0.255814
4150 55 33 0.426357 0.255814
4151 56 33 0.434109 0.255814
4152 57 33 0.44186 0.255814
4153 58 33 0.449612 0.255814
4154 59 33 0.457364 0.255814
4155 60 33 0.465116 0.255814
4156 61 33 0.472868 0.255814
4157 62 33 0.48062 0.255814
4158 63 33 0.488372 0.255814
4159 64 33 0.496124 0.255814
4160 65 33 0.503876 0.255814
4161 66 33 0.511628 0.255814
4162 67 33 0.51938 0.255814
4163 68 33 0.527132 0.255814
4164 69 33 0.534884 0.255814
4165 70 33 0.542636 0.255814
4166 71 33 0.550388 0.255814
4167 72 33 0.55814 0.255814
4168 73 33 0.565891 0.255814
4169 74 33 0.573643 0.255814
4170 75 33 0.581395 0.255814
4171 76 33 0.589147 0.255814
4172 77 33 0.596899 0.255814
4173 78 33 0.604651 0.255814
4174 79 33 0.612403 0.255814
4175 80 33 0.620155 0.255814
4176 81 33 0.627907 0.255814
4177 82 33 0.635659 0.255814
4178 83 33 0.643411 0.255814
4179 84 33 0.651163 0.255814
4180 85 33 0.658915 0.255814
4181 86 33 0.666667 0.255814
4182 87 33 0.674419 0.255814
4183 88 33 0.682171 0.255814
4184 89 33 0.689922 0.255814
4185 90 33 0.697674 0.255814
4186 91 33 0.705426 0.255814
4187 92 33 0.713178 0.255814
4188 93 33 0.72093 0.255814
4189 94 33 0.728682 0.255814
4190 95 33 0.736434 0.255814
4191 96 33 0.744186 0.255814
4192 97 33 0.751938 0.255814
4193 98 33 0.75969 0.255814
4194 99 33 0.767442 0.255814
4195 100 33 0.775194 0.255814
4196 101 33 0.782946 0.255814
4197 102 33 0.790698 0.255814
4198 103 33 0.79845 0.255814
4199 104 33 0.806202 0.255814
4200 105 33 0.813953 0.255814
4201 106 33 0.821705 0.255814
4202 107 33 0.829457 0.255814
4203 108 33 0.837209 0.255814
4204 109 33 0.844961 0.255814
4205 110 33 0.852713 0.255814
4206 111 33 0.860465 0.255814
4207 112 33 0.868217 0.255814
4208 113 33 0.875969 0.255814
4209 114 33 0.883721 0.255814
4210 115 33 0.891473 0.255814
4211 116 33 0.899225 0.255814
4212 117 33 0.906977 0.255814
4213 118 33 0.914729 0.255814
4214 119 33 0.922481 0.255814
4215 120 33 0.930233 0.255814
4216 121 33 0.937984 0.255814
4217 122 33 0.945736 0.255814
4218 123 33 0.953488 0.255814
4219 124 33 0.96124 0.255814
4220 125 33 0.968992 0.255814
4221 126 33 0.976744 0.255814
4222 127 33 0.984496 0.255814
4223 128 33 0.992248 0.255814
4224 1 34 0.00775194 0.263566
4225 2 34 0.0155039 0.263566
4226 3 34 0.0232558 0.263566
4227 4 34 0.0310078 0.263566
4228 5 34 0.0387597 0.263566
4229 6 34 0.0465116 0.263566
4230 7 34 0.0542636 0.263566
4231 8 34 0.0620155 0.263566
4232 9 34 0.0697674 0.263566
4233 10 34 0.0775194 0.263566
4234 11 34 0.0852713 0.263566
4235 12 34 0.0930233 0.263566
4236 13 34 0.100775 0.263566
4237 14 34 0.108527 0.263566
4238 15 34 0.116279 0.263566
4239 16 34 0.124031 0.263566
4240 17 34 0.131783 0.263566
4241 18 34 0.139535 0.263566
4242 19 34 0.147287 0.263566
4243 20 34 0.155039 0.263566
4244 21 34 0.162791 0.263566
4245 22 34 0.170543 0.263566
4246 23 34 0.178295 0.263566
4247 24 34 0.186047 0.263566
4248 25 34 0.193798 0.263566
4249 26 34 0.20155 0.263566
4250 27 34 0.209302 0.263566
4251 28 34 0.217054 0.263566
4252 29 34 0.224806 0.263566
4253 30 34 0.232558 0.263566
4254 31 34 0.24031 0.263566
4255 32 34 0.248062 0.263566
4256 33 34 0.255814 0.263566
4257 34 34 0.263566 0.263566
4258 35 34 0.271318 0.263566
4259 36 34 0.27907 0.263566
4260 37 34 0.286822 0.263566
4261 38 34 0.294574 0.263566
4262 39 34 0.302326 0.263566
4263 40 34 0.310078 0.263566
4264 41 34 0.317829 0.263566
4265 42 34 0.325581 0.263566
4266 43 34 0.333333 0.263566
4267 44 34 0.341085 0.263566
4268 45 34 0.348837 0.263566
4269 46 34 0.356589 0.263566
4270 47 34 0.364341 0.263566
4271 48 34 0.372093 0.263566
4272 49 34 0.379845 0.263566
4273 50 34 0.387597 0.263566
4274 51 34 0.395349 0.263566
4275 52 34 0.403101 0.263566
4276 53 34 0.410853 0.263566
4277 54 34 0.418605 0.263566
4278 55 34 0.426357 0.263566
4279 56 34 0.434109 0.263566
4280 57 34 0.44186 0.263566
4281 58 34 0.449612 0.263566
4282 59 34 0.457364 0.263566
4283 60 34 0.465116 0.263566
4284 61 34 0.472868 0.263566
4285 62 34 0.48062 0.263566
4286 63 34 0.488372 0.263566
4287 64 34 0.496124 0.263566
4288 65 34 0.503876 0.263566
4289 66 34 0.511628 0.263566
4290 67 34 0.51938 0.263566
4291 68 34 0.527132 0.263566
4292 69 34 0.534884 0.263566
4293 70 34 0.542636 0.263566
4294 71 34 0.550388 0.263566
4295 72 34 0.55814 0.263566
4296 73 34 0.565891 0.263566
4297 74 34 0.573643 0.263566
4298 75 34 0.581395 0.263566
4299 76 34 0.589147 0.263566
4300 77 34 0.596899 0.263566
4301 78 34 0.604651 0.263566
4302 79 34 0.612403 0.263566
4303 80 34 0.620155 0.263566
4304 81 34 0.627907 0.263566
4305 82 34 0.635659 0.263566
4306 83 34 0.643411 0.263566
4307 84 34 0.651163 0.263566
4308 85 34 0.658915 0.263566
4309 86 34 0.666667 0.263566
4310 87 34 0.674419 0.263566
4311 88 34 0.682171 0.263566
4312 89 34 0.689922 0.263566
4313 90 34 0.697674 0.263566
4314 91 34 0.705426 0.263566
4315 92 34 0.713178 0.263566
4316 93 34 0.72093 0.263566
4317 94 34 0.728682 0.263566
4318 95 34 0.736434 0.263566
4319 96 34 0.744186 0.263566
4320 97 34 0.751938 0.263566
4321 98 34 0.75969 0.263566
4322 99 34 0.767442 0.263566
4323 100 34 0.775194 0.263566
4324 101 34 0.782946 0.263566
4325 102 34 0.790698 0.263566
4326 103 34 0.79845 0.263566
4327 104 34 0.806202 0.263566
4328 105 34 0.813953 0.263566
4329 106 34 0.821705 0.263566
4330 107 34 0.829457 0.263566
4331 108 34 0.837209 0.263566
4332 109 34 0.844961 0.263566
4333 110 34 0.852713 0.263566
4334 111 34 0.860465 0.263566
4335 112 34 0.868217 0.263566
4336 113 34 0.875969 0.263566
4337 114 34 0.883721 0.263566
4338 115 34 0.891473 0.263566
4339 116 34 0.899225 0.263566
4340 117 34 0.906977 0.263566
4341 118 34 0.914729 0.263566
4342 119 34 0.922481 0.263566
4343 120 34 0.930233 0.263566
4344 121 34 0.937984 0.263566
4345 122 34 0.945736 0.263566
4346 123 34 0.953488 0.263566
4347 124 34 0.96124 0.263566
4348 125 34 0.968992 0.263566
4349 126 34 0.976744 0.263566
4350 127 34 0.984496 0.263566
4351 128 34 0.992248 0.263566
4352 1 35 0.00775194 0.271318
4353 2 35 0.0155039 0.271318
4354 3 35 0.0232558 0.271318
4355 4 35 0.0310078 0.271318
4356 5 35 0.0387597 0.271318
4357 6 35 0.0465116 0.271318
4358 7 35 0.0542636 0.271318
4359 8 35 0.0620155 0.271318
4360 9 35 0.0697674 0.271318
4361 10 35 0.0775194 0.271318
4362 11 35 0.0852713 0.271318
4363 12 35 0.0930233 0.271318
4364 13 35 0.100775 0.271318
4365 14 35 0.108527 0.271318
4366 15 35 0.116279 0.271318
4367 16 35 0.124031 0.271318
4368 17 35 0.131783 0.271318
4369 18 35 0.139535 0.271318
4370 19 35 0.147287 0.271318
4371 20 35 0.155039 0.271318
4372 21 35 0.162791 0.271318
4373 22 35 0.170543 0.271318
4374 23 35 0.178295 0.271318
4375 24 35 0.186047 0.271318
4376 25 35 0.193798 0.271318
4377 26 35 0.20155 0.271318
4378 27 35 0.209302 0.271318
4379 28 35 0.217054 0.271318
4380 29 35 0.224806 0.271318
4381 30 35 0.232558 0.271318
4382 31 35 0.24031 0.271318
4383 32 35 0.248062 0.271318
4384 33 35 0.255814 0.271318
4385 34 35 0.263566 0.271318
4386 35 35 0.271318 0.271318
4387 36 35 0.27907 0.271318
4388 37 35 0.286822 0.271318
4389 38 35 0.294574 0.271318
4390 39 35 0.302326 0.271318
4391 40 35 0.310078 0.271318
4392 41 35 0.317829 0.271318
4393 42 35 0.325581 0.271318
4394 43 35 0.333333 0.271318
4395 44 35 0.341085 0.271318
4396 45 35 0.348837 0.271318
4397 46 35 0.356589 0.271318
4398 47 35 0.364341 0.271318
4399 48 35 0.372093 0.271318
4400 49 35 0.379845 0.271318
4401 50 35 0.387597 0.271318
4402 51 35 0.395349 0.271318
4403 52 35 0.403101 0.271318
4404 53 35 0.410853 0.271318
4405 54 35 0.418605 0.271318
4406 55 35 0.426357 0.271318
4407 56 35 0.434109 0.271318
4408 57 35 0.44186 0.271318
4409 58 35 0.449612 0.271318
4410 59 35 0.457364 0.271318
4411 60 35 0.465116 0.271318
4412 61 35 0.472868 0.271318
4413 62 35 0.48062 0.271318
4414 63 35 0.488372 0.271318
4415 64 35 0.496124 0.271318
4416 65 35 0.503876 0.271318
4417 66 35 0.511628 0.271318
4418 67 35 0.51938 0.271318
4419 68 35 0.527132 0.271318
4420 69 35 0.534884 0.271318
4421 70 35 0.542636 0.271318
4422 71 35 0.550388 0.271318
4423 72 35 0.55814 0.271318
4424 73 35 0.565891 0.271318
4425 74 35 0.573643 0.271318
4426 75 35 0.581395 0.271318
4427 76 35 0.589147 0.271318
4428 77 35 0.596899 0.271318
4429 78 35 0.604651 0.271318
4430 79 35 0.612403 0.271318
4431 80 35 0.620155 0.271318
4432 81 35 0.627907 0.271318
4433 82 35 0.635659 0.271318
4434 83 35 0.643411 0.271318
4435 84 35 0.651163 0.271318
4436 85 35 0.658915 0.271318
4437 86 35 0.666667 0.271318
4438 87 35 0.674419 0.271318
4439 88 35 0.682171 0.271318
4440 89 35 0.689922 0.271318
4441 90 35 0.697674 0.271318
4442 91 35 0.705426 0.271318
4443 92 35 0.713178 0.271318
4444 93 35 0.72093 0.271318
4445 94 35 0.728682 0.271318
4446 95 35 0.736434 0.271318
4447 96 35 0.744186 0.271318
4448 97 35 0.751938 0.271318
4449 98 35 0.75969 0.271318
4450 99 35 0.767442 0.271318
4451 100 35 0.775194 0.271318
4452 101 35 0.782946 0.271318
4453 102 35 0.790698 0.271318
4454 103 35 0.79845 0.271318
4455 104 35 0.806202 0.271318
4456 105 35 0.813953 0.271318
4457 106 35 0.821705 0.271318
4458 107 35 0.829457 0.271318
4459 108 35 0.837209 0.271318
4460 109 35 0.844961 0.271318
4461 110 35 0.852713 0.271318
4462 111 35 0.860465 0.271318
4463 112 35 0.868217 0.271318
4464 113 35 0.875969 0.271318
4465 114 35 0.883721 0.271318
4466 115 35 0.891473 0.271318
4467 116 35 0.899225 0.271318
4468 117 35 0.906977 0.271318
4469 118 35 0.914729 0.271318
4470 119 35 0.922481 0.271318
4471 120 35 0.930233 0.271318
4472 121 35 0.937984 0.271318
4473 122 35 0.945736 0.271318
4474 123 35 0.953488 0.271318
4475 124 35 0.96124 0.271318
4476 125 35 0.968992 0.271318
4477 126 35 0.976744 0.271318
4478 127 35 0.984496 0.271318
4479 128 35 0.992248 0.271318
4480 1 36 0.00775194 0.27907
4481 2 36 0.0155039 0.27907
4482 3 36 0.0232558 0.27907
4483 4 36 0.0310078 0.27907
4484 5 36 0.0387597 0.27907
4485 6 36 0.0465116 0.27907
4486 7 36 0.0542636 0.27907
4487 8 36 0.0620155 0.27907
4488 9 36 0.0697674 0.27907
4489 10 36 0.0775194 0.27907
4490 11 36 0.0852713 0.27907
4491 12 36 0.0930233 0.27907
4492 13 36 0.100775 0.27907
4493 14 36 0.108527 0.27907
4494 15 36 0.116279 0.27907
4495 16 36 0.124031 0.27907
4496 17 36 0.131783 0.27907
4497 18 36 0.139535 0.27907
4498 19 36 0.147287 0.27907
4499 20 36 0.155039 0.27907
4500 21 36 0.162791 0.27907
4501 22 36 0.170543 0.27907
4502 23 36 0.178295 0.27907
4503 24 36 0.186047 0.27907
4504 25 36 0.193798 0.27907
4505 26 36 0.20155 0.27907
4506 27 36 0.209302 0.27907
4507 28 36 0.217054 0.27907
4508 29 36 0.224806 0.27907
4509 30 36 0.232558 0.27907
4510 31 36 0.24031 0.27907
4511 32 36 0.248062 0.27907
4512 33 36 0.255814 0.27907
4513 34 36 0.263566 0.27907
4514 35 36 0.271318 0.27907
4515 36 36 0.27907 0.27907
4516 37 36 0.286822 0.27907
4517 38 36 0.294574 0.27907
4518 39 36 0.302326 0.27907
4519 40 36 0.310078 0.27907
4520 41 36 0.317829 0.27907
4521 42 36 0.325581 0.27907
4522 43 36 0.333333 0.27907
4523 44 36 0.341085 0.27907
4524 45 36 0.348837 0.27907
4525 46 36 0.356589 0.27907
4526 47 36 0.364341 0.27907
4527 48 36 0.372093 0.27907
4528 49 36 0.379845 0.27907
4529 50 36 0.387597 0.27907
4530 51 36 0.395349 0.27907
4531 52 36 0.403101 0.27907
4532 53 36 0.410853 0.27907
4533 54 36 0.418605 0.27907
4534 55 36 0.426357 0.27907
4535 56 36 0.434109 0.27907
4536 57 36 0.44186 0.27907
4537 58 36 0.449612 0.27907
4538 59 36 0.457364 0.27907
4539 60 36 0.465116 0.27907
4540 61 36 0.472868 0.27907
4541 62 36 0.48062 0.27907
4542 63 36 0.488372 0.27907
4543 64 36 0.496124 0.27907
4544 65 36 0.503876 0.27907
4545 66 36 0.511628 0.27907
4546 67 36 0.51938 0.27907
4547 68 36 0.527132 0.27907
4548 69 36 0.534884 0.27907
4549 70 36 0.542636 0.27907
4550 71 36 0.550388 0.27907
4551 72 36 0.55814 0.27907
4552 73 36 0.565891 0.27907
4553 74 36 0.573643 0.27907
4554 75 36 0.581395 0.27907
4555 76 36 0.589147 0.27907
4556 77 36 0.596899 0.27907
4557 78 36 0.604651 0.27907
4558 79 36 0.612403 0.27907
4559 80 36 0.620155 0.27907
4560 81 36 0.627907 0.27907
4561 82 36 0.635659 0.27907
4562 83 36 0.643411 0.27907
4563 84 36 0.651163 0.27907
4564 85 36 0.658915 0.27907
4565 86 36 0.666667 0.27907
4566 87 36 0.674419 0.27907
4567 88 36 0.682171 0.27907
4568 89 36 0.689922 0.27907
4569 90 36 0.697674 0.27907
4570 91 36 0.705426 0.27907
4571 92 36 0.713178 0.27907
4572 93 36 0.72093 0.27907
4573 94 36 0.728682 0.27907
4574 95 36 0.736434 0.27907
4575 96 36 0.744186 0.27907
4576 97 36 0.751938 0.27907
4577 98 36 0.75969 0.27907
4578 99 36 0.767442 0.27907
4579 100 36 0.775194 0.27907
4580 101 36 0.782946 0.27907
4581 102 36 0.790698 0.27907
4582 103 36 0.79845 0.27907
4583 104 36 0.806202 0.27907
4584 105 36 0.813953 0.27907
4585 106 36 0.821705 0.27907
4586 107 36 0.829457 0.27907
4587 108 36 0.837209 0.27907
4588 109 36 0.844961 0.27907
4589 110 36 0.852713 0.27907
4590 111 36 0.860465 0.27907
4591 112 36 0.868217 0.27907
4592 113 36 0.875969 0.27907
4593 114 36 0.883721 0.27907
4594 115 36 0.891473 0.27907
4595 116 36 0.899225 0.27907
4596 117 36 0.906977 0.27907
4597 118 36 0.914729 0.27907
4598 119 36 0.922481 0.27907
4599 120 36 0.930233 0.27907
4600 121 36 0.937984 0.27907
4601 122 36 0.945736 0.27907
4602 123 36 0.953488 0.27907
4603 124 36 0.96124 0.27907
4604 125 36 0.968992 0.27907
4605 126 36 0.976744 0.27907
4606 127 36 0.984496 0.27907
4607 128 36 0.992248 0.27907
4608 1 37 0.00775194 0.286822
4609 2 37 0.0155039 0.286822
4610 3 37 0.0232558 0.286822
4611 4 37 0.0310078 0.286822
4612 5 37 0.0387597 0.286822
4613 6 37 0.0465116 0.286822
4614 7 37 0.0542636 0.286822
4615 8 37 0.0620155 0.286822
4616 9 37 0.0697674 0.286822
4617 10 37 0.0775194 0.286822
4618 11 37 0.0852713 0.286822
4619 12 37 0.0930233 0.286822
4620 13 37 0.100775 0.286822
4621 14 37 0.108527 0.286822
4622 15 37 0.116279 0.286822
4623 16 37 0.124031 0.286822
4624 17 37 0.131783 0.286822
4625 18 37 0.139535 0.286822
4626 19 37 0.147287 0.286822
4627 20 37 0.155039 0.286822
4628 21 37 0.162791 0.286822
4629 22 37 0.170543 0.286822
4630 23 37 0.178295 0.286822
4631 24 37 0.186047 0.286822
4632 25 37 0.193798 0.286822
4633 26 37 0.20155 0.286822
4634 27 37 0.209302 0.286822
4635 28 37 0.217054 0.286822
4636 29 37 0.224806 0.286822
4637 30 37 0.232558 0.286822
4638 31 37 0.24031 0.286822
4639 32 37 0.248062 0.286822
4640 33 37 0.255814 0.286822
4641 34 37 0.263566 0.286822
4642 35 37 0.271318 0.286822
4643 36 37 0.27907 0.286822
4644 37 37 0.286822 0.286822
4645 38 37 0.294574 0.286822
4646 39 37 0.302326 0.286822
4647 40 37 0.310078 0.286822
4648 41 37 0.317829 0.286822
4649 42 37 0.325581 0.286822
4650 43 37 0.333333 0.286822
4651 44 37 0.341085 0.286822
4652 45 37 0.348837 0.286822
4653 46 37 0.356589 0.286822
4654 47 37 0.364341 0.286822
4655 48 37 0.372093 0.286822
4656 49 37 0.379845 0.286822
4657 50 37 0.387597 0.286822
4658 51 37 0.395349 0.286822
4659 52 37 0.403101 0.286822
4660 53 37 0.410853 0.286822
4661 54 37 0.418605 0.286822
4662 55 37 0.426357 0.286822
4663 56 37 0.434109 0.286822
4664 57 37 0.44186 0.286822
4665 58 37 0.449612 0.286822
4666 59 37 0.457364 0.286822
4667 60 37 0.465116 0.286822
4668 61 37 0.472868 0.286822
4669 62 37 0.48062 0.286822
4670 63 37 0.488372 0.286822
4671 64 37 0.496124 0.286822
4672 65 37 0.503876 0.286822
4673 66 37 0.511628 0.286822
4674 67 37 0.51938 0.286822
4675 68 37 0.527132 0.286822
4676 69 37 0.534884 0.286822
4677 70 37 0.542636 0.286822
4678 71 37 0.550388 0.286822
4679 72 37 0.55814 0.286822
4680 73 37 0.565891 0.286822
4681 74 37 0.573643 0.286822
4682 75 37 0.581395 0.286822
4683 76 37 0.589147 0.286822
4684 77 37 0.596899 0.286822
4685 78 37 0.604651 0.286822
4686 79 37 0.612403 0.286822
4687 80 37 0.620155 0.286822
4688 81 37 0.627907 0.286822
4689 82 37 0.635659 0.286822
4690 83 37 0.643411 0.286822
4691 84 37 0.651163 0.286822
4692 85 37 0.658915 0.286822
4693 86 37 0.666667 0.286822
4694 87 37 0.674419 0.286822
4695 88 37 0.682171 0.286822
4696 89 37 0.689922 0.286822
4697 90 37 0.697674 0.286822
4698 91 37 0.705426 0.286822
4699 92 37 0.713178 0.286822
4700 93 37 0.72093 0.286822
4701 94 37 0.728682 0.286822
4702 95 37 0.736434 0.286822
4703 96 37 0.744186 0.286822
4704 97 37 0.751938 0.286822
4705 98 37 0.75969 0.286822
4706 99 37 0.767442 0.286822
4707 100 37 0.775194 0.286822
4708 101 37 0.782946 0.286822
4709 102 37 0.790698 0.286822
4710 103 37 0.79845 0.286822
4711 104 37 0.806202 0.286822
4712 105 37 0.813953 0.286822
4713 106 37 0.821705 0.286822
4714 107 37 0.829457 0.286822
4715 108 37 0.837209 0.286822
4716 109 37 0.844961 0.286822
4717 110 37 0.852713 0.286822
4718 111 37 0.860465 0.286822
4719 112 37 0.868217 0.286822
4720 113 37 0.875969 0.286822
4721 114 37 0.883721 0.286822
4722 115 37 0.891473 0.286822
4723 116 37 0.899225 0.286822
4724 117 37 0.906977 0.286822
4725 118 37 0.914729 0.286822
4726 119 37 0.922481 0.286822
4727 120 37 0.930233 0.286822
4728 121 37 0.937984 0.286822
4729 122 37 0.945736 0.286822
4730 123 37 0.953488 0.286822
4731 124 37 0.96124 0.286822
4732 125 37 0.968992 0.286822
4733 126 37 0.976744 0.286822
4734 127 37 0.984496 0.286822
4735 128 37 0.992248 0.286822
4736 1 38 0.00775194 0.294574
4737 2 38 0.0155039 0.294574
4738 3 38 0.0232558 0.294574
4739 4 38 0.0310078 0.294574
4740 5 38 0.0387597 0.294574
4741 6 38 0.0465116 0.294574
4742 7 38 0.0542636 0.294574
4743 8 38 0.0620155 0.294574
4744 9 38 0.0697674 0.294574
4745 10 38 0.0775194 0.294574
4746 11 38 0.0852713 0.294574
4747 12 38 0.0930233 0.294574
4748 13 38 0.100775 0.294574
4749 14 38 0.108527 0.294574
4750 15 38 0.116279 0.294574
4751 16 38 0.124031 0.294574
4752 17 38 0.131783 0.294574
4753 18 38 0.139535 0.294574
4754 19 38 0.147287 0.294574
4755 20 38 0.155039 0.294574
4756 21 38 0.162791 0.294574
4757 22 38 0.170543 0.294574
4758 23 38 0.178295 0.294574
4759 24 38 0.186047 0.294574
4760 25 38 0.193798 0.294574
4761 26 38 0.20155 0.294574
4762 27 38 0.209302 0.294574
4763 28 38 0.217054 0.294574
4764 29 38 0.224806 0.294574
4765 30 38 0.232558 0.294574
4766 31 38 0.24031 0.294574
4767 32 38 0.248062 0.294574
4768 33 38 0.255814 0.294574
4769 34 38 0.263566 0.294574
4770 35 38 0.271318 0.294574
4771 36 38 0.27907 0.294574
4772 37 38 0.286822 0.294574
4773 38 38 0.294574 0.294574
4774 39 38 0.302326 0.294574
4775 40 38 0.310078 0.294574
4776 41 38 0.317829 0.294574
4777 42 38 0.325581 0.294574
4778 43 38 0.333333 0.294574
4779 44 38 0.341085 0.294574
4780 45 38 0.348837 0.294574
4781 46 38 0.356589 0.294574
4782 47 38 0.364341 0.294574
4783 48 38 0.372093 0.294574
4784 49 38 0.379845 0.294574
4785 50 38 0.387597 0.294574
4786 51 38 0.395349 0.294574
4787 52 38 0.403101 0.294574
4788 53 38 0.410853 0.294574
4789 54 38 0.418605 0.294574
4790 55 38 0.426357 0.294574
4791 56 38 0.434109 0.294574
4792 57 38 0.44186 0.294574
4793 58 38 0.449612 0.294574
4794 59 38 0.457364 0.294574
4795 60 38 0.465116 0.294574
4796 61 38 0.472868 0.294574
4797 62 38 0.48062 0.294574
4798 63 38 0.488372 0.294574
4799 64 38 0.496124 0.294574
4800 65 38 0.503876 0.294574
4801 66 38 0.511628 0.294574
4802 67 38 0.51938 0.294574
4803 68 38 0.527132 0.294574
4804 69 38 0.534884 0.294574
4805 70 38 0.542636 0.294574
4806 71 38 0.550388 0.294574
4807 72 38 0.55814 0.294574
4808 73 38 0.565891 0.294574
4809 74 38 0.573643 0.294574
4810 75 38 0.581395 0.294574
4811 76 38 0.589147 0.294574
4812 77 38 0.596899 0.294574
4813 78 38 0.604651 0.294574
4814 79 38 0.612403 0.294574
4815 80 38 0.620155 0.294574
4816 81 38 0.627907 0.294574
4817 82 38 0.635659 0.294574
4818 83 38 0.643411 0.294574
4819 84 38 0.651163 0.294574
4820 85 38 0.658915 0.294574
4821 86 38 0.666667 0.294574
4822 87 38 0.674419 0.294574
4823 88 38 0.682171 0.294574
4824 89 38 0.689922 0.294574
4825 90 38 0.697674 0.294574
4826 91 38 0.705426 0.294574
4827 92 38 0.713178 0.294574
4828 93 38 0.72093 0.294574
4829 94 38 0.728682 0.294574
4830 95 38 0.736434 0.294574
4831 96 38 0.744186 0.294574
4832 97 38 0.751938 0.294574
4833 98 38 0.75969 0.294574
4834 99 38 0.767442 0.294574
4835 100 38 0.775194 0.294574
4836 101 38 0.782946 0.294574
4837 102 38 0.790698 0.294574
4838 103 38 0.79845 0.294574
4839 104 38 0.806202 0.294574
4840 105 38 0.813953 0.294574
4841 106 38 0.821705 0.294574
4842 107 38 0.829457 0.294574
4843 108 38 0.837209 0.294574
4844 109 38 0.844961 0.294574
4845 110 38 0.852713 0.294574
4846 111 38 0.860465 0.294574
4847 112 38 0.868217 0.294574
4848 113 38 0.875969 0.294574
4849 114 38 0.883721 0.294574
4850 115 38 0.891473 0.294574
4851 116 38 0.899225 0.294574
4852 117 38 0.906977 0.294574
4853 118 38 0.914729 0.294574
4854 119 38 0.922481 0.294574
4855 120 38 0.930233 0.294574
4856 121 38 0.937984 0.294574
4857 122 38 0.945736 0.294574
4858 123 38 0.953488 0.294574
4859 124 38 0.96124 0.294574
4860 125 38 0.968992 0.294574
4861 126 38 0.976744 0.294574
4862 127 38 0.984496 0.294574
4863 128 38 0.992248 0.294574
4864 1 39 0.00775194 0.302326
4865 2 39 0.0155039 0.302326
4866 3 39 0.0232558 0.302326
4867 4 39 0.0310078 0.302326
4868 5 39 0.0387597 0.302326
4869 6 39 0.0465116 0.302326
4870 7 39 0.0542636 0.302326
4871 8 39 0.0620155 0.302326
4872 9 39 0.0697674 0.302326
4873 10 39 0.0775194 0.302326
4874 11 39 0.0852713 0.302326
4875 12 39 0.0930233 0.302326
4876 13 39 0.100775 0.302326
4877 14 39 0.108527 0.302326
4878 15 39 0.116279 0.302326
4879 16 39 0.124031 0.302326
4880 17 39 0.131783 0.302326
4881 18 39 0.139535 0.302326
4882 19 39 0.147287 0.302326
4883 20 39 0.155039 0.302326
4884 21 39 0.162791 0.302326
4885 22 39 0.170543 0.302326
4886 23 39 0.178295 0.302326
4887 24 39 0.186047 0.302326
4888 25 39 0.193798 0.302326
4889 26 39 0.20155 0.302326
4890 27 39 0.209302 0.302326
4891 28 39 0.217054 0.302326
4892 29 39 0.224806 0.302326
4893 30 39 0.232558 0.302326
4894 31 39 0.24031 0.302326
4895 32 39 0.248062 0.302326
4896 33 39 0.255814 0.302326
4897 34 39 0.263566 0.302326
4898 35 39 0.271318 0.302326
4899 36 39 0.27907 0.302326
4900 37 39 0.286822 0.302326
4901 38 39 0.294574 0.302326
4902 39 39 0.302326 0.302326
4903 40 39 0.310078 0.302326
4904 41 39 0.317829 0.302326
4905 42 39 0.325581 0.302326
4906 43 39 0.333333 0.302326
4907 44 39 0.341085 0.302326
4908 45 39 0.348837 0.302326
4909 46 39 0.356589 0.302326
4910 47 39 0.364341 0.302326
4911 48 39 0.372093 0.302326
4912 49 39 0.379845 0.302326
4913 50 39 0.387597 0.302326
4914 51 39 0.395349 0.302326
4915 52 39 0.403101 0.302326
4916 53 39 0.410853 0.302326
4917 54 39 0.418605 0.302326
4918 55 39 0.426357 0.302326
4919 56 39 0.434109 0.302326
4920 57 39 0.44186 0.302326
4921 58 39 0.449612 0.302326
4922 59 39 0.457364 0.302326
4923 60 39 0.465116 0.302326
4924 61 39 0.472868 0.302326
4925 62 39 0.48062 0.302326
4926 63 39 0.488372 0.302326
4927 64 39 0.496124 0.302326
4928 65 39 0.503876 0.302326
4929 66 39 0.511628 0.302326
4930 67 39 0.51938 0.302326
4931 68 39 0.527132 0.302326
4932 69 39 0.534884 0.302326
4933 70 39 0.542636 0.302326
4934 71 39 0.550388 0.302326
4935 72 39 0.55814 0.302326
4936 73 39 0.565891 0.302326
4937 74 39 0.573643 0.302326
4938 75 39 0.581395 0.302326
4939 76 39 0.589147 0.302326
4940 77 39 0.596899 0.302326
4941 78 39 0.604651 0.302326
4942 79 39 0.612403 0.302326
4943 80 39 0.620155 0.302326
4944 81 39 0.627907 0.302326
4945 82 39 0.635659 0.302326
4946 83 39 0.643411 0.302326
4947 84 39 0.651163 0.302326
4948 85 39 0.658915 0.302326
4949 86 39 0.666667 0.302326
4950 87 39 0.674419 0.302326
4951 88 39 0.682171 0.302326
4952 89 39 0.689922 0.302326
4953 90 39 0.697674 0.302326
4954 91 39 0.705426 0.302326
4955 92 39 0.713178 0.302326
4956 93 39 0.72093 0.302326
4957 94 39 0.728682 0.302326
4958 95 39 0.736434 0.302326
4959 96 39 0.744186 0.302326
4960 97 39 0.751938 0.302326
4961 98 39 0.75969 0.302326
4962 99 39 0.767442 0.302326
4963 100 39 0.775194 0.302326
4964 101 39 0.782946 0.302326
4965 102 39 0.790698 0.302326
4966 103 39 0.79845 0.302326
4967 104 39 0.806202 0.302326
4968 105 39 0.813953 0.302326
4969 106 39 0.821705 0.302326
4970 107 39 0.829457 0.302326
4971 108 39 0.837209 0.302326
4972 109 39 0.844961 0.302326
4973 110 39 0.852713 0.302326
4974 111 39 0.860465 0.302326
4975 112 39 0.868217 0.302326
4976 113 39 0.875969 0.302326
4977 114 39 0.883721 0.302326
4978 115 39 0.891473 0.302326
4979 116 39 0.899225 0.302326
4980 117 39 0.906977 0.302326
4981 118 39 0.914729 0.302326
4982 119 39 0.922481 0.302326
4983 120 39 0.930233 0.302326
4984 121 39 0.937984 0.302326
4985 122 39 0.945736 0.302326
4986 123 39 0.953488 0.302326
4987 124 39 0.96124 0.302326
4988 125 39 0.968992 0.302326
4989 126 39 0.976744 0.302326
4990 127 39 0.984496 0.302326
4991 128 39 0.992248 0.302326
4992 1 40 0.00775194 0.310078
4993 2 40 0.0155039 0.310078
4994 3 40 0.0232558 0.310078
4995 4 40 0.0310078 0.310078
4996 5 40 0.0387597 0.310078
4997 6 40 0.0465116 0.310078
4998 7 40 0.0542636 0.310078
4999 8 40 0.0620155 0.310078
5000 9 40 0.0697674 0.310078
5001 10 40 0.0775194 0.310078
5002 11 40 0.0852713 0.310078
5003 12 40 0.0930233 0.310078
5004 13 40 0.100775 0.310078
5005 14 40 0.108527 0.310078
5006 15 40 0.116279 0.310078
5007 16 40 0.124031 0.310078
5008 17 40 0.131783 0.310078
5009 18 40 0.139535 0.310078
5010 19 40 0.147287 0.310078
5011 20 40 0.155039 0.310078
5012 21 40 0.162791 0.310078
5013 22 40 0.170543 0.310078
5014 23 40 0.178295 0.310078
5015 24 40 0.186047 0.310078
5016 25 40 0.193798 0.310078
5017 26 40 0.20155 0.310078
5018 27 40 0.209302 0.310078
5019 28 40 0.217054 0.310078
5020 29 40 0.224806 0.310078
5021 30 40 0.232558 0.310078
5022 31 40 0.24031 0.310078
5023 32 40 0.248062 0.310078
5024 33 40 0.255814 0.310078
5025 34 40 0.263566 0.310078
5026 35 40 0.271318 0.310078
5027 36 40 0.27907 0.310078
5028 37 40 0.286822 0.310078
5029 38 40 0.294574 0.310078
5030 39 40 0.302326 0.310078
5031 40 40 0.310078 0.310078
5032 41 40 0.317829 0.310078
5033 42 40 0.325581 0.310078
5034 43 40 0.333333 0.310078
5035 44 40 0.341085 0.310078
5036 45 40 0.348837 0.310078
5037 46 40 0.356589 0.310078
5038 47 40 0.364341 0.310078
5039 48 40 0.372093 0.310078
5040 49 40 0.379845 0.310078
5041 50 40 0.387597 0.310078
5042 51 40 0.395349 0.310078
5043 52 40 0.403101 0.310078
5044 53 40 0.410853 0.310078
5045 54 40 0.418605 0.310078
5046 55 40 0.426357 0.310078
5047 56 40 0.434109 0.310078
5048 57 40 0.44186 0.310078
5049 58 40 0.449612 0.310078
5050 59 40 0.457364 0.310078
5051 60 40 0.465116 0.310078
5052 61 40 0.472868 0.310078
5053 62 40 0.48062 0.310078
5054 63 40 0.488372 0.310078
5055 64 40 0.496124 0.310078
5056 65 40 0.503876 0.310078
5057 66 40 0.511628 0.310078
5058 67 40 0.51938 0.310078
5059 68 40 0.527132 0.310078
5060 69 40 0.534884 0.310078
5061 70 40 0.542636 0.310078
5062 71 40 0.550388 0.310078
5063 72 40 0.55814 0.310078
5064 73 40 0.565891 0.310078
5065 74 40 0.573643 0.310078
5066 75 40 0.581395 0.310078
5067 76 40 0.589147 0.310078
5068 77 40 0.596899 0.310078
5069 78 40 0.604651 0.310078
5070 79 40 0.612403 0.310078
5071 80 40 0.620155 0.310078
5072 81 40 0.627907 0.310078
5073 82 40 0.635659 0.310078
5074 83 40 0.643411 0.310078
5075 84 40 0.651163 0.310078
5076 85 40 0.658915 0.310078
5077 86 40 0.666667 0.310078
5078 87 40 0.674419 0.310078
5079 88 40 0.682171 0.310078
5080 89 40 0.689922 0.310078
5081 90 40 0.697674 0.310078
5082 91 40 0.705426 0.310078
5083 92 40 0.713178 0.310078
5084 93 40 0.72093 0.310078
5085 94 40 0.728682 0.310078
5086 95 40 0.736434 0.310078
5087 96 40 0.744186 0.310078
5088 97 40 0.751938 0.310078
5089 98 40 0.75969 0.310078
5090 99 40 0.767442 0.310078
5091 100 40 0.775194 0.310078
5092 101 40 0.782946 0.310078
5093 102 40 0.790698 0.310078
5094 103 40 0.79845 0.310078
5095 104 40 0.806202 0.310078
5096 105 40 0.813953 0.310078
5097 106 40 0.821705 0.310078
5098 107 40 0.829457 0.310078
5099 108 40 0.837209 0.310078
5100 109 40 0.844961 0.310078
5101 110 40 0.852713 0.310078
5102 111 40 0.860465 0.310078
5103 112 40 0.868217 0.310078
5104 113 40 0.875969 0.310078
5105 114 40 0.883721 0.310078
5106 115 40 0.891473 0.310078
5107 116 40 0.899225 0.310078
5108 117 40 0.906977 0.310078
5109 118 40 0.914729 0.310078
5110 119 40 0.922481 0.310078
5111 120 40 0.930233 0.310078
5112 121 40 0.937984 0.310078
5113 122 40 0.945736 0.310078
5114 123 40 0.953488 0.310078
5115 124 40 0.96124 0.310078
5116 125 40 0.968992 0.310078
5117 126 40 0.976744 0.310078
5118 127 40 0.984496 0.310078
5119 128 40 0.992248 0.310078
5120 1 41 0.00775194 0.317829
5121 2 41 0.0155039 0.317829
5122 3 41 0.0232558 0.317829
5123 4 41 0.0310078 0.317829
5124 5 41 0.0387597 0.317829
5125 6 41 0.0465116 0.317829
5126 7 41 0.0542636 0.317829
5127 8 41 0.0620155 0.317829
5128 9 41 0.0697674 0.317829
5129 10 41 0.0775194 0.317829
5130 11 41 0.0852713 0.317829
5131 12 41 0.0930233 0.317829
5132 13 41 0.100775 0.317829
5133 14 41 0.108527 0.317829
5134 15 41 0.116279 0.317829
5135 16 41 0.124031 0.317829
5136 17 41 0.131783 0.317829
5137 18 41 0.139535 0.317829
5138 19 41 0.147287 0.317829
5139 20 41 0.155039 0.317829
5140 21 41 0.162791 0.317829
5141 22 41 0.170543 0.317829
5142 23 41 0.178295 0.317829
5143 24 41 0.186047 0.317829
5144 25 41 0.193798 0.317829
5145 26 41 0.20155 0.317829
5146 27 41 0.209302 0.317829
5147 28 41 0.217054 0.317829
5148 29 41 0.224806 0.317829
5149 30 41 0.232558 0.317829
5150 31 41 0.24031 0.317829
5151 32 41 0.248062 0.317829
5152 33 41 0.255814 0.317829
5153 34 41 0.263566 0.317829
5154 35 41 0.271318 0.317829
5155 36 41 0.27907 0.317829
5156 37 41 0.286822 0.317829
5157 38 41 0.294574 0.317829
5158 39 41 0.302326 0.317829
5159 40 41 0.310078 0.317829
5160 41 41 0.317829 0.317829
5161 42 41 0.325581 0.317829
5162 43 41 0.333333 0.317829
5163 44 41 0.341085 0.317829
5164 45 41 0.348837 0.317829
5165 46 41 0.356589 0.317829
5166 47 41 0.364341 0.317829
5167 48 41 0.372093 0.317829
5168 49 41 0.379845 0.317829
5169 50 41 0.387597 0.317829
5170 51 41 0.395349 0.317829
5171 52 41 0.403101 0.317829
5172 53 41 0.410853 0.317829
5173 54 41 0.418605 0.317829
5174 55 41 0.426357 0.317829
5175 56 41 0.434109 0.317829
5176 57 41 0.44186 0.317829
5177 58 41 0.449612 0.317829
5178 59 41 0.457364 0.317829
5179 60 41 0.465116 0.317829
5180 61 41 0.472868 0.317829
5181 62 41 0.48062 0.317829
5182 63 41 0.488372 0.317829
5183 64 41 0.496124 0.317829
5184 65 41 0.503876 0.317829
5185 66 41 0.511628 0.317829
5186 67 41 0.51938 0.317829
5187 68 41 0.527132 0.317829
5188 69 41 0.534884 0.317829
5189 70 41 0.542636 0.317829
5190 71 41 0.550388 0.317829
5191 72 41 0.55814 0.317829
5192 73 41 0.565891 0.317829
5193 74 41 0.573643 0.317829
5194 75 41 0.581395 0.317829
5195 76 41 0.589147 0.317829
5196 77 41 0.596899 0.317829
5197 78 41 0.604651 0.317829
5198 79 41 0.612403 0.317829
5199 80 41 0.620155 0.317829
5200 81 41 0.627907 0.317829
5201 82 41 0.635659 0.317829
5202 83 41 0.643411 0.317829
5203 84 41 0.651163 0.317829
5204 85 41 0.658915 0.317829
5205 86 41 0.666667 0.317829
5206 87 41 0.674419 0.317829
5207 88 41 0.682171 0.317829
5208 89 41 0.689922 0.317829
5209 90 41 0.697674 0.317829
5210 91 41 0.705426 0.317829
5211 92 41 0.713178 0.317829
5212 93 41 0.72093 0.317829
5213 94 41 0.728682 0.317829
5214 95 41 0.736434 0.317829
5215 96 41 0.744186 0.317829
5216 97 41 0.751938 0.317829
5217 98 41 0.75969 0.317829
5218 99 41 0.767442 0.317829
5219 100 41 0.775194 0.317829
5220 101 41 0.782946 0.317829
5221 102 41 0.790698 0.317829
5222 103 41 0.79845 0.317829
5223 104 41 0.806202 0.317829
5224 105 41 0.813953 0.317829
5225 106 41 0.821705 0.317829
5226 107 41 0.829457 0.317829
5227 108 41 0.837209 0.317829
5228 109 41 0.844961 0.317829
5229 110 41 0.852713 0.317829
5230 111 41 0.860465 0.317829
5231 112 41 0.868217 0.317829
5232 113 41 0.875969 0.317829
5233 114 41 0.883721 0.317829
5234 115 41 0.891473 0.317829
5235 116 41 0.899225 0.317829
5236 117 41 0.906977 0.317829
5237 118 41 0.914729 0.317829
5238 119 41 0.922481 0.317829
5239 120 41 0.930233 0.317829
5240 121 41 0.937984 0.317829
5241 122 41 0.945736 0.317829
5242 123 41 0.953488 0.317829
5243 124 41 0.96124 0.317829
5244 125 41 0.968992 0.317829
5245 126 41 0.976744 0.317829
5246 127 41 0.984496 0.317829
5247 128 41 0.992248 0.317829
5248 1 42 0.00775194 0.325581
5249 2 42 0.0155039 0.325581
5250 3 42 0.0232558 0.325581
5251 4 42 0.0310078 0.325581
5252 5 42 0.0387597 0.325581
5253 6 42 0.0465116 0.325581
5254 7 42 0.0542636 0.325581
5255 8 42 0.0620155 0.325581
5256 9 42 0.0697674 0.325581
5257 10 42 0.0775194 0.325581
5258 11 42 0.0852713 0.325581
5259 12 42 0.0930233 0.325581
5260 13 42 0.100775 0.325581
5261 14 42 0.108527 0.325581
5262 15 42 0.116279 0.325581
5263 16 42 0.124031 0.325581
5264 17 42 0.131783 0.325581
5265 18 42 0.139535 0.325581
5266 19 42 0.147287 0.325581
5267 20 42 0.155039 0.325581
5268 21 42 0.162791 0.325581
5269 22 42 0.170543 0.325581
5270 23 42 0.178295 0.325581
5271 24 42 0.186047 0.325581
5272 25 42 0.193798 0.325581
5273 26 42 0.20155 0.325581
5274 27 42 0.209302 0.325581
5275 28 42 0.217054 0.325581
5276 29 42 0.224806 0.325581
5277 30 42 0.232558 0.325581
5278 31 42 0.24031 0.325581
5279 32 42 0.248062 0.325581
5280 33 42 0.255814 0.325581
5281 34 42 0.263566 0.325581
5282 35 42 0.271318 0.325581
5283 36 42 0.27907 0.325581
5284 37 42 0.286822 0.325581
5285 38 42 0.294574 0.325581
5286 39 42 0.302326 0.325581
5287 40 42 0.310078 0.325581
5288 41 42 0.317829 0.325581
5289 42 42 0.325581 0.325581
5290 43 42 0.333333 0.325581
5291 44 42 0.341085 0.325581
5292 45 42 0.348837 0.325581
5293 46 42 0.356589 0.325581
5294 47 42 0.364341 0.325581
5295 48 42 0.372093 0.325581
5296 49 42 0.379845 0.325581
5297 50 42 0.387597 0.325581
5298 51 42 0.395349 0.325581
5299 52 42 0.403101 0.325581
5300 53 42 0.410853 0.325581
5301 54 42 0.418605 0.325581
5302 55 42 0.426357 0.325581
5303 56 42 0.434109 0.325581
5304 57 42 0.44186 0.325581
5305 58 42 0.449612 0.325581
5306 59 42 0.457364 0.325581
5307 60 42 0.465116 0.325581
5308 61 42 0.472868 0.325581
5309 62 42 0.48062 0.325581
5310 63 42 0.488372 0.325581
5311 64 42 0.496124 0.325581
5312 65 42 0.503876 0.325581
5313 66 42 0.511628 0.325581
5314 67 42 0.51938 0.325581
5315 68 42 0.527132 0.325581
5316 69 42 0.534884 0.325581
5317 70 42 0.542636 0.325581
5318 71 42 0.550388 0.325581
5319 72 42 0.55814 0.325581
5320 73 42 0.565891 0.325581
5321 74 42 0.573643 0.325581
5322 75 42 0.581395 0.325581
5323 76 42 0.589147 0.325581
5324 77 42 0.596899 0.325581
5325 78 42 0.604651 0.325581
5326 79 42 0.612403 0.325581
5327 80 42 0.620155 0.325581
5328 81 42 0.627907 0.325581
5329 82 42 0.635659 0.325581
5330 83 42 0.643411 0.325581
5331 84 42 0.651163 0.325581
5332 85 42 0.658915 0.325581
5333 86 42 0.666667 0.325581
5334 87 42 0.674419 0.325581
5335 88 42 0.682171 0.325581
5336 89 42 0.689922 0.325581
5337 90 42 0.697674 0.325581
5338 91 42 0.705426 0.325581
5339 92 42 0.713178 0.325581
5340 93 42 0.72093 0.325581
5341 94 42 0.728682 0.325581
5342 95 42 0.736434 0.325581
5343 96 42 0.744186 0.325581
5344 97 42 0.751938 0.325581
5345 98 42 0.75969 0.325581
5346 99 42 0.767442 0.325581
5347 100 42 0.775194 0.325581
5348 101 42 0.782946 0.325581
5349 102 42 0.790698 0.325581
5350 103 42 0.79845 0.325581
5351 104 42 0.806202 0.325581
5352 105 42 0.813953 0.325581
5353 106 42 0.821705 0.325581
5354 107 42 0.829457 0.325581
5355 108 42 0.837209 0.325581
5356 109 42 0.844961 0.325581
5357 110 42 0.852713 0.325581
5358 111 42 0.860465 0.325581
5359 112 42 0.868217 0.325581
5360 113 42 0.875969 0.325581
5361 114 42 0.883721 0.325581
5362 115 42 0.891473 0.325581
5363 116 42 0.899225 0.325581
5364 117 42 0.906977 0.325581
5365 118 42 0.914729 0.325581
5366 119 42 0.922481 0.325581
5367 120 42 0.930233 0.325581
5368 121 42 0.937984 0.325581
5369 122 42 0.945736 0.325581
5370 123 42 0.953488 0.325581
5371 124 42 0.96124 0.325581
5372 125 42 0.968992 0.325581
5373 126 42 0.976744 0.325581
5374 127 42 0.984496 0.325581
5375 128 42 0.992248 0.325581
5376 1 43 0.00775194 0.333333
5377 2 43 0.0155039 0.333333
5378 3 43 0.0232558 0.333333
5379 4 43 0.0310078 0.333333
5380 5 43 0.0387597 0.333333
5381 6 43 0.0465116 0.333333
5382 7 43 0.0542636 0.333333
5383 8 43 0.0620155 0.333333
5384 9 43 0.0697674 0.333333
5385 10 43 0.0775194 0.333333
5386 11 43 0.0852713 0.333333
5387 12 43 0.0930233 0.333333
5388 13 43 0.100775 0.333333
5389 14 43 0.108527 0.333333
5390 15 43 0.116279 0.333333
5391 16 43 0.124031 0.333333
5392 17 43 0.131783 0.333333
5393 18 43 0.139535 0.333333
5394 19 43 0.147287 0.333333
5395 20 43 0.155039 0.333333
5396 21 43 0.162791 0.333333
5397 22 43 0.170543 0.333333
5398 23 43 0.178295 0.333333
5399 24 43 0.186047 0.333333
5400 25 43 0.193798 0.333333
5401 26 43 0.20155 0.333333
5402 27 43 0.209302 0.333333
5403 28 43 0.217054 0.333333
5404 29 43 0.224806 0.333333
5405 30 43 0.232558 0.333333
5406 31 43 0.24031 0.333333
5407 32 43 0.248062 0.333333
5408 33 43 0.255814 0.333333
5409 34 43 0.263566 0.333333
5410 35 43 0.271318 0.333333
5411 36 43 0.27907 0.333333
5412 37 43 0.286822 0.333333
5413 38 43 0.294574 0.333333
5414 39 43 0.302326 0.333333
5415 40 43 0.310078 0.333333
5416 41 43 0.317829 0.333333
5417 42 43 0.325581 0.333333
5418 43 43 0.333333 0.333333
5419 44 43 0.341085 0.333333
5420 45 43 0.348837 0.333333
5421 46 43 0.356589 0.333333
5422 47 43 0.364341 0.333333
5423 48 43 0.372093 0.333333
5424 49 43 0.379845 0.333333
5425 50 43 0.387597 0.333333
5426 51 43 0.395349 0.333333
5427 52 43 0.403101 0.333333
5428 53 43 0.410853 0.333333
5429 54 43 0.418605 0.333333
5430 55 43 0.426357 0.333333
5431 56 43 0.434109 0.333333
5432 57 43 0.44186 0.333333
5433 58 43 0.449612 0.333333
5434 59 43 0.457364 0.333333
5435 60 43 0.465116 0.333333
5436 61 43 0.472868 0.333333
5437 62 43 0.48062 0.333333
5438 63 43 0.488372 0.333333
5439 64 43 0.496124 0.333333
5440 65 43 0.503876 0.333333
5441 66 43 0.511628 0.333333
5442 67 43 0.51938 0.333333
5443 68 43 0.527132 0.333333
5444 69 43 0.534884 0.333333
5445 70 43 0.542636 0.333333
5446 71 43 0.550388 0.333333
5447 72 43 0.55814 0.333333
5448 73 43 0.565891 0.333333
5449 74 43 0.573643 0.333333
5450 75 43 0.581395 0.333333
5451 76 43 0.589147 0.333333
5452 77 43 0.596899 0.333333
5453 78 43 0.604651 0.333333
5454 79 43 0.612403 0.333333
5455 80 43 0.620155 0.333333
5456 81 43 0.627907 0.333333
5457 82 43 0.635659 0.333333
5458 83 43 0.643411 0.333333
5459 84 43 0.651163 0.333333
5460 85 43 0.658915 0.333333
5461 86 43 0.666667 0.333333
5462 87 43 0.674419 0.333333
5463 88 43 0.682171 0.333333
5464 89 43 0.689922 0.333333
5465 90 43 0.697674 0.333333
5466 91 43 0.705426 0.333333
5467 92 43 0.713178 0.333333
5468 93 43 0.72093 0.333333
5469 94 43 0.728682 0.333333
5470 95 43 0.736434 0.333333
5471 96 43 0.744186 0.333333
5472 97 43 0.751938 0.333333
5473 98 43 0.75969 0.333333
5474 99 43 0.767442 0.333333
5475 100 43 0.775194 0.333333
5476 101 43 0.782946 0.333333
5477 102 43 0.790698 0.333333
5478 103 43 0.79845 0.333333
5479 104 43 0.806202 0.333333
5480 105 43 0.813953 0.333333
5481 106 43 0.821705 0.333333
5482 107 43 0.829457 0.333333
5483 108 43 0.837209 0.333333
5484 109 43 0.844961 0.333333
5485 110 43 0.852713 0.333333
5486 111 43 0.860465 0.333333
5487 112 43 0.868217 0.333333
5488 113 43 0.875969 0.333333
5489 114 43 0.883721 0.333333
5490 115 43 0.891473 0.333333
5491 116 43 0.899225 0.333333
5492 117 43 0.906977 0.333333
5493 118 43 0.914729 0.333333
5494 119 43 0.922481 0.333333
5495 120 43 0.930233 0.333333
5496 121 43 0.937984 0.333333
5497 122 43 0.945736 0.333333
5498 123 43 0.953488 0.333333
5499 124 43 0.96124 0.333333
5500 125 43 0.968992 0.333333
5501 126 43 0.976744 0.333333
5502 127 43 0.984496 0.333333
5503 128 43 0.992248 0.333333
5504 1 44 0.00775194 0.341085
5505 2 44 0.0155039 0.341085
5506 3 44 0.0232558 0.341085
5507 4 44 0.0310078 0.341085
5508 5 44 0.0387597 0.341085
5509 6 44 0.0465116 0.341085
5510 7 44 0.0542636 0.341085
5511 8 44 0.0620155 0.341085
5512 9 44 0.0697674 0.341085
5513 10 44 0.0775194 0.341085
5514 11 44 0.0852713 0.341085
5515 12 44 0.0930233 0.341085
5516 13 44 0.100775 0.341085
5517 14 44 0.108527 0.341085
5518 15 44 0.116279 0.341085
5519 16 44 0.124031 0.341085
5520 17 44 0.131783 0.341085
5521 18 44 0.139535 0.341085
5522 19 44 0.147287 0.341085
5523 20 44 0.155039 0.341085
5524 21 44 0.162791 0.341085
5525 22 44 0.170543 0.341085
5526 23 44 0.178295 0.341085
5527 24 44 0.186047 0.341085
5528 25 44 0.193798 0.341085
5529 26 44 0.20155 0.341085
5530 27 44 0.209302 0.341085
5531 28 44 0.217054 0.341085
5532 29 44 0.224806 0.341085
5533 30 44 0.232558 0.341085
5534 31 44 0.24031 0.341085
5535 32 44 0.248062 0.341085
5536 33 44 0.255814 0.341085
5537 34 44 0.263566 0.341085
5538 35 44 0.271318 0.341085
5539 36 44 0.27907 0.341085
5540 37 44 0.286822 0.341085
5541 38 44 0.294574 0.341085
5542 39 44 0.302326 0.341085
5543 40 44 0.310078 0.341085
5544 41 44 0.317829 0.341085
5545 42 44 0.325581 0.341085
5546 43 44 0.333333 0.341085
5547 44 44 0.341085 0.341085
5548 45 44 0.348837 0.341085
5549 46 44 0.356589 0.341085
5550 47 44 0.364341 0.341085
5551 48 44 0.372093 0.341085
5552 49 44 0.379845 0.341085
5553 50 44 0.387597 0.341085
5554 51 44 0.395349 0.341085
5555 52 44 0.403101 0.341085
5556 53 44 0.410853 0.341085
5557 54 44 0.418605 0.341085
5558 55 44 0.426357 0.341085
5559 56 44 0.434109 0.341085
5560 57 44 0.44186 0.341085
5561 58 44 0.449612 0.341085
5562 59 44 0.457364 0.341085
5563 60 44 0.465116 0.341085
5564 61 44 0.472868 0.341085
5565 62 44 0.48062 0.341085
5566 63 44 0.488372 0.341085
5567 64 44 0.496124 0.341085
5568 65 44 0.503876 0.341085
5569 66 44 0.511628 0.341085
5570 67 44 0.51938 0.341085
5571 68 44 0.527132 0.341085
5572 69 44 0.534884 0.341085
5573 70 44 0.542636 0.341085
5574 71 44 0.550388 0.341085
5575 72 44 0.55814 0.341085
5576 73 44 0.565891 0.341085
5577 74 44 0.573643 0.341085
5578 75 44 0.581395 0.341085
5579 76 44 0.589147 0.341085
5580 77 44 0.596899 0.341085
5581 78 44 0.604651 0.341085
5582 79 44 0.612403 0.341085
5583 80 44 0.620155 0.341085
5584 81 44 0.627907 0.341085
5585 82 44 0.635659 0.341085
5586 83 44 0.643411 0.341085
5587 84 44 0.651163 0.341085
5588 85 44 0.658915 0.341085
5589 86 44 0.666667 0.341085
5590 87 44 0.674419 0.341085
5591 88 44 0.682171 0.341085
5592 89 44 0.689922 0.341085
5593 90 44 0.697674 0.341085
5594 91 44 0.705426 0.341085
5595 92 44 0.713178 0.341085
5596 93 44 0.72093 0.341085
5597 94 44 0.728682 0.341085
5598 95 44 0.736434 0.341085
5599 96 44 0.744186 0.341085
5600 97 44 0.751938 0.341085
5601 98 44 0.75969 0.341085
5602 99 44 0.767442 0.341085
5603 100 44 0.775194 0.341085
5604 101 44 0.782946 0.341085
5605 102 44 0.790698 0.341085
5606 103 44 0.79845 0.341085
5607 104 44 0.806202 0.341085
5608 105 44 0.813953 0.341085
5609 106 44 0.821705 0.341085
5610 107 44 0.829457 0.341085
5611 108 44 0.837209 0.341085
5612 109 44 0.844961 0.341085
5613 110 44 0.852713 0.341085
5614 111 44 0.860465 0.341085
5615 112 44 0.868217 0.341085
5616 113 44 0.875969 0.341085
5617 114 44 0.883721 0.341085
5618 115 44 0.891473 0.341085
5619 116 44 0.899225 0.341085
5620 117 44 0.906977 0.341085
5621 118 44 0.914729 0.341085
5622 119 44 0.922481 0.341085
5623 120 44 0.930233 0.341085
5624 121 44 0.937984 0.341085
5625 122 44 0.945736 0.341085
5626 123 44 0.953488 0.341085
5627 124 44 0.96124 0.341085
5628 125 44 0.968992 0.341085
5629 126 44 0.976744 0.341085
5630 127 44 0.984496 0.341085
5631 128 44 0.992248 0.341085
5632 1 45 0.00775194 0.348837
5633 2 45 0.0155039 0.348837
5634 3 45 0.0232558 0.348837
5635 4 45 0.0310078 0.348837
5636 5 45 0.0387597 0.348837
5637 6 45 0.0465116 0.348837
5638 7 45 0.0542636 0.348837
5639 8 45 0.0620155 0.348837
5640 9 45 0.0697674 0.348837
5641 10 45 0.0775194 0.348837
5642 11 45 0.0852713 0.348837
5643 12 45 0.0930233 0.348837
5644 13 45 0.100775 0.348837
5645 14 45 0.108527 0.348837
5646 15 45 0.116279 0.348837
5647 16 45 0.124031 0.348837
5648 17 45 0.131783 0.348837
5649 18 45 0.139535 0.348837
5650 19 45 0.147287 0.348837
5651 20 45 0.155039 0.348837
5652 21 45 0.162791 0.348837
5653 22 45 0.170543 0.348837
5654 23 45 0.178295 0.348837
5655 24 45 0.186047 0.348837
5656 25 45 0.193798 0.348837
5657 26 45 0.20155 0.348837
5658 27 45 0.209302 0.348837
5659 28 45 0.217054 0.348837
5660 29 45 0.224806 0.348837
5661 30 45 0.232558 0.348837
5662 31 45 0.24031 0.348837
5663 32 45 0.248062 0.348837
5664 33 45 0.255814 0.348837
5665 34 45 0.263566 0.348837
5666 35 45 0.271318 0.348837
5667 36 45 0.27907 0.348837
5668 37 45 0.286822 0.348837
5669 38 45 0.294574 0.348837
5670 39 45 0.302326 0.348837
5671 40 45 0.310078 0.348837
5672 41 45 0.317829 0.348837
5673 42 45 0.325581 0.348837
5674 43 45 0.333333 0.348837
5675 44 45 0.341085 0.348837
5676 45 45 0.348837 0.348837
5677 46 45 0.356589 0.348837
5678 47 45 0.364341 0.348837
5679 48 45 0.372093 0.348837
5680 49 45 0.379845 0.348837
5681 50 45 0.387597 0.348837
5682 51 45 0.395349 0.348837
5683 52 45 0.403101 0.348837
5684 53 45 0.410853 0.348837
5685 54 45 0.418605 0.348837
5686 55 45 0.426357 0.348837
5687 56 45 0.434109 0.348837
5688 57 45 0.44186 0.348837
5689 58 45 0.449612 0.348837
5690 59 45 0.457364 0.348837
5691 60 45 0.465116 0.348837
5692 61 45 0.472868 0.348837
5693 62 45 0.48062 0.348837
5694 63 45 0.488372 0.348837
5695 64 45 0.496124 0.348837
5696 65 45 0.503876 0.348837
5697 66 45 0.511628 0.348837
5698 67 45 0.51938 0.348837
5699 68 45 0.527132 0.348837
5700 69 45 0.534884 0.348837
5701 70 45 0.542636 0.348837
5702 71 45 0.550388 0.348837
5703 72 45 0.55814 0.348837
5704 73 45 0.565891 0.348837
5705 74 45 0.573643 0.348837
5706 75 45 0.581395 0.348837
5707 76 45 0.589147 0.348837
5708 77 45 0.596899 0.348837
5709 78 45 0.604651 0.348837
5710 79 45 0.612403 0.348837
5711 80 45 0.620155 0.348837
5712 81 45 0.627907 0.348837
5713 82 45 0.635659 0.348837
5714 83 45 0.643411 0.348837
5715 84 45 0.651163 0.348837
5716 85 45 0.658915 0.348837
5717 86 45 0.666667 0.348837
5718 87 45 0.674419 0.348837
5719 88 45 0.682171 0.348837
5720 89 45 0.689922 0.348837
5721 90 45 0.697674 0.348837
5722 91 45 0.705426 0.348837
5723 92 45 0.713178 0.348837
5724 93 45 0.72093 0.348837
5725 94 45 0.728682 0.348837
5726 95 45 0.736434 0.348837
5727 96 45 0.744186 0.348837
5728 97 45 0.751938 0.348837
5729 98 45 0.75969 0.348837
5730 99 45 0.767442 0.348837
5731 100 45 0.775194 0.348837
5732 101 45 0.782946 0.348837
5733 102 45 0.790698 0.348837
5734 103 45 0.79845 0.348837
5735 104 45 0.806202 0.348837
5736 105 45 0.813953 0.348837
5737 106 45 0.821705 0.348837
5738 107 45 0.829457 0.348837
5739 108 45 0.837209 0.348837
5740 109 45 0.844961 0.348837
5741 110 45 0.852713 0.348837
5742 111 45 0.860465 0.348837
5743 112 45 0.868217 0.348837
5744 113 45 0.875969 0.348837
5745 114 45 0.883721 0.348837
5746 115 45 0.891473 0.348837
5747 116 45 0.899225 0.348837
5748 117 45 0.906977 0.348837
5749 118 45 0.914729 0.348837
5750 119 45 0.922481 0.348837
5751 120 45 0.930233 0.348837
5752 121 45 0.937984 0.348837
5753 122 45 0.945736 0.348837
5754 123 45 0.953488 0.348837
5755 124 45 0.96124 0.348837
5756 125 45 0.968992 0.348837
5757 126 45 0.976744 0.348837
5758 127 45 0.984496 0.348837
5759 128 45 0.992248 0.348837
5760 1 46 0.00775194 0.356589
5761 2 46 0.0155039 0.356589
5762 3 46 0.0232558 0.356589
5763 4 46 0.0310078 0.356589
5764 5 46 0.0387597 0.356589
5765 6 46 0.0465116 0.356589
5766 7 46 0.0542636 0.356589
5767 8 46 0.0620155 0.356589
5768 9 46 0.0697674 0.356589
5769 10 46 0.0775194 0.356589
5770 11 46 0.0852713 0.356589
5771 12 46 0.0930233 0.356589
5772 13 46 0.100775 0.356589
5773 14 46 0.108527 0.356589
5774 15 46 0.116279 0.356589
5775 16 46 0.124031 0.356589
5776 17 46 0.131783 0.356589
5777 18 46 0.139535 0.356589
5778 19 46 0.147287 0.356589
5779 20 46 0.155039 0.356589
5780 21 46 0.162791 0.356589
5781 22 46 0.170543 0.356589
5782 23 46 0.178295 0.356589
5783 24 46 0.186047 0.356589
5784 25 46 0.193798 0.356589
5785 26 46 0.20155 0.356589
5786 27 46 0.209302 0.356589
5787 28 46 0.217054 0.356589
5788 29 46 0.224806 0.356589
5789 30 46 0.232558 0.356589
5790 31 46 0.24031 0.356589
5791 32 46 0.248062 0.356589
5792 33 46 0.255814 0.356589
5793 34 46 0.263566 0.356589
5794 35 46 0.271318 0.356589
5795 36 46 0.27907 0.356589
5796 37 46 0.286822 0.356589
5797 38 46 0.294574 0.356589
5798 39 46 0.302326 0.356589
5799 40 46 0.310078 0.356589
5800 41 46 0.317829 0.356589
5801 42 46 0.325581 0.356589
5802 43 46 0.333333 0.356589
5803 44 46 0.341085 0.356589
5804 45 46 0.348837 0.356589
5805 46 46 0.356589 0.356589
5806 47 46 0.364341 0.356589
5807 48 46 0.372093 0.356589
5808 49 46 0.379845 0.356589
5809 50 46 0.387597 0.356589
5810 51 46 0.395349 0.356589
5811 52 46 0.403101 0.356589
5812 53 46 0.410853 0.356589
5813 54 46 0.418605 0.356589
5814 55 46 0.426357 0.356589
5815 56 46 0.434109 0.356589
5816 57 46 0.44186 0.356589
5817 58 46 0.449612 0.356589
5818 59 46 0.457364 0.356589
5819 60 46 0.465116 0.356589
5820 61 46 0.472868 0.356589
5821 62 46 0.48062 0.356589
5822 63 46 0.488372 0.356589
5823 64 46 0.496124 0.356589
5824 65 46 0.503876 0.356589
5825 66 46 0.511628 0.356589
5826 67 46 0.51938 0.356589
5827 68 46 0.527132 0.356589
5828 69 46 0.534884 0.356589
5829 70 46 0.542636 0.356589
5830 71 46 0.550388 0.356589
5831 72 46 0.55814 0.356589
5832 73 46 0.565891 0.356589
5833 74 46 0.573643 0.356589
5834 75 46 0.581395 0.356589
5835 76 46 0.589147 0.356589
5836 77 46 0.596899 0.356589
5837 78 46 0.604651 0.356589
5838 79 46 0.612403 0.356589
5839 80 46 0.620155 0.356589
5840 81 46 0.627907 0.356589
5841 82 46 0.635659 0.356589
5842 83 46 0.643411 0.356589
5843 84 46 0.651163 0.356589
5844 85 46 0.658915 0.356589
5845 86 46 0.666667 0.356589
5846 87 46 0.674419 0.356589
5847 88 46 0.682171 0.356589
5848 89 46 0.689922 0.356589
5849 90 46 0.697674 0.356589
5850 91 46 0.705426 0.356589
5851 92 46 0.713178 0.356589
5852 93 46 0.72093 0.356589
5853 94 46 0.728682 0.356589
5854 95 46 0.736434 0.356589
5855 96 46 0.744186 0.356589
5856 97 46 0.751938 0.356589
5857 98 46 0.75969 0.356589
5858 99 46 0.767442 0.356589
5859 100 46 0.775194 0.356589
5860 101 46 0.782946 0.356589
5861 102 46 0.790698 0.356589
5862 103 46 0.79845 0.356589
5863 104 46 0.806202 0.356589
5864 105 46 0.813953 0.356589
5865 106 46 0.821705 0.356589
5866 107 46 0.829457 0.356589
5867 108 46 0.837209 0.356589
5868 109 46 0.844961 0.356589
5869 110 46 0.852713 0.356589
5870 111 46 0.860465 0.356589
5871 112 46 0.868217 0.356589
5872 113 46 0.875969 0.356589
5873 114 46 0.883721 0.356589
5874 115 46 0.891473 0.356589
5875 116 46 0.899225 0.356589
5876 117 46 0.906977 0.356589
5877 118 46 0.914729 0.356589
5878 119 46 0.922481 0.356589
5879 120 46 0.930233 0.356589
5880 121 46 0.937984 0.356589
5881 122 46 0.945736 0.356589
5882 123 46 0.953488 0.356589
5883 124 46 0.96124 0.356589
5884 125 46 0.968992 0.356589
5885 126 46 0.976744 0.356589
5886 127 46 0.984496 0.356589
5887 128 46 0.992248 0.356589
5888 1 47 0.00775194 0.364341
5889 2 47 0.0155039 0.364341
5890 3 47 0.0232558 0.364341
5891 4 47 0.0310078 0.364341
5892 5 47 0.0387597 0.364341
5893 6 47 0.0465116 0.364341
5894 7 47 0.0542636 0.364341
5895 8 47 0.0620155 0.364341
5896 9 47 0.0697674 0.364341
5897 10 47 0.0775194 0.364341
5898 11 47 0.0852713 0.364341
5899 12 47 0.0930233 0.364341
5900 13 47 0.100775 0.364341
5901 14 47 0.108527 0.364341
5902 15 47 0.116279 0.364341
5903 16 47 0.124031 0.364341
5904 17 47 0.131783 0.364341
5905 18 47 0.139535 0.364341
5906 19 47 0.147287 0.364341
5907 20 47 0.155039 0.364341
5908 21 47 0.162791 0.364341
5909 22 47 0.170543 0.364341
5910 23 47 0.178295 0.364341
5911 24 47 0.186047 0.364341
5912 25 47 0.193798 0.364341
5913 26 47 0.20155 0.364341
5914 27 47 0.209302 0.364341
5915 28 47 0.217054 0.364341
5916 29 47 0.224806 0.364341
5917 30 47 0.232558 0.364341
5918 31 47 0.24031 0.364341
5919 32 47 0.248062 0.364341
5920 33 47 0.255814 0.364341
5921 34 47 0.263566 0.364341
5922 35 47 0.271318 0.364341
5923 36 47 0.27907 0.364341
5924 37 47 0.286822 0.364341
5925 38 47 0.294574 0.364341
5926 39 47 0.302326 0.364341
5927 40 47 0.310078 0.364341
5928 41 47 0.317829 0.364341
5929 42 47 0.325581 0.364341
5930 43 47 0.333333 0.364341
5931 44 47 0.341085 0.364341
5932 45 47 0.348837 0.364341
5933 46 47 0.356589 0.364341
5934 47 47 0.364341 0.364341
5935 48 47 0.372093 0.364341
5936 49 47 0.379845 0.364341
5937 50 47 0.387597 0.364341
5938 51 47 0.395349 0.364341
5939 52 47 0.403101 0.364341
5940 53 47 0.410853 0.364341
5941 54 47 0.418605 0.364341
5942 55 47 0.426357 0.364341
5943 56 47 0.434109 0.364341
5944 57 47 0.44186 0.364341
5945 58 47 0.449612 0.364341
5946 59 47 0.457364 0.364341
5947 60 47 0.465116 0.364341
5948 61 47 0.472868 0.364341
5949 62 47 0.48062 0.364341
5950 63 47 0.488372 0.364341
5951 64 47 0.496124 0.364341
5952 65 47 0.503876 0.364341
5953 66 47 0.511628 0.364341
5954 67 47 0.51938 0.364341
5955 68 47 0.527132 0.364341
5956 69 47 0.534884 0.364341
5957 70 47 0.542636 0.364341
5958 71 47 0.550388 0.364341
5959 72 47 0.55814 0.364341
5960 73 47 0.565891 0.364341
5961 74 47 0.573643 0.364341
5962 75 47 0.581395 0.364341
5963 76 47 0.589147 0.364341
5964 77 47 0.596899 0.364341
5965 78 47 0.604651 0.364341
5966 79 47 0.612403 0.364341
5967 80 47 0.620155 0.364341
5968 81 47 0.627907 0.364341
5969 82 47 0.635659 0.364341
5970 83 47 0.643411 0.364341
5971 84 47 0.651163 0.364341
5972 85 47 0.658915 0.364341
5973 86 47 0.666667 0.364341
5974 87 47 0.674419 0.364341
5975 88 47 0.682171 0.364341
5976 89 47 0.689922 0.364341
5977 90 47 0.697674 0.364341
5978 91 47 0.705426 0.364341
5979 92 47 0.713178 0.364341
5980 93 47 0.72093 0.364341
5981 94 47 0.728682 0.364341
5982 95 47 0.736434 0.364341
5983 96 47 0.744186 0.364341
5984 97 47 0.751938 0.364341
5985 98 47 0.75969 0.364341
5986 99 47 0.767442 0.364341
5987 100 47 0.775194 0.364341
5988 101 47 0.782946 0.364341
5989 102 47 0.790698 0.364341
5990 103 47 0.79845 0.364341
5991 104 47 0.806202 0.364341
5992 105 47 0.813953 0.364341
5993 106 47 0.821705 0.364341
5994 107 47 0.829457 0.364341
5995 108 47 0.837209 0.364341
5996 109 47 0.844961 0.364341
5997 110 47 0.852713 0.364341
5998 111 47 0.860465 0.364341
5999 112 47 0.868217 0.364341
6000 113 47 0.875969 0.364341
6001 114 47 0.883721 0.364341
6002 115 47 0.891473 0.364341
6003 116 47 0.899225 0.364341
6004 117 47 0.906977 0.364341
6005 118 47 0.914729 0.364341
6006 119 47 0.922481 0.364341
6007 120 47 0.930233 0.364341
6008 121 47 0.937984 0.364341
6009 122 47 0.945736 0.364341
6010 123 47 0.953488 0.364341
6011 124 47 0.96124 0.364341
6012 125 47 0.968992 0.364341
6013 126 47 0.976744 0.364341
6014 127 47 0.984496 0.364341
6015 128 47 0.992248 0.364341
6016 1 48 0.00775194 0.372093
6017 2 48 0.0155039 0.372093
6018 3 48 0.0232558 0.372093
6019 4 48 0.0310078 0.372093
6020 5 48 0.0387597 0.372093
6021 6 48 0.0465116 0.372093
6022 7 48 0.0542636 0.372093
6023 8 48 0.0620155 0.372093
6024 9 48 0.0697674 0.372093
6025 10 48 0.0775194 0.372093
6026 11 48 0.0852713 0.372093
6027 12 48 0.0930233 0.372093
6028 13 48 0.100775 0.372093
6029 14 48 0.108527 0.372093
6030 15 48 0.116279 0.372093
6031 16 48 0.124031 0.372093
6032 17 48 0.131783 0.372093
6033 18 48 0.139535 0.372093
6034 19 48 0.147287 0.372093
6035 20 48 0.155039 0.372093
6036 21 48 0.162791 0.372093
6037 22 48 0.170543 0.372093
6038 23 48 0.178295 0.372093
6039 24 48 0.186047 0.372093
6040 25 48 0.193798 0.372093
6041 26 48 0.20155 0.372093
6042 27 48 0.209302 0.372093
6043 28 48 0.217054 0.372093
6044 29 48 0.224806 0.372093
6045 30 48 0.232558 0.372093
6046 31 48 0.24031 0.372093
6047 32 48 0.248062 0.372093
6048 33 48 0.255814 0.372093
6049 34 48 0.263566 0.372093
6050 35 48 0.271318 0.372093
6051 36 48 0.27907 0.372093
6052 37 48 0.286822 0.372093
6053 38 48 0.294574 0.372093
6054 39 48 0.302326 0.372093
6055 40 48 0.310078 0.372093
6056 41 48 0.317829 0.372093
6057 42 48 0.325581 0.372093
6058 43 48 0.333333 0.372093
6059 44 48 0.341085 0.372093
6060 45 48 0.348837 0.372093
6061 46 48 0.356589 0.372093
6062 47 48 0.364341 0.372093
6063 48 48 0.372093 0.372093
6064 49 48 0.379845 0.372093
6065 50 48 0.387597 0.372093
6066 51 48 0.395349 0.372093
6067 52 48 0.403101 0.372093
6068 53 48 0.410853 0.372093
6069 54 48 0.418605 0.372093
6070 55 48 0.426357 0.372093
6071 56 48 0.434109 0.372093
6072 57 48 0.44186 0.372093
6073 58 48 0.449612 0.372093
6074 59 48 0.457364 0.372093
6075 60 48 0.465116 0.372093
6076 61 48 0.472868 0.372093
6077 62 48 0.48062 0.372093
6078 63 48 0.488372 0.372093
6079 64 48 0.496124 0.372093
6080 65 48 0.503876 0.372093
6081 66 48 0.511628 0.372093
6082 67 48 0.51938 0.372093
6083 68 48 0.527132 0.372093
6084 69 48 0.534884 0.372093
6085 70 48 0.542636 0.372093
6086 71 48 0.550388 0.372093
6087 72 48 0.55814 0.372093
6088 73 48 0.565891 0.372093
6089 74 48 0.573643 0.372093
6090 75 48 0.581395 0.372093
6091 76 48 0.589147 0.372093
6092 77 48 0.596899 0.372093
6093 78 48 0.604651 0.372093
6094 79 48 0.612403 0.372093
6095 80 48 0.620155 0.372093
6096 81 48 0.627907 0.372093
6097 82 48 0.635659 0.372093
6098 83 48 0.643411 0.372093
6099 84 48 0.651163 0.372093
6100 85 48 0.658915 0.372093
6101 86 48 0.666667 0.372093
6102 87 48 0.674419 0.372093
6103 88 48 0.682171 0.372093
6104 89 48 0.689922 0.372093
6105 90 48 0.697674 0.372093
6106 91 48 0.705426 0.372093
6107 92 48 0.713178 0.372093
6108 93 48 0.72093 0.372093
6109 94 48 0.728682 0.372093
6110 95 48 0.736434 0.372093
6111 96 48 0.744186 0.372093
6112 97 48 0.751938 0.372093
6113 98 48 0.75969 0.372093
6114 99 48 0.767442 0.372093
6115 100 48 0.775194 0.372093
6116 101 48 0.782946 0.372093
6117 102 48 0.790698 0.372093
6118 103 48 0.79845 0.372093
6119 104 48 0.806202 0.372093
6120 105 48 0.813953 0.372093
6121 106 48 0.821705 0.372093
6122 107 48 0.829457 0.372093
6123 108 48 0.837209 0.372093
6124 109 48 0.844961 0.372093
6125 110 48 0.852713 0.372093
6126 111 48 0.860465 0.372093
6127 112 48 0.868217 0.372093
6128 113 48 0.875969 0.372093
6129 114 48 0.883721 0.372093
6130 115 48 0.891473 0.372093
6131 116 48 0.899225 0.372093
6132 117 48 0.906977 0.372093
6133 118 48 0.914729 0.372093
6134 119 48 0.922481 0.372093
6135 120 48 0.930233 0.372093
6136 121 48 0.937984 0.372093
6137 122 48 0.945736 0.372093
6138 123 48 0.953488 0.372093
6139 124 48 0.96124 0.372093
6140 125 48 0.968992 0.372093
6141 126 48 0.976744 0.372093
6142 127 48 0.984496 0.372093
6143 128 48 0.992248 0.372093
6144 1 49 0.00775194 0.379845
6145 2 49 0.0155039 0.379845
6146 3 49 0.0232558 0.379845
6147 4 49 0.0310078 0.379845
6148 5 49 0.0387597 0.379845
6149 6 49 0.0465116 0.379845
6150 7 49 0.0542636 0.379845
6151 8 49 0.0620155 0.379845
6152 9 49 0.0697674 0.379845
6153 10 49 0.0775194 0.379845
6154 11 49 0.0852713 0.379845
6155 12 49 0.0930233 0.379845
6156 13 49 0.100775 0.379845
6157 14 49 0.108527 0.379845
6158 15 49 0.116279 0.379845
6159 16 49 0.124031 0.379845
6160 17 49 0.131783 0.379845
6161 18 49 0.139535 0.379845
6162 19 49 0.147287 0.379845
6163 20 49 0.155039 0.379845
6164 21 49 0.162791 0.379845
6165 22 49 0.170543 0.379845
6166 23 49 0.178295 0.379845
6167 24 49 0.186047 0.379845
6168 25 49 0.193798 0.379845
6169 26 49 0.20155 0.379845
6170 27 49 0.209302 0.379845
6171 28 49 0.217054 0.379845
6172 29 49 0.224806 0.379845
6173 30 49 0.232558 0.379845
6174 31 49 0.24031 0.379845
6175 32 49 0.248062 0.379845
6176 33 49 0.255814 0.379845
6177 34 49 0.263566 0.379845
6178 35 49 0.271318 0.379845
6179 36 49 0.27907 0.379845
6180 37 49 0.286822 0.379845
6181 38 49 0.294574 0.379845
6182 39 49 0.302326 0.379845
6183 40 49 0.310078 0.379845
6184 41 49 0.317829 0.379845
6185 42 49 0.325581 0.379845
6186 43 49 0.333333 0.379845
6187 44 49 0.341085 0.379845
6188 45 49 0.348837 0.379845
6189 46 49 0.356589 0.379845
6190 47 49 0.364341 0.379845
6191 48 49 0.372093 0.379845
6192 49 49 0.379845 0.379845
6193 50 49 0.387597 0.379845
6194 51 49 0.395349 0.379845
6195 52 49 0.403101 0.379845
6196 53 49 0.410853 0.379845
6197 54 49 0.418605 0.379845
6198 55 49 0.426357 0.379845
6199 56 49 0.434109 0.379845
6200 57 49 0.44186 0.379845
6201 58 49 0.449612 0.379845
6202 59 49 0.457364 0.379845
6203 60 49 0.465116 0.379845
6204 61 49 0.472868 0.379845
6205 62 49 0.48062 0.379845
6206 63 49 0.488372 0.379845
6207 64 49 0.496124 0.379845
6208 65 49 0.503876 0.379845
6209 66 49 0.511628 0.379845
6210 67 49 0.51938 0.379845
6211 68 49 0.527132 0.379845
6212 69 49 0.534884 0.379845
6213 70 49 0.542636 0.379845
6214 71 49 0.550388 0.379845
6215 72 49 0.55814 0.379845
6216 73 49 0.565891 0.379845
6217 74 49 0.573643 0.379845
6218 75 49 0.581395 0.379845
6219 76 49 0.589147 0.379845
6220 77 49 0.596899 0.379845
6221 78 49 0.604651 0.379845
6222 79 49 0.612403 0.379845
6223 80 49 0.620155 0.379845
6224 81 49 0.627907 0.379845
6225 82 49 0.635659 0.379845
6226 83 49 0.643411 0.379845
6227 84 49 0.651163 0.379845
6228 85 49 0.658915 0.379845
6229 86 49 0.666667 0.379845
6230 87 49 0.674419 0.379845
6231 88 49 0.682171 0.379845
6232 89 49 0.689922 0.379845
6233 90 49 0.697674 0.379845
6234 91 49 0.705426 0.379845
6235 92 49 0.713178 0.379845
6236 93 49 0.72093 0.379845
6237 94 49 0.728682 0.379845
6238 95 49 0.736434 0.379845
6239 96 49 0.744186 0.379845
6240 97 49 0.751938 0.379845
6241 98 49 0.75969 0.379845
6242 99 49 0.767442 0.379845
6243 100 49 0.775194 0.379845
6244 101 49 0.782946 0.379845
6245 102 49 0.790698 0.379845
6246 103 49 0.79845 0.379845
6247 104 49 0.806202 0.379845
6248 105 49 0.813953 0.379845
6249 106 49 0.821705 0.379845
6250 107 49 0.829457 0.379845
6251 108 49 0.837209 0.379845
6252 109 49 0.844961 0.379845
6253 110 49 0.852713 0.379845
6254 111 49 0.860465 0.379845
6255 112 49 0.868217 0.379845
6256 113 49 0.875969 0.379845
6257 114 49 0.883721 0.379845
6258 115 49 0.891473 0.379845
6259 116 49 0.899225 0.379845
6260 117 49 0.906977 0.379845
6261 118 49 0.914729 0.379845
6262 119 49 0.922481 0.379845
6263 120 49 0.930233 0.379845
6264 121 49 0.937984 0.379845
6265 122 49 0.945736 0.379845
6266 123 49 0.953488 0.379845
6267 124 49 0.96124 0.379845
6268 125 49 0.968992 0.379845
6269 126 49 0.976744 0.379845
6270 127 49 0.984496 0.379845
6271 128 49 0.992248 0.379845
6272 1 50 0.00775194 0.387597
6273 2 50 0.0155039 0.387597
6274 3 50 0.0232558 0.387597
6275 4 50 0.0310078 0.387597
6276 5 50 0.0387597 0.387597
6277 6 50 0.0465116 0.387597
6278 7 50 0.0542636 0.387597
6279 8 50 0.0620155 0.387597
6280 9 50 0.0697674 0.387597
6281 10 50 0.0775194 0.387597
6282 11 50 0.0852713 0.387597
6283 12 50 0.0930233 0.387597
6284 13 50 0.100775 0.387597
6285 14 50 0.108527 0.387597
6286 15 50 0.116279 0.387597
6287 16 50 0.124031 0.387597
6288 17 50 0.131783 0.387597
6289 18 50 0.139535 0.387597
6290 19 50 0.147287 0.387597
6291 20 50 0.155039 0.387597
6292 21 50 0.162791 0.387597
6293 22 50 0.170543 0.387597
6294 23 50 0.178295 0.387597
6295 24 50 0.186047 0.387597
6296 25 50 0.193798 0.387597
6297 26 50 0.20155 0.387597
6298 27 50 0.209302 0.387597
6299 28 50 0.217054 0.387597
6300 29 50 0.224806 0.387597
6301 30 50 0.232558 0.387597
6302 31 50 0.24031 0.387597
6303 32 50 0.248062 0.387597
6304 33 50 0.255814 0.387597
6305 34 50 0.263566 0.387597
6306 35 50 0.271318 0.387597
6307 36 50 0.27907 0.387597
6308 37 50 0.286822 0.387597
6309 38 50 0.294574 0.387597
6310 39 50 0.302326 0.387597
6311 40 50 0.310078 0.387597
6312 41 50 0.317829 0.387597
6313 42 50 0.325581 0.387597
6314 43 50 0.333333 0.387597
6315 44 50 0.341085 0.387597
6316 45 50 0.348837 0.387597
6317 46 50 0.356589 0.387597
6318 47 50 0.364341 0.387597
6319 48 50 0.372093 0.387597
6320 49 50 0.379845 0.387597
6321 50 50 0.387597 0.387597
6322 51 50 0.395349 0.387597
6323 52 50 0.403101 0.387597
6324 53 50 0.410853 0.387597
6325 54 50 0.418605 0.387597
6326 55 50 0.426357 0.387597
6327 56 50 0.434109 0.387597
6328 57 50 0.44186 0.387597
6329 58 50 0.449612 0.387597
6330 59 50 0.457364 0.387597
6331 60 50 0.465116 0.387597
6332 61 50 0.472868 0.387597
6333 62 50 0.48062 0.387597
6334 63 50 0.488372 0.387597
6335 64 50 0.496124 0.387597
6336 65 50 0.503876 0.387597
6337 66 50 0.511628 0.387597
6338 67 50 0.51938 0.387597
6339 68 50 0.527132 0.387597
6340 69 50 0.534884 0.387597
6341 70 50 0.542636 0.387597
6342 71 50 0.550388 0.387597
6343 72 50 0.55814 0.387597
6344 73 50 0.565891 0.387597
6345 74 50 0.573643 0.387597
6346 75 50 0.581395 0.387597
6347 76 50 0.589147 0.387597
6348 77 50 0.596899 0.387597
6349 78 50 0.604651 0.387597
6350 79 50 0.612403 0.387597
6351 80 50 0.620155 0.387597
6352 81 50 0.627907 0.387597
6353 82 50 0.635659 0.387597
6354 83 50 0.643411 0.387597
6355 84 50 0.651163 0.387597
6356 85 50 0.658915 0.387597
6357 86 50 0.666667 0.387597
6358 87 50 0.674419 0.387597
6359 88 50 0.682171 0.387597
6360 89 50 0.689922 0.387597
6361 90 50 0.697674 0.387597
6362 91 50 0.705426 0.387597
6363 92 50 0.713178 0.387597
6364 93 50 0.72093 0.387597
6365 94 50 0.728682 0.387597
6366 95 50 0.736434 0.387597
6367 96 50 0.744186 0.387597
6368 97 50 0.751938 0.387597
6369 98 50 0.75969 0.387597
6370 99 50 0.767442 0.387597
6371 100 50 0.775194 0.387597
6372 101 50 0.782946 0.387597
6373 102 50 0.790698 0.387597
6374 103 50 0.79845 0.387597
6375 104 50 0.806202 0.387597
6376 105 50 0.813953 0.387597
6377 106 50 0.821705 0.387597
6378 107 50 0.829457 0.387597
6379 108 50 0.837209 0.387597
6380 109 50 0.844961 0.387597
6381 110 50 0.852713 0.387597
6382 111 50 0.860465 0.387597
6383 112 50 0.868217 0.387597
6384 113 50 0.875969 0.387597
6385 114 50 0.883721 0.387597
6386 115 50 0.891473 0.387597
6387 116 50 0.899225 0.387597
6388 117 50 0.906977 0.387597
6389 118 50 0.914729 0.387597
6390 119 50 0.922481 0.387597
6391 120 50 0.930233 0.387597
6392 121 50 0.937984 0.387597
6393 122 50 0.945736 0.387597
6394 123 50 0.953488 0.387597
6395 124 50 0.96124 0.387597
6396 125 50 0.968992 0.387597
6397 126 50 0.976744 0.387597
6398 127 50 0.984496 0.387597
6399 128 50 0.992248 0.387597
6400 1 51 0.00775194 0.395349
6401 2 51 0.0155039 0.395349
6402 3 51 0.0232558 0.395349
6403 4 51 0.0310078 0.395349
6404 5 51 0.0387597 0.395349
6405 6 51 0.0465116 0.395349
6406 7 51 0.0542636 0.395349
6407 8 51 0.0620155 0.395349
6408 9 51 0.0697674 0.395349
6409 10 51 0.0775194 0.395349
6410 11 51 0.0852713 0.395349
6411 12 51 0.0930233 0.395349
6412 13 51 0.100775 0.395349
6413 14 51 0.108527 0.395349
6414 15 51 0.116279 0.395349
6415 16 51 0.124031 0.395349
6416 17 51 0.131783 0.395349
6417 18 51 0.139535 0.395349
6418 19 51 0.147287 0.395349
6419 20 51 0.155039 0.395349
6420 21 51 0.162791 0.395349
6421 22 51 0.170543 0.395349
6422 23 51 0.178295 0.395349
6423 24 51 0.186047 0.395349
6424 25 51 0.193798 0.395349
6425 26 51 0.20155 0.395349
6426 27 51 0.209302 0.395349
6427 28 51 0.217054 0.395349
6428 29 51 0.224806 0.395349
6429 30 51 0.232558 0.395349
6430 31 51 0.24031 0.395349
6431 32 51 0.248062 0.395349
6432 33 51 0.255814 0.395349
6433 34 51 0.263566 0.395349
6434 35 51 0.271318 0.395349
6435 36 51 0.27907 0.395349
6436 37 51 0.286822 0.395349
6437 38 51 0.294574 0.395349
6438 39 51 0.302326 0.395349
6439 40 51 0.310078 0.395349
6440 41 51 0.317829 0.395349
6441 42 51 0.325581 0.395349
6442 43 51 0.333333 0.395349
6443 44 51 0.341085 0.395349
6444 45 51 0.348837 0.395349
6445 46 51 0.356589 0.395349
6446 47 51 0.364341 0.395349
6447 48 51 0.372093 0.395349
6448 49 51 0.379845 0.395349
6449 50 51 0.387597 0.395349
6450 51 51 0.395349 0.395349
6451 52 51 0.403101 0.395349
6452 53 51 0.410853 0.395349
6453 54 51 0.418605 0.395349
6454 55 51 0.426357 0.395349
6455 56 51 0.434109 0.395349
6456 57 51 0.44186 0.395349
6457 58 51 0.449612 0.395349
6458 59 51 0.457364 0.395349
6459 60 51 0.465116 0.395349
6460 61 51 0.472868 0.395349
6461 62 51 0.48062 0.395349
6462 63 51 0.488372 0.395349
6463 64 51 0.496124 0.395349
6464 65 51 0.503876 0.395349
6465 66 51 0.511628 0.395349
6466 67 51 0.51938 0.395349
6467 68 51 0.527132 0.395349
6468 69 51 0.534884 0.395349
6469 70 51 0.542636 0.395349
6470 71 51 0.550388 0.395349
6471 72 51 0.55814 0.395349
6472 73 51 0.565891 0.395349
6473 74 51 0.573643 0.395349
6474 75 51 0.581395 0.395349
6475 76 51 0.589147 0.395349
6476 77 51 0.596899 0.395349
6477 78 51 0.604651 0.395349
6478 79 51 0.612403 0.395349
6479 80 51 0.620155 0.395349
6480 81 51 0.627907 0.395349
6481 82 51 0.635659 0.395349
6482 83 51 0.643411 0.395349
6483 84 51 0.651163 0.395349
6484 85 51 0.658915 0.395349
6485 86 51 0.666667 0.395349
6486 87 51 0.674419 0.395349
6487 88 51 0.682171 0.395349
6488 89 51 0.689922 0.395349
6489 90 51 0.697674 0.395349
6490 91 51 0.705426 0.395349
6491 92 51 0.713178 0.395349
6492 93 51 0.72093 0.395349
6493 94 51 0.728682 0.395349
6494 95 51 0.736434 0.395349
6495 96 51 0.744186 0.395349
6496 97 51 0.751938 0.395349
6497 98 51 0.75969 0.395349
6498 99 51 0.767442 0.395349
6499 100 51 0.775194 0.395349
6500 101 51 0.782946 0.395349
6501 102 51 0.790698 0.395349
6502 103 51 0.79845 0.395349
6503 104 51 0.806202 0.395349
6504 105 51 0.813953 0.395349
6505 106 51 0.821705 0.395349
6506 107 51 0.829457 0.395349
6507 108 51 0.837209 0.395349
6508 109 51 0.844961 0.395349
6509 110 51 0.852713 0.395349
6510 111 51 0.860465 0.395349
6511 112 51 0.868217 0.395349
6512 113 51 0.875969 0.395349
6513 114 51 0.883721 0.395349
6514 115 51 0.891473 0.395349
6515 116 51 0.899225 0.395349
6516 117 51 0.906977 0.395349
6517 118 51 0.914729 0.395349
6518 119 51 0.922481 0.395349
6519 120 51 0.930233 0.395349
6520 121 51 0.937984 0.395349
6521 122 51 0.945736 0.395349
6522 123 51 0.953488 0.395349
6523 124 51 0.96124 0.395349
6524 125 51 0.968992 0.395349
6525 126 51 0.976744 0.395349
6526 127 51 0.984496 0.395349
6527 128 51 0.992248 0.395349
6528 1 52 0.00775194 0.403101
6529 2 52 0.0155039 0.403101
6530 3 52 0.0232558 0.403101
6531 4 52 0.0310078 0.403101
6532 5 52 0.0387597 0.403101
6533 6 52 0.0465116 0.403101
6534 7 52 0.0542636 0.403101
6535 8 52 0.0620155 0.403101
6536 9 52 0.0697674 0.403101
6537 10 52 0.0775194 0.403101
6538 11 52 0.0852713 0.403101
6539 12 52 0.0930233 0.403101
6540 13 52 0.100775 0.403101
6541 14 52 0.108527 0.403101
6542 15 52 0.116279 0.403101
6543 16 52 0.124031 0.403101
6544 17 52 0.131783 0.403101
6545 18 52 0.139535 0.403101
6546 19 52 0.147287 0.403101
6547 20 52 0.155039 0.403101
6548 21 52 0.162791 0.403101
6549 22 52 0.170543 0.403101
6550 23 52 0.178295 0.403101
6551 24 52 0.186047 0.403101
6552 25 52 0.193798 0.403101
6553 26 52 0.20155 0.403101
6554 27 52 0.209302 0.403101
6555 28 52 0.217054 0.403101
6556 29 52 0.224806 0.403101
6557 30 52 0.232558 0.403101
6558 31 52 0.24031 0.403101
6559 32 52 0.248062 0.403101
6560 33 52 0.255814 0.403101
6561 34 52 0.263566 0.403101
6562 35 52 0.271318 0.403101
6563 36 52 0.27907 0.403101
6564 37 52 0.286822 0.403101
6565 38 52 0.294574 0.403101
6566 39 52 0.302326 0.403101
6567 40 52 0.310078 0.403101
6568 41 52 0.317829 0.403101
6569 42 52 0.325581 0.403101
6570 43 52 0.333333 0.403101
6571 44 52 0.341085 0.403101
6572 45 52 0.348837 0.403101
6573 46 52 0.356589 0.403101
6574 47 52 0.364341 0.403101
6575 48 52 0.372093 0.403101
6576 49 52 0.379845 0.403101
6577 50 52 0.387597 0.403101
6578 51 52 0.395349 0.403101
6579 52 52 0.403101 0.403101
6580 53 52 0.410853 0.403101
6581 54 52 0.418605 0.403101
6582 55 52 0.426357 0.403101
6583 56 52 0.434109 0.403101
6584 57 52 0.44186 0.403101
6585 58 52 0.449612 0.403101
6586 59 52 0.457364 0.403101
6587 60 52 0.465116 0.403101
6588 61 52 0.472868 0.403101
6589 62 52 0.48062 0.403101
6590 63 52 0.488372 0.403101
6591 64 52 0.496124 0.403101
6592 65 52 0.503876 0.403101
6593 66 52 0.511628 0.403101
6594 67 52 0.51938 0.403101
6595 68 52 0.527132 0.403101
6596 69 52 0.534884 0.403101
6597 70 52 0.542636 0.403101
6598 71 52 0.550388 0.403101
6599 72 52 0.55814 0.403101
6600 73 52 0.565891 0.403101
6601 74 52 0.573643 0.403101
6602 75 52 0.581395 0.403101
6603 76 52 0.589147 0.403101
6604 77 52 0.596899 0.403101
6605 78 52 0.604651 0.403101
6606 79 52 0.612403 0.403101
6607 80 52 0.620155 0.403101
6608 81 52 0.627907 0.403101
6609 82 52 0.635659 0.403101
6610 83 52 0.643411 0.403101
6611 84 52 0.651163 0.403101
6612 85 52 0.658915 0.403101
6613 86 52 0.666667 0.403101
6614 87 52 0.674419 0.403101
6615 88 52 0.682171 0.403101
6616 89 52 0.689922 0.403101
6617 90 52 0.697674 0.403101
6618 91 52 0.705426 0.403101
6619 92 52 0.713178 0.403101
6620 93 52 0.72093 0.403101
6621 94 52 0.728682 0.403101
6622 95 52 0.736434 0.403101
6623 96 52 0.744186 0.403101
6624 97 52 0.751938 0.403101
6625 98 52 0.75969 0.403101
6626 99 52 0.767442 0.403101
6627 100 52 0.775194 0.403101
6628 101 52 0.782946 0.403101
6629 102 52 0.790698 0.403101
6630 103 52 0.79845 0.403101
6631 104 52 0.806202 0.403101
6632 105 52 0.813953 0.403101
6633 106 52 0.821705 0.403101
6634 107 52 0.829457 0.403101
6635 108 52 0.837209 0.403101
6636 109 52 0.844961 0.403101
6637 110 52 0.852713 0.403101
6638 111 52 0.860465 0.403101
6639 112 52 0.868217 0.403101
6640 113 52 0.875969 0.403101
6641 114 52 0.883721 0.403101
6642 115 52 0.891473 0.403101
6643 116 52 0.899225 0.403101
6644 117 52 0.906977 0.403101
6645 118 52 0.914729 0.403101
6646 119 52 0.922481 0.403101
6647 120 52 0.930233 0.403101
6648 121 52 0.937984 0.403101
6649 122 52 0.945736 0.403101
6650 123 52 0.953488 0.403101
6651 124 52 0.96124 0.403101
6652 125 52 0.968992 0.403101
6653 126 52 0.976744 0.403101
6654 127 52 0.984496 0.403101
6655 128 52 0.992248 0.403101
6656 1 53 0.00775194 0.410853
6657 2 53 0.0155039 0.410853
6658 3 53 0.0232558 0.410853
6659 4 53 0.0310078 0.410853
6660 5 53 0.0387597 0.410853
6661 6 53 0.0465116 0.410853
6662 7 53 0.0542636 0.410853
6663 8 53 0.0620155 0.410853
6664 9 53 0.0697674 0.410853
6665 10 53 0.0775194 0.410853
6666 11 53 0.0852713 0.410853
6667 12 53 0.0930233 0.410853
6668 13 53 0.100775 0.410853
6669 14 53 0.108527 0.410853
6670 15 53 0.116279 0.410853
6671 16 53 0.124031 0.410853
6672 17 53 0.131783 0.410853
6673 18 53 0.139535 0.410853
6674 19 53 0.147287 0.410853
6675 20 53 0.155039 0.410853
6676 21 53 0.162791 0.410853
6677 22 53 0.170543 0.410853
6678 23 53 0.178295 0.410853
6679 24 53 0.186047 0.410853
6680 25 53 0.193798 0.410853
6681 26 53 0.20155 0.410853
6682 27 53 0.209302 0.410853
6683 28 53 0.217054 0.410853
6684 29 53 0.224806 0.410853
6685 30 53 0.232558 0.410853
6686 31 53 0.24031 0.410853
6687 32 53 0.248062 0.410853
6688 33 53 0.255814 0.410853
6689 34 53 0.263566 0.410853
6690 35 53 0.271318 0.410853
6691 36 53 0.27907 0.410853
6692 37 53 0.286822 0.410853
6693 38 53 0.294574 0.410853
6694 39 53 0.302326 0.410853
6695 40 53 0.310078 0.410853
6696 41 53 0.317829 0.410853
6697 42 53 0.325581 0.410853
6698 43 53 0.333333 0.410853
6699 44 53 0.341085 0.410853
6700 45 53 0.348837 0.410853
6701 46 53 0.356589 0.410853
6702 47 53 0.364341 0.410853
6703 48 53 0.372093 0.410853
6704 49 53 0.379845 0.410853
6705 50 53 0.387597 0.410853
6706 51 53 0.395349 0.410853
6707 52 53 0.403101 0.410853
6708 53 53 0.410853 0.410853
6709 54 53 0.418605 0.410853
6710 55 53 0.426357 0.410853
6711 56 53 0.434109 0.410853
6712 57 53 0.44186 0.410853
6713 58 53 0.449612 0.410853
6714 59 53 0.457364 0.410853
6715 60 53 0.465116 0.410853
6716 61 53 0.472868 0.410853
6717 62 53 0.48062 0.410853
6718 63 53 0.488372 0.410853
6719 64 53 0.496124 0.410853
6720 65 53 0.503876 0.410853
6721 66 53 0.511628 0.410853
6722 67 53 0.51938 0.410853
6723 68 53 0.527132 0.410853
6724 69 53 0.534884 0.410853
6725 70 53 0.542636 0.410853
6726 71 53 0.550388 0.410853
6727 72 53 0.55814 0.410853
6728 73 53 0.565891 0.410853
6729 74 53 0.573643 0.410853
6730 75 53 0.581395 0.410853
6731 76 53 0.589147 0.410853
6732 77 53 0.596899 0.410853
6733 78 53 0.604651 0.410853
6734 79 53 0.612403 0.410853
6735 80 53 0.620155 0.410853
6736 81 53 0.627907 0.410853
6737 82 53 0.635659 0.410853
6738 83 53 0.643411 0.410853
6739 84 53 0.651163 0.410853
6740 85 53 0.658915 0.410853
6741 86 53 0.666667 0.410853
6742 87 53 0.674419 0.410853
6743 88 53 0.682171 0.410853
6744 89 53 0.689922 0.410853
6745 90 53 0.697674 0.410853
6746 91 53 0.705426 0.410853
6747 92 53 0.713178 0.410853
6748 93 53 0.72093 0.410853
6749 94 53 0.728682 0.410853
6750 95 53 0.736434 0.410853
6751 96 53 0.744186 0.410853
6752 97 53 0.751938 0.410853
6753 98 53 0.75969 0.410853
6754 99 53 0.767442 0.410853
6755 100 53 0.775194 0.410853
6756 101 53 0.782946 0.410853
6757 102 53 0.790698 0.410853
6758 103 53 0.79845 0.410853
6759 104 53 0.806202 0.410853
6760 105 53 0.813953 0.410853
6761 106 53 0.821705 0.410853
6762 107 53 0.829457 0.410853
6763 108 53 0.837209 0.410853
6764 109 53 0.844961 0.410853
6765 110 53 0.852713 0.410853
6766 111 53 0.860465 0.410853
6767 112 53 0.868217 0.410853
6768 113 53 0.875969 0.410853
6769 114 53 0.883721 0.410853
6770 115 53 0.891473 0.410853
6771 116 53 0.899225 0.410853
6772 117 53 0.906977 0.410853
6773 118 53 0.914729 0.410853
6774 119 53 0.922481 0.410853
6775 120 53 0.930233 0.410853
6776 121 53 0.937984 0.410853
6777 122 53 0.945736 0.410853
6778 123 53 0.953488 0.410853
6779 124 53 0.96124 0.410853
6780 125 53 0.968992 0.410853
6781 126 53 0.976744 0.410853
6782 127 53 0.984496 0.410853
6783 128 53 0.992248 0.410853
6784 1 54 0.00775194 0.418605
6785 2 54 0.0155039 0.418605
6786 3 54 0.0232558 0.418605
6787 4 54 0.0310078 0.418605
6788 5 54 0.0387597 0.418605
6789 6 54 0.0465116 0.418605
6790 7 54 0.0542636 0.418605
6791 8 54 0.0620155 0.418605
6792 9 54 0.0697674 0.418605
6793 10 54 0.0775194 0.418605
6794 11 54 0.0852713 0.418605
6795 12 54 0.0930233 0.418605
6796 13 54 0.100775 0.418605
6797 14 54 0.108527 0.418605
6798 15 54 0.116279 0.418605
6799 16 54 0.124031 0.418605
6800 17 54 0.131783 0.418605
6801 18 54 0.139535 0.418605
6802 19 54 0.147287 0.418605
6803 20 54 0.155039 0.418605
6804 21 54 0.162791 0.418605
6805 22 54 0.170543 0.418605
6806 23 54 0.178295 0.418605
6807 24 54 0.186047 0.418605
6808 25 54 0.193798 0.418605
6809 26 54 0.20155 0.418605
6810 27 54 0.209302 0.418605
6811 28 54 0.217054 0.418605
6812 29 54 0.224806 0.418605
6813 30 54 0.232558 0.418605
6814 31 54 0.24031 0.418605
6815 32 54 0.248062 0.418605
6816 33 54 0.255814 0.418605
6817 34 54 0.263566 0.418605
6818 35 54 0.271318 0.418605
6819 36 54 0.27907 0.418605
6820 37 54 0.286822 0.418605
6821 38 54 0.294574 0.418605
6822 39 54 0.302326 0.418605
6823 40 54 0.310078 0.418605
6824 41 54 0.317829 0.418605
6825 42 54 0.325581 0.418605
6826 43 54 0.333333 0.418605
6827 44 54 0.341085 0.418605
6828 45 54 0.348837 0.418605
6829 46 54 0.356589 0.418605
6830 47 54 0.364341 0.418605
6831 48 54 0.372093 0.418605
6832 49 54 0.379845 0.418605
6833 50 54 0.387597 0.418605
6834 51 54 0.395349 0.418605
6835 52 54 0.403101 0.418605
6836 53 54 0.410853 0.418605
6837 54 54 0.418605 0.418605
6838 55 54 0.426357 0.418605
6839 56 54 0.434109 0.418605
6840 57 54 0.44186 0.418605
6841 58 54 0.449612 0.418605
6842 59 54 0.457364 0.418605
6843 60 54 0.465116 0.418605
6844 61 54 0.472868 0.418605
6845 62 54 0.48062 0.418605
6846 63 54 0.488372 0.418605
6847 64 54 0.496124 0.418605
6848 65 54 0.503876 0.418605
6849 66 54 0.511628 0.418605
6850 67 54 0.51938 0.418605
6851 68 54 0.527132 0.418605
6852 69 54 0.534884 0.418605
6853 70 54 0.542636 0.418605
6854 71 54 0.550388 0.418605
6855 72 54 0.55814 0.418605
6856 73 54 0.565891 0.418605
6857 74 54 0.573643 0.418605
6858 75 54 0.581395 0.418605
6859 76 54 0.589147 0.418605
6860 77 54 0.596899 0.418605
6861 78 54 0.604651 0.418605
6862 79 54 0.612403 0.418605
6863 80 54 0.620155 0.418605
6864 81 54 0.627907 0.418605
6865 82 54 0.635659 0.418605
6866 83 54 0.643411 0.418605
6867 84 54 0.651163 0.418605
6868 85 54 0.658915 0.418605
6869 86 54 0.666667 0.418605
6870 87 54 0.674419 0.418605
6871 88 54 0.682171 0.418605
6872 89 54 0.689922 0.418605
6873 90 54 0.697674 0.418605
6874 91 54 0.705426 0.418605
6875 92 54 0.713178 0.418605
6876 93 54 0.72093 0.418605
6877 94 54 0.728682 0.418605
6878 95 54 0.736434 0.418605
6879 96 54 0.744186 0.418605
6880 97 54 0.751938 0.418605
6881 98 54 0.75969 0.418605
6882 99 54 0.767442 0.418605
6883 100 54 0.775194 0.418605
6884 101 54 0.782946 0.418605
6885 102 54 0.790698 0.418605
6886 103 54 0.79845 0.418605
6887 104 54 0.806202 0.418605
6888 105 54 0.813953 0.418605
6889 106 54 0.821705 0.418605
6890 107 54 0.829457 0.418605
6891 108 54 0.837209 0.418605
6892 109 54 0.844961 0.418605
6893 110 54 0.852713 0.418605
6894 111 54 0.860465 0.418605
6895 112 54 0.868217 0.418605
6896 113 54 0.875969 0.418605
6897 114 54 0.883721 0.418605
6898 115 54 0.891473 0.418605
6899 116 54 0.899225 0.418605
6900 117 54 0.906977 0.418605
6901 118 54 0.914729 0.418605
6902 119 54 0.922481 0.418605
6903 120 54 0.930233 0.418605
6904 121 54 0.937984 0.418605
6905 122 54 0.945736 0.418605
6906 123 54 0.953488 0.418605
6907 124 54 0.96124 0.418605
6908 125 54 0.968992 0.418605
6909 126 54 0.976744 0.418605
6910 127 54 0.984496 0.418605
6911 128 54 0.992248 0.418605
6912 1 55 0.00775194 0.426357
6913 2 55 0.0155039 0.426357
6914 3 55 0.0232558 0.426357
6915 4 55 0.0310078 0.426357
6916 5 55 0.0387597 0.426357
6917 6 55 0.0465116 0.426357
6918 7 55 0.0542636 0.426357
6919 8 55 0.0620155 0.426357
6920 9 55 0.0697674 0.426357
6921 10 55 0.0775194 0.426357
6922 11 55 0.0852713 0.426357
6923 12 55 0.0930233 0.426357
6924 13 55 0.100775 0.426357
6925 14 55 0.108527 0.426357
6926 15 55 0.116279 0.426357
6927 16 55 0.124031 0.426357
6928 17 55 0.131783 0.426357
6929 18 55 0.139535 0.426357
6930 19 55 0.147287 0.426357
6931 20 55 0.155039 0.426357
6932 21 55 0.162791 0.426357
6933 22 55 0.170543 0.426357
6934 23 55 0.178295 0.426357
6935 24 55 0.186047 0.426357
6936 25 55 0.193798 0.426357
6937 26 55 0.20155 0.426357
6938 27 55 0.209302 0.426357
6939 28 55 0.217054 0.426357
6940 29 55 0.224806 0.426357
6941 30 55 0.232558 0.426357
6942 31 55 0.24031 0.426357
6943 32 55 0.248062 0.426357
6944 33 55 0.255814 0.426357
6945 34 55 0.263566 0.426357
6946 35 55 0.271318 0.426357
6947 36 55 0.27907 0.426357
6948 37 55 0.286822 0.426357
6949 38 55 0.294574 0.426357
6950 39 55 0.302326 0.426357
6951 40 55 0.310078 0.426357
6952 41 55 0.317829 0.426357
6953 42 55 0.325581 0.426357
6954 43 55 0.333333 0.426357
6955 44 55 0.341085 0.426357
6956 45 55 0.348837 0.426357
6957 46 55 0.356589 0.426357
6958 47 55 0.364341 0.426357
6959 48 55 0.372093 0.426357
6960 49 55 0.379845 0.426357
6961 50 55 0.387597 0.426357
6962 51 55 0.395349 0.426357
6963 52 55 0.403101 0.426357
6964 53 55 0.410853 0.426357
6965 54 55 0.418605 0.426357
6966 55 55 0.426357 0.426357
6967 56 55 0.434109 0.426357
6968 57 55 0.44186 0.426357
6969 58 55 0.449612 0.426357
6970 59 55 0.457364 0.426357
6971 60 55 0.465116 0.426357
6972 61 55 0.472868 0.426357
6973 62 55 0.48062 0.426357
6974 63 55 0.488372 0.426357
6975 64 55 0.496124 0.426357
6976 65 55 0.503876 0.426357
6977 66 55 0.511628 0.426357
6978 67 55 0.51938 0.426357
6979 68 55 0.527132 0.426357
6980 69 55 0.534884 0.426357
6981 70 55 0.542636 0.426357
6982 71 55 0.550388 0.426357
6983 72 55 0.55814 0.426357
6984 73 55 0.565891 0.426357
6985 74 55 0.573643 0.426357
6986 75 55 0.581395 0.426357
6987 76 55 0.589147 0.426357
6988 77 55 0.596899 0.426357
6989 78 55 0.604651 0.426357
6990 79 55 0.612403 0.426357
6991 80 55 0.620155 0.426357
6992 81 55 0.627907 0.426357
6993 82 55 0.635659 0.426357
6994 83 55 0.643411 0.426357
6995 84 55 0.651163 0.426357
6996 85 55 0.658915 0.426357
6997 86 55 0.666667 0.426357
6998 87 55 0.674419 0.426357
6999 88 55 0.682171 0.426357
7000 89 55 0.689922 0.426357
7001 90 55 0.697674 0.426357
7002 91 55 0.705426 0.426357
7003 92 55 0.713178 0.426357
7004 93 55 0.72093 0.426357
7005 94 55 0.728682 0.426357
7006 95 55 0.736434 0.426357
7007 96 55 0.744186 0.426357
7008 97 55 0.751938 0.426357
7009 98 55 0.75969 0.426357
7010 99 55 0.767442 0.426357
7011 100 55 0.775194 0.426357
7012 101 55 0.782946 0.426357
7013 102 55 0.790698 0.426357
7014 103 55 0.79845 0.426357
7015 104 55 0.806202 0.426357
7016 105 55 0.813953 0.426357
7017 106 55 0.821705 0.426357
7018 107 55 0.829457 0.426357
7019 108 55 0.837209 0.426357
7020 109 55 0.844961 0.426357
7021 110 55 0.852713 0.426357
7022 111 55 0.860465 0.426357
7023 112 55 0.868217 0.426357
7024 113 55 0.875969 0.426357
7025 114 55 0.883721 0.426357
7026 115 55 0.891473 0.426357
7027 116 55 0.899225 0.426357
7028 117 55 0.906977 0.426357
7029 118 55 0.914729 0.426357
7030 119 55 0.922481 0.426357
7031 120 55 0.930233 0.426357
7032 121 55 0.937984 0.426357
7033 122 55 0.945736 0.426357
7034 123 55 0.953488 0.426357
7035 124 55 0.96124 0.426357
7036 125 55 0.968992 0.426357
7037 126 55 0.976744 0.426357
7038 127 55 0.984496 0.426357
7039 128 55 0.992248 0.426357
7040 1 56 0.00775194 0.434109
7041 2 56 0.0155039 0.434109
7042 3 56 0.0232558 0.434109
7043 4 56 0.0310078 0.434109
7044 5 56 0.0387597 0.434109
7045 6 56 0.0465116 0.434109
7046 7 56 0.0542636 0.434109
7047 8 56 0.0620155 0.434109
7048 9 56 0.0697674 0.434109
7049 10 56 0.0775194 0.434109
7050 11 56 0.0852713 0.434109
7051 12 56 0.0930233 0.434109
7052 13 56 0.100775 0.434109
7053 14 56 0.108527 0.434109
7054 15 56 0.116279 0.434109
7055 16 56 0.124031 0.434109
7056 17 56 0.131783 0.434109
7057 18 56 0.139535 0.434109
7058 19 56 0.147287 0.434109
7059 20 56 0.155039 0.434109
7060 21 56 0.162791 0.434109
7061 22 56 0.170543 0.434109
7062 23 56 0.178295 0.434109
7063 24 56 0.186047 0.434109
7064 25 56 0.193798 0.434109
7065 26 56 0.20155 0.434109
7066 27 56 0.209302 0.434109
7067 28 56 0.217054 0.434109
7068 29 56 0.224806 0.434109
7069 30 56 0.232558 0.434109
7070 31 56 0.24031 0.434109
7071 32 56 0.248062 0.434109
7072 33 56 0.255814 0.434109
7073 34 56 0.263566 0.434109
7074 35 56 0.271318 0.434109
7075 36 56 0.27907 0.434109
7076 37 56 0.286822 0.434109
7077 38 56 0.294574 0.434109
7078 39 56 0.302326 0.434109
7079 40 56 0.310078 0.434109
7080 41 56 0.317829 0.434109
7081 42 56 0.325581 0.434109
7082 43 56 0.333333 0.434109
7083 44 56 0.341085 0.434109
7084 45 56 0.348837 0.434109
7085 46 56 0.356589 0.434109
7086 47 56 0.364341 0.434109
7087 48 56 0.372093 0.434109
7088 49 56 0.379845 0.434109
7089 50 56 0.387597 0.434109
7090 51 56 0.395349 0.434109
7091 52 56 0.403101 0.434109
7092 53 56 0.410853 0.434109
7093 54 56 0.418605 0.434109
7094 55 56 0.426357 0.434109
7095 56 56 0.434109 0.434109
7096 57 56 0.44186 0.434109
7097 58 56 0.449612 0.434109
7098 59 56 0.457364 0.434109
7099 60 56 0.465116 0.434109
7100 61 56 0.472868 0.434109
7101 62 56 0.48062 0.434109
7102 63 56 0.488372 0.434109
7103 64 56 0.496124 0.434109
7104 65 56 0.503876 0.434109
7105 66 56 0.511628 0.434109
7106 67 56 0.51938 0.434109
7107 68 56 0.527132 0.434109
7108 69 56 0.534884 0.434109
7109 70 56 0.542636 0.434109
7110 71 56 0.550388 0.434109
7111 72 56 0.55814 0.434109
7112 73 56 0.565891 0.434109
7113 74 56 0.573643 0.434109
7114 75 56 0.581395 0.434109
7115 76 56 0.589147 0.434109
7116 77 56 0.596899 0.434109
7117 78 56 0.604651 0.434109
7118 79 56 0.612403 0.434109
7119 80 56 0.620155 0.434109
7120 81 56 0.627907 0.434109
7121 82 56 0.635659 0.434109
7122 83 56 0.643411 0.434109
7123 84 56 0.651163 0.434109
7124 85 56 0.658915 0.434109
7125 86 56 0.666667 0.434109
7126 87 56 0.674419 0.434109
7127 88 56 0.682171 0.434109
7128 89 56 0.689922 0.434109
7129 90 56 0.697674 0.434109
7130 91 56 0.705426 0.434109
7131 92 56 0.713178 0.434109
7132 93 56 0.72093 0.434109
7133 94 56 0.728682 0.434109
7134 95 56 0.736434 0.434109
7135 96 56 0.744186 0.434109
7136 97 56 0.751938 0.434109
7137 98 56 0.75969 0.434109
7138 99 56 0.767442 0.434109
7139 100 56 0.775194 0.434109
7140 101 56 0.782946 0.434109
7141 102 56 0.790698 0.434109
7142 103 56 0.79845 0.434109
7143 104 56 0.806202 0.434109
7144 105 56 0.813953 0.434109
7145 106 56 0.821705 0.434109
7146 107 56 0.829457 0.434109
7147 108 56 0.837209 0.434109
7148 109 56 0.844961 0.434109
7149 110 56 0.852713 0.434109
7150 111 56 0.860465 0.434109
7151 112 56 0.868217 0.434109
7152 113 56 0.875969 0.434109
7153 114 56 0.883721 0.434109
7154 115 56 0.891473 0.434109
7155 116 56 0.899225 0.434109
7156 117 56 0.906977 0.434109
7157 118 56 0.914729 0.434109
7158 119 56 0.922481 0.434109
7159 120 56 0.930233 0.434109
7160 121 56 0.937984 0.434109
7161 122 56 0.945736 0.434109
7162 123 56 0.953488 0.434109
7163 124 56 0.96124 0.434109
7164 125 56 0.968992 0.434109
7165 126 56 0.976744 0.434109
7166 127 56 0.984496 0.434109
7167 128 56 0.992248 0.434109
7168 1 57 0.00775194 0.44186
7169 2 57 0.0155039 0.44186
7170 3 57 0.0232558 0.44186
7171 4 57 0.0310078 0.44186
7172 5 57 0.0387597 0.44186
7173 6 57 0.0465116 0.44186
7174 7 57 0.0542636 0.44186
7175 8 57 0.0620155 0.44186
7176 9 57 0.0697674 0.44186
7177 10 57 0.0775194 0.44186
7178 11 57 0.0852713 0.44186
7179 12 57 0.0930233 0.44186
7180 13 57 0.100775 0.44186
7181 14 57 0.108527 0.44186
7182 15 57 0.116279 0.44186
7183 16 57 0.124031 0.44186
7184 17 57 0.131783 0.44186
7185 18 57 0.139535 0.44186
7186 19 57 0.147287 0.44186
7187 20 57 0.155039 0.44186
7188 21 57 0.162791 0.44186
7189 22 57 0.170543 0.44186
7190 23 57 0.178295 0.44186
7191 24 57 0.186047 0.44186
7192 25 57 0.193798 0.44186
7193 26 57 0.20155 0.44186
7194 27 57 0.209302 0.44186
7195 28 57 0.217054 0.44186
7196 29 57 0.224806 0.44186
7197 30 57 0.232558 0.44186
7198 31 57 0.24031 0.44186
7199 32 57 0.248062 0.44186
7200 33 57 0.255814 0.44186
7201 34 57 0.263566 0.44186
7202 35 57 0.271318 0.44186
7203 36 57 0.27907 0.44186
7204 37 57 0.286822 0.44186
7205 38 57 0.294574 0.44186
7206 39 57 0.302326 0.44186
7207 40 57 0.310078 0.44186
7208 41 57 0.317829 0.44186
7209 42 57 0.325581 0.44186
7210 43 57 0.333333 0.44186
7211 44 57 0.341085 0.44186
7212 45 57 0.348837 0.44186
7213 46 57 0.356589 0.44186
7214 47 57 0.364341 0.44186
7215 48 57 0.372093 0.44186
7216 49 57 0.379845 0.44186
7217 50 57 0.387597 0.44186
7218 51 57 0.395349 0.44186
7219 52 57 0.403101 0.44186
7220 53 57 0.410853 0.44186
7221 54 57 0.418605 0.44186
7222 55 57 0.426357 0.44186
7223 56 57 0.434109 0.44186
7224 57 57 0.44186 0.44186
7225 58 57 0.449612 0.44186
7226 59 57 0.457364 0.44186
7227 60 57 0.465116 0.44186
7228 61 57 0.472868 0.44186
7229 62 57 0.48062 0.44186
7230 63 57 0.488372 0.44186
7231 64 57 0.496124 0.44186
7232 65 57 0.503876 0.44186
7233 66 57 0.511628 0.44186
7234 67 57 0.51938 0.44186
7235 68 57 0.527132 0.44186
7236 69 57 0.534884 0.44186
7237 70 57 0.542636 0.44186
7238 71 57 0.550388 0.44186
7239 72 57 0.55814 0.44186
7240 73 57 0.565891 0.44186
7241 74 57 0.573643 0.44186
7242 75 57 0.581395 0.44186
7243 76 57 0.589147 0.44186
7244 77 57 0.596899 0.44186
7245 78 57 0.604651 0.44186
7246 79 57 0.612403 0.44186
7247 80 57 0.620155 0.44186
7248 81 57 0.627907 0.44186
7249 82 57 0.635659 0.44186
7250 83 57 0.643411 0.44186
7251 84 57 0.651163 0.44186
7252 85 57 0.658915 0.44186
7253 86 57 0.666667 0.44186
7254 87 57 0.674419 0.44186
7255 88 57 0.682171 0.44186
7256 89 57 0.689922 0.44186
7257 90 57 0.697674 0.44186
7258 91 57 0.705426 0.44186
7259 92 57 0.713178 0.44186
7260 93 57 0.72093 0.44186
7261 94 57 0.728682 0.44186
7262 95 57 0.736434 0.44186
7263 96 57 0.744186 0.44186
7264 97 57 0.751938 0.44186
7265 98 57 0.75969 0.44186
7266 99 57 0.767442 0.44186
7267 100 57 0.775194 0.44186
7268 101 57 0.782946 0.44186
7269 102 57 0.790698 0.44186
7270 103 57 0.79845 0.44186
7271 104 57 0.806202 0.44186
7272 105 57 0.813953 0.44186
7273 106 57 0.821705 0.44186
7274 107 57 0.829457 0.44186
7275 108 57 0.837209 0.44186
7276 109 57 0.844961 0.44186
7277 110 57 0.852713 0.44186
7278 111 57 0.860465 0.44186
7279 112 57 0.868217 0.44186
7280 113 57 0.875969 0.44186
7281 114 57 0.883721 0.44186
7282 115 57 0.891473 0.44186
7283 116 57 0.899225 0.44186
7284 117 57 0.906977 0.44186
7285 118 57 0.914729 0.44186
7286 119 57 0.922481 0.44186
7287 120 57 0.930233 0.44186
7288 121 57 0.937984 0.44186
7289 122 57 0.945736 0.44186
7290 123 57 0.953488 0.44186
7291 124 57 0.96124 0.44186
7292 125 57 0.968992 0.44186
7293 126 57 0.976744 0.44186
7294 127 57 0.984496 0.44186
7295 128 57 0.992248 0.44186
7296 1 58 0.00775194 0.449612
7297 2 58 0.0155039 0.449612
7298 3 58 0.0232558 0.449612
7299 4 58 0.0310078 0.449612
7300 5 58 0.0387597 0.449612
7301 6 58 0.0465116 0.449612
7302 7 58 0.0542636 0.449612
7303 8 58 0.0620155 0.449612
7304 9 58 0.0697674 0.449612
7305 10 58 0.0775194 0.449612
7306 11 58 0.0852713 0.449612
7307 12 58 0.0930233 0.449612
7308 13 58 0.100775 0.449612
7309 14 58 0.108527 0.449612
7310 15 58 0.116279 0.449612
7311 16 58 0.124031 0.449612
7312 17 58 0.131783 0.449612
7313 18 58 0.139535 0.449612
7314 19 58 0.147287 0.449612
7315 20 58 0.155039 0.449612
7316 21 58 0.162791 0.449612
7317 22 58 0.170543 0.449612
7318 23 58 0.178295 0.449612
7319 24 58 0.186047 0.449612
7320 25 58 0.193798 0.449612
7321 26 58 0.20155 0.449612
7322 27 58 0.209302 0.449612
7323 28 58 0.217054 0.449612
7324 29 58 0.224806 0.449612
7325 30 58 0.232558 0.449612
7326 31 58 0.24031 0.449612
7327 32 58 0.248062 0.449612
7328 33 58 0.255814 0.449612
7329 34 58 0.263566 0.449612
7330 35 58 0.271318 0.449612
7331 36 58 0.27907 0.449612
7332 37 58 0.286822 0.449612
7333 38 58 0.294574 0.449612
7334 39 58 0.302326 0.449612
7335 40 58 0.310078 0.449612
7336 41 58 0.317829 0.449612
7337 42 58 0.325581 0.449612
7338 43 58 0.333333 0.449612
7339 44 58 0.341085 0.449612
7340 45 58 0.348837 0.449612
7341 46 58 0.356589 0.449612
7342 47 58 0.364341 0.449612
7343 48 58 0.372093 0.449612
7344 49 58 0.379845 0.449612
7345 50 58 0.387597 0.449612
7346 51 58 0.395349 0.449612
7347 52 58 0.403101 0.449612
7348 53 58 0.410853 0.449612
7349 54 58 0.418605 0.449612
7350 55 58 0.426357 0.449612
7351 56 58 0.434109 0.449612
7352 57 58 0.44186 0.449612
7353 58 58 0.449612 0.449612
7354 59 58 0.457364 0.449612
7355 60 58 0.465116 0.449612
7356 61 58 0.472868 0.449612
7357 62 58 0.48062 0.449612
7358 63 58 0.488372 0.449612
7359 64 58 0.496124 0.449612
7360 65 58 0.503876 0.449612
7361 66 58 0.511628 0.449612
7362 67 58 0.51938 0.449612
7363 68 58 0.527132 0.449612
7364 69 58 0.534884 0.449612
7365 70 58 0.542636 0.449612
7366 71 58 0.550388 0.449612
7367 72 58 0.55814 0.449612
7368 73 58 0.565891 0.449612
7369 74 58 0.573643 0.449612
7370 75 58 0.581395 0.449612
7371 76 58 0.589147 0.449612
7372 77 58 0.596899 0.449612
7373 78 58 0.604651 0.449612
7374 79 58 0.612403 0.449612
7375 80 58 0.620155 0.449612
7376 81 58 0.627907 0.449612
7377 82 58 0.635659 0.449612
7378 83 58 0.643411 0.449612
7379 84 58 0.651163 0.449612
7380 85 58 0.658915 0.449612
7381 86 58 0.666667 0.449612
7382 87 58 0.674419 0.449612
7383 88 58 0.682171 0.449612
7384 89 58 0.689922 0.449612
7385 90 58 0.697674 0.449612
7386 91 58 0.705426 0.449612
7387 92 58 0.713178 0.449612
7388 93 58 0.72093 0.449612
7389 94 58 0.728682 0.449612
7390 95 58 0.736434 0.449612
7391 96 58 0.744186 0.449612
7392 97 58 0.751938 0.449612
7393 98 58 0.75969 0.449612
7394 99 58 0.767442 0.449612
7395 100 58 0.775194 0.449612
7396 101 58 0.782946 0.449612
7397 102 58 0.790698 0.449612
7398 103 58 0.79845 0.449612
7399 104 58 0.806202 0.449612
7400 105 58 0.813953 0.449612
7401 106 58 0.821705 0.449612
7402 107 58 0.829457 0.449612
7403 108 58 0.837209 0.449612
7404 109 58 0.844961 0.449612
7405 110 58 0.852713 0.449612
7406 111 58 0.860465 0.449612
7407 112 58 0.868217 0.449612
7408 113 58 0.875969 0.449612
7409 114 58 0.883721 0.449612
7410 115 58 0.891473 0.449612
7411 116 58 0.899225 0.449612
7412 117 58 0.906977 0.449612
7413 118 58 0.914729 0.449612
7414 119 58 0.922481 0.449612
7415 120 58 0.930233 0.449612
7416 121 58 0.937984 0.449612
7417 122 58 0.945736 0.449612
7418 123 58 0.953488 0.449612
7419 124 58 0.96124 0.449612
7420 125 58 0.968992 0.449612
7421 126 58 0.976744 0.449612
7422 127 58 0.984496 0.449612
7423 128 58 0.992248 0.449612
7424 1 59 0.00775194 0.457364
7425 2 59 0.0155039 0.457364
7426 3 59 0.0232558 0.457364
7427 4 59 0.0310078 0.457364
7428 5 59 0.0387597 0.457364
7429 6 59 0.0465116 0.457364
7430 7 59 0.0542636 0.457364
7431 8 59 0.0620155 0.457364
7432 9 59 0.0697674 0.457364
7433 10 59 0.0775194 0.457364
7434 11 59 0.0852713 0.457364
7435 12 59 0.0930233 0.457364
7436 13 59 0.100775 0.457364
7437 14 59 0.108527 0.457364
7438 15 59 0.116279 0.457364
7439 16 59 0.124031 0.457364
7440 17 59 0.131783 0.457364
7441 18 59 0.139535 0.457364
7442 19 59 0.147287 0.457364
7443 20 59 0.155039 0.457364
7444 21 59 0.162791 0.457364
7445 22 59 0.170543 0.457364
7446 23 59 0.178295 0.457364
7447 24 59 0.186047 0.457364
7448 25 59 0.193798 0.457364
7449 26 59 0.20155 0.457364
7450 27 59 0.209302 0.457364
7451 28 59 0.217054 0.457364
7452 29 59 0.224806 0.457364
7453 30 59 0.232558 0.457364
7454 31 59 0.24031 0.457364
7455 32 59 0.248062 0.457364
7456 33 59 0.255814 0.457364
7457 34 59 0.263566 0.457364
7458 35 59 0.271318 0.457364
7459 36 59 0.27907 0.457364
7460 37 59 0.286822 0.457364
7461 38 59 0.294574 0.457364
7462 39 59 0.302326 0.457364
7463 40 59 0.310078 0.457364
7464 41 59 0.317829 0.457364
7465 42 59 0.325581 0.457364
7466 43 59 0.333333 0.457364
7467 44 59 0.341085 0.457364
7468 45 59 0.348837 0.457364
7469 46 59 0.356589 0.457364
7470 47 59 0.364341 0.457364
7471 48 59 0.372093 0.457364
7472 49 59 0.379845 0.457364
7473 50 59 0.387597 0.457364
7474 51 59 0.395349 0.457364
7475 52 59 0.403101 0.457364
7476 53 59 0.410853 0.457364
7477 54 59 0.418605 0.457364
7478 55 59 0.426357 0.457364
7479 56 59 0.434109 0.457364
7480 57 59 0.44186 0.457364
7481 58 59 0.449612 0.457364
7482 59 59 0.457364 0.457364
7483 60 59 0.465116 0.457364
7484 61 59 0.472868 0.457364
7485 62 59 0.48062 0.457364
7486 63 59 0.488372 0.457364
7487 64 59 0.496124 0.457364
7488 65 59 0.503876 0.457364
7489 66 59 0.511628 0.457364
7490 67 59 0.51938 0.457364
7491 68 59 0.527132 0.457364
7492 69 59 0.534884 0.457364
7493 70 59 0.542636 0.457364
7494 71 59 0.550388 0.457364
7495 72 59 0.55814 0.457364
7496 73 59 0.565891 0.457364
7497 74 59 0.573643 0.457364
7498 75 59 0.581395 0.457364
7499 76 59 0.589147 0.457364
7500 77 59 0.596899 0.457364
7501 78 59 0.604651 0.457364
7502 79 59 0.612403 0.457364
7503 80 59 0.620155 0.457364
7504 81 59 0.627907 0.457364
7505 82 59 0.635659 0.457364
7506 83 59 0.643411 0.457364
7507 84 59 0.651163 0.457364
7508 85 59 0.658915 0.457364
7509 86 59 0.666667 0.457364
7510 87 59 0.674419 0.457364
7511 88 59 0.682171 0.457364
7512 89 59 0.689922 0.457364
7513 90 59 0.697674 0.457364
7514 91 59 0.705426 0.457364
7515 92 59 0.713178 0.457364
7516 93 59 0.72093 0.457364
7517 94 59 0.728682 0.457364
7518 95 59 0.736434 0.457364
7519 96 59 0.744186 0.457364
7520 97 59 0.751938 0.457364
7521 98 59 0.75969 0.457364
7522 99 59 0.767442 0.457364
7523 100 59 0.775194 0.457364
7524 101 59 0.782946 0.457364
7525 102 59 0.790698 0.457364
7526 103 59 0.79845 0.457364
7527 104 59 0.806202 0.457364
7528 105 59 0.813953 0.457364
7529 106 59 0.821705 0.457364
7530 107 59 0.829457 0.457364
7531 108 59 0.837209 0.457364
7532 109 59 0.844961 0.457364
7533 110 59 0.852713 0.457364
7534 111 59 0.860465 0.457364
7535 112 59 0.868217 0.457364
7536 113 59 0.875969 0.457364
7537 114 59 0.883721 0.457364
7538 115 59 0.891473 0.457364
7539 116 59 0.899225 0.457364
7540 117 59 0.906977 0.457364
7541 118 59 0.914729 0.457364
7542 119 59 0.922481 0.457364
7543 120 59 0.930233 0.457364
7544 121 59 0.937984 0.457364
7545 122 59 0.945736 0.457364
7546 123 59 0.953488 0.457364
7547 124 59 0.96124 0.457364
7548 125 59 0.968992 0.457364
7549 126 59 0.976744 0.457364
7550 127 59 0.984496 0.457364
7551 128 59 0.992248 0.457364
7552 1 60 0.00775194 0.465116
7553 2 60 0.0155039 0.465116
7554 3 60 0.0232558 0.465116
7555 4 60 0.0310078 0.465116
7556 5 60 0.0387597 0.465116
7557 6 60 0.0465116 0.465116
7558 7 60 0.0542636 0.465116
7559 8 60 0.0620155 0.465116
7560 9 60 0.0697674 0.465116
7561 10 60 0.0775194 0.465116
7562 11 60 0.0852713 0.465116
7563 12 60 0.0930233 0.465116
7564 13 60 0.100775 0.465116
7565 14 60 0.108527 0.465116
7566 15 60 0.116279 0.465116
7567 16 60 0.124031 0.465116
7568 17 60 0.131783 0.465116
7569 18 60 0.139535 0.465116
7570 19 60 0.147287 0.465116
7571 20 60 0.155039 0.465116
7572 21 60 0.162791 0.465116
7573 22 60 0.170543 0.465116
7574 23 60 0.178295 0.465116
7575 24 60 0.186047 0.465116
7576 25 60 0.193798 0.465116
7577 26 60 0.20155 0.465116
7578 27 60 0.209302 0.465116
7579 28 60 0.217054 0.465116
7580 29 60 0.224806 0.465116
7581 30 60 0.232558 0.465116
7582 31 60 0.24031 0.465116
7583 32 60 0.248062 0.465116
7584 33 60 0.255814 0.465116
7585 34 60 0.263566 0.465116
7586 35 60 0.271318 0.465116
7587 36 60 0.27907 0.465116
7588 37 60 0.286822 0.465116
7589 38 60 0.294574 0.465116
7590 39 60 0.302326 0.465116
7591 40 60 0.310078 0.465116
7592 41 60 0.317829 0.465116
7593 42 60 0.325581 0.465116
7594 43 60 0.333333 0.465116
7595 44 60 0.341085 0.465116
7596 45 60 0.348837 0.465116
7597 46 60 0.356589 0.465116
7598 47 60 0.364341 0.465116
7599 48 60 0.372093 0.465116
7600 49 60 0.379845 0.465116
7601 50 60 0.387597 0.465116
7602 51 60 0.395349 0.465116
7603 52 60 0.403101 0.465116
7604 53 60 0.410853 0.465116
7605 54 60 0.418605 0.465116
7606 55 60 0.426357 0.465116
7607 56 60 0.434109 0.465116
7608 57 60 0.44186 0.465116
7609 58 60 0.449612 0.465116
7610 59 60 0.457364 0.465116
7611 60 60 0.465116 0.465116
7612 61 60 0.472868 0.465116
7613 62 60 0.48062 0.465116
7614 63 60 0.488372 0.465116
7615 64 60 0.496124 0.465116
7616 65 60 0.503876 0.465116
7617 66 60 0.511628 0.465116
7618 67 60 0.51938 0.465116
7619 68 60 0.527132 0.465116
7620 69 60 0.534884 0.465116
7621 70 60 0.542636 0.465116
7622 71 60 0.550388 0.465116
7623 72 60 0.55814 0.465116
7624 73 60 0.565891 0.465116
7625 74 60 0.573643 0.465116
7626 75 60 0.581395 0.465116
7627 76 60 0.589147 0.465116
7628 77 60 0.596899 0.465116
7629 78 60 0.604651 0.465116
7630 79 60 0.612403 0.465116
7631 80 60 0.620155 0.465116
7632 81 60 0.627907 0.465116
7633 82 60 0.635659 0.465116
7634 83 60 0.643411 0.465116
7635 84 60 0.651163 0.465116
7636 85 60 0.658915 0.465116
7637 86 60 0.666667 0.465116
7638 87 60 0.674419 0.465116
7639 88 60 0.682171 0.465116
7640 89 60 0.689922 0.465116
7641 90 60 0.697674 0.465116
7642 91 60 0.705426 0.465116
7643 92 60 0.713178 0.465116
7644 93 60 0.72093 0.465116
7645 94 60 0.728682 0.465116
7646 95 60 0.736434 0.465116
7647 96 60 0.744186 0.465116
7648 97 60 0.751938 0.465116
7649 98 60 0.75969 0.465116
7650 99 60 0.767442 0.465116
7651 100 60 0.775194 0.465116
7652 101 60 0.782946 0.465116
7653 102 60 0.790698 0.465116
7654 103 60 0.79845 0.465116
7655 104 60 0.806202 0.465116
7656 105 60 0.813953 0.465116
7657 106 60 0.821705 0.465116
7658 107 60 0.829457 0.465116
7659 108 60 0.837209 0.465116
7660 109 60 0.844961 0.465116
7661 110 60 0.852713 0.465116
7662 111 60 0.860465 0.465116
7663 112 60 0.868217 0.465116
7664 113 60 0.875969 0.465116
7665 114 60 0.883721 0.465116
7666 115 60 0.891473 0.465116
7667 116 60 0.899225 0.465116
7668 117 60 0.906977 0.465116
7669 118 60 0.914729 0.465116
7670 119 60 0.922481 0.465116
7671 120 60 0.930233 0.465116
7672 121 60 0.937984 0.465116
7673 122 60 0.945736 0.465116
7674 123 60 0.953488 0.465116
7675 124 60 0.96124 0.465116
7676 125 60 0.968992 0.465116
7677 126 60 0.976744 0.465116
7678 127 60 0.984496 0.465116
7679 128 60 0.992248 0.465116
7680 1 61 0.00775194 0.472868
7681 2 61 0.0155039 0.472868
7682 3 61 0.0232558 0.472868
7683 4 61 0.0310078 0.472868
7684 5 61 0.0387597 0.472868
7685 6 61 0.0465116 0.472868
7686 7 61 0.0542636 0.472868
7687 8 61 0.0620155 0.472868
7688 9 61 0.0697674 0.472868
7689 10 61 0.0775194 0.472868
7690 11 61 0.0852713 0.472868
7691 12 61 0.0930233 0.472868
7692 13 61 0.100775 0.472868
7693 14 61 0.108527 0.472868
7694 15 61 0.116279 0.472868
7695 16 61 0.124031 0.472868
7696 17 61 0.131783 0.472868
7697 18 61 0.139535 0.472868
7698 19 61 0.147287 0.472868
7699 20 61 0.155039 0.472868
7700 21 61 0.162791 0.472868
7701 22 61 0.170543 0.472868
7702 23 61 0.178295 0.472868
7703 24 61 0.186047 0.472868
7704 25 61 0.193798 0.472868
7705 26 61 0.20155 0.472868
7706 27 61 0.209302 0.472868
7707 28 61 0.217054 0.472868
7708 29 61 0.224806 0.472868
7709 30 61 0.232558 0.472868
7710 31 61 0.24031 0.472868
7711 32 61 0.248062 0.472868
7712 33 61 0.255814 0.472868
7713 34 61 0.263566 0.472868
7714 35 61 0.271318 0.472868
7715 36 61 0.27907 0.472868
7716 37 61 0.286822 0.472868
7717 38 61 0.294574 0.472868
7718 39 61 0.302326 0.472868
7719 40 61 0.310078 0.472868
7720 41 61 0.317829 0.472868
7721 42 61 0.325581 0.472868
7722 43 61 0.333333 0.472868
7723 44 61 0.341085 0.472868
7724 45 61 0.348837 0.472868
7725 46 61 0.356589 0.472868
7726 47 61 0.364341 0.472868
7727 48 61 0.372093 0.472868
7728 49 61 0.379845 0.472868
7729 50 61 0.387597 0.472868
7730 51 61 0.395349 0.472868
7731 52 61 0.403101 0.472868
7732 53 61 0.410853 0.472868
7733 54 61 0.418605 0.472868
7734 55 61 0.426357 0.472868
7735 56 61 0.434109 0.472868
7736 57 61 0.44186 0.472868
7737 58 61 0.449612 0.472868
7738 59 61 0.457364 0.472868
7739 60 61 0.465116 0.472868
7740 61 61 0.472868 0.472868
7741 62 61 0.48062 0.472868
7742 63 61 0.488372 0.472868
7743 64 61 0.496124 0.472868
7744 65 61 0.503876 0.472868
7745 66 61 0.511628 0.472868
7746 67 61 0.51938 0.472868
7747 68 61 0.527132 0.472868
7748 69 61 0.534884 0.472868
7749 70 61 0.542636 0.472868
7750 71 61 0.550388 0.472868
7751 72 61 0.55814 0.472868
7752 73 61 0.565891 0.472868
7753 74 61 0.573643 0.472868
7754 75 61 0.581395 0.472868
7755 76 61 0.589147 0.472868
7756 77 61 0.596899 0.472868
7757 78 61 0.604651 0.472868
7758 79 61 0.612403 0.472868
7759 80 61 0.620155 0.472868
7760 81 61 0.627907 0.472868
7761 82 61 0.635659 0.472868
7762 83 61 0.643411 0.472868
7763 84 61 0.651163 0.472868
7764 85 61 0.658915 0.472868
7765 86 61 0.666667 0.472868
7766 87 61 0.674419 0.472868
7767 88 61 0.682171 0.472868
7768 89 61 0.689922 0.472868
7769 90 61 0.697674 0.472868
7770 91 61 0.705426 0.472868
7771 92 61 0.713178 0.472868
7772 93 61 0.72093 0.472868
7773 94 61 0.728682 0.472868
7774 95 61 0.736434 0.472868
7775 96 61 0.744186 0.472868
7776 97 61 0.751938 0.472868
7777 98 61 0.75969 0.472868
7778 99 61 0.767442 0.472868
7779 100 61 0.775194 0.472868
7780 101 61 0.782946 0.472868
7781 102 61 0.790698 0.472868
7782 103 61 0.79845 0.472868
7783 104 61 0.806202 0.472868
7784 105 61 0.813953 0.472868
7785 106 61 0.821705 0.472868
7786 107 61 0.829457 0.472868
7787 108 61 0.837209 0.472868
7788 109 61 0.844961 0.472868
7789 110 61 0.852713 0.472868
7790 111 61 0.860465 0.472868
7791 112 61 0.868217 0.472868
7792 113 61 0.875969 0.472868
7793 114 61 0.883721 0.472868
7794 115 61 0.891473 0.472868
7795 116 61 0.899225 0.472868
7796 117 61 0.906977 0.472868
7797 118 61 0.914729 0.472868
7798 119 61 0.922481 0.472868
7799 120 61 0.930233 0.472868
7800 121 61 0.937984 0.472868
7801 122 61 0.945736 0.472868
7802 123 61 0.953488 0.472868
7803 124 61 0.96124 0.472868
7804 125 61 0.968992 0.472868
7805 126 61 0.976744 0.472868
7806 127 61 0.984496 0.472868
7807 128 61 0.992248 0.472868
7808 1 62 0.00775194 0.48062
7809 2 62 0.0155039 0.48062
7810 3 62 0.0232558 0.48062
7811 4 62 0.0310078 0.48062
7812 5 62 0.0387597 0.48062
7813 6 62 0.0465116 0.48062
7814 7 62 0.0542636 0.48062
7815 8 62 0.0620155 0.48062
7816 9 62 0.0697674 0.48062
7817 10 62 0.0775194 0.48062
7818 11 62 0.0852713 0.48062
7819 12 62 0.0930233 0.48062
7820 13 62 0.100775 0.48062
7821 14 62 0.108527 0.48062
7822 15 62 0.116279 0.48062
7823 16 62 0.124031 0.48062
7824 17 62 0.131783 0.48062
7825 18 62 0.139535 0.48062
7826 19 62 0.147287 0.48062
7827 20 62 0.155039 0.48062
7828 21 62 0.162791 0.48062
7829 22 62 0.170543 0.48062
7830 23 62 0.178295 0.48062
7831 24 62 0.186047 0.48062
7832 25 62 0.193798 0.48062
7833 26 62 0.20155 0.48062
7834 27 62 0.209302 0.48062
7835 28 62 0.217054 0.48062
7836 29 62 0.224806 0.48062
7837 30 62 0.232558 0.48062
7838 31 62 0.24031 0.48062
7839 32 62 0.248062 0.48062
7840 33 62 0.255814 0.48062
7841 34 62 0.263566 0.48062
7842 35 62 0.271318 0.48062
7843 36 62 0.27907 0.48062
7844 37 62 0.286822 0.48062
7845 38 62 0.294574 0.48062
7846 39 62 0.302326 0.48062
7847 40 62 0.310078 0.48062
7848 41 62 0.317829 0.48062
7849 42 62 0.325581 0.48062
7850 43 62 0.333333 0.48062
7851 44 62 0.341085 0.48062
7852 45 62 0.348837 0.48062
7853 46 62 0.356589 0.48062
7854 47 62 0.364341 0.48062
7855 48 62 0.372093 0.48062
7856 49 62 0.379845 0.48062
7857 50 62 0.387597 0.48062
7858 51 62 0.395349 0.48062
7859 52 62 0.403101 0.48062
7860 53 62 0.410853 0.48062
7861 54 62 0.418605 0.48062
7862 55 62 0.426357 0.48062
7863 56 62 0.434109 0.48062
7864 57 62 0.44186 0.48062
7865 58 62 0.449612 0.48062
7866 59 62 0.457364 0.48062
7867 60 62 0.465116 0.48062
7868 61 62 0.472868 0.48062
7869 62 62 0.48062 0.48062
7870 63 62 0.488372 0.48062
7871 64 62 0.496124 0.48062
7872 65 62 0.503876 0.48062
7873 66 62 0.511628 0.48062
7874 67 62 0.51938 0.48062
7875 68 62 0.527132 0.48062
7876 69 62 0.534884 0.48062
7877 70 62 0.542636 0.48062
7878 71 62 0.550388 0.48062
7879 72 62 0.55814 0.48062
7880 73 62 0.565891 0.48062
7881 74 62 0.573643 0.48062
7882 75 62 0.581395 0.48062
7883 76 62 0.589147 0.48062
7884 77 62 0.596899 0.48062
7885 78 62 0.604651 0.48062
7886 79 62 0.612403 0.48062
7887 80 62 0.620155 0.48062
7888 81 62 0.627907 0.48062
7889 82 62 0.635659 0.48062
7890 83 62 0.643411 0.48062
7891 84 62 0.651163 0.48062
7892 85 62 0.658915 0.48062
7893 86 62 0.666667 0.48062
7894 87 62 0.674419 0.48062
7895 88 62 0.682171 0.48062
7896 89 62 0.689922 0.48062
7897 90 62 0.697674 0.48062
7898 91 62 0.705426 0.48062
7899 92 62 0.713178 0.48062
7900 93 62 0.72093 0.48062
7901 94 62 0.728682 0.48062
7902 95 62 0.736434 0.48062
7903 96 62 0.744186 0.48062
7904 97 62 0.751938 0.48062
7905 98 62 0.75969 0.48062
7906 99 62 0.767442 0.48062
7907 100 62 0.775194 0.48062
7908 101 62 0.782946 0.48062
7909 102 62 0.790698 0.48062
7910 103 62 0.79845 0.48062
7911 104 62 0.806202 0.48062
7912 105 62 0.813953 0.48062
7913 106 62 0.821705 0.48062
7914 107 62 0.829457 0.48062
7915 108 62 0.837209 0.48062
7916 109 62 0.844961 0.48062
7917 110 62 0.852713 0.48062
7918 111 62 0.860465 0.48062
7919 112 62 0.868217 0.48062
7920 113 62 0.875969 0.48062
7921 114 62 0.883721 0.48062
7922 115 62 0.891473 0.48062
7923 116 62 0.899225 0.48062
7924 117 62 0.906977 0.48062
7925 118 62 0.914729 0.48062
7926 119 62 0.922481 0.48062
7927 120 62 0.930233 0.48062
7928 121 62 0.937984 0.48062
7929 122 62 0.945736 0.48062
7930 123 62 0.953488 0.48062
7931 124 62 0.96124 0.48062
7932 125 62 0.968992 0.48062
7933 126 62 0.976744 0.48062
7934 127 62 0.984496 0.48062
7935 128 62 0.992248 0.48062
7936 1 63 0.00775194 0.488372
7937 2 63 0.0155039 0.488372
7938 3 63 0.0232558 0.488372
7939 4 63 0.0310078 0.488372
7940 5 63 0.0387597 0.488372
7941 6 63 0.0465116 0.488372
7942 7 63 0.0542636 0.488372
7943 8 63 0.0620155 0.488372
7944 9 63 0.0697674 0.488372
7945 10 63 0.0775194 0.488372
7946 11 63 0.0852713 0.488372
7947 12 63 0.0930233 0.488372
7948 13 63 0.100775 0.488372
7949 14 63 0.108527 0.488372
7950 15 63 0.116279 0.488372
7951 16 63 0.124031 0.488372
7952 17 63 0.131783 0.488372
7953 18 63 0.139535 0.488372
7954 19 63 0.147287 0.488372
7955 20 63 0.155039 0.488372
7956 21 63 0.162791 0.488372
7957 22 63 0.170543 0.488372
7958 23 63 0.178295 0.488372
7959 24 63 0.186047 0.488372
7960 25 63 0.193798 0.488372
7961 26 63 0.20155 0.488372
7962 27 63 0.209302 0.488372
7963 28 63 0.217054 0.488372
7964 29 63 0.224806 0.488372
7965 30 63 0.232558 0.488372
7966 31 63 0.24031 0.488372
7967 32 63 0.248062 0.488372
7968 33 63 0.255814 0.488372
7969 34 63 0.263566 0.488372
7970 35 63 0.271318 0.488372
7971 36 63 0.27907 0.488372
7972 37 63 0.286822 0.488372
7973 38 63 0.294574 0.488372
7974 39 63 0.302326 0.488372
7975 40 63 0.310078 0.488372
7976 41 63 0.317829 0.488372
7977 42 63 0.325581 0.488372
7978 43 63 0.333333 0.488372
7979 44 63 0.341085 0.488372
7980 45 63 0.348837 0.488372
7981 46 63 0.356589 0.488372
7982 47 63 0.364341 0.488372
7983 48 63 0.372093 0.488372
7984 49 63 0.379845 0.488372
7985 50 63 0.387597 0.488372
7986 51 63 0.395349 0.488372
7987 52 63 0.403101 0.488372
7988 53 63 0.410853 0.488372
7989 54 63 0.418605 0.488372
7990 55 63 0.426357 0.488372
7991 56 63 0.434109 0.488372
7992 57 63 0.44186 0.488372
7993 58 63 0.449612 0.488372
7994 59 63 0.457364 0.488372
7995 60 63 0.465116 0.488372
7996 61 63 0.472868 0.488372
7997 62 63 0.48062 0.488372
7998 63 63 0.488372 0.488372
7999 64 63 0.496124 0.488372
8000 65 63 0.503876 0.488372
8001 66 63 0.511628 0.488372
8002 67 63 0.51938 0.488372
8003 68 63 0.527132 0.488372
8004 69 63 0.534884 0.488372
8005 70 63 0.542636 0.488372
8006 71 63 0.550388 0.488372
8007 72 63 0.55814 0.488372
8008 73 63 0.565891 0.488372
8009 74 63 0.573643 0.488372
8010 75 63 0.581395 0.488372
8011 76 63 0.589147 0.488372
8012 77 63 0.596899 0.488372
8013 78 63 0.604651 0.488372
8014 79 63 0.612403 0.488372
8015 80 63 0.620155 0.488372
8016 81 63 0.627907 0.488372
8017 82 63 0.635659 0.488372
8018 83 63 0.643411 0.488372
8019 84 63 0.651163 0.488372
8020 85 63 0.658915 0.488372
8021 86 63 0.666667 0.488372
8022 87 63 0.674419 0.488372
8023 88 63 0.682171 0.488372
8024 89 63 0.689922 0.488372
8025 90 63 0.697674 0.488372
8026 91 63 0.705426 0.488372
8027 92 63 0.713178 0.488372
8028 93 63 0.72093 0.488372
8029 94 63 0.728682 0.488372
8030 95 63 0.736434 0.488372
8031 96 63 0.744186 0.488372
8032 97 63 0.751938 0.488372
8033 98 63 0.75969 0.488372
8034 99 63 0.767442 0.488372
8035 100 63 0.775194 0.488372
8036 101 63 0.782946 0.488372
8037 102 63 0.790698 0.488372
8038 103 63 0.79845 0.488372
8039 104 63 0.806202 0.488372
8040 105 63 0.813953 0.488372
8041 106 63 0.821705 0.488372
8042 107 63 0.829457 0.488372
8043 108 63 0.837209 0.488372
8044 109 63 0.844961 0.488372
8045 110 63 0.852713 0.488372
8046 111 63 0.860465 0.488372
8047 112 63 0.868217 0.488372
8048 113 63 0.875969 0.488372
8049 114 63 0.883721 0.488372
8050 115 63 0.891473 0.488372
8051 116 63 0.899225 0.488372
8052 117 63 0.906977 0.488372
8053 118 63 0.914729 0.488372
8054 119 63 0.922481 0.488372
8055 120 63 0.930233 0.488372
8056 121 63 0.937984 0.488372
8057 122 63 0.945736 0.488372
8058 123 63 0.953488 0.488372
8059 124 63 0.96124 0.488372
8060 125 63 0.968992 0.488372
8061 126 63 0.976744 0.488372
8062 127 63 0.984496 0.488372
8063 128 63 0.992248 0.488372
8064 1 64 0.00775194 0.496124
8065 2 64 0.0155039 0.496124
8066 3 64 0.0232558 0.496124
8067 4 64 0.0310078 0.496124
8068 5 64 0.0387597 0.496124
8069 6 64 0.0465116 0.496124
8070 7 64 0.0542636 0.496124
8071 8 64 0.0620155 0.496124
8072 9 64 0.0697674 0.496124
8073 10 64 0.0775194 0.496124
8074 11 64 0.0852713 0.496124
8075 12 64 0.0930233 0.496124
8076 13 64 0.100775 0.496124
8077 14 64 0.108527 0.496124
8078 15 64 0.116279 0.496124
8079 16 64 0.124031 0.496124
8080 17 64 0.131783 0.496124
8081 18 64 0.139535 0.496124
8082 19 64 0.147287 0.496124
8083 20 64 0.155039 0.496124
8084 21 64 0.162791 0.496124
8085 22 64 0.170543 0.496124
8086 23 64 0.178295 0.496124
8087 24 64 0.186047 0.496124
8088 25 64 0.193798 0.496124
8089 26 64 0.20155 0.496124
8090 27 64 0.209302 0.496124
8091 28 64 0.217054 0.496124
8092 29 64 0.224806 0.496124
8093 30 64 0.232558 0.496124
8094 31 64 0.24031 0.496124
8095 32 64 0.248062 0.496124
8096 33 64 0.255814 0.496124
8097 34 64 0.263566 0.496124
8098 35 64 0.271318 0.496124
8099 36 64 0.27907 0.496124
8100 37 64 0.286822 0.496124
8101 38 64 0.294574 0.496124
8102 39 64 0.302326 0.496124
8103 40 64 0.310078 0.496124
8104 41 64 0.317829 0.496124
8105 42 64 0.325581 0.496124
8106 43 64 0.333333 0.496124
8107 44 64 0.341085 0.496124
8108 45 64 0.348837 0.496124
8109 46 64 0.356589 0.496124
8110 47 64 0.364341 0.496124
8111 48 64 0.372093 0.496124
8112 49 64 0.379845 0.496124
8113 50 64 0.387597 0.496124
8114 51 64 0.395349 0.496124
8115 52 64 0.403101 0.496124
8116 53 64 0.410853 0.496124
8117 54 64 0.418605 0.496124
8118 55 64 0.426357 0.496124
8119 56 64 0.434109 0.496124
8120 57 64 0.44186 0.496124
8121 58 64 0.449612 0.496124
8122 59 64 0.457364 0.496124
8123 60 64 0.465116 0.496124
8124 61 64 0.472868 0.496124
8125 62 64 0.48062 0.496124
8126 63 64 0.488372 0.496124
8127 64 64 0.496124 0.496124
8128 65 64 0.503876 0.496124
8129 66 64 0.511628 0.496124
8130 67 64 0.51938 0.496124
8131 68 64 0.527132 0.496124
8132 69 64 0.534884 0.496124
8133 70 64 0.542636 0.496124
8134 71 64 0.550388 0.496124
8135 72 64 0.55814 0.496124
8136 73 64 0.565891 0.496124
8137 74 64 0.573643 0.496124
8138 75 64 0.581395 0.496124
8139 76 64 0.589147 0.496124
8140 77 64 0.596899 0.496124
8141 78 64 0.604651 0.496124
8142 79 64 0.612403 0.496124
8143 80 64 0.620155 0.496124
8144 81 64 0.627907 0.496124
8145 82 64 0.635659 0.496124
8146 83 64 0.643411 0.496124
8147 84 64 0.651163 0.496124
8148 85 64 0.658915 0.496124
8149 86 64 0.666667 0.496124
8150 87 64 0.674419 0.496124
8151 88 64 0.682171 0.496124
8152 89 64 0.689922 0.496124
8153 90 64 0.697674 0.496124
8154 91 64 0.705426 0.496124
8155 92 64 0.713178 0.496124
8156 93 64 0.72093 0.496124
8157 94 64 0.728682 0.496124
8158 95 64 0.736434 0.496124
8159 96 64 0.744186 0.496124
8160 97 64 0.751938 0.496124
8161 98 64 0.75969 0.496124
8162 99 64 0.767442 0.496124
8163 100 64 0.775194 0.496124
8164 101 64 0.782946 0.496124
8165 102 64 0.790698 0.496124
8166 103 64 0.79845 0.496124
8167 104 64 0.806202 0.496124
8168 105 64 0.813953 0.496124
8169 106 64 0.821705 0.496124
8170 107 64 0.829457 0.496124
8171 108 64 0.837209 0.496124
8172 109 64 0.844961 0.496124
8173 110 64 0.852713 0.496124
8174 111 64 0.860465 0.496124
8175 112 64 0.868217 0.496124
8176 113 64 0.875969 0.496124
8177 114 64 0.883721 0.496124
8178 115 64 0.891473 0.496124
8179 116 64 0.899225 0.496124
8180 117 64 0.906977 0.496124
8181 118 64 0.914729 0.496124
8182 119 64 0.922481 0.496124
8183 120 64 0.930233 0.496124
8184 121 64 0.937984 0.496124
8185 122 64 0.945736 0.496124
8186 123 64 0.953488 0.496124
8187 124 64 0.96124 0.496124
8188 125 64 0.968992 0.496124
8189 126 64 0.976744 0.496124
8190 127 64 0.984496 0.496124
8191 128 64 0.992248 0.496124
8192 1 65 0.00775194 0.503876
8193 2 65 0.0155039 0.503876
8194 3 65 0.0232558 0.503876
8195 4 65 0.0310078 0.503876
8196 5 65 0.0387597 0.503876
8197 6 65 0.0465116 0.503876
8198 7 65 0.0542636 0.503876
8199 8 65 0.0620155 0.503876
8200 9 65 0.0697674 0.503876
8201 10 65 0.0775194 0.503876
8202 11 65 0.0852713 0.503876
8203 12 65 0.0930233 0.503876
8204 13 65 0.100775 0.503876
8205 14 65 0.108527 0.503876
8206 15 65 0.116279 0.503876
8207 16 65 0.124031 0.503876
8208 17 65 0.131783 0.503876
8209 18 65 0.139535 0.503876
8210 19 65 0.147287 0.503876
8211 20 65 0.155039 0.503876
8212 21 65 0.162791 0.503876
8213 22 65 0.170543 0.503876
8214 23 65 0.178295 0.503876
8215 24 65 0.186047 0.503876
8216 25 65 0.193798 0.503876
8217 26 65 0.20155 0.503876
8218 27 65 0.209302 0.503876
8219 28 65 0.217054 0.503876
8220 29 65 0.224806 0.503876
8221 30 65 0.232558 0.503876
8222 31 65 0.24031 0.503876
8223 32 65 0.248062 0.503876
8224 33 65 0.255814 0.503876
8225 34 65 0.263566 0.503876
8226 35 65 0.271318 0.503876
8227 36 65 0.27907 0.503876
8228 37 65 0.286822 0.503876
8229 38 65 0.294574 0.503876
8230 39 65 0.302326 0.503876
8231 40 65 0.310078 0.503876
8232 41 65 0.317829 0.503876
8233 42 65 0.325581 0.503876
8234 43 65 0.333333 0.503876
8235 44 65 0.341085 0.503876
8236 45 65 0.348837 0.503876
8237 46 65 0.356589 0.503876
8238 47 65 0.364341 0.503876
8239 48 65 0.372093 0.503876
8240 49 65 0.379845 0.503876
8241 50 65 0.387597 0.503876
8242 51 65 0.395349 0.503876
8243 52 65 0.403101 0.503876
8244 53 65 0.410853 0.503876
8245 54 65 0.418605 0.503876
8246 55 65 0.426357 0.503876
8247 56 65 0.434109 0.503876
8248 57 65 0.44186 0.503876
8249 58 65 0.449612 0.503876
8250 59 65 0.457364 0.503876
8251 60 65 0.465116 0.503876
8252 61 65 0.472868 0.503876
8253 62 65 0.48062 0.503876
8254 63 65 0.488372 0.503876
8255 64 65 0.496124 0.503876
8256 65 65 0.503876 0.503876
8257 66 65 0.511628 0.503876
8258 67 65 0.51938 0.503876
8259 68 65 0.527132 0.503876
8260 69 65 0.534884 0.503876
8261 70 65 0.542636 0.503876
8262 71 65 0.550388 0.503876
8263 72 65 0.55814 0.503876
8264 73 65 0.565891 0.503876
8265 74 65 0.573643 0.503876
8266 75 65 0.581395 0.503876
8267 76 65 0.589147 0.503876
8268 77 65 0.596899 0.503876
8269 78 65 0.604651 0.503876
8270 79 65 0.612403 0.503876
8271 80 65 0.620155 0.503876
8272 81 65 0.627907 0.503876
8273 82 65 0.635659 0.503876
8274 83 65 0.643411 0.503876
8275 84 65 0.651163 0.503876
8276 85 65 0.658915 0.503876
8277 86 65 0.666667 0.503876
8278 87 65 0.674419 0.503876
8279 88 65 0.682171 0.503876
8280 89 65 0.689922 0.503876
8281 90 65 0.697674 0.503876
8282 91 65 0.705426 0.503876
8283 92 65 0.713178 0.503876
8284 93 65 0.72093 0.503876
8285 94 65 0.728682 0.503876
8286 95 65 0.736434 0.503876
8287 96 65 0.744186 0.503876
8288 97 65 0.751938 0.503876
8289 98 65 0.75969 0.503876
8290 99 65 0.767442 0.503876
8291 100 65 0.775194 0.503876
8292 101 65 0.782946 0.503876
8293 102 65 0.790698 0.503876
8294 103 65 0.79845 0.503876
8295 104 65 0.806202 0.503876
8296 105 65 0.813953 0.503876
8297 106 65 0.821705 0.503876
8298 107 65 0.829457 0.503876
8299 108 65 0.837209 0.503876
8300 109 65 0.844961 0.503876
8301 110 65 0.852713 0.503876
8302 111 65 0.860465 0.503876
8303 112 65 0.868217 0.503876
8304 113 65 0.875969 0.503876
8305 114 65 0.883721 0.503876
8306 115 65 0.891473 0.503876
8307 116 65 0.899225 0.503876
8308 117 65 0.906977 0.503876
8309 118 65 0.914729 0.503876
8310 119 65 0.922481 0.503876
8311 120 65 0.930233 0.503876
8312 121 65 0.937984 0.503876
8313 122 65 0.945736 0.503876
8314 123 65 0.953488 0.503876
8315 124 65 0.96124 0.503876
8316 125 65 0.968992 0.503876
8317 126 65 0.976744 0.503876
8318 127 65 0.984496 0.503876
8319 128 65 0.992248 0.503876
8320 1 66 0.00775194 0.511628
8321 2 66 0.0155039 0.511628
8322 3 66 0.0232558 0.511628
8323 4 66 0.0310078 0.511628
8324 5 66 0.0387597 0.511628
8325 6 66 0.0465116 0.511628
8326 7 66 0.0542636 0.511628
8327 8 66 0.0620155 0.511628
8328 9 66 0.0697674 0.511628
8329 10 66 0.0775194 0.511628
8330 11 66 0.0852713 0.511628
8331 12 66 0.0930233 0.511628
8332 13 66 0.100775 0.511628
8333 14 66 0.108527 0.511628
8334 15 66 0.116279 0.511628
8335 16 66 0.124031 0.511628
8336 17 66 0.131783 0.511628
8337 18 66 0.139535 0.511628
8338 19 66 0.147287 0.511628
8339 20 66 0.155039 0.511628
8340 21 66 0.162791 0.511628
8341 22 66 0.170543 0.511628
8342 23 66 0.178295 0.511628
8343 24 66 0.186047 0.511628
8344 25 66 0.193798 0.511628
8345 26 66 0.20155 0.511628
8346 27 66 0.209302 0.511628
8347 28 66 0.217054 0.511628
8348 29 66 0.224806 0.511628
8349 30 66 0.232558 0.511628
8350 31 66 0.24031 0.511628
8351 32 66 0.248062 0.511628
8352 33 66 0.255814 0.511628
8353 34 66 0.263566 0.511628
8354 35 66 0.271318 0.511628
8355 36 66 0.27907 0.511628
8356 37 66 0.286822 0.511628
8357 38 66 0.294574 0.511628
8358 39 66 0.302326 0.511628
8359 40 66 0.310078 0.511628
8360 41 66 0.317829 0.511628
8361 42 66 0.325581 0.511628
8362 43 66 0.333333 0.511628
8363 44 66 0.341085 0.511628
8364 45 66 0.348837 0.511628
8365 46 66 0.356589 0.511628
8366 47 66 0.364341 0.511628
8367 48 66 0.372093 0.511628
8368 49 66 0.379845 0.511628
8369 50 66 0.387597 0.511628
8370 51 66 0.395349 0.511628
8371 52 66 0.403101 0.511628
8372 53 66 0.410853 0.511628
8373 54 66 0.418605 0.511628
8374 55 66 0.426357 0.511628
8375 56 66 0.434109 0.511628
8376 57 66 0.44186 0.511628
8377 58 66 0.449612 0.511628
8378 59 66 0.457364 0.511628
8379 60 66 0.465116 0.511628
8380 61 66 0.472868 0.511628
8381 62 66 0.48062 0.511628
8382 63 66 0.488372 0.511628
8383 64 66 0.496124 0.511628
8384 65 66 0.503876 0.511628
8385 66 66 0.511628 0.511628
8386 67 66 0.51938 0.511628
8387 68 66 0.527132 0.511628
8388 69 66 0.534884 0.511628
8389 70 66 0.542636 0.511628
8390 71 66 0.550388 0.511628
8391 72 66 0.55814 0.511628
8392 73 66 0.565891 0.511628
8393 74 66 0.573643 0.511628
8394 75 66 0.581395 0.511628
8395 76 66 0.589147 0.511628
8396 77 66 0.596899 0.511628
8397 78 66 0.604651 0.511628
8398 79 66 0.612403 0.511628
8399 80 66 0.620155 0.511628
8400 81 66 0.627907 0.511628
8401 82 66 0.635659 0.511628
8402 83 66 0.643411 0.511628
8403 84 66 0.651163 0.511628
8404 85 66 0.658915 0.511628
8405 86 66 0.666667 0.511628
8406 87 66 0.674419 0.511628
8407 88 66 0.682171 0.511628
8408 89 66 0.689922 0.511628
8409 90 66 0.697674 0.511628
8410 91 66 0.705426 0.511628
8411 92 66 0.713178 0.511628
8412 93 66 0.72093 0.511628
8413 94 66 0.728682 0.511628
8414 95 66 0.736434 0.511628
8415 96 66 0.744186 0.511628
8416 97 66 0.751938 0.511628
8417 98 66 0.75969 0.511628
8418 99 66 0.767442 0.511628
8419 100 66 0.775194 0.511628
8420 101 66 0.782946 0.511628
8421 102 66 0.790698 0.511628
8422 103 66 0.79845 0.511628
8423 104 66 0.806202 0.511628
8424 105 66 0.813953 0.511628
8425 106 66 0.821705 0.511628
8426 107 66 0.829457 0.511628
8427 108 66 0.837209 0.511628
8428 109 66 0.844961 0.511628
8429 110 66 0.852713 0.511628
8430 111 66 0.860465 0.511628
8431 112 66 0.868217 0.511628
8432 113 66 0.875969 0.511628
8433 114 66 0.883721 0.511628
8434 115 66 0.891473 0.511628
8435 116 66 0.899225 0.511628
8436 117 66 0.906977 0.511628
8437 118 66 0.914729 0.511628
8438 119 66 0.922481 0.511628
8439 120 66 0.930233 0.511628
8440 121 66 0.937984 0.511628
8441 122 66 0.945736 0.511628
8442 123 66 0.953488 0.511628
8443 124 66 0.96124 0.511628
8444 125 66 0.968992 0.511628
8445 126 66 0.976744 0.511628
8446 127 66 0.984496 0.511628
8447 128 66 0.992248 0.511628
8448 1 67 0.00775194 0.51938
8449 2 67 0.0155039 0.51938
8450 3 67 0.0232558 0.51938
8451 4 67 0.0310078 0.51938
8452 5 67 0.0387597 0.51938
8453 6 67 0.0465116 0.51938
8454 7 67 0.0542636 0.51938
8455 8 67 0.0620155 0.51938
8456 9 67 0.0697674 0.51938
8457 10 67 0.0775194 0.51938
8458 11 67 0.0852713 0.51938
8459 12 67 0.0930233 0.51938
8460 13 67 0.100775 0.51938
8461 14 67 0.108527 0.51938
8462 15 67 0.116279 0.51938
8463 16 67 0.124031 0.51938
8464 17 67 0.131783 0.51938
8465 18 67 0.139535 0.51938
8466 19 67 0.147287 0.51938
8467 20 67 0.155039 0.51938
8468 21 67 0.162791 0.51938
8469 22 67 0.170543 0.51938
8470 23 67 0.178295 0.51938
8471 24 67 0.186047 0.51938
8472 25 67 0.193798 0.51938
8473 26 67 0.20155 0.51938
8474 27 67 0.209302 0.51938
8475 28 67 0.217054 0.51938
8476 29 67 0.224806 0.51938
8477 30 67 0.232558 0.51938
8478 31 67 0.24031 0.51938
8479 32 67 0.248062 0.51938
8480 33 67 0.255814 0.51938
8481 34 67 0.263566 0.51938
8482 35 67 0.271318 0.51938
8483 36 67 0.27907 0.51938
8484 37 67 0.286822 0.51938
8485 38 67 0.294574 0.51938
8486 39 67 0.302326 0.51938
8487 40 67 0.310078 0.51938
8488 41 67 0.317829 0.51938
8489 42 67 0.325581 0.51938
8490 43 67 0.333333 0.51938
8491 44 67 0.341085 0.51938
8492 45 67 0.348837 0.51938
8493 46 67 0.356589 0.51938
8494 47 67 0.364341 0.51938
8495 48 67 0.372093 0.51938
8496 49 67 0.379845 0.51938
8497 50 67 0.387597 0.51938
8498 51 67 0.395349 0.51938
8499 52 67 0.403101 0.51938
8500 53 67 0.410853 0.51938
8501 54 67 0.418605 0.51938
8502 55 67 0.426357 0.51938
8503 56 67 0.434109 0.51938
8504 57 67 0.44186 0.51938
8505 58 67 0.449612 0.51938
8506 59 67 0.457364 0.51938
8507 60 67 0.465116 0.51938
8508 61 67 0.472868 0.51938
8509 62 67 0.48062 0.51938
8510 63 67 0.488372 0.51938
8511 64 67 0.496124 0.51938
8512 65 67 0.503876 0.51938
8513 66 67 0.511628 0.51938
8514 67 67 0.51938 0.51938
8515 68 67 0.527132 0.51938
8516 69 67 0.534884 0.51938
8517 70 67 0.542636 0.51938
8518 71 67 0.550388 0.51938
8519 72 67 0.55814 0.51938
8520 73 67 0.565891 0.51938
8521 74 67 0.573643 0.51938
8522 75 67 0.581395 0.51938
8523 76 67 0.589147 0.51938
8524 77 67 0.596899 0.51938
8525 78 67 0.604651 0.51938
8526 79 67 0.612403 0.51938
8527 80 67 0.620155 0.51938
8528 81 67 0.627907 0.51938
8529 82 67 0.635659 0.51938
8530 83 67 0.643411 0.51938
8531 84 67 0.651163 0.51938
8532 85 67 0.658915 0.51938
8533 86 67 0.666667 0.51938
8534 87 67 0.674419 0.51938
8535 88 67 0.682171 0.51938
8536 89 67 0.689922 0.51938
8537 90 67 0.697674 0.51938
8538 91 67 0.705426 0.51938
8539 92 67 0.713178 0.51938
8540 93 67 0.72093 0.51938
8541 94 67 0.728682 0.51938
8542 95 67 0.736434 0.51938
8543 96 67 0.744186 0.51938
8544 97 67 0.751938 0.51938
8545 98 67 0.75969 0.51938
8546 99 67 0.767442 0.51938
8547 100 67 0.775194 0.51938
8548 101 67 0.782946 0.51938
8549 102 67 0.790698 0.51938
8550 103 67 0.79845 0.51938
8551 104 67 0.806202 0.51938
8552 105 67 0.813953 0.51938
8553 106 67 0.821705 0.51938
8554 107 67 0.829457 0.51938
8555 108 67 0.837209 0.51938
8556 109 67 0.844961 0.51938
8557 110 67 0.852713 0.51938
8558 111 67 0.860465 0.51938
8559 112 67 0.868217 0.51938
8560 113 67 0.875969 0.51938
8561 114 67 0.883721 0.51938
8562 115 67 0.891473 0.51938
8563 116 67 0.899225 0.51938
8564 117 67 0.906977 0.51938
8565 118 67 0.914729 0.51938
8566 119 67 0.922481 0.51938
8567 120 67 0.930233 0.51938
8568 121 67 0.937984 0.51938
8569 122 67 0.945736 0.51938
8570 123 67 0.953488 0.51938
8571 124 67 0.96124 0.51938
8572 125 67 0.968992 0.51938
8573 126 67 0.976744 0.51938
8574 127 67 0.984496 0.51938
8575 128 67 0.992248 0.51938
8576 1 68 0.00775194 0.527132
8577 2 68 0.0155039 0.527132
8578 3 68 0.0232558 0.527132
8579 4 68 0.0310078 0.527132
8580 5 68 0.0387597 0.527132
8581 6 68 0.0465116 0.527132
8582 7 68 0.0542636 0.527132
8583 8 68 0.0620155 0.527132
8584 9 68 0.0697674 0.527132
8585 10 68 0.0775194 0.527132
8586 11 68 0.0852713 0.527132
8587 12 68 0.0930233 0.527132
8588 13 68 0.100775 0.527132
8589 14 68 0.108527 0.527132
8590 15 68 0.116279 0.527132
8591 16 68 0.124031 0.527132
8592 17 68 0.131783 0.527132
8593 18 68 0.139535 0.527132
8594 19 68 0.147287 0.527132
8595 20 68 0.155039 0.527132
8596 21 68 0.162791 0.527132
8597 22 68 0.170543 0.527132
8598 23 68 0.178295 0.527132
8599 24 68 0.186047 0.527132
8600 25 68 0.193798 0.527132
8601 26 68 0.20155 0.527132
8602 27 68 0.209302 0.527132
8603 28 68 0.217054 0.527132
8604 29 68 0.224806 0.527132
8605 30 68 0.232558 0.527132
8606 31 68 0.24031 0.527132
8607 32 68 0.248062 0.527132
8608 33 68 0.255814 0.527132
8609 34 68 0.263566 0.527132
8610 35 68 0.271318 0.527132
8611 36 68 0.27907 0.527132
8612 37 68 0.286822 0.527132
8613 38 68 0.294574 0.527132
8614 39 68 0.302326 0.527132
8615 40 68 0.310078 0.527132
8616 41 68 0.317829 0.527132
8617 42 68 0.325581 0.527132
8618 43 68 0.333333 0.527132
8619 44 68 0.341085 0.527132
8620 45 68 0.348837 0.527132
8621 46 68 0.356589 0.527132
8622 47 68 0.364341 0.527132
8623 48 68 0.372093 0.527132
8624 49 68 0.379845 0.527132
8625 50 68 0.387597 0.527132
8626 51 68 0.395349 0.527132
8627 52 68 0.403101 0.527132
8628 53 68 0.410853 0.527132
8629 54 68 0.418605 0.527132
8630 55 68 0.426357 0.527132
8631 56 68 0.434109 0.527132
8632 57 68 0.44186 0.527132
8633 58 68 0.449612 0.527132
8634 59 68 0.457364 0.527132
8635 60 68 0.465116 0.527132
8636 61 68 0.472868 0.527132
8637 62 68 0.48062 0.527132
8638 63 68 0.488372 0.527132
8639 64 68 0.496124 0.527132
8640 65 68 0.503876 0.527132
8641 66 68 0.511628 0.527132
8642 67 68 0.51938 0.527132
8643 68 68 0.527132 0.527132
8644 69 68 0.534884 0.527132
8645 70 68 0.542636 0.527132
8646 71 68 0.550388 0.527132
8647 72 68 0.55814 0.527132
8648 73 68 0.565891 0.527132
8649 74 68 0.573643 0.527132
8650 75 68 0.581395 0.527132
8651 76 68 0.589147 0.527132
8652 77 68 0.596899 0.527132
8653 78 68 0.604651 0.527132
8654 79 68 0.612403 0.527132
8655 80 68 0.620155 0.527132
8656 81 68 0.627907 0.527132
8657 82 68 0.635659 0.527132
8658 83 68 0.643411 0.527132
8659 84 68 0.651163 0.527132
8660 85 68 0.658915 0.527132
8661 86 68 0.666667 0.527132
8662 87 68 0.674419 0.527132
8663 88 68 0.682171 0.527132
8664 89 68 0.689922 0.527132
8665 90 68 0.697674 0.527132
8666 91 68 0.705426 0.527132
8667 92 68 0.713178 0.527132
8668 93 68 0.72093 0.527132
8669 94 68 0.728682 0.527132
8670 95 68 0.736434 0.527132
8671 96 68 0.744186 0.527132
8672 97 68 0.751938 0.527132
8673 98 68 0.75969 0.527132
8674 99 68 0.767442 0.527132
8675 100 68 0.775194 0.527132
8676 101 68 0.782946 0.527132
8677 102 68 0.790698 0.527132
8678 103 68 0.79845 0.527132
8679 104 68 0.806202 0.527132
8680 105 68 0.813953 0.527132
8681 106 68 0.821705 0.527132
8682 107 68 0.829457 0.527132
8683 108 68 0.837209 0.527132
8684 109 68 0.844961 0.527132
8685 110 68 0.852713 0.527132
8686 111 68 0.860465 0.527132
8687 112 68 0.868217 0.527132
8688 113 68 0.875969 0.527132
8689 114 68 0.883721 0.527132
8690 115 68 0.891473 0.527132
8691 116 68 0.899225 0.527132
8692 117 68 0.906977 0.527132
8693 118 68 0.914729 0.527132
8694 119 68 0.922481 0.527132
8695 120 68 0.930233 0.527132
8696 121 68 0.937984 0.527132
8697 122 68 0.945736 0.527132
8698 123 68 0.953488 0.527132
8699 124 68 0.96124 0.527132
8700 125 68 0.968992 0.527132
8701 126 68 0.976744 0.527132
8702 127 68 0.984496 0.527132
8703 128 68 0.992248 0.527132
8704 1 69 0.00775194 0.534884
8705 2 69 0.0155039 0.534884
8706 3 69 0.0232558 0.534884
8707 4 69 0.0310078 0.534884
8708 5 69 0.0387597 0.534884
8709 6 69 0.0465116 0.534884
8710 7 69 0.0542636 0.534884
8711 8 69 0.0620155 0.534884
8712 9 69 0.0697674 0.534884
8713 10 69 0.0775194 0.534884
8714 11 69 0.0852713 0.534884
8715 12 69 0.0930233 0.534884
8716 13 69 0.100775 0.534884
8717 14 69 0.108527 0.534884
8718 15 69 0.116279 0.534884
8719 16 69 0.124031 0.534884
8720 17 69 0.131783 0.534884
8721 18 69 0.139535 0.534884
8722 19 69 0.147287 0.534884
8723 20 69 0.155039 0.534884
8724 21 69 0.162791 0.534884
8725 22 69 0.170543 0.534884
8726 23 69 0.178295 0.534884
8727 24 69 0.186047 0.534884
8728 25 69 0.193798 0.534884
8729 26 69 0.20155 0.534884
8730 27 69 0.209302 0.534884
8731 28 69 0.217054 0.534884
8732 29 69 0.224806 0.534884
8733 30 69 0.232558 0.534884
8734 31 69 0.24031 0.534884
8735 32 69 0.248062 0.534884
8736 33 69 0.255814 0.534884
8737 34 69 0.263566 0.534884
8738 35 69 0.271318 0.534884
8739 36 69 0.27907 0.534884
8740 37 69 0.286822 0.534884
8741 38 69 0.294574 0.534884
8742 39 69 0.302326 0.534884
8743 40 69 0.310078 0.534884
8744 41 69 0.317829 0.534884
8745 42 69 0.325581 0.534884
8746 43 69 0.333333 0.534884
8747 44 69 0.341085 0.534884
8748 45 69 0.348837 0.534884
8749 46 69 0.356589 0.534884
8750 47 69 0.364341 0.534884
8751 48 69 0.372093 0.534884
8752 49 69 0.379845 0.534884
8753 50 69 0.387597 0.534884
8754 51 69 0.395349 0.534884
8755 52 69 0.403101 0.534884
8756 53 69 0.410853 0.534884
8757 54 69 0.418605 0.534884
8758 55 69 0.426357 0.534884
8759 56 69 0.434109 0.534884
8760 57 69 0.44186 0.534884
8761 58 69 0.449612 0.534884
8762 59 69 0.457364 0.534884
8763 60 69 0.465116 0.534884
8764 61 69 0.472868 0.534884
8765 62 69 0.48062 0.534884
8766 63 69 0.488372 0.534884
8767 64 69 0.496124 0.534884
8768 65 69 0.503876 0.534884
8769 66 69 0.511628 0.534884
8770 67 69 0.51938 0.534884
8771 68 69 0.527132 0.534884
8772 69 69 0.534884 0.534884
8773 70 69 0.542636 0.534884
8774 71 69 0.550388 0.534884
8775 72 69 0.55814 0.534884
8776 73 69 0.565891 0.534884
8777 74 69 0.573643 0.534884
8778 75 69 0.581395 0.534884
8779 76 69 0.589147 0.534884
8780 77 69 0.596899 0.534884
8781 78 69 0.604651 0.534884
8782 79 69 0.612403 0.534884
8783 80 69 0.620155 0.534884
8784 81 69 0.627907 0.534884
8785 82 69 0.635659 0.534884
8786 83 69 0.643411 0.534884
8787 84 69 0.651163 0.534884
8788 85 69 0.658915 0.534884
8789 86 69 0.666667 0.534884
8790 87 69 0.674419 0.534884
8791 88 69 0.682171 0.534884
8792 89 69 0.689922 0.534884
8793 90 69 0.697674 0.534884
8794 91 69 0.705426 0.534884
8795 92 69 0.713178 0.534884
8796 93 69 0.72093 0.534884
8797 94 69 0.728682 0.534884
8798 95 69 0.736434 0.534884
8799 96 69 0.744186 0.534884
8800 97 69 0.751938 0.534884
8801 98 69 0.75969 0.534884
8802 99 69 0.767442 0.534884
8803 100 69 0.775194 0.534884
8804 101 69 0.782946 0.534884
8805 102 69 0.790698 0.534884
8806 103 69 0.79845 0.534884
8807 104 69 0.806202 0.534884
8808 105 69 0.813953 0.534884
8809 106 69 0.821705 0.534884
8810 107 69 0.829457 0.534884
8811 108 69 0.837209 0.534884
8812 109 69 0.844961 0.534884
8813 110 69 0.852713 0.534884
8814 111 69 0.860465 0.534884
8815 112 69 0.868217 0.534884
8816 113 69 0.875969 0.534884
8817 114 69 0.883721 0.534884
8818 115 69 0.891473 0.534884
8819 116 69 0.899225 0.534884
8820 117 69 0.906977 0.534884
8821 118 69 0.914729 0.534884
8822 119 69 0.922481 0.534884
8823 120 69 0.930233 0.534884
8824 121 69 0.937984 0.534884
8825 122 69 0.945736 0.534884
8826 123 69 0.953488 0.534884
8827 124 69 0.96124 0.534884
8828 125 69 0.968992 0.534884
8829 126 69 0.976744 0.534884
8830 127 69 0.984496 0.534884
8831 128 69 0.992248 0.534884
8832 1 70 0.00775194 0.542636
8833 2 70 0.0155039 0.542636
8834 3 70 0.0232558 0.542636
8835 4 70 0.0310078 0.542636
8836 5 70 0.0387597 0.542636
8837 6 70 0.0465116 0.542636
8838 7 70 0.0542636 0.542636
8839 8 70 0.0620155 0.542636
8840 9 70 0.0697674 0.542636
8841 10 70 0.0775194 0.542636
8842 11 70 0.0852713 0.542636
8843 12 70 0.0930233 0.542636
8844 13 70 0.100775 0.542636
8845 14 70 0.108527 0.542636
8846 15 70 0.116279 0.542636
8847 16 70 0.124031 0.542636
8848 17 70 0.131783 0.542636
8849 18 70 0.139535 0.542636
8850 19 70 0.147287 0.542636
8851 20 70 0.155039 0.542636
8852 21 70 0.162791 0.542636
8853 22 70 0.170543 0.542636
8854 23 70 0.178295 0.542636
8855 24 70 0.186047 0.542636
8856 25 70 0.193798 0.542636
8857 26 70 0.20155 0.542636
8858 27 70 0.209302 0.542636
8859 28 70 0.217054 0.542636
8860 29 70 0.224806 0.542636
8861 30 70 0.232558 0.542636
8862 31 70 0.24031 0.542636
8863 32 70 0.248062 0.542636
8864 33 70 0.255814 0.542636
8865 34 70 0.263566 0.542636
8866 35 70 0.271318 0.542636
8867 36 70 0.27907 0.542636
8868 37 70 0.286822 0.542636
8869 38 70 0.294574 0.542636
8870 39 70 0.302326 0.542636
8871 40 70 0.310078 0.542636
8872 41 70 0.317829 0.542636
8873 42 70 0.325581 0.542636
8874 43 70 0.333333 0.542636
8875 44 70 0.341085 0.542636
8876 45 70 0.348837 0.542636
8877 46 70 0.356589 0.542636
8878 47 70 0.364341 0.542636
8879 48 70 0.372093 0.542636
8880 49 70 0.379845 0.542636
8881 50 70 0.387597 0.542636
8882 51 70 0.395349 0.542636
8883 52 70 0.403101 0.542636
8884 53 70 0.410853 0.542636
8885 54 70 0.418605 0.542636
8886 55 70 0.426357 0.542636
8887 56 70 0.434109 0.542636
8888 57 70 0.44186 0.542636
8889 58 70 0.449612 0.542636
8890 59 70 0.457364 0.542636
8891 60 70 0.465116 0.542636
8892 61 70 0.472868 0.542636
8893 62 70 0.48062 0.542636
8894 63 70 0.488372 0.542636
8895 64 70 0.496124 0.542636
8896 65 70 0.503876 0.542636
8897 66 70 0.511628 0.542636
8898 67 70 0.51938 0.542636
8899 68 70 0.527132 0.542636
8900 69 70 0.534884 0.542636
8901 70 70 0.542636 0.542636
8902 71 70 0.550388 0.542636
8903 72 70 0.55814 0.542636
8904 73 70 0.565891 0.542636
8905 74 70 0.573643 0.542636
8906 75 70 0.581395 0.542636
8907 76 70 0.589147 0.542636
8908 77 70 0.596899 0.542636
8909 78 70 0.604651 0.542636
8910 79 70 0.612403 0.542636
8911 80 70 0.620155 0.542636
8912 81 70 0.627907 0.542636
8913 82 70 0.635659 0.542636
8914 83 70 0.643411 0.542636
8915 84 70 0.651163 0.542636
8916 85 70 0.658915 0.542636
8917 86 70 0.666667 0.542636
8918 87 70 0.674419 0.542636
8919 88 70 0.682171 0.542636
8920 89 70 0.689922 0.542636
8921 90 70 0.697674 0.542636
8922 91 70 0.705426 0.542636
8923 92 70 0.713178 0.542636
8924 93 70 0.72093 0.542636
8925 94 70 0.728682 0.542636
8926 95 70 0.736434 0.542636
8927 96 70 0.744186 0.542636
8928 97 70 0.751938 0.542636
8929 98 70 0.75969 0.542636
8930 99 70 0.767442 0.542636
8931 100 70 0.775194 0.542636
8932 101 70 0.782946 0.542636
8933 102 70 0.790698 0.542636
8934 103 70 0.79845 0.542636
8935 104 70 0.806202 0.542636
8936 105 70 0.813953 0.542636
8937 106 70 0.821705 0.542636
8938 107 70 0.829457 0.542636
8939 108 70 0.837209 0.542636
8940 109 70 0.844961 0.542636
8941 110 70 0.852713 0.542636
8942 111 70 0.860465 0.542636
8943 112 70 0.868217 0.542636
8944 113 70 0.875969 0.542636
8945 114 70 0.883721 0.542636
8946 115 70 0.891473 0.542636
8947 116 70 0.899225 0.542636
8948 117 70 0.906977 0.542636
8949 118 70 0.914729 0.542636
8950 119 70 0.922481 0.542636
8951 120 70 0.930233 0.542636
8952 121 70 0.937984 0.542636
8953 122 70 0.945736 0.542636
8954 123 70 0.953488 0.542636
8955 124 70 0.96124 0.542636
8956 125 70 0.968992 0.542636
8957 126 70 0.976744 0.542636
8958 127 70 0.984496 0.542636
8959 128 70 0.992248 0.542636
8960 1 71 0.00775194 0.550388
8961 2 71 0.0155039 0.550388
8962 3 71 0.0232558 0.550388
8963 4 71 0.0310078 0.550388
8964 5 71 0.0387597 0.550388
8965 6 71 0.0465116 0.550388
8966 7 71 0.0542636 0.550388
8967 8 71 0.0620155 0.550388
8968 9 71 0.0697674 0.550388
8969 10 71 0.0775194 0.550388
8970 11 71 0.0852713 0.550388
8971 12 71 0.0930233 0.550388
8972 13 71 0.100775 0.550388
8973 14 71 0.108527 0.550388
8974 15 71 0.116279 0.550388
8975 16 71 0.124031 0.550388
8976 17 71 0.131783 0.550388
8977 18 71 0.139535 0.550388
8978 19 71 0.147287 0.550388
8979 20 71 0.155039 0.550388
8980 21 71 0.162791 0.550388
8981 22 71 0.170543 0.550388
8982 23 71 0.178295 0.550388
8983 24 71 0.186047 0.550388
8984 25 71 0.193798 0.550388
8985 26 71 0.20155 0.550388
8986 27 71 0.209302 0.550388
8987 28 71 0.217054 0.550388
8988 29 71 0.224806 0.550388
8989 30 71 0.232558 0.550388
8990 31 71 0.24031 0.550388
8991 32 71 0.248062 0.550388
8992 33 71 0.255814 0.550388
8993 34 71 0.263566 0.550388
8994 35 71 0.271318 0.550388
8995 36 71 0.27907 0.550388
8996 37 71 0.286822 0.550388
8997 38 71 0.294574 0.550388
8998 39 71 0.302326 0.550388
8999 40 71 0.310078 0.550388
9000 41 71 0.317829 0.550388
9001 42 71 0.325581 0.550388
9002 43 71 0.333333 0.550388
9003 44 71 0.341085 0.550388
9004 45 71 0.348837 0.550388
9005 46 71 0.356589 0.550388
9006 47 71 0.364341 0.550388
9007 48 71 0.372093 0.550388
9008 49 71 0.379845 0.550388
9009 50 71 0.387597 0.550388
9010 51 71 0.395349 0.550388
9011 52 71 0.403101 0.550388
9012 53 71 0.410853 0.550388
9013 54 71 0.418605 0.550388
9014 55 71 0.426357 0.550388
9015 56 71 0.434109 0.550388
9016 57 71 0.44186 0.550388
9017 58 71 0.449612 0.550388
9018 59 71 0.457364 0.550388
9019 60 71 0.465116 0.550388
9020 61 71 0.472868 0.550388
9021 62 71 0.48062 0.550388
9022 63 71 0.488372 0.550388
9023 64 71 0.496124 0.550388
9024 65 71 0.503876 0.550388
9025 66 71 0.511628 0.550388
9026 67 71 0.51938 0.550388
9027 68 71 0.527132 0.550388
9028 69 71 0.534884 0.550388
9029 70 71 0.542636 0.550388
9030 71 71 0.550388 0.550388
9031 72 71 0.55814 0.550388
9032 73 71 0.565891 0.550388
9033 74 71 0.573643 0.550388
9034 75 71 0.581395 0.550388
9035 76 71 0.589147 0.550388
9036 77 71 0.596899 0.550388
9037 78 71 0.604651 0.550388
9038 79 71 0.612403 0.550388
9039 80 71 0.620155 0.550388
9040 81 71 0.627907 0.550388
9041 82 71 0.635659 0.550388
9042 83 71 0.643411 0.550388
9043 84 71 0.651163 0.550388
9044 85 71 0.658915 0.550388
9045 86 71 0.666667 0.550388
9046 87 71 0.674419 0.550388
9047 88 71 0.682171 0.550388
9048 89 71 0.689922 0.550388
9049 90 71 0.697674 0.550388
9050 91 71 0.705426 0.550388
9051 92 71 0.713178 0.550388
9052 93 71 0.72093 0.550388
9053 94 71 0.728682 0.550388
9054 95 71 0.736434 0.550388
9055 96 71 0.744186 0.550388
9056 97 71 0.751938 0.550388
9057 98 71 0.75969 0.550388
9058 99 71 0.767442 0.550388
9059 100 71 0.775194 0.550388
9060 101 71 0.782946 0.550388
9061 102 71 0.790698 0.550388
9062 103 71 0.79845 0.550388
9063 104 71 0.806202 0.550388
9064 105 71 0.813953 0.550388
9065 106 71 0.821705 0.550388
9066 107 71 0.829457 0.550388
9067 108 71 0.837209 0.550388
9068 109 71 0.844961 0.550388
9069 110 71 0.852713 0.550388
9070 111 71 0.860465 0.550388
9071 112 71 0.868217 0.550388
9072 113 71 0.875969 0.550388
9073 114 71 0.883721 0.550388
9074 115 71 0.891473 0.550388
9075 116 71 0.899225 0.550388
9076 117 71 0.906977 0.550388
9077 118 71 0.914729 0.550388
9078 119 71 0.922481 0.550388
9079 120 71 0.930233 0.550388
9080 121 71 0.937984 0.550388
9081 122 71 0.945736 0.550388
9082 123 71 0.953488 0.550388
9083 124 71 0.96124 0.550388
9084 125 71 0.968992 0.550388
9085 126 71 0.976744 0.550388
9086 127 71 0.984496 0.550388
9087 128 71 0.992248 0.550388
9088 1 72 0.00775194 0.55814
9089 2 72 0.0155039 0.55814
9090 3 72 0.0232558 0.55814
9091 4 72 0.0310078 0.55814
9092 5 72 0.0387597 0.55814
9093 6 72 0.0465116 0.55814
9094 7 72 0.0542636 0.55814
9095 8 72 0.0620155 0.55814
9096 9 72 0.0697674 0.55814
9097 10 72 0.0775194 0.55814
9098 11 72 0.0852713 0.55814
9099 12 72 0.0930233 0.55814
9100 13 72 0.100775 0.55814
9101 14 72 0.108527 0.55814
9102 15 72 0.116279 0.55814
9103 16 72 0.124031 0.55814
9104 17 72 0.131783 0.55814
9105 18 72 0.139535 0.55814
9106 19 72 0.147287 0.55814
9107 20 72 0.155039 0.55814
9108 21 72 0.162791 0.55814
9109 22 72 0.170543 0.55814
9110 23 72 0.178295 0.55814
9111 24 72 0.186047 0.55814
9112 25 72 0.193798 0.55814
9113 26 72 0.20155 0.55814
9114 27 72 0.209302 0.55814
9115 28 72 0.217054 0.55814
9116 29 72 0.224806 0.55814
9117 30 72 0.232558 0.55814
9118 31 72 0.24031 0.55814
9119 32 72 0.248062 0.55814
9120 33 72 0.255814 0.55814
9121 34 72 0.263566 0.55814
9122 35 72 0.271318 0.55814
9123 36 72 0.27907 0.55814
9124 37 72 0.286822 0.55814
9125 38 72 0.294574 0.55814
9126 39 72 0.302326 0.55814
9127 40 72 0.310078 0.55814
9128 41 72 0.317829 0.55814
9129 42 72 0.325581 0.55814
9130 43 72 0.333333 0.55814
9131 44 72 0.341085 0.55814
9132 45 72 0.348837 0.55814
9133 46 72 0.356589 0.55814
9134 47 72 0.364341 0.55814
9135 48 72 0.372093 0.55814
9136 49 72 0.379845 0.55814
9137 50 72 0.387597 0.55814
9138 51 72 0.395349 0.55814
9139 52 72 0.403101 0.55814
9140 53 72 0.410853 0.55814
9141 54 72 0.418605 0.55814
9142 55 72 0.426357 0.55814
9143 56 72 0.434109 0.55814
9144 57 72 0.44186 0.55814
9145 58 72 0.449612 0.55814
9146 59 72 0.457364 0.55814
9147 60 72 0.465116 0.55814
9148 61 72 0.472868 0.55814
9149 62 72 0.48062 0.55814
9150 63 72 0.488372 0.55814
9151 64 72 0.496124 0.55814
9152 65 72 0.503876 0.55814
9153 66 72 0.511628 0.55814
9154 67 72 0.51938 0.55814
9155 68 72 0.527132 0.55814
9156 69 72 0.534884 0.55814
9157 70 72 0.542636 0.55814
9158 71 72 0.550388 0.55814
9159 72 72 0.55814 0.55814
9160 73 72 0.565891 0.55814
9161 74 72 0.573643 0.55814
9162 75 72 0.581395 0.55814
9163 76 72 0.589147 0.55814
9164 77 72 0.596899 0.55814
9165 78 72 0.604651 0.55814
9166 79 72 0.612403 0.55814
9167 80 72 0.620155 0.55814
9168 81 72 0.627907 0.55814
9169 82 72 0.635659 0.55814
9170 83 72 0.643411 0.55814
9171 84 72 0.651163 0.55814
9172 85 72 0.658915 0.55814
9173 86 72 0.666667 0.55814
9174 87 72 0.674419 0.55814
9175 88 72 0.682171 0.55814
9176 89 72 0.689922 0.55814
9177 90 72 0.697674 0.55814
9178 91 72 0.705426 0.55814
9179 92 72 0.713178 0.55814
9180 93 72 0.72093 0.55814
9181 94 72 0.728682 0.55814
9182 95 72 0.736434 0.55814
9183 96 72 0.744186 0.55814
9184 97 72 0.751938 0.55814
9185 98 72 0.75969 0.55814
9186 99 72 0.767442 0.55814
9187 100 72 0.775194 0.55814
9188 101 72 0.782946 0.55814
9189 102 72 0.790698 0.55814
9190 103 72 0.79845 0.55814
9191 104 72 0.806202 0.55814
9192 105 72 0.813953 0.55814
9193 106 72 0.821705 0.55814
9194 107 72 0.829457 0.55814
9195 108 72 0.837209 0.55814
9196 109 72 0.844961 0.55814
9197 110 72 0.852713 0.55814
9198 111 72 0.860465 0.55814
9199 112 72 0.868217 0.55814
9200 113 72 0.875969 0.55814
9201 114 72 0.883721 0.55814
9202 115 72 0.891473 0.55814
9203 116 72 0.899225 0.55814
9204 117 72 0.906977 0.55814
9205 118 72 0.914729 0.55814
9206 119 72 0.922481 0.55814
9207 120 72 0.930233 0.55814
9208 121 72 0.937984 0.55814
9209 122 72 0.945736 0.55814
9210 123 72 0.953488 0.55814
9211 124 72 0.96124 0.55814
9212 125 72 0.968992 0.55814
9213 126 72 0.976744 0.55814
9214 127 72 0.984496 0.55814
9215 128 72 0.992248 0.55814
9216 1 73 0.00775194 0.565891
9217 2 73 0.0155039 0.565891
9218 3 73 0.0232558 0.565891
9219 4 73 0.0310078 0.565891
9220 5 73 0.0387597 0.565891
9221 6 73 0.0465116 0.565891
9222 7 73 0.0542636 0.565891
9223 8 73 0.0620155 0.565891
9224 9 73 0.0697674 0.565891
9225 10 73 0.0775194 0.565891
9226 11 73 0.0852713 0.565891
9227 12 73 0.0930233 0.565891
9228 13 73 0.100775 0.565891
9229 14 73 0.108527 0.565891
9230 15 73 0.116279 0.565891
9231 16 73 0.124031 0.565891
9232 17 73 0.131783 0.565891
9233 18 73 0.139535 0.565891
9234 19 73 0.147287 0.565891
9235 20 73 0.155039 0.565891
9236 21 73 0.162791 0.565891
9237 22 73 0.170543 0.565891
9238 23 73 0.178295 0.565891
9239 24 73 0.186047 0.565891
9240 25 73 0.193798 0.565891
9241 26 73 0.20155 0.565891
9242 27 73 0.209302 0.565891
9243 28 73 0.217054 0.565891
9244 29 73 0.224806 0.565891
9245 30 73 0.232558 0.565891
9246 31 73 0.24031 0.565891
9247 32 73 0.248062 0.565891
9248 33 73 0.255814 0.565891
9249 34 73 0.263566 0.565891
9250 35 73 0.271318 0.565891
9251 36 73 0.27907 0.565891
9252 37 73 0.286822 0.565891
9253 38 73 0.294574 0.565891
9254 39 73 0.302326 0.565891
9255 40 73 0.310078 0.565891
9256 41 73 0.317829 0.565891
9257 42 73 0.325581 0.565891
9258 43 73 0.333333 0.565891
9259 44 73 0.341085 0.565891
9260 45 73 0.348837 0.565891
9261 46 73 0.356589 0.565891
9262 47 73 0.364341 0.565891
9263 48 73 0.372093 0.565891
9264 49 73 0.379845 0.565891
9265 50 73 0.387597 0.565891
9266 51 73 0.395349 0.565891
9267 52 73 0.403101 0.565891
9268 53 73 0.410853 0.565891
9269 54 73 0.418605 0.565891
9270 55 73 0.426357 0.565891
9271 56 73 0.434109 0.565891
9272 57 73 0.44186 0.565891
9273 58 73 0.449612 0.565891
9274 59 73 0.457364 0.565891
9275 60 73 0.465116 0.565891
9276 61 73 0.472868 0.565891
9277 62 73 0.48062 0.565891
9278 63 73 0.488372 0.565891
9279 64 73 0.496124 0.565891
9280 65 73 0.503876 0.565891
9281 66 73 0.511628 0.565891
9282 67 73 0.51938 0.565891
9283 68 73 0.527132 0.565891
9284 69 73 0.534884 0.565891
9285 70 73 0.542636 0.565891
9286 71 73 0.550388 0.565891
9287 72 73 0.55814 0.565891
9288 73 73 0.565891 0.565891
9289 74 73 0.573643 0.565891
9290 75 73 0.581395 0.565891
9291 76 73 0.589147 0.565891
9292 77 73 0.596899 0.565891
9293 78 73 0.604651 0.565891
9294 79 73 0.612403 0.565891
9295 80 73 0.620155 0.565891
9296 81 73 0.627907 0.565891
9297 82 73 0.635659 0.565891
9298 83 73 0.643411 0.565891
9299 84 73 0.651163 0.565891
9300 85 73 0.658915 0.565891
9301 86 73 0.666667 0.565891
9302 87 73 0.674419 0.565891
9303 88 73 0.682171 0.565891
9304 89 73 0.689922 0.565891
9305 90 73 0.697674 0.565891
9306 91 73 0.705426 0.565891
9307 92 73 0.713178 0.565891
9308 93 73 0.72093 0.565891
9309 94 73 0.728682 0.565891
9310 95 73 0.736434 0.565891
9311 96 73 0.744186 0.565891
9312 97 73 0.751938 0.565891
9313 98 73 0.75969 0.565891
9314 99 73 0.767442 0.565891
9315 100 73 0.775194 0.565891
9316 101 73 0.782946 0.565891
9317 102 73 0.790698 0.565891
9318 103 73 0.79845 0.565891
9319 104 73 0.806202 0.565891
9320 105 73 0.813953 0.565891
9321 106 73 0.821705 0.565891
9322 107 73 0.829457 0.565891
9323 108 73 0.837209 0.565891
9324 109 73 0.844961 0.565891
9325 110 73 0.852713 0.565891
9326 111 73 0.860465 0.565891
9327 112 73 0.868217 0.565891
9328 113 73 0.875969 0.565891
9329 114 73 0.883721 0.565891
9330 115 73 0.891473 0.565891
9331 116 73 0.899225 0.565891
9332 117 73 0.906977 0.565891
9333 118 73 0.914729 0.565891
9334 119 73 0.922481 0.565891
9335 120 73 0.930233 0.565891
9336 121 73 0.937984 0.565891
9337 122 73 0.945736 0.565891
9338 123 73 0.953488 0.565891
9339 124 73 0.96124 0.565891
9340 125 73 0.968992 0.565891
9341 126 73 0.976744 0.565891
9342 127 73 0.984496 0.565891
9343 128 73 0.992248 0.565891
9344 1 74 0.00775194 0.573643
9345 2 74 0.0155039 0.573643
9346 3 74 0.0232558 0.573643
9347 4 74 0.0310078 0.573643
9348 5 74 0.0387597 0.573643
9349 6 74 0.0465116 0.573643
9350 7 74 0.0542636 0.573643
9351 8 74 0.0620155 0.573643
9352 9 74 0.0697674 0.573643
9353 10 74 0.0775194 0.573643
9354 11 74 0.0852713 0.573643
9355 12 74 0.0930233 0.573643
9356 13 74 0.100775 0.573643
9357 14 74 0.108527 0.573643
9358 15 74 0.116279 0.573643
9359 16 74 0.124031 0.573643
9360 17 74 0.131783 0.573643
9361 18 74 0.139535 0.573643
9362 19 74 0.147287 0.573643
9363 20 74 0.155039 0.573643
9364 21 74 0.162791 0.573643
9365 22 74 0.170543 0.573643
9366 23 74 0.178295 0.573643
9367 24 74 0.186047 0.573643
9368 25 74 0.193798 0.573643
9369 26 74 0.20155 0.573643
9370 27 74 0.209302 0.573643
9371 28 74 0.217054 0.573643
9372 29 74 0.224806 0.573643
9373 30 74 0.232558 0.573643
9374 31 74 0.24031 0.573643
9375 32 74 0.248062 0.573643
9376 33 74 0.255814 0.573643
9377 34 74 0.263566 0.573643
9378 35 74 0.271318 0.573643
9379 36 74 0.27907 0.573643
9380 37 74 0.286822 0.573643
9381 38 74 0.294574 0.573643
9382 39 74 0.302326 0.573643
9383 40 74 0.310078 0.573643
9384 41 74 0.317829 0.573643
9385 42 74 0.325581 0.573643
9386 43 74 0.333333 0.573643
9387 44 74 0.341085 0.573643
9388 45 74 0.348837 0.573643
9389 46 74 0.356589 0.573643
9390 47 74 0.364341 0.573643
9391 48 74 0.372093 0.573643
9392 49 74 0.379845 0.573643
9393 50 74 0.387597 0.573643
9394 51 74 0.395349 0.573643
9395 52 74 0.403101 0.573643
9396 53 74 0.410853 0.573643
9397 54 74 0.418605 0.573643
9398 55 74 0.426357 0.573643
9399 56 74 0.434109 0.573643
9400 57 74 0.44186 0.573643
9401 58 74 0.449612 0.573643
9402 59 74 0.457364 0.573643
9403 60 74 0.465116 0.573643
9404 61 74 0.472868 0.573643
9405 62 74 0.48062 0.573643
9406 63 74 0.488372 0.573643
9407 64 74 0.496124 0.573643
9408 65 74 0.503876 0.573643
9409 66 74 0.511628 0.573643
9410 67 74 0.51938 0.573643
9411 68 74 0.527132 0.573643
9412 69 74 0.534884 0.573643
9413 70 74 0.542636 0.573643
9414 71 74 0.550388 0.573643
9415 72 74 0.55814 0.573643
9416 73 74 0.565891 0.573643
9417 74 74 0.573643 0.573643
9418 75 74 0.581395 0.573643
9419 76 74 0.589147 0.573643
9420 77 74 0.596899 0.573643
9421 78 74 0.604651 0.573643
9422 79 74 0.612403 0.573643
9423 80 74 0.620155 0.573643
9424 81 74 0.627907 0.573643
9425 82 74 0.635659 0.573643
9426 83 74 0.643411 0.573643
9427 84 74 0.651163 0.573643
9428 85 74 0.658915 0.573643
9429 86 74 0.666667 0.573643
9430 87 74 0.674419 0.573643
9431 88 74 0.682171 0.573643
9432 89 74 0.689922 0.573643
9433 90 74 0.697674 0.573643
9434 91 74 0.705426 0.573643
9435 92 74 0.713178 0.573643
9436 93 74 0.72093 0.573643
9437 94 74 0.728682 0.573643
9438 95 74 0.736434 0.573643
9439 96 74 0.744186 0.573643
9440 97 74 0.751938 0.573643
9441 98 74 0.75969 0.573643
9442 99 74 0.767442 0.573643
9443 100 74 0.775194 0.573643
9444 101 74 0.782946 0.573643
9445 102 74 0.790698 0.573643
9446 103 74 0.79845 0.573643
9447 104 74 0.806202 0.573643
9448 105 74 0.813953 0.573643
9449 106 74 0.821705 0.573643
9450 107 74 0.829457 0.573643
9451 108 74 0.837209 0.573643
9452 109 74 0.844961 0.573643
9453 110 74 0.852713 0.573643
9454 111 74 0.860465 0.573643
9455 112 74 0.868217 0.573643
9456 113 74 0.875969 0.573643
9457 114 74 0.883721 0.573643
9458 115 74 0.891473 0.573643
9459 116 74 0.899225 0.573643
9460 117 74 0.906977 0.573643
9461 118 74 0.914729 0.573643
9462 119 74 0.922481 0.573643
9463 120 74 0.930233 0.573643
9464 121 74 0.937984 0.573643
9465 122 74 0.945736 0.573643
9466 123 74 0.953488 0.573643
9467 124 74 0.96124 0.573643
9468 125 74 0.968992 0.573643
9469 126 74 0.976744 0.573643
9470 127 74 0.984496 0.573643
9471 128 74 0.992248 0.573643
9472 1 75 0.00775194 0.581395
9473 2 75 0.0155039 0.581395
9474 3 75 0.0232558 0.581395
9475 4 75 0.0310078 0.581395
9476 5 75 0.0387597 0.581395
9477 6 75 0.0465116 0.581395
9478 7 75 0.0542636 0.581395
9479 8 75 0.0620155 0.581395
9480 9 75 0.0697674 0.581395
9481 10 75 0.0775194 0.581395
9482 11 75 0.0852713 0.581395
9483 12 75 0.0930233 0.581395
9484 13 75 0.100775 0.581395
9485 14 75 0.108527 0.581395
9486 15 75 0.116279 0.581395
9487 16 75 0.124031 0.581395
9488 17 75 0.131783 0.581395
9489 18 75 0.139535 0.581395
9490 19 75 0.147287 0.581395
9491 20 75 0.155039 0.581395
9492 21 75 0.162791 0.581395
9493 22 75 0.170543 0.581395
9494 23 75 0.178295 0.581395
9495 24 75 0.186047 0.581395
9496 25 75 0.193798 0.581395
9497 26 75 0.20155 0.581395
9498 27 75 0.209302 0.581395
9499 28 75 0.217054 0.581395
9500 29 75 0.224806 0.581395
9501 30 75 0.232558 0.581395
9502 31 75 0.24031 0.581395
9503 32 75 0.248062 0.581395
9504 33 75 0.255814 0.581395
9505 34 75 0.263566 0.581395
9506 35 75 0.271318 0.581395
9507 36 75 0.27907 0.581395
9508 37 75 0.286822 0.581395
9509 38 75 0.294574 0.581395
9510 39 75 0.302326 0.581395
9511 40 75 0.310078 0.581395
9512 41 75 0.317829 0.581395
9513 42 75 0.325581 0.581395
9514 43 75 0.333333 0.581395
9515 44 75 0.341085 0.581395
9516 45 75 0.348837 0.581395
9517 46 75 0.356589 0.581395
9518 47 75 0.364341 0.581395
9519 48 75 0.372093 0.581395
9520 49 75 0.379845 0.581395
9521 50 75 0.387597 0.581395
9522 51 75 0.395349 0.581395
9523 52 75 0.403101 0.581395
9524 53 75 0.410853 0.581395
9525 54 75 0.418605 0.581395
9526 55 75 0.426357 0.581395
9527 56 75 0.434109 0.581395
9528 57 75 0.44186 0.581395
9529 58 75 0.449612 0.581395
9530 59 75 0.457364 0.581395
9531 60 75 0.465116 0.581395
9532 61 75 0.472868 0.581395
9533 62 75 0.48062 0.581395
9534 63 75 0.488372 0.581395
9535 64 75 0.496124 0.581395
9536 65 75 0.503876 0.581395
9537 66 75 0.511628 0.581395
9538 67 75 0.51938 0.581395
9539 68 75 0.527132 0.581395
9540 69 75 0.534884 0.581395
9541 70 75 0.542636 0.581395
9542 71 75 0.550388 0.581395
9543 72 75 0.55814 0.581395
9544 73 75 0.565891 0.581395
9545 74 75 0.573643 0.581395
9546 75 75 0.581395 0.581395
9547 76 75 0.589147 0.581395
9548 77 75 0.596899 0.581395
9549 78 75 0.604651 0.581395
9550 79 75 0.612403 0.581395
9551 80 75 0.620155 0.581395
9552 81 75 0.627907 0.581395
9553 82 75 0.635659 0.581395
9554 83 75 0.643411 0.581395
9555 84 75 0.651163 0.581395
9556 85 75 0.658915 0.581395
9557 86 75 0.666667 0.581395
9558 87 75 0.674419 0.581395
9559 88 75 0.682171 0.581395
9560 89 75 0.689922 0.581395
9561 90 75 0.697674 0.581395
9562 91 75 0.705426 0.581395
9563 92 75 0.713178 0.581395
9564 93 75 0.72093 0.581395
9565 94 75 0.728682 0.581395
9566 95 75 0.736434 0.581395
9567 96 75 0.744186 0.581395
9568 97 75 0.751938 0.581395
9569 98 75 0.75969 0.581395
9570 99 75 0.767442 0.581395
9571 100 75 0.775194 0.581395
9572 101 75 0.782946 0.581395
9573 102 75 0.790698 0.581395
9574 103 75 0.79845 0.581395
9575 104 75 0.806202 0.581395
9576 105 75 0.813953 0.581395
9577 106 75 0.821705 0.581395
9578 107 75 0.829457 0.581395
9579 108 75 0.837209 0.581395
9580 109 75 0.844961 0.581395
9581 110 75 0.852713 0.581395
9582 111 75 0.860465 0.581395
9583 112 75 0.868217 0.581395
9584 113 75 0.875969 0.581395
9585 114 75 0.883721 0.581395
9586 115 75 0.891473 0.581395
9587 116 75 0.899225 0.581395
9588 117 75 0.906977 0.581395
9589 118 75 0.914729 0.581395
9590 119 75 0.922481 0.581395
9591 120 75 0.930233 0.581395
9592 121 75 0.937984 0.581395
9593 122 75 0.945736 0.581395
9594 123 75 0.953488 0.581395
9595 124 75 0.96124 0.581395
9596 125 75 0.968992 0.581395
9597 126 75 0.976744 0.581395
9598 127 75 0.984496 0.581395
9599 128 75 0.992248 0.581395
9600 1 76 0.00775194 0.589147
9601 2 76 0.0155039 0.589147
9602 3 76 0.0232558 0.589147
9603 4 76 0.0310078 0.589147
9604 5 76 0.0387597 0.589147
9605 6 76 0.0465116 0.589147
9606 7 76 0.0542636 0.589147
9607 8 76 0.0620155 0.589147
9608 9 76 0.0697674 0.589147
9609 10 76 0.0775194 0.589147
9610 11 76 0.0852713 0.589147
9611 12 76 0.0930233 0.589147
9612 13 76 0.100775 0.589147
9613 14 76 0.108527 0.589147
9614 15 76 0.116279 0.589147
9615 16 76 0.124031 0.589147
9616 17 76 0.131783 0.589147
9617 18 76 0.139535 0.589147
9618 19 76 0.147287 0.589147
9619 20 76 0.155039 0.589147
9620 21 76 0.162791 0.589147
9621 22 76 0.170543 0.589147
9622 23 76 0.178295 0.589147
9623 24 76 0.186047 0.589147
9624 25 76 0.193798 0.589147
9625 26 76 0.20155 0.589147
9626 27 76 0.209302 0.589147
9627 28 76 0.217054 0.589147
9628 29 76 0.224806 0.589147
9629 30 76 0.232558 0.589147
9630 31 76 0.24031 0.589147
9631 32 76 0.248062 0.589147
9632 33 76 0.255814 0.589147
9633 34 76 0.263566 0.589147
9634 35 76 0.271318 0.589147
9635 36 76 0.27907 0.589147
9636 37 76 0.286822 0.589147
9637 38 76 0.294574 0.589147
9638 39 76 0.302326 0.589147
9639 40 76 0.310078 0.589147
9640 41 76 0.317829 0.589147
9641 42 76 0.325581 0.589147
9642 43 76 0.333333 0.589147
9643 44 76 0.341085 0.589147
9644 45 76 0.348837 0.589147
9645 46 76 0.356589 0.589147
9646 47 76 0.364341 0.589147
9647 48 76 0.372093 0.589147
9648 49 76 0.379845 0.589147
9649 50 76 0.387597 0.589147
9650 51 76 0.395349 0.589147
9651 52 76 0.403101 0.589147
9652 53 76 0.410853 0.589147
9653 54 76 0.418605 0.589147
9654 55 76 0.426357 0.589147
9655 56 76 0.434109 0.589147
9656 57 76 0.44186 0.589147
9657 58 76 0.449612 0.589147
9658 59 76 0.457364 0.589147
9659 60 76 0.465116 0.589147
9660 61 76 0.472868 0.589147
9661 62 76 0.48062 0.589147
9662 63 76 0.488372 0.589147
9663 64 76 0.496124 0.589147
9664 65 76 0.503876 0.589147
9665 66 76 0.511628 0.589147
9666 67 76 0.51938 0.589147
9667 68 76 0.527132 0.589147
9668 69 76 0.534884 0.589147
9669 70 76 0.542636 0.589147
9670 71 76 0.550388 0.589147
9671 72 76 0.55814 0.589147
9672 73 76 0.565891 0.589147
9673 74 76 0.573643 0.589147
9674 75 76 0.581395 0.589147
9675 76 76 0.589147 0.589147
9676 77 76 0.596899 0.589147
9677 78 76 0.604651 0.589147
9678 79 76 0.612403 0.589147
9679 80 76 0.620155 0.589147
9680 81 76 0.627907 0.589147
9681 82 76 0.635659 0.589147
9682 83 76 0.643411 0.589147
9683 84 76 0.651163 0.589147
9684 85 76 0.658915 0.589147
9685 86 76 0.666667 0.589147
9686 87 76 0.674419 0.589147
9687 88 76 0.682171 0.589147
9688 89 76 0.689922 0.589147
9689 90 76 0.697674 0.589147
9690 91 76 0.705426 0.589147
9691 92 76 0.713178 0.589147
9692 93 76 0.72093 0.589147
9693 94 76 0.728682 0.589147
9694 95 76 0.736434 0.589147
9695 96 76 0.744186 0.589147
9696 97 76 0.751938 0.589147
9697 98 76 0.75969 0.589147
9698 99 76 0.767442 0.589147
9699 100 76 0.775194 0.589147
9700 101 76 0.782946 0.589147
9701 102 76 0.790698 0.589147
9702 103 76 0.79845 0.589147
9703 104 76 0.806202 0.589147
9704 105 76 0.813953 0.589147
9705 106 76 0.821705 0.589147
9706 107 76 0.829457 0.589147
9707 108 76 0.837209 0.589147
9708 109 76 0.844961 0.589147
9709 110 76 0.852713 0.589147
9710 111 76 0.860465 0.589147
9711 112 76 0.868217 0.589147
9712 113 76 0.875969 0.589147
9713 114 76 0.883721 0.589147
9714 115 76 0.891473 0.589147
9715 116 76 0.899225 0.589147
9716 117 76 0.906977 0.589147
9717 118 76 0.914729 0.589147
9718 119 76 0.922481 0.589147
9719 120 76 0.930233 0.589147
9720 121 76 0.937984 0.589147
9721 122 76 0.945736 0.589147
9722 123 76 0.953488 0.589147
9723 124 76 0.96124 0.589147
9724 125 76 0.968992 0.589147
9725 126 76 0.976744 0.589147
9726 127 76 0.984496 0.589147
9727 128 76 0.992248 0.589147
9728 1 77 0.00775194 0.596899
9729 2 77 0.0155039 0.596899
9730 3 77 0.0232558 0.596899
9731 4 77 0.0310078 0.596899
9732 5 77 0.0387597 0.596899
9733 6 77 0.0465116 0.596899
9734 7 77 0.0542636 0.596899
9735 8 77 0.0620155 0.596899
9736 9 77 0.0697674 0.596899
9737 10 77 0.0775194 0.596899
9738 11 77 0.0852713 0.596899
9739 12 77 0.0930233 0.596899
9740 13 77 0.100775 0.596899
9741 14 77 0.108527 0.596899
9742 15 77 0.116279 0.596899
9743 16 77 0.124031 0.596899
9744 17 77 0.131783 0.596899
9745 18 77 0.139535 0.596899
9746 19 77 0.147287 0.596899
9747 20 77 0.155039 0.596899
9748 21 77 0.162791 0.596899
9749 22 77 0.170543 0.596899
9750 23 77 0.178295 0.596899
9751 24 77 0.186047 0.596899
9752 25 77 0.193798 0.596899
9753 26 77 0.20155 0.596899
9754 27 77 0.209302 0.596899
9755 28 77 0.217054 0.596899
9756 29 77 0.224806 0.596899
9757 30 77 0.232558 0.596899
9758 31 77 0.24031 0.596899
9759 32 77 0.248062 0.596899
9760 33 77 0.255814 0.596899
9761 34 77 0.263566 0.596899
9762 35 77 0.271318 0.596899
9763 36 77 0.27907 0.596899
9764 37 77 0.286822 0.596899
9765 38 77 0.294574 0.596899
9766 39 77 0.302326 0.596899
9767 40 77 0.310078 0.596899
9768 41 77 0.317829 0.596899
9769 42 77 0.325581 0.596899
9770 43 77 0.333333 0.596899
9771 44 77 0.341085 0.596899
9772 45 77 0.348837 0.596899
9773 46 77 0.356589 0.596899
9774 47 77 0.364341 0.596899
9775 48 77 0.372093 0.596899
9776 49 77 0.379845 0.596899
9777 50 77 0.387597 0.596899
9778 51 77 0.395349 0.596899
9779 52 77 0.403101 0.596899
9780 53 77 0.410853 0.596899
9781 54 77 0.418605 0.596899
9782 55 77 0.426357 0.596899
9783 56 77 0.434109 0.596899
9784 57 77 0.44186 0.596899
9785 58 77 0.449612 0.596899
9786 59 77 0.457364 0.596899
9787 60 77 0.465116 0.596899
9788 61 77 0.472868 0.596899
9789 62 77 0.48062 0.596899
9790 63 77 0.488372 0.596899
9791 64 77 0.496124 0.596899
9792 65 77 0.503876 0.596899
9793 66 77 0.511628 0.596899
9794 67 77 0.51938 0.596899
9795 68 77 0.527132 0.596899
9796 69 77 0.534884 0.596899
9797 70 77 0.542636 0.596899
9798 71 77 0.550388 0.596899
9799 72 77 0.55814 0.596899
9800 73 77 0.565891 0.596899
9801 74 77 0.573643 0.596899
9802 75 77 0.581395 0.596899
9803 76 77 0.589147 0.596899
9804 77 77 0.596899 0.596899
9805 78 77 0.604651 0.596899
9806 79 77 0.612403 0.596899
9807 80 77 0.620155 0.596899
9808 81 77 0.627907 0.596899
9809 82 77 0.635659 0.596899
9810 83 77 0.643411 0.596899
9811 84 77 0.651163 0.596899
9812 85 77 0.658915 0.596899
9813 86 77 0.666667 0.596899
9814 87 77 0.674419 0.596899
9815 88 77 0.682171 0.596899
9816 89 77 0.689922 0.596899
9817 90 77 0.697674 0.596899
9818 91 77 0.705426 0.596899
9819 92 77 0.713178 0.596899
9820 93 77 0.72093 0.596899
9821 94 77 0.728682 0.596899
9822 95 77 0.736434 0.596899
9823 96 77 0.744186 0.596899
9824 97 77 0.751938 0.596899
9825 98 77 0.75969 0.596899
9826 99 77 0.767442 0.596899
9827 100 77 0.775194 0.596899
9828 101 77 0.782946 0.596899
9829 102 77 0.790698 0.596899
9830 103 77 0.79845 0.596899
9831 104 77 0.806202 0.596899
9832 105 77 0.813953 0.596899
9833 106 77 0.821705 0.596899
9834 107 77 0.829457 0.596899
9835 108 77 0.837209 0.596899
9836 109 77 0.844961 0.596899
9837 110 77 0.852713 0.596899
9838 111 77 0.860465 0.596899
9839 112 77 0.868217 0.596899
9840 113 77 0.875969 0.596899
9841 114 77 0.883721 0.596899
9842 115 77 0.891473 0.596899
9843 116 77 0.899225 0.596899
9844 117 77 0.906977 0.596899
9845 118 77 0.914729 0.596899
9846 119 77 0.922481 0.596899
9847 120 77 0.930233 0.596899
9848 121 77 0.937984 0.596899
9849 122 77 0.945736 0.596899
9850 123 77 0.953488 0.596899
9851 124 77 0.96124 0.596899
9852 125 77 0.968992 0.596899
9853 126 77 0.976744 0.596899
9854 127 77 0.984496 0.596899
9855 128 77 0.992248 0.596899
9856 1 78 0.00775194 0.604651
9857 2 78 0.0155039 0.604651
9858 3 78 0.0232558 0.604651
9859 4 78 0.0310078 0.604651
9860 5 78 0.0387597 0.604651
9861 6 78 0.0465116 0.604651
9862 7 78 0.0542636 0.604651
9863 8 78 0.0620155 0.604651
9864 9 78 0.0697674 0.604651
9865 10 78 0.0775194 0.604651
9866 11 78 0.0852713 0.604651
9867 12 78 0.0930233 0.604651
9868 13 78 0.100775 0.604651
9869 14 78 0.108527 0.604651
9870 15 78 0.116279 0.604651
9871 16 78 0.124031 0.604651
9872 17 78 0.131783 0.604651
9873 18 78 0.139535 0.604651
9874 19 78 0.147287 0.604651
9875 20 78 0.155039 0.604651
9876 21 78 0.162791 0.604651
9877 22 78 0.170543 0.604651
9878 23 78 0.178295 0.604651
9879 24 78 0.186047 0.604651
9880 25 78 0.193798 0.604651
9881 26 78 0.20155 0.604651
9882 27 78 0.209302 0.604651
9883 28 78 0.217054 0.604651
9884 29 78 0.224806 0.604651
9885 30 78 0.232558 0.604651
9886 31 78 0.24031 0.604651
9887 32 78 0.248062 0.604651
9888 33 78 0.255814 0.604651
9889 34 78 0.263566 0.604651
9890 35 78 0.271318 0.604651
9891 36 78 0.27907 0.604651
9892 37 78 0.286822 0.604651
9893 38 78 0.294574 0.604651
9894 39 78 0.302326 0.604651
9895 40 78 0.310078 0.604651
9896 41 78 0.317829 0.604651
9897 42 78 0.325581 0.604651
9898 43 78 0.333333 0.604651
9899 44 78 0.341085 0.604651
9900 45 78 0.348837 0.604651
9901 46 78 0.356589 0.604651
9902 47 78 0.364341 0.604651
9903 48 78 0.372093 0.604651
9904 49 78 0.379845 0.604651
9905 50 78 0.387597 0.604651
9906 51 78 0.395349 0.604651
9907 52 78 0.403101 0.604651
9908 53 78 0.410853 0.604651
9909 54 78 0.418605 0.604651
9910 55 78 0.426357 0.604651
9911 56 78 0.434109 0.604651
9912 57 78 0.44186 0.604651
9913 58 78 0.449612 0.604651
9914 59 78 0.457364 0.604651
9915 60 78 0.465116 0.604651
9916 61 78 0.472868 0.604651
9917 62 78 0.48062 0.604651
9918 63 78 0.488372 0.604651
9919 64 78 0.496124 0.604651
9920 65 78 0.503876 0.604651
9921 66 78 0.511628 0.604651
9922 67 78 0.51938 0.604651
9923 68 78 0.527132 0.604651
9924 69 78 0.534884 0.604651
9925 70 78 0.542636 0.604651
9926 71 78 0.550388 0.604651
9927 72 78 0.55814 0.604651
9928 73 78 0.565891 0.604651
9929 74 78 0.573643 0.604651
9930 75 78 0.581395 0.604651
9931 76 78 0.589147 0.604651
9932 77 78 0.596899 0.604651
9933 78 78 0.604651 0.604651
9934 79 78 0.612403 0.604651
9935 80 78 0.620155 0.604651
9936 81 78 0.627907 0.604651
9937 82 78 0.635659 0.604651
9938 83 78 0.643411 0.604651
9939 84 78 0.651163 0.604651
9940 85 78 0.658915 0.604651
9941 86 78 0.666667 0.604651
9942 87 78 0.674419 0.604651
9943 88 78 0.682171 0.604651
9944 89 78 0.689922 0.604651
9945 90 78 0.697674 0.604651
9946 91 78 0.705426 0.604651
9947 92 78 0.713178 0.604651
9948 93 78 0.72093 0.604651
9949 94 78 0.728682 0.604651
9950 95 78 0.736434 0.604651
9951 96 78 0.744186 0.604651
9952 97 78 0.751938 0.604651
9953 98 78 0.75969 0.604651
9954 99 78 0.767442 0.604651
9955 100 78 0.775194 0.604651
9956 101 78 0.782946 0.604651
9957 102 78 0.790698 0.604651
9958 103 78 0.79845 0.604651
9959 104 78 0.806202 0.604651
9960 105 78 0.813953 0.604651
9961 106 78 0.821705 0.604651
9962 107 78 0.829457 0.604651
9963 108 78 0.837209 0.604651
9964 109 78 0.844961 0.604651
9965 110 78 0.852713 0.604651
9966 111 78 0.860465 0.604651
9967 112 78 0.868217 0.604651
9968 113 78 0.875969 0.604651
9969 114 78 0.883721 0.604651
9970 115 78 0.891473 0.604651
9971 116 78 0.899225 0.604651
9972 117 78 0.906977 0.604651
9973 118 78 0.914729 0.604651
9974 119 78 0.922481 0.604651
9975 120 78 0.930233 0.604651
9976 121 78 0.937984 0.604651
9977 122 78 0.945736 0.604651
9978 123 78 0.953488 0.604651
9979 124 78 0.96124 0.604651
9980 125 78 0.968992 0.604651
9981 126 78 0.976744 0.604651
9982 127 78 0.984496 0.604651
9983 128 78 0.992248 0.604651
9984 1 79 0.00775194 0.612403
9985 2 79 0.0155039 0.612403
9986 3 79 0.0232558 0.612403
9987 4 79 0.0310078 0.612403
9988 5 79 0.0387597 0.612403
9989 6 79 0.0465116 0.612403
9990 7 79 0.0542636 0.612403
9991 8 79 0.0620155 0.612403
9992 9 79 0.0697674 0.612403
9993 10 79 0.0775194 0.612403
9994 11 79 0.0852713 0.612403
9995 12 79 0.0930233 0.612403
9996 13 79 0.100775 0.612403
9997 14 79 0.108527 0.612403
9998 15 79 0.116279 0.612403
9999 16 79 0.124031 0.612403
10000 17 79 0.131783 0.612403
10001 18 79 0.139535 0.612403
10002 19 79 0.147287 0.612403
10003 20 79 0.155039 0.612403
10004 21 79 0.162791 0.612403
10005 22 79 0.170543 0.612403
10006 23 79 0.178295 0.612403
10007 24 79 0.186047 0.612403
10008 25 79 0.193798 0.612403
10009 26 79 0.20155 0.612403
10010 27 79 0.209302 0.612403
10011 28 79 0.217054 0.612403
10012 29 79 0.224806 0.612403
10013 30 79 0.232558 0.612403
10014 31 79 0.24031 0.612403
10015 32 79 0.248062 0.612403
10016 33 79 0.255814 0.612403
10017 34 79 0.263566 0.612403
10018 35 79 0.271318 0.612403
10019 36 79 0.27907 0.612403
10020 37 79 0.286822 0.612403
10021 38 79 0.294574 0.612403
10022 39 79 0.302326 0.612403
10023 40 79 0.310078 0.612403
10024 41 79 0.317829 0.612403
10025 42 79 0.325581 0.612403
10026 43 79 0.333333 0.612403
10027 44 79 0.341085 0.612403
10028 45 79 0.348837 0.612403
10029 46 79 0.356589 0.612403
10030 47 79 0.364341 0.612403
10031 48 79 0.372093 0.612403
10032 49 79 0.379845 0.612403
10033 50 79 0.387597 0.612403
10034 51 79 0.395349 0.612403
10035 52 79 0.403101 0.612403
10036 53 79 0.410853 0.612403
10037 54 79 0.418605 0.612403
10038 55 79 0.426357 0.612403
10039 56 79 0.434109 0.612403
10040 57 79 0.44186 0.612403
10041 58 79 0.449612 0.612403
10042 59 79 0.457364 0.612403
10043 60 79 0.465116 0.612403
10044 61 79 0.472868 0.612403
10045 62 79 0.48062 0.612403
10046 63 79 0.488372 0.612403
10047 64 79 0.496124 0.612403
10048 65 79 0.503876 0.612403
10049 66 79 0.511628 0.612403
10050 67 79 0.51938 0.612403
10051 68 79 0.527132 0.612403
10052 69 79 0.534884 0.612403
10053 70 79 0.542636 0.612403
10054 71 79 0.550388 0.612403
10055 72 79 0.55814 0.612403
10056 73 79 0.565891 0.612403
10057 74 79 0.573643 0.612403
10058 75 79 0.581395 0.612403
10059 76 79 0.589147 0.612403
10060 77 79 0.596899 0.612403
10061 78 79 0.604651 0.612403
10062 79 79 0.612403 0.612403
10063 80 79 0.620155 0.612403
10064 81 79 0.627907 0.612403
10065 82 79 0.635659 0.612403
10066 83 79 0.643411 0.612403
10067 84 79 0.651163 0.612403
10068 85 79 0.658915 0.612403
10069 86 79 0.666667 0.612403
10070 87 79 0.674419 0.612403
10071 88 79 0.682171 0.612403
10072 89 79 0.689922 0.612403
10073 90 79 0.697674 0.612403
10074 91 79 0.705426 0.612403
10075 92 79 0.713178 0.612403
10076 93 79 0.72093 0.612403
10077 94 79 0.728682 0.612403
10078 95 79 0.736434 0.612403
10079 96 79 0.744186 0.612403
10080 97 79 0.751938 0.612403
10081 98 79 0.75969 0.612403
10082 99 79 0.767442 0.612403
10083 100 79 0.775194 0.612403
10084 101 79 0.782946 0.612403
10085 102 79 0.790698 0.612403
10086 103 79 0.79845 0.612403
10087 104 79 0.806202 0.612403
10088 105 79 0.813953 0.612403
10089 106 79 0.821705 0.612403
10090 107 79 0.829457 0.612403
10091 108 79 0.837209 0.612403
10092 109 79 0.844961 0.612403
10093 110 79 0.852713 0.612403
10094 111 79 0.860465 0.612403
10095 112 79 0.868217 0.612403
10096 113 79 0.875969 0.612403
10097 114 79 0.883721 0.612403
10098 115 79 0.891473 0.612403
10099 116 79 0.899225 0.612403
10100 117 79 0.906977 0.612403
10101 118 79 0.914729 0.612403
10102 119 79 0.922481 0.612403
10103 120 79 0.930233 0.612403
10104 121 79 0.937984 0.612403
10105 122 79 0.945736 0.612403
10106 123 79 0.953488 0.612403
10107 124 79 0.96124 0.612403
10108 125 79 0.968992 0.612403
10109 126 79 0.976744 0.612403
10110 127 79 0.984496 0.612403
10111 128 79 0.992248 0.612403
10112 1 80 0.00775194 0.620155
10113 2 80 0.0155039 0.620155
10114 3 80 0.0232558 0.620155
10115 4 80 0.0310078 0.620155
10116 5 80 0.0387597 0.620155
10117 6 80 0.0465116 0.620155
10118 7 80 0.0542636 0.620155
10119 8 80 0.0620155 0.620155
10120 9 80 0.0697674 0.620155
10121 10 80 0.0775194 0.620155
10122 11 80 0.0852713 0.620155
10123 12 80 0.0930233 0.620155
10124 13 80 0.100775 0.620155
10125 14 80 0.108527 0.620155
10126 15 80 0.116279 0.620155
10127 16 80 0.124031 0.620155
10128 17 80 0.131783 0.620155
10129 18 80 0.139535 0.620155
10130 19 80 0.147287 0.620155
10131 20 80 0.155039 0.620155
10132 21 80 0.162791 0.620155
10133 22 80 0.170543 0.620155
10134 23 80 0.178295 0.620155
10135 24 80 0.186047 0.620155
10136 25 80 0.193798 0.620155
10137 26 80 0.20155 0.620155
10138 27 80 0.209302 0.620155
10139 28 80 0.217054 0.620155
10140 29 80 0.224806 0.620155
10141 30 80 0.232558 0.620155
10142 31 80 0.24031 0.620155
10143 32 80 0.248062 0.620155
10144 33 80 0.255814 0.620155
10145 34 80 0.263566 0.620155
10146 35 80 0.271318 0.620155
10147 36 80 0.27907 0.620155
10148 37 80 0.286822 0.620155
10149 38 80 0.294574 0.620155
10150 39 80 0.302326 0.620155
10151 40 80 0.310078 0.620155
10152 41 80 0.317829 0.620155
10153 42 80 0.325581 0.620155
10154 43 80 0.333333 0.620155
10155 44 80 0.341085 0.620155
10156 45 80 0.348837 0.620155
10157 46 80 0.356589 0.620155
10158 47 80 0.364341 0.620155
10159 48 80 0.372093 0.620155
10160 49 80 0.379845 0.620155
10161 50 80 0.387597 0.620155
10162 51 80 0.395349 0.620155
10163 52 80 0.403101 0.620155
10164 53 80 0.410853 0.620155
10165 54 80 0.418605 0.620155
10166 55 80 0.426357 0.620155
10167 56 80 0.434109 0.620155
10168 57 80 0.44186 0.620155
10169 58 80 0.449612 0.620155
10170 59 80 0.457364 0.620155
10171 60 80 0.465116 0.620155
10172 61 80 0.472868 0.620155
10173 62 80 0.48062 0.620155
10174 63 80 0.488372 0.620155
10175 64 80 0.496124 0.620155
10176 65 80 0.503876 0.620155
10177 66 80 0.511628 0.620155
10178 67 80 0.51938 0.620155
10179 68 80 0.527132 0.620155
10180 69 80 0.534884 0.620155
10181 70 80 0.542636 0.620155
10182 71 80 0.550388 0.620155
10183 72 80 0.55814 0.620155
10184 73 80 0.565891 0.620155
10185 74 80 0.573643 0.620155
10186 75 80 0.581395 0.620155
10187 76 80 0.589147 0.620155
10188 77 80 0.596899 0.620155
10189 78 80 0.604651 0.620155
10190 79 80 0.612403 0.620155
10191 80 80 0.620155 0.620155
10192 81 80 0.627907 0.620155
10193 82 80 0.635659 0.620155
10194 83 80 0.643411 0.620155
10195 84 80 0.651163 0.620155
10196 85 80 0.658915 0.620155
10197 86 80 0.666667 0.620155
10198 87 80 0.674419 0.620155
10199 88 80 0.682171 0.620155
10200 89 80 0.689922 0.620155
10201 90 80 0.697674 0.620155
10202 91 80 0.705426 0.620155
10203 92 80 0.713178 0.620155
10204 93 80 0.72093 0.620155
10205 94 80 0.728682 0.620155
10206 95 80 0.736434 0.620155
10207 96 80 0.744186 0.620155
10208 97 80 0.751938 0.620155
10209 98 80 0.75969 0.620155
10210 99 80 0.767442 0.620155
10211 100 80 0.775194 0.620155
10212 101 80 0.782946 0.620155
10213 102 80 0.790698 0.620155
10214 103 80 0.79845 0.620155
10215 104 80 0.806202 0.620155
10216 105 80 0.813953 0.620155
10217 106 80 0.821705 0.620155
10218 107 80 0.829457 0.620155
10219 108 80 0.837209 0.620155
10220 109 80 0.844961 0.620155
10221 110 80 0.852713 0.620155
10222 111 80 0.860465 0.620155
10223 112 80 0.868217 0.620155
10224 113 80 0.875969 0.620155
10225 114 80 0.883721 0.620155
10226 115 80 0.891473 0.620155
10227 116 80 0.899225 0.620155
10228 117 80 0.906977 0.620155
10229 118 80 0.914729 0.620155
10230 119 80 0.922481 0.620155
10231 120 80 0.930233 0.620155
10232 121 80 0.937984 0.620155
10233 122 80 0.945736 0.620155
10234 123 80 0.953488 0.620155
10235 124 80 0.96124 0.620155
10236 125 80 0.968992 0.620155
10237 126 80 0.976744 0.620155
10238 127 80 0.984496 0.620155
10239 128 80 0.992248 0.620155
10240 1 81 0.00775194 0.627907
10241 2 81 0.0155039 0.627907
10242 3 81 0.0232558 0.627907
10243 4 81 0.0310078 0.627907
10244 5 81 0.0387597 0.627907
10245 6 81 0.0465116 0.627907
10246 7 81 0.0542636 0.627907
10247 8 81 0.0620155 0.627907
10248 9 81 0.0697674 0.627907
10249 10 81 0.0775194 0.627907
10250 11 81 0.0852713 0.627907
10251 12 81 0.0930233 0.627907
10252 13 81 0.100775 0.627907
10253 14 81 0.108527 0.627907
10254 15 81 0.116279 0.627907
10255 16 81 0.124031 0.627907
10256 17 81 0.131783 0.627907
10257 18 81 0.139535 0.627907
10258 19 81 0.147287 0.627907
10259 20 81 0.155039 0.627907
10260 21 81 0.162791 0.627907
10261 22 81 0.170543 0.627907
10262 23 81 0.178295 0.627907
10263 24 81 0.186047 0.627907
10264 25 81 0.193798 0.627907
10265 26 81 0.20155 0.627907
10266 27 81 0.209302 0.627907
10267 28 81 0.217054 0.627907
10268 29 81 0.224806 0.627907
10269 30 81 0.232558 0.627907
10270 31 81 0.24031 0.627907
10271 32 81 0.248062 0.627907
10272 33 81 0.255814 0.627907
10273 34 81 0.263566 0.627907
10274 35 81 0.271318 0.627907
10275 36 81 0.27907 0.627907
10276 37 81 0.286822 0.627907
10277 38 81 0.294574 0.627907
10278 39 81 0.302326 0.627907
10279 40 81 0.310078 0.627907
10280 41 81 0.317829 0.627907
10281 42 81 0.325581 0.627907
10282 43 81 0.333333 0.627907
10283 44 81 0.341085 0.627907
10284 45 81 0.348837 0.627907
10285 46 81 0.356589 0.627907
10286 47 81 0.364341 0.627907
10287 48 81 0.372093 0.627907
10288 49 81 0.379845 0.627907
10289 50 81 0.387597 0.627907
10290 51 81 0.395349 0.627907
10291 52 81 0.403101 0.627907
10292 53 81 0.410853 0.627907
10293 54 81 0.418605 0.627907
10294 55 81 0.426357 0.627907
10295 56 81 0.434109 0.627907
10296 57 81 0.44186 0.627907
10297 58 81 0.449612 0.627907
10298 59 81 0.457364 0.627907
10299 60 81 0.465116 0.627907
10300 61 81 0.472868 0.627907
10301 62 81 0.48062 0.627907
10302 63 81 0.488372 0.627907
10303 64 81 0.496124 0.627907
10304 65 81 0.503876 0.627907
10305 66 81 0.511628 0.627907
10306 67 81 0.51938 0.627907
10307 68 81 0.527132 0.627907
10308 69 81 0.534884 0.627907
10309 70 81 0.542636 0.627907
10310 71 81 0.550388 0.627907
10311 72 81 0.55814 0.627907
10312 73 81 0.565891 0.627907
10313 74 81 0.573643 0.627907
10314 75 81 0.581395 0.627907
10315 76 81 0.589147 0.627907
10316 77 81 0.596899 0.627907
10317 78 81 0.604651 0.627907
10318 79 81 0.612403 0.627907
10319 80 81 0.620155 0.627907
10320 81 81 0.627907 0.627907
10321 82 81 0.635659 0.627907
10322 83 81 0.643411 0.627907
10323 84 81 0.651163 0.627907
10324 85 81 0.658915 0.627907
10325 86 81 0.666667 0.627907
10326 87 81 0.674419 0.627907
10327 88 81 0.682171 0.627907
10328 89 81 0.689922 0.627907
10329 90 81 0.697674 0.627907
10330 91 81 0.705426 0.627907
10331 92 81 0.713178 0.627907
10332 93 81 0.72093 0.627907
10333 94 81 0.728682 0.627907
10334 95 81 0.736434 0.627907
10335 96 81 0.744186 0.627907
10336 97 81 0.751938 0.627907
10337 98 81 0.75969 0.627907
10338 99 81 0.767442 0.627907
10339 100 81 0.775194 0.627907
10340 101 81 0.782946 0.627907
10341 102 81 0.790698 0.627907
10342 103 81 0.79845 0.627907
10343 104 81 0.806202 0.627907
10344 105 81 0.813953 0.627907
10345 106 81 0.821705 0.627907
10346 107 81 0.829457 0.627907
10347 108 81 0.837209 0.627907
10348 109 81 0.844961 0.627907
10349 110 81 0.852713 0.627907
10350 111 81 0.860465 0.627907
10351 112 81 0.868217 0.627907
10352 113 81 0.875969 0.627907
10353 114 81 0.883721 0.627907
10354 115 81 0.891473 0.627907
10355 116 81 0.899225 0.627907
10356 117 81 0.906977 0.627907
10357 118 81 0.914729 0.627907
10358 119 81 0.922481 0.627907
10359 120 81 0.930233 0.627907
10360 121 81 0.937984 0.627907
10361 122 81 0.945736 0.627907
10362 123 81 0.953488 0.627907
10363 124 81 0.96124 0.627907
10364 125 81 0.968992 0.627907
10365 126 81 0.976744 0.627907
10366 127 81 0.984496 0.627907
10367 128 81 0.992248 0.627907
10368 1 82 0.00775194 0.635659
10369 2 82 0.0155039 0.635659
10370 3 82 0.0232558 0.635659
10371 4 82 0.0310078 0.635659
10372 5 82 0.0387597 0.635659
10373 6 82 0.0465116 0.635659
10374 7 82 0.0542636 0.635659
10375 8 82 0.0620155 0.635659
10376 9 82 0.0697674 0.635659
10377 10 82 0.0775194 0.635659
10378 11 82 0.0852713 0.635659
10379 12 82 0.0930233 0.635659
10380 13 82 0.100775 0.635659
10381 14 82 0.108527 0.635659
10382 15 82 0.116279 0.635659
10383 16 82 0.124031 0.635659
10384 17 82 0.131783 0.635659
10385 18 82 0.139535 0.635659
10386 19 82 0.147287 0.635659
10387 20 82 0.155039 0.635659
10388 21 82 0.162791 0.635659
10389 22 82 0.170543 0.635659
10390 23 82 0.178295 0.635659
10391 24 82 0.186047 0.635659
10392 25 82 0.193798 0.635659
10393 26 82 0.20155 0.635659
10394 27 82 0.209302 0.635659
10395 28 82 0.217054 0.635659
10396 29 82 0.224806 0.635659
10397 30 82 0.232558 0.635659
10398 31 82 0.24031 0.635659
10399 32 82 0.248062 0.635659
10400 33 82 0.255814 0.635659
10401 34 82 0.263566 0.635659
10402 35 82 0.271318 0.635659
10403 36 82 0.27907 0.635659
10404 37 82 0.286822 0.635659
10405 38 82 0.294574 0.635659
10406 39 82 0.302326 0.635659
10407 40 82 0.310078 0.635659
10408 41 82 0.317829 0.635659
10409 42 82 0.325581 0.635659
10410 43 82 0.333333 0.635659
10411 44 82 0.341085 0.635659
10412 45 82 0.348837 0.635659
10413 46 82 0.356589 0.635659
10414 47 82 0.364341 0.635659
10415 48 82 0.372093 0.635659
10416 49 82 0.379845 0.635659
10417 50 82 0.387597 0.635659
10418 51 82 0.395349 0.635659
10419 52 82 0.403101 0.635659
10420 53 82 0.410853 0.635659
10421 54 82 0.418605 0.635659
10422 55 82 0.426357 0.635659
10423 56 82 0.434109 0.635659
10424 57 82 0.44186 0.635659
10425 58 82 0.449612 0.635659
10426 59 82 0.457364 0.635659
10427 60 82 0.465116 0.635659
10428 61 82 0.472868 0.635659
10429 62 82 0.48062 0.635659
10430 63 82 0.488372 0.635659
10431 64 82 0.496124 0.635659
10432 65 82 0.503876 0.635659
10433 66 82 0.511628 0.635659
10434 67 82 0.51938 0.635659
10435 68 82 0.527132 0.635659
10436 69 82 0.534884 0.635659
10437 70 82 0.542636 0.635659
10438 71 82 0.550388 0.635659
10439 72 82 0.55814 0.635659
10440 73 82 0.565891 0.635659
10441 74 82 0.573643 0.635659
10442 75 82 0.581395 0.635659
10443 76 82 0.589147 0.635659
10444 77 82 0.596899 0.635659
10445 78 82 0.604651 0.635659
10446 79 82 0.612403 0.635659
10447 80 82 0.620155 0.635659
10448 81 82 0.627907 0.635659
10449 82 82 0.635659 0.635659
10450 83 82 0.643411 0.635659
10451 84 82 0.651163 0.635659
10452 85 82 0.658915 0.635659
10453 86 82 0.666667 0.635659
10454 87 82 0.674419 0.635659
10455 88 82 0.682171 0.635659
10456 89 82 0.689922 0.635659
10457 90 82 0.697674 0.635659
10458 91 82 0.705426 0.635659
10459 92 82 0.713178 0.635659
10460 93 82 0.72093 0.635659
10461 94 82 0.728682 0.635659
10462 95 82 0.736434 0.635659
10463 96 82 0.744186 0.635659
10464 97 82 0.751938 0.635659
10465 98 82 0.75969 0.635659
10466 99 82 0.767442 0.635659
10467 100 82 0.775194 0.635659
10468 101 82 0.782946 0.635659
10469 102 82 0.790698 0.635659
10470 103 82 0.79845 0.635659
10471 104 82 0.806202 0.635659
10472 105 82 0.813953 0.635659
10473 106 82 0.821705 0.635659
10474 107 82 0.829457 0.635659
10475 108 82 0.837209 0.635659
10476 109 82 0.844961 0.635659
10477 110 82 0.852713 0.635659
10478 111 82 0.860465 0.635659
10479 112 82 0.868217 0.635659
10480 113 82 0.875969 0.635659
10481 114 82 0.883721 0.635659
10482 115 82 0.891473 0.635659
10483 116 82 0.899225 0.635659
10484 117 82 0.906977 0.635659
10485 118 82 0.914729 0.635659
10486 119 82 0.922481 0.635659
10487 120 82 0.930233 0.635659
10488 121 82 0.937984 0.635659
10489 122 82 0.945736 0.635659
10490 123 82 0.953488 0.635659
10491 124 82 0.96124 0.635659
10492 125 82 0.968992 0.635659
10493 126 82 0.976744 0.635659
10494 127 82 0.984496 0.635659
10495 128 82 0.992248 0.635659
10496 1 83 0.00775194 0.643411
10497 2 83 0.0155039 0.643411
10498 3 83 0.0232558 0.643411
10499 4 83 0.0310078 0.643411
10500 5 83 0.0387597 0.643411
10501 6 83 0.0465116 0.643411
10502 7 83 0.0542636 0.643411
10503 8 83 0.0620155 0.643411
10504 9 83 0.0697674 0.643411
10505 10 83 0.0775194 0.643411
10506 11 83 0.0852713 0.643411
10507 12 83 0.0930233 0.643411
10508 13 83 0.100775 0.643411
10509 14 83 0.108527 0.643411
10510 15 83 0.116279 0.643411
10511 16 83 0.124031 0.643411
10512 17 83 0.131783 0.643411
10513 18 83 0.139535 0.643411
10514 19 83 0.147287 0.643411
10515 20 83 0.155039 0.643411
10516 21 83 0.162791 0.643411
10517 22 83 0.170543 0.643411
10518 23 83 0.178295 0.643411
10519 24 83 0.186047 0.643411
10520 25 83 0.193798 0.643411
10521 26 83 0.20155 0.643411
10522 27 83 0.209302 0.643411
10523 28 83 0.217054 0.643411
10524 29 83 0.224806 0.643411
10525 30 83 0.232558 0.643411
10526 31 83 0.24031 0.643411
10527 32 83 0.248062 0.643411
10528 33 83 0.255814 0.643411
10529 34 83 0.263566 0.643411
10530 35 83 0.271318 0.643411
10531 36 83 0.27907 0.643411
10532 37 83 0.286822 0.643411
10533 38 83 0.294574 0.643411
10534 39 83 0.302326 0.643411
10535 40 83 0.310078 0.643411
10536 41 83 0.317829 0.643411
10537 42 83 0.325581 0.643411
10538 43 83 0.333333 0.643411
10539 44 83 0.341085 0.643411
10540 45 83 0.348837 0.643411
10541 46 83 0.356589 0.643411
10542 47 83 0.364341 0.643411
10543 48 83 0.372093 0.643411
10544 49 83 0.379845 0.643411
10545 50 83 0.387597 0.643411
10546 51 83 0.395349 0.643411
10547 52 83 0.403101 0.643411
10548 53 83 0.410853 0.643411
10549 54 83 0.418605 0.643411
10550 55 83 0.426357 0.643411
10551 56 83 0.434109 0.643411
10552 57 83 0.44186 0.643411
10553 58 83 0.449612 0.643411
10554 59 83 0.457364 0.643411
10555 60 83 0.465116 0.643411
10556 61 83 0.472868 0.643411
10557 62 83 0.48062 0.643411
10558 63 83 0.488372 0.643411
10559 64 83 0.496124 0.643411
10560 65 83 0.503876 0.643411
10561 66 83 0.511628 0.643411
10562 67 83 0.51938 0.643411
10563 68 83 0.527132 0.643411
10564 69 83 0.534884 0.643411
10565 70 83 0.542636 0.643411
10566 71 83 0.550388 0.643411
10567 72 83 0.55814 0.643411
10568 73 83 0.565891 0.643411
10569 74 83 0.573643 0.643411
10570 75 83 0.581395 0.643411
10571 76 83 0.589147 0.643411
10572 77 83 0.596899 0.643411
10573 78 83 0.604651 0.643411
10574 79 83 0.612403 0.643411
10575 80 83 0.620155 0.643411
10576 81 83 0.627907 0.643411
10577 82 83 0.635659 0.643411
10578 83 83 0.643411 0.643411
10579 84 83 0.651163 0.643411
10580 85 83 0.658915 0.643411
10581 86 83 0.666667 0.643411
10582 87 83 0.674419 0.643411
10583 88 83 0.682171 0.643411
10584 89 83 0.689922 0.643411
10585 90 83 0.697674 0.643411
10586 91 83 0.705426 0.643411
10587 92 83 0.713178 0.643411
10588 93 83 0.72093 0.643411
10589 94 83 0.728682 0.643411
10590 95 83 0.736434 0.643411
10591 96 83 0.744186 0.643411
10592 97 83 0.751938 0.643411
10593 98 83 0.75969 0.643411
10594 99 83 0.767442 0.643411
10595 100 83 0.775194 0.643411
10596 101 83 0.782946 0.643411
10597 102 83 0.790698 0.643411
10598 103 83 0.79845 0.643411
10599 104 83 0.806202 0.643411
10600 105 83 0.813953 0.643411
10601 106 83 0.821705 0.643411
10602 107 83 0.829457 0.643411
10603 108 83 0.837209 0.643411
10604 109 83 0.844961 0.643411
10605 110 83 0.852713 0.643411
10606 111 83 0.860465 0.643411
10607 112 83 0.868217 0.643411
10608 113 83 0.875969 0.643411
10609 114 83 0.883721 0.643411
10610 115 83 0.891473 0.643411
10611 116 83 0.899225 0.643411
10612 117 83 0.906977 0.643411
10613 118 83 0.914729 0.643411
10614 119 83 0.922481 0.643411
10615 120 83 0.930233 0.643411
10616 121 83 0.937984 0.643411
10617 122 83 0.945736 0.643411
10618 123 83 0.953488 0.643411
10619 124 83 0.96124 0.643411
10620 125 83 0.968992 0.643411
10621 126 83 0.976744 0.643411
10622 127 83 0.984496 0.643411
10623 128 83 0.992248 0.643411
10624 1 84 0.00775194 0.651163
10625 2 84 0.0155039 0.651163
10626 3 84 0.0232558 0.651163
10627 4 84 0.0310078 0.651163
10628 5 84 0.0387597 0.651163
10629 6 84 0.0465116 0.651163
10630 7 84 0.0542636 0.651163
10631 8 84 0.0620155 0.651163
10632 9 84 0.0697674 0.651163
10633 10 84 0.0775194 0.651163
10634 11 84 0.0852713 0.651163
10635 12 84 0.0930233 0.651163
10636 13 84 0.100775 0.651163
10637 14 84 0.108527 0.651163
10638 15 84 0.116279 0.651163
10639 16 84 0.124031 0.651163
10640 17 84 0.131783 0.651163
10641 18 84 0.139535 0.651163
10642 19 84 0.147287 0.651163
10643 20 84 0.155039 0.651163
10644 21 84 0.162791 0.651163
10645 22 84 0.170543 0.651163
10646 23 84 0.178295 0.651163
10647 24 84 0.186047 0.651163
10648 25 84 0.193798 0.651163
10649 26 84 0.20155 0.651163
10650 27 84 0.209302 0.651163
10651 28 84 0.217054 0.651163
10652 29 84 0.224806 0.651163
10653 30 84 0.232558 0.651163
10654 31 84 0.24031 0.651163
10655 32 84 0.248062 0.651163
10656 33 84 0.255814 0.651163
10657 34 84 0.263566 0.651163
10658 35 84 0.271318 0.651163
10659 36 84 0.27907 0.651163
10660 37 84 0.286822 0.651163
10661 38 84 0.294574 0.651163
10662 39 84 0.302326 0.651163
10663 40 84 0.310078 0.651163
10664 41 84 0.317829 0.651163
10665 42 84 0.325581 0.651163
10666 43 84 0.333333 0.651163
10667 44 84 0.341085 0.651163
10668 45 84 0.348837 0.651163
10669 46 84 0.356589 0.651163
10670 47 84 0.364341 0.651163
10671 48 84 0.372093 0.651163
10672 49 84 0.379845 0.651163
10673 50 84 0.387597 0.651163
10674 51 84 0.395349 0.651163
10675 52 84 0.403101 0.651163
10676 53 84 0.410853 0.651163
10677 54 84 0.418605 0.651163
10678 55 84 0.426357 0.651163
10679 56 84 0.434109 0.651163
10680 57 84 0.44186 0.651163
10681 58 84 0.449612 0.651163
10682 59 84 0.457364 0.651163
10683 60 84 0.465116 0.651163
10684 61 84 0.472868 0.651163
10685 62 84 0.48062 0.651163
10686 63 84 0.488372 0.651163
10687 64 84 0.496124 0.651163
10688 65 84 0.503876 0.651163
10689 66 84 0.511628 0.651163
10690 67 84 0.51938 0.651163
10691 68 84 0.527132 0.651163
10692 69 84 0.534884 0.651163
10693 70 84 0.542636 0.651163
10694 71 84 0.550388 0.651163
10695 72 84 0.55814 0.651163
10696 73 84 0.565891 0.651163
10697 74 84 0.573643 0.651163
10698 75 84 0.581395 0.651163
10699 76 84 0.589147 0.651163
10700 77 84 0.596899 0.651163
10701 78 84 0.604651 0.651163
10702 79 84 0.612403 0.651163
10703 80 84 0.620155 0.651163
10704 81 84 0.627907 0.651163
10705 82 84 0.635659 0.651163
10706 83 84 0.643411 0.651163
10707 84 84 0.651163 0.651163
10708 85 84 0.658915 0.651163
10709 86 84 0.666667 0.651163
10710 87 84 0.674419 0.651163
10711 88 84 0.682171 0.651163
10712 89 84 0.689922 0.651163
10713 90 84 0.697674 0.651163
10714 91 84 0.705426 0.651163
10715 92 84 0.713178 0.651163
10716 93 84 0.72093 0.651163
10717 94 84 0.728682 0.651163
10718 95 84 0.736434 0.651163
10719 96 84 0.744186 0.651163
10720 97 84 0.751938 0.651163
10721 98 84 0.75969 0.651163
10722 99 84 0.767442 0.651163
10723 100 84 0.775194 0.651163
10724 101 84 0.782946 0.651163
10725 102 84 0.790698 0.651163
10726 103 84 0.79845 0.651163
10727 104 84 0.806202 0.651163
10728 105 84 0.813953 0.651163
10729 106 84 0.821705 0.651163
10730 107 84 0.829457 0.651163
10731 108 84 0.837209 0.651163
10732 109 84 0.844961 0.651163
10733 110 84 0.852713 0.651163
10734 111 84 0.860465 0.651163
10735 112 84 0.868217 0.651163
10736 113 84 0.875969 0.651163
10737 114 84 0.883721 0.651163
10738 115 84 0.891473 0.651163
10739 116 84 0.899225 0.651163
10740 117 84 0.906977 0.651163
10741 118 84 0.914729 0.651163
10742 119 84 0.922481 0.651163
10743 120 84 0.930233 0.651163
10744 121 84 0.937984 0.651163
10745 122 84 0.945736 0.651163
10746 123 84 0.953488 0.651163
10747 124 84 0.96124 0.651163
10748 125 84 0.968992 0.651163
10749 126 84 0.976744 0.651163
10750 127 84 0.984496 0.651163
10751 128 84 0.992248 0.651163
10752 1 85 0.00775194 0.658915
10753 2 85 0.0155039 0.658915
10754 3 85 0.0232558 0.658915
10755 4 85 0.0310078 0.658915
10756 5 85 0.0387597 0.658915
10757 6 85 0.0465116 0.658915
10758 7 85 0.0542636 0.658915
10759 8 85 0.0620155 0.658915
10760 9 85 0.0697674 0.658915
10761 10 85 0.0775194 0.658915
10762 11 85 0.0852713 0.658915
10763 12 85 0.0930233 0.658915
10764 13 85 0.100775 0.658915
10765 14 85 0.108527 0.658915
10766 15 85 0.116279 0.658915
10767 16 85 0.124031 0.658915
10768 17 85 0.131783 0.658915
10769 18 85 0.139535 0.658915
10770 19 85 0.147287 0.658915
10771 20 85 0.155039 0.658915
10772 21 85 0.162791 0.658915
10773 22 85 0.170543 0.658915
10774 23 85 0.178295 0.658915
10775 24 85 0.186047 0.658915
10776 25 85 0.193798 0.658915
10777 26 85 0.20155 0.658915
10778 27 85 0.209302 0.658915
10779 28 85 0.217054 0.658915
10780 29 85 0.224806 0.658915
10781 30 85 0.232558 0.658915
10782 31 85 0.24031 0.658915
10783 32 85 0.248062 0.658915
10784 33 85 0.255814 0.658915
10785 34 85 0.263566 0.658915
10786 35 85 0.271318 0.658915
10787 36 85 0.27907 0.658915
10788 37 85 0.286822 0.658915
10789 38 85 0.294574 0.658915
10790 39 85 0.302326 0.658915
10791 40 85 0.310078 0.658915
10792 41 85 0.317829 0.658915
10793 42 85 0.325581 0.658915
10794 43 85 0.333333 0.658915
10795 44 85 0.341085 0.658915
10796 45 85 0.348837 0.658915
10797 46 85 0.356589 0.658915
10798 47 85 0.364341 0.658915
10799 48 85 0.372093 0.658915
10800 49 85 0.379845 0.658915
10801 50 85 0.387597 0.658915
10802 51 85 0.395349 0.658915
10803 52 85 0.403101 0.658915
10804 53 85 0.410853 0.658915
10805 54 85 0.418605 0.658915
10806 55 85 0.426357 0.658915
10807 56 85 0.434109 0.658915
10808 57 85 0.44186 0.658915
10809 58 85 0.449612 0.658915
10810 59 85 0.457364 0.658915
10811 60 85 0.465116 0.658915
10812 61 85 0.472868 0.658915
10813 62 85 0.48062 0.658915
10814 63 85 0.488372 0.658915
10815 64 85 0.496124 0.658915
10816 65 85 0.503876 0.658915
10817 66 85 0.511628 0.658915
10818 67 85 0.51938 0.658915
10819 68 85 0.527132 0.658915
10820 69 85 0.534884 0.658915
10821 70 85 0.542636 0.658915
10822 71 85 0.550388 0.658915
10823 72 85 0.55814 0.658915
10824 73 85 0.565891 0.658915
10825 74 85 0.573643 0.658915
10826 75 85 0.581395 0.658915
10827 76 85 0.589147 0.658915
10828 77 85 0.596899 0.658915
10829 78 85 0.604651 0.658915
10830 79 85 0.612403 0.658915
10831 80 85 0.620155 0.658915
10832 81 85 0.627907 0.658915
10833 82 85 0.635659 0.658915
10834 83 85 0.643411 0.658915
10835 84 85 0.651163 0.658915
10836 85 85 0.658915 0.658915
10837 86 85 0.666667 0.658915
10838 87 85 0.674419 0.658915
10839 88 85 0.682171 0.658915
10840 89 85 0.689922 0.658915
10841 90 85 0.697674 0.658915
10842 91 85 0.705426 0.658915
10843 92 85 0.713178 0.658915
10844 93 85 0.72093 0.658915
10845 94 85 0.728682 0.658915
10846 95 85 0.736434 0.658915
10847 96 85 0.744186 0.658915
10848 97 85 0.751938 0.658915
10849 98 85 0.75969 0.658915
10850 99 85 0.767442 0.658915
10851 100 85 0.775194 0.658915
10852 101 85 0.782946 0.658915
10853 102 85 0.790698 0.658915
10854 103 85 0.79845 0.658915
10855 104 85 0.806202 0.658915
10856 105 85 0.813953 0.658915
10857 106 85 0.821705 0.658915
10858 107 85 0.829457 0.658915
10859 108 85 0.837209 0.658915
10860 109 85 0.844961 0.658915
10861 110 85 0.852713 0.658915
10862 111 85 0.860465 0.658915
10863 112 85 0.868217 0.658915
10864 113 85 0.875969 0.658915
10865 114 85 0.883721 0.658915
10866 115 85 0.891473 0.658915
10867 116 85 0.899225 0.658915
10868 117 85 0.906977 0.658915
10869 118 85 0.914729 0.658915
10870 119 85 0.922481 0.658915
10871 120 85 0.930233 0.658915
10872 121 85 0.937984 0.658915
10873 122 85 0.945736 0.658915
10874 123 85 0.953488 0.658915
10875 124 85 0.96124 0.658915
10876 125 85 0.968992 0.658915
10877 126 85 0.976744 0.658915
10878 127 85 0.984496 0.658915
10879 128 85 0.992248 0.658915
10880 1 86 0.00775194 0.666667
10881 2 86 0.0155039 0.666667
10882 3 86 0.0232558 0.666667
10883 4 86 0.0310078 0.666667
10884 5 86 0.0387597 0.666667
10885 6 86 0.0465116 0.666667
10886 7 86 0.0542636 0.666667
10887 8 86 0.0620155 0.666667
10888 9 86 0.0697674 0.666667
10889 10 86 0.0775194 0.666667
10890 11 86 0.0852713 0.666667
10891 12 86 0.0930233 0.666667
10892 13 86 0.100775 0.666667
10893 14 86 0.108527 0.666667
10894 15 86 0.116279 0.666667
10895 16 86 0.124031 0.666667
10896 17 86 0.131783 0.666667
10897 18 86 0.139535 0.666667
10898 19 86 0.147287 0.666667
10899 20 86 0.155039 0.666667
10900 21 86 0.162791 0.666667
10901 22 86 0.170543 0.666667
10902 23 86 0.178295 0.666667
10903 24 86 0.186047 0.666667
10904 25 86 0.193798 0.666667
10905 26 86 0.20155 0.666667
10906 27 86 0.209302 0.666667
10907 28 86 0.217054 0.666667
10908 29 86 0.224806 0.666667
10909 30 86 0.232558 0.666667
10910 31 86 0.24031 0.666667
10911 32 86 0.248062 0.666667
10912 33 86 0.255814 0.666667
10913 34 86 0.263566 0.666667
10914 35 86 0.271318 0.666667
10915 36 86 0.27907 0.666667
10916 37 86 0.286822 0.666667
10917 38 86 0.294574 0.666667
10918 39 86 0.302326 0.666667
10919 40 86 0.310078 0.666667
10920 41 86 0.317829 0.666667
10921 42 86 0.325581 0.666667
10922 43 86 0.333333 0.666667
10923 44 86 0.341085 0.666667
10924 45 86 0.348837 0.666667
10925 46 86 0.356589 0.666667
10926 47 86 0.364341 0.666667
10927 48 86 0.372093 0.666667
10928 49 86 0.379845 0.666667
10929 50 86 0.387597 0.666667
10930 51 86 0.395349 0.666667
10931 52 86 0.403101 0.666667
10932 53 86 0.410853 0.666667
10933 54 86 0.418605 0.666667
10934 55 86 0.426357 0.666667
10935 56 86 0.434109 0.666667
10936 57 86 0.44186 0.666667
10937 58 86 0.449612 0.666667
10938 59 86 0.457364 0.666667
10939 60 86 0.465116 0.666667
10940 61 86 0.472868 0.666667
10941 62 86 0.48062 0.666667
10942 63 86 0.488372 0.666667
10943 64 86 0.496124 0.666667
10944 65 86 0.503876 0.666667
10945 66 86 0.511628 0.666667
10946 67 86 0.51938 0.666667
10947 68 86 0.527132 0.666667
10948 69 86 0.534884 0.666667
10949 70 86 0.542636 0.666667
10950 71 86 0.550388 0.666667
10951 72 86 0.55814 0.666667
10952 73 86 0.565891 0.666667
10953 74 86 0.573643 0.666667
10954 75 86 0.581395 0.666667
10955 76 86 0.589147 0.666667
10956 77 86 0.596899 0.666667
10957 78 86 0.604651 0.666667
10958 79 86 0.612403 0.666667
10959 80 86 0.620155 0.666667
10960 81 86 0.627907 0.666667
10961 82 86 0.635659 0.666667
10962 83 86 0.643411 0.666667
10963 84 86 0.651163 0.666667
10964 85 86 0.658915 0.666667
10965 86 86 0.666667 0.666667
10966 87 86 0.674419 0.666667
10967 88 86 0.682171 0.666667
10968 89 86 0.689922 0.666667
10969 90 86 0.697674 0.666667
10970 91 86 0.705426 0.666667
10971 92 86 0.713178 0.666667
10972 93 86 0.72093 0.666667
10973 94 86 0.728682 0.666667
10974 95 86 0.736434 0.666667
10975 96 86 0.744186 0.666667
10976 97 86 0.751938 0.666667
10977 98 86 0.75969 0.666667
10978 99 86 0.767442 0.666667
10979 100 86 0.775194 0.666667
10980 101 86 0.782946 0.666667
10981 102 86 0.790698 0.666667
10982 103 86 0.79845 0.666667
10983 104 86 0.806202 0.666667
10984 105 86 0.813953 0.666667
10985 106 86 0.821705 0.666667
10986 107 86 0.829457 0.666667
10987 108 86 0.837209 0.666667
10988 109 86 0.844961 0.666667
10989 110 86 0.852713 0.666667
10990 111 86 0.860465 0.666667
10991 112 86 0.868217 0.666667
10992 113 86 0.875969 0.666667
10993 114 86 0.883721 0.666667
10994 115 86 0.891473 0.666667
10995 116 86 0.899225 0.666667
10996 117 86 0.906977 0.666667
10997 118 86 0.914729 0.666667
10998 119 86 0.922481 0.666667
10999 120 86 0.930233 0.666667
11000 121 86 0.937984 0.666667
11001 122 86 0.945736 0.666667
11002 123 86 0.953488 0.666667
11003 124 86 0.96124 0.666667
11004 125 86 0.968992 0.666667
11005 126 86 0.976744 0.666667
11006 127 86 0.984496 0.666667
11007 128 86 0.992248 0.666667
11008 1 87 0.00775194 0.674419
11009 2 87 0.0155039 0.674419
11010 3 87 0.0232558 0.674419
11011 4 87 0.0310078 0.674419
11012 5 87 0.0387597 0.674419
11013 6 87 0.0465116 0.674419
11014 7 87 0.0542636 0.674419
11015 8 87 0.0620155 0.674419
11016 9 87 0.0697674 0.674419
11017 10 87 0.0775194 0.674419
11018 11 87 0.0852713 0.674419
11019 12 87 0.0930233 0.674419
11020 13 87 0.100775 0.674419
11021 14 87 0.108527 0.674419
11022 15 87 0.116279 0.674419
11023 16 87 0.124031 0.674419
11024 17 87 0.131783 0.674419
11025 18 87 0.139535 0.674419
11026 19 87 0.147287 0.674419
11027 20 87 0.155039 0.674419
11028 21 87 0.162791 0.674419
11029 22 87 0.170543 0.674419
11030 23 87 0.178295 0.674419
11031 24 87 0.186047 0.674419
11032 25 87 0.193798 0.674419
11033 26 87 0.20155 0.674419
11034 27 87 0.209302 0.674419
11035 28 87 0.217054 0.674419
11036 29 87 0.224806 0.674419
11037 30 87 0.232558 0.674419
11038 31 87 0.24031 0.674419
11039 32 87 0.248062 0.674419
11040 33 87 0.255814 0.674419
11041 34 87 0.263566 0.674419
11042 35 87 0.271318 0.674419
11043 36 87 0.27907 0.674419
11044 37 87 0.286822 0.674419
11045 38 87 0.294574 0.674419
11046 39 87 0.302326 0.674419
11047 40 87 0.310078 0.674419
11048 41 87 0.317829 0.674419
11049 42 87 0.325581 0.674419
11050 43 87 0.333333 0.674419
11051 44 87 0.341085 0.674419
11052 45 87 0.348837 0.674419
11053 46 87 0.356589 0.674419
11054 47 87 0.364341 0.674419
11055 48 87 0.372093 0.674419
11056 49 87 0.379845 0.674419
11057 50 87 0.387597 0.674419
11058 51 87 0.395349 0.674419
11059 52 87 0.403101 0.674419
11060 53 87 0.410853 0.674419
11061 54 87 0.418605 0.674419
11062 55 87 0.426357 0.674419
11063 56 87 0.434109 0.674419
11064 57 87 0.44186 0.674419
11065 58 87 0.449612 0.674419
11066 59 87 0.457364 0.674419
11067 60 87 0.465116 0.674419
11068 61 87 0.472868 0.674419
11069 62 87 0.48062 0.674419
11070 63 87 0.488372 0.674419
11071 64 87 0.496124 0.674419
11072 65 87 0.503876 0.674419
11073 66 87 0.511628 0.674419
11074 67 87 0.51938 0.674419
11075 68 87 0.527132 0.674419
11076 69 87 0.534884 0.674419
11077 70 87 0.542636 0.674419
11078 71 87 0.550388 0.674419
11079 72 87 0.55814 0.674419
11080 73 87 0.565891 0.674419
11081 74 87 0.573643 0.674419
11082 75 87 0.581395 0.674419
11083 76 87 0.589147 0.674419
11084 77 87 0.596899 0.674419
11085 78 87 0.604651 0.674419
11086 79 87 0.612403 0.674419
11087 80 87 0.620155 0.674419
11088 81 87 0.627907 0.674419
11089 82 87 0.635659 0.674419
11090 83 87 0.643411 0.674419
11091 84 87 0.651163 0.674419
11092 85 87 0.658915 0.674419
11093 86 87 0.666667 0.674419
11094 87 87 0.674419 0.674419
11095 88 87 0.682171 0.674419
11096 89 87 0.689922 0.674419
11097 90 87 0.697674 0.674419
11098 91 87 0.705426 0.674419
11099 92 87 0.713178 0.674419
11100 93 87 0.72093 0.674419
11101 94 87 0.728682 0.674419
11102 95 87 0.736434 0.674419
11103 96 87 0.744186 0.674419
11104 97 87 0.751938 0.674419
11105 98 87 0.75969 0.674419
11106 99 87 0.767442 0.674419
11107 100 87 0.775194 0.674419
11108 101 87 0.782946 0.674419
11109 102 87 0.790698 0.674419
11110 103 87 0.79845 0.674419
11111 104 87 0.806202 0.674419
11112 105 87 0.813953 0.674419
11113 106 87 0.821705 0.674419
11114 107 87 0.829457 0.674419
11115 108 87 0.837209 0.674419
11116 109 87 0.844961 0.674419
11117 110 87 0.852713 0.674419
11118 111 87 0.860465 0.674419
11119 112 87 0.868217 0.674419
11120 113 87 0.875969 0.674419
11121 114 87 0.883721 0.674419
11122 115 87 0.891473 0.674419
11123 116 87 0.899225 0.674419
11124 117 87 0.906977 0.674419
11125 118 87 0.914729 0.674419
11126 119 87 0.922481 0.674419
11127 120 87 0.930233 0.674419
11128 121 87 0.937984 0.674419
11129 122 87 0.945736 0.674419
11130 123 87 0.953488 0.674419
11131 124 87 0.96124 0.674419
11132 125 87 0.968992 0.674419
11133 126 87 0.976744 0.674419
11134 127 87 0.984496 0.674419
11135 128 87 0.992248 0.674419
11136 1 88 0.00775194 0.682171
11137 2 88 0.0155039 0.682171
11138 3 88 0.0232558 0.682171
11139 4 88 0.0310078 0.682171
11140 5 88 0.0387597 0.682171
11141 6 88 0.0465116 0.682171
11142 7 88 0.0542636 0.682171
11143 8 88 0.0620155 0.682171
11144 9 88 0.0697674 0.682171
11145 10 88 0.0775194 0.682171
11146 11 88 0.0852713 0.682171
11147 12 88 0.0930233 0.682171
11148 13 88 0.100775 0.682171
11149 14 88 0.108527 0.682171
11150 15 88 0.116279 0.682171
11151 16 88 0.124031 0.682171
11152 17 88 0.131783 0.682171
11153 18 88 0.139535 0.682171
11154 19 88 0.147287 0.682171
11155 20 88 0.155039 0.682171
11156 21 88 0.162791 0.682171
11157 22 88 0.170543 0.682171
11158 23 88 0.178295 0.682171
11159 24 88 0.186047 0.682171
11160 25 88 0.193798 0.682171
11161 26 88 0.20155 0.682171
11162 27 88 0.209302 0.682171
11163 28 88 0.217054 0.682171
11164 29 88 0.224806 0.682171
11165 30 88 0.232558 0.682171
11166 31 88 0.24031 0.682171
11167 32 88 0.248062 0.682171
11168 33 88 0.255814 0.682171
11169 34 88 0.263566 0.682171
11170 35 88 0.271318 0.682171
11171 36 88 0.27907 0.682171
11172 37 88 0.286822 0.682171
11173 38 88 0.294574 0.682171
11174 39 88 0.302326 0.682171
11175 40 88 0.310078 0.682171
11176 41 88 0.317829 0.682171
11177 42 88 0.325581 0.682171
11178 43 88 0.333333 0.682171
11179 44 88 0.341085 0.682171
11180 45 88 0.348837 0.682171
11181 46 88 0.356589 0.682171
11182 47 88 0.364341 0.682171
11183 48 88 0.372093 0.682171
11184 49 88 0.379845 0.682171
11185 50 88 0.387597 0.682171
11186 51 88 0.395349 0.682171
11187 52 88 0.403101 0.682171
11188 53 88 0.410853 0.682171
11189 54 88 0.418605 0.682171
11190 55 88 0.426357 0.682171
11191 56 88 0.434109 0.682171
11192 57 88 0.44186 0.682171
11193 58 88 0.449612 0.682171
11194 59 88 0.457364 0.682171
11195 60 88 0.465116 0.682171
11196 61 88 0.472868 0.682171
11197 62 88 0.48062 0.682171
11198 63 88 0.488372 0.682171
11199 64 88 0.496124 0.682171
11200 65 88 0.503876 0.682171
11201 66 88 0.511628 0.682171
11202 67 88 0.51938 0.682171
11203 68 88 0.527132 0.682171
11204 69 88 0.534884 0.682171
11205 70 88 0.542636 0.682171
11206 71 88 0.550388 0.682171
11207 72 88 0.55814 0.682171
11208 73 88 0.565891 0.682171
11209 74 88 0.573643 0.682171
11210 75 88 0.581395 0.682171
11211 76 88 0.589147 0.682171
11212 77 88 0.596899 0.682171
11213 78 88 0.604651 0.682171
11214 79 88 0.612403 0.682171
11215 80 88 0.620155 0.682171
11216 81 88 0.627907 0.682171
11217 82 88 0.635659 0.682171
11218 83 88 0.643411 0.682171
11219 84 88 0.651163 0.682171
11220 85 88 0.658915 0.682171
11221 86 88 0.666667 0.682171
11222 87 88 0.674419 0.682171
11223 88 88 0.682171 0.682171
11224 89 88 0.689922 0.682171
11225 90 88 0.697674 0.682171
11226 91 88 0.705426 0.682171
11227 92 88 0.713178 0.682171
11228 93 88 0.72093 0.682171
11229 94 88 0.728682 0.682171
11230 95 88 0.736434 0.682171
11231 96 88 0.744186 0.682171
11232 97 88 0.751938 0.682171
11233 98 88 0.75969 0.682171
11234 99 88 0.767442 0.682171
11235 100 88 0.775194 0.682171
11236 101 88 0.782946 0.682171
11237 102 88 0.790698 0.682171
11238 103 88 0.79845 0.682171
11239 104 88 0.806202 0.682171
11240 105 88 0.813953 0.682171
11241 106 88 0.821705 0.682171
11242 107 88 0.829457 0.682171
11243 108 88 0.837209 0.682171
11244 109 88 0.844961 0.682171
11245 110 88 0.852713 0.682171
11246 111 88 0.860465 0.682171
11247 112 88 0.868217 0.682171
11248 113 88 0.875969 0.682171
11249 114 88 0.883721 0.682171
11250 115 88 0.891473 0.682171
11251 116 88 0.899225 0.682171
11252 117 88 0.906977 0.682171
11253 118 88 0.914729 0.682171
11254 119 88 0.922481 0.682171
11255 120 88 0.930233 0.682171
11256 121 88 0.937984 0.682171
11257 122 88 0.945736 0.682171
11258 123 88 0.953488 0.682171
11259 124 88 0.96124 0.682171
11260 125 88 0.968992 0.682171
11261 126 88 0.976744 0.682171
11262 127 88 0.984496 0.682171
11263 128 88 0.992248 0.682171
11264 1 89 0.00775194 0.689922
11265 2 89 0.0155039 0.689922
11266 3 89 0.0232558 0.689922
11267 4 89 0.0310078 0.689922
11268 5 89 0.0387597 0.689922
11269 6 89 0.0465116 0.689922
11270 7 89 0.0542636 0.689922
11271 8 89 0.0620155 0.689922
11272 9 89 0.0697674 0.689922
11273 10 89 0.0775194 0.689922
11274 11 89 0.0852713 0.689922
11275 12 89 0.0930233 0.689922
11276 13 89 0.100775 0.689922
11277 14 89 0.108527 0.689922
11278 15 89 0.116279 0.689922
11279 16 89 0.124031 0.689922
11280 17 89 0.131783 0.689922
11281 18 89 0.139535 0.689922
11282 19 89 0.147287 0.689922
11283 20 89 0.155039 0.689922
11284 21 89 0.162791 0.689922
11285 22 89 0.170543 0.689922
11286 23 89 0.178295 0.689922
11287 24 89 0.186047 0.689922
11288 25 89 0.193798 0.689922
11289 26 89 0.20155 0.689922
11290 27 89 0.209302 0.689922
11291 28 89 0.217054 0.689922
11292 29 89 0.224806 0.689922
11293 30 89 0.232558 0.689922
11294 31 89 0.24031 0.689922
11295 32 89 0.248062 0.689922
11296 33 89 0.255814 0.689922
11297 34 89 0.263566 0.689922
11298 35 89 0.271318 0.689922
11299 36 89 0.27907 0.689922
11300 37 89 0.286822 0.689922
11301 38 89 0.294574 0.689922
11302 39 89 0.302326 0.689922
11303 40 89 0.310078 0.689922
11304 41 89 0.317829 0.689922
11305 42 89 0.325581 0.689922
11306 43 89 0.333333 0.689922
11307 44 89 0.341085 0.689922
11308 45 89 0.348837 0.689922
11309 46 89 0.356589 0.689922
11310 47 89 0.364341 0.689922
11311 48 89 0.372093 0.689922
11312 49 89 0.379845 0.689922
11313 50 89 0.387597 0.689922
11314 51 89 0.395349 0.689922
11315 52 89 0.403101 0.689922
11316 53 89 0.410853 0.689922
11317 54 89 0.418605 0.689922
11318 55 89 0.426357 0.689922
11319 56 89 0.434109 0.689922
11320 57 89 0.44186 0.689922
11321 58 89 0.449612 0.689922
11322 59 89 0.457364 0.689922
11323 60 89 0.465116 0.689922
11324 61 89 0.472868 0.689922
11325 62 89 0.48062 0.689922
11326 63 89 0.488372 0.689922
11327 64 89 0.496124 0.689922
11328 65 89 0.503876 0.689922
11329 66 89 0.511628 0.689922
11330 67 89 0.51938 0.689922
11331 68 89 0.527132 0.689922
11332 69 89 0.534884 0.689922
11333 70 89 0.542636 0.689922
11334 71 89 0.550388 0.689922
11335 72 89 0.55814 0.689922
11336 73 89 0.565891 0.689922
11337 74 89 0.573643 0.689922
11338 75 89 0.581395 0.689922
11339 76 89 0.589147 0.689922
11340 77 89 0.596899 0.689922
11341 78 89 0.604651 0.689922
11342 79 89 0.612403 0.689922
11343 80 89 0.620155 0.689922
11344 81 89 0.627907 0.689922
11345 82 89 0.635659 0.689922
11346 83 89 0.643411 0.689922
11347 84 89 0.651163 0.689922
11348 85 89 0.658915 0.689922
11349 86 89 0.666667 0.689922
11350 87 89 0.674419 0.689922
11351 88 89 0.682171 0.689922
11352 89 89 0.689922 0.689922
11353 90 89 0.697674 0.689922
11354 91 89 0.705426 0.689922
11355 92 89 0.713178 0.689922
11356 93 89 0.72093 0.689922
11357 94 89 0.728682 0.689922
11358 95 89 0.736434 0.689922
11359 96 89 0.744186 0.689922
11360 97 89 0.751938 0.689922
11361 98 89 0.75969 0.689922
11362 99 89 0.767442 0.689922
11363 100 89 0.775194 0.689922
11364 101 89 0.782946 0.689922
11365 102 89 0.790698 0.689922
11366 103 89 0.79845 0.689922
11367 104 89 0.806202 0.689922
11368 105 89 0.813953 0.689922
11369 106 89 0.821705 0.689922
11370 107 89 0.829457 0.689922
11371 108 89 0.837209 0.689922
11372 109 89 0.844961 0.689922
11373 110 89 0.852713 0.689922
11374 111 89 0.860465 0.689922
11375 112 89 0.868217 0.689922
11376 113 89 0.875969 0.689922
11377 114 89 0.883721 0.689922
11378 115 89 0.891473 0.689922
11379 116 89 0.899225 0.689922
11380 117 89 0.906977 0.689922
11381 118 89 0.914729 0.689922
11382 119 89 0.922481 0.689922
11383 120 89 0.930233 0.689922
11384 121 89 0.937984 0.689922
11385 122 89 0.945736 0.689922
11386 123 89 0.953488 0.689922
11387 124 89 0.96124 0.689922
11388 125 89 0.968992 0.689922
11389 126 89 0.976744 0.689922
11390 127 89 0.984496 0.689922
11391 128 89 0.992248 0.689922
11392 1 90 0.00775194 0.697674
11393 2 90 0.0155039 0.697674
11394 3 90 0.0232558 0.697674
11395 4 90 0.0310078 0.697674
11396 5 90 0.0387597 0.697674
11397 6 90 0.0465116 0.697674
11398 7 90 0.0542636 0.697674
11399 8 90 0.0620155 0.697674
11400 9 90 0.0697674 0.697674
11401 10 90 0.0775194 0.697674
11402 11 90 0.0852713 0.697674
11403 12 90 0.0930233 0.697674
11404 13 90 0.100775 0.697674
11405 14 90 0.108527 0.697674
11406 15 90 0.116279 0.697674
11407 16 90 0.124031 0.697674
11408 17 90 0.131783 0.697674
11409 18 90 0.139535 0.697674
11410 19 90 0.147287 0.697674
11411 20 90 0.155039 0.697674
11412 21 90 0.162791 0.697674
11413 22 90 0.170543 0.697674
11414 23 90 0.178295 0.697674
11415 24 90 0.186047 0.697674
11416 25 90 0.193798 0.697674
11417 26 90 0.20155 0.697674
11418 27 90 0.209302 0.697674
11419 28 90 0.217054 0.697674
11420 29 90 0.224806 0.697674
11421 30 90 0.232558 0.697674
11422 31 90 0.24031 0.697674
11423 32 90 0.248062 0.697674
11424 33 90 0.255814 0.697674
11425 34 90 0.263566 0.697674
11426 35 90 0.271318 0.697674
11427 36 90 0.27907 0.697674
11428 37 90 0.286822 0.697674
11429 38 90 0.294574 0.697674
11430 39 90 0.302326 0.697674
11431 40 90 0.310078 0.697674
11432 41 90 0.317829 0.697674
11433 42 90 0.325581 0.697674
11434 43 90 0.333333 0.697674
11435 44 90 0.341085 0.697674
11436 45 90 0.348837 0.697674
11437 46 90 0.356589 0.697674
11438 47 90 0.364341 0.697674
11439 48 90 0.372093 0.697674
11440 49 90 0.379845 0.697674
11441 50 90 0.387597 0.697674
11442 51 90 0.395349 0.697674
11443 52 90 0.403101 0.697674
11444 53 90 0.410853 0.697674
11445 54 90 0.418605 0.697674
11446 55 90 0.426357 0.697674
11447 56 90 0.434109 0.697674
11448 57 90 0.44186 0.697674
11449 58 90 0.449612 0.697674
11450 59 90 0.457364 0.697674
11451 60 90 0.465116 0.697674
11452 61 90 0.472868 0.697674
11453 62 90 0.48062 0.697674
11454 63 90 0.488372 0.697674
11455 64 90 0.496124 0.697674
11456 65 90 0.503876 0.697674
11457 66 90 0.511628 0.697674
11458 67 90 0.51938 0.697674
11459 68 90 0.527132 0.697674
11460 69 90 0.534884 0.697674
11461 70 90 0.542636 0.697674
11462 71 90 0.550388 0.697674
11463 72 90 0.55814 0.697674
11464 73 90 0.565891 0.697674
11465 74 90 0.573643 0.697674
11466 75 90 0.581395 0.697674
11467 76 90 0.589147 0.697674
11468 77 90 0.596899 0.697674
11469 78 90 0.604651 0.697674
11470 79 90 0.612403 0.697674
11471 80 90 0.620155 0.697674
11472 81 90 0.627907 0.697674
11473 82 90 0.635659 0.697674
11474 83 90 0.643411 0.697674
11475 84 90 0.651163 0.697674
11476 85 90 0.658915 0.697674
11477 86 90 0.666667 0.697674
11478 87 90 0.674419 0.697674
11479 88 90 0.682171 0.697674
11480 89 90 0.689922 0.697674
11481 90 90 0.697674 0.697674
11482 91 90 0.705426 0.697674
11483 92 90 0.713178 0.697674
11484 93 90 0.72093 0.697674
11485 94 90 0.728682 0.697674
11486 95 90 0.736434 0.697674
11487 96 90 0.744186 0.697674
11488 97 90 0.751938 0.697674
11489 98 90 0.75969 0.697674
11490 99 90 0.767442 0.697674
11491 100 90 0.775194 0.697674
11492 101 90 0.782946 0.697674
11493 102 90 0.790698 0.697674
11494 103 90 0.79845 0.697674
11495 104 90 0.806202 0.697674
11496 105 90 0.813953 0.697674
11497 106 90 0.821705 0.697674
11498 107 90 0.829457 0.697674
11499 108 90 0.837209 0.697674
11500 109 90 0.844961 0.697674
11501 110 90 0.852713 0.697674
11502 111 90 0.860465 0.697674
11503 112 90 0.868217 0.697674
11504 113 90 0.875969 0.697674
11505 114 90 0.883721 0.697674
11506 115 90 0.891473 0.697674
11507 116 90 0.899225 0.697674
11508 117 90 0.906977 0.697674
11509 118 90 0.914729 0.697674
11510 119 90 0.922481 0.697674
11511 120 90 0.930233 0.697674
11512 121 90 0.937984 0.697674
11513 122 90 0.945736 0.697674
11514 123 90 0.953488 0.697674
11515 124 90 0.96124 0.697674
11516 125 90 0.968992 0.697674
11517 126 90 0.976744 0.697674
11518 127 90 0.984496 0.697674
11519 128 90 0.992248 0.697674
11520 1 91 0.00775194 0.705426
11521 2 91 0.0155039 0.705426
11522 3 91 0.0232558 0.705426
11523 4 91 0.0310078 0.705426
11524 5 91 0.0387597 0.705426
11525 6 91 0.0465116 0.705426
11526 7 91 0.0542636 0.705426
11527 8 91 0.0620155 0.705426
11528 9 91 0.0697674 0.705426
11529 10 91 0.0775194 0.705426
11530 11 91 0.0852713 0.705426
11531 12 91 0.0930233 0.705426
11532 13 91 0.100775 0.705426
11533 14 91 0.108527 0.705426
11534 15 91 0.116279 0.705426
11535 16 91 0.124031 0.705426
11536 17 91 0.131783 0.705426
11537 18 91 0.139535 0.705426
11538 19 91 0.147287 0.705426
11539 20 91 0.155039 0.705426
11540 21 91 0.162791 0.705426
11541 22 91 0.170543 0.705426
11542 23 91 0.178295 0.705426
11543 24 91 0.186047 0.705426
11544 25 91 0.193798 0.705426
11545 26 91 0.20155 0.705426
11546 27 91 0.209302 0.705426
11547 28 91 0.217054 0.705426
11548 29 91 0.224806 0.705426
11549 30 91 0.232558 0.705426
11550 31 91 0.24031 0.705426
11551 32 91 0.248062 0.705426
11552 33 91 0.255814 0.705426
11553 34 91 0.263566 0.705426
11554 35 91 0.271318 0.705426
11555 36 91 0.27907 0.705426
11556 37 91 0.286822 0.705426
11557 38 91 0.294574 0.705426
11558 39 91 0.302326 0.705426
11559 40 91 0.310078 0.705426
11560 41 91 0.317829 0.705426
11561 42 91 0.325581 0.705426
11562 43 91 0.333333 0.705426
11563 44 91 0.341085 0.705426
11564 45 91 0.348837 0.705426
11565 46 91 0.356589 0.705426
11566 47 91 0.364341 0.705426
11567 48 91 0.372093 0.705426
11568 49 91 0.379845 0.705426
11569 50 91 0.387597 0.705426
11570 51 91 0.395349 0.705426
11571 52 91 0.403101 0.705426
11572 53 91 0.410853 0.705426
11573 54 91 0.418605 0.705426
11574 55 91 0.426357 0.705426
11575 56 91 0.434109 0.705426
11576 57 91 0.44186 0.705426
11577 58 91 0.449612 0.705426
11578 59 91 0.457364 0.705426
11579 60 91 0.465116 0.705426
11580 61 91 0.472868 0.705426
11581 62 91 0.48062 0.705426
11582 63 91 0.488372 0.705426
11583 64 91 0.496124 0.705426
11584 65 91 0.503876 0.705426
11585 66 91 0.511628 0.705426
11586 67 91 0.51938 0.705426
11587 68 91 0.527132 0.705426
11588 69 91 0.534884 0.705426
11589 70 91 0.542636 0.705426
11590 71 91 0.550388 0.705426
11591 72 91 0.55814 0.705426
11592 73 91 0.565891 0.705426
11593 74 91 0.573643 0.705426
11594 75 91 0.581395 0.705426
11595 76 91 0.589147 0.705426
11596 77 91 0.596899 0.705426
11597 78 91 0.604651 0.705426
11598 79 91 0.612403 0.705426
11599 80 91 0.620155 0.705426
11600 81 91 0.627907 0.705426
11601 82 91 0.635659 0.705426
11602 83 91 0.643411 0.705426
11603 84 91 0.651163 0.705426
11604 85 91 0.658915 0.705426
11605 86 91 0.666667 0.705426
11606 87 91 0.674419 0.705426
11607 88 91 0.682171 0.705426
11608 89 91 0.689922 0.705426
11609 90 91 0.697674 0.705426
11610 91 91 0.705426 0.705426
11611 92 91 0.713178 0.705426
11612 93 91 0.72093 0.705426
11613 94 91 0.728682 0.705426
11614 95 91 0.736434 0.705426
11615 96 91 0.744186 0.705426
11616 97 91 0.751938 0.705426
11617 98 91 0.75969 0.705426
11618 99 91 0.767442 0.705426
11619 100 91 0.775194 0.705426
11620 101 91 0.782946 0.705426
11621 102 91 0.790698 0.705426
11622 103 91 0.79845 0.705426
11623 104 91 0.806202 0.705426
11624 105 91 0.813953 0.705426
11625 106 91 0.821705 0.705426
11626 107 91 0.829457 0.705426
11627 108 91 0.837209 0.705426
11628 109 91 0.844961 0.705426
11629 110 91 0.852713 0.705426
11630 111 91 0.860465 0.705426
11631 112 91 0.868217 0.705426
11632 113 91 0.875969 0.705426
11633 114 91 0.883721 0.705426
11634 115 91 0.891473 0.705426
11635 116 91 0.899225 0.705426
11636 117 91 0.906977 0.705426
11637 118 91 0.914729 0.705426
11638 119 91 0.922481 0.705426
11639 120 91 0.930233 0.705426
11640 121 91 0.937984 0.705426
11641 122 91 0.945736 0.705426
11642 123 91 0.953488 0.705426
11643 124 91 0.96124 0.705426
11644 125 91 0.968992 0.705426
11645 126 91 0.976744 0.705426
11646 127 91 0.984496 0.705426
11647 128 91 0.992248 0.705426
11648 1 92 0.00775194 0.713178
11649 2 92 0.0155039 0.713178
11650 3 92 0.0232558 0.713178
11651 4 92 0.0310078 0.713178
11652 5 92 0.0387597 0.713178
11653 6 92 0.0465116 0.713178
11654 7 92 0.0542636 0.713178
11655 8 92 0.0620155 0.713178
11656 9 92 0.0697674 0.713178
11657 10 92 0.0775194 0.713178
11658 11 92 0.0852713 0.713178
11659 12 92 0.0930233 0.713178
11660 13 92 0.100775 0.713178
11661 14 92 0.108527 0.713178
11662 15 92 0.116279 0.713178
11663 16 92 0.124031 0.713178
11664 17 92 0.131783 0.713178
11665 18 92 0.139535 0.713178
11666 19 92 0.147287 0.713178
11667 20 92 0.155039 0.713178
11668 21 92 0.162791 0.713178
11669 22 92 0.170543 0.713178
11670 23 92 0.178295 0.713178
11671 24 92 0.186047 0.713178
11672 25 92 0.193798 0.713178
11673 26 92 0.20155 0.713178
11674 27 92 0.209302 0.713178
11675 28 92 0.217054 0.713178
11676 29 92 0.224806 0.713178
11677 30 92 0.232558 0.713178
11678 31 92 0.24031 0.713178
11679 32 92 0.248062 0.713178
11680 33 92 0.255814 0.713178
11681 34 92 0.263566 0.713178
11682 35 92 0.271318 0.713178
11683 36 92 0.27907 0.713178
11684 37 92 0.286822 0.713178
11685 38 92 0.294574 0.713178
11686 39 92 0.302326 0.713178
11687 40 92 0.310078 0.713178
11688 41 92 0.317829 0.713178
11689 42 92 0.325581 0.713178
11690 43 92 0.333333 0.713178
11691 44 92 0.341085 0.713178
11692 45 92 0.348837 0.713178
11693 46 92 0.356589 0.713178
11694 47 92 0.364341 0.713178
11695 48 92 0.372093 0.713178
11696 49 92 0.379845 0.713178
11697 50 92 0.387597 0.713178
11698 51 92 0.395349 0.713178
11699 52 92 0.403101 0.713178
11700 53 92 0.410853 0.713178
11701 54 92 0.418605 0.713178
11702 55 92 0.426357 0.713178
11703 56 92 0.434109 0.713178
11704 57 92 0.44186 0.713178
11705 58 92 0.449612 0.713178
11706 59 92 0.457364 0.713178
11707 60 92 0.465116 0.713178
11708 61 92 0.472868 0.713178
11709 62 92 0.48062 0.713178
11710 63 92 0.488372 0.713178
11711 64 92 0.496124 0.713178
11712 65 92 0.503876 0.713178
11713 66 92 0.511628 0.713178
11714 67 92 0.51938 0.713178
11715 68 92 0.527132 0.713178
11716 69 92 0.534884 0.713178
11717 70 92 0.542636 0.713178
11718 71 92 0.550388 0.713178
11719 72 92 0.55814 0.713178
11720 73 92 0.565891 0.713178
11721 74 92 0.573643 0.713178
11722 75 92 0.581395 0.713178
11723 76 92 0.589147 0.713178
11724 77 92 0.596899 0.713178
11725 78 92 0.604651 0.713178
11726 79 92 0.612403 0.713178
11727 80 92 0.620155 0.713178
11728 81 92 0.627907 0.713178
11729 82 92 0.635659 0.713178
11730 83 92 0.643411 0.713178
11731 84 92 0.651163 0.713178
11732 85 92 0.658915 0.713178
11733 86 92 0.666667 0.713178
11734 87 92 0.674419 0.713178
11735 88 92 0.682171 0.713178
11736 89 92 0.689922 0.713178
11737 90 92 0.697674 0.713178
11738 91 92 0.705426 0.713178
11739 92 92 0.713178 0.713178
11740 93 92 0.72093 0.713178
11741 94 92 0.728682 0.713178
11742 95 92 0.736434 0.713178
11743 96 92 0.744186 0.713178
11744 97 92 0.751938 0.713178
11745 98 92 0.75969 0.713178
11746 99 92 0.767442 0.713178
11747 100 92 0.775194 0.713178
11748 101 92 0.782946 0.713178
11749 102 92 0.790698 0.713178
11750 103 92 0.79845 0.713178
11751 104 92 0.806202 0.713178
11752 105 92 0.813953 0.713178
11753 106 92 0.821705 0.713178
11754 107 92 0.829457 0.713178
11755 108 92 0.837209 0.713178
11756 109 92 0.844961 0.713178
11757 110 92 0.852713 0.713178
11758 111 92 0.860465 0.713178
11759 112 92 0.868217 0.713178
11760 113 92 0.875969 0.713178
11761 114 92 0.883721 0.713178
11762 115 92 0.891473 0.713178
11763 116 92 0.899225 0.713178
11764 117 92 0.906977 0.713178
11765 118 92 0.914729 0.713178
11766 119 92 0.922481 0.713178
11767 120 92 0.930233 0.713178
11768 121 92 0.937984 0.713178
11769 122 92 0.945736 0.713178
11770 123 92 0.953488 0.713178
11771 124 92 0.96124 0.713178
11772 125 92 0.968992 0.713178
11773 126 92 0.976744 0.713178
11774 127 92 0.984496 0.713178
11775 128 92 0.992248 0.713178
11776 1 93 0.00775194 0.72093
11777 2 93 0.0155039 0.72093
11778 3 93 0.0232558 0.72093
11779 4 93 0.0310078 0.72093
11780 5 93 0.0387597 0.72093
11781 6 93 0.0465116 0.72093
11782 7 93 0.0542636 0.72093
11783 8 93 0.0620155 0.72093
11784 9 93 0.0697674 0.72093
11785 10 93 0.0775194 0.72093
11786 11 93 0.0852713 0.72093
11787 12 93 0.0930233 0.72093
11788 13 93 0.100775 0.72093
11789 14 93 0.108527 0.72093
11790 15 93 0.116279 0.72093
11791 16 93 0.124031 0.72093
11792 17 93 0.131783 0.72093
11793 18 93 0.139535 0.72093
11794 19 93 0.147287 0.72093
11795 20 93 0.155039 0.72093
11796 21 93 0.162791 0.72093
11797 22 93 0.170543 0.72093
11798 23 93 0.178295 0.72093
11799 24 93 0.186047 0.72093
11800 25 93 0.193798 0.72093
11801 26 93 0.20155 0.72093
11802 27 93 0.209302 0.72093
11803 28 93 0.217054 0.72093
11804 29 93 0.224806 0.72093
11805 30 93 0.232558 0.72093
11806 31 93 0.24031 0.72093
11807 32 93 0.248062 0.72093
11808 33 93 0.255814 0.72093
11809 34 93 0.263566 0.72093
11810 35 93 0.271318 0.72093
11811 36 93 0.27907 0.72093
11812 37 93 0.286822 0.72093
11813 38 93 0.294574 0.72093
11814 39 93 0.302326 0.72093
11815 40 93 0.310078 0.72093
11816 41 93 0.317829 0.72093
11817 42 93 0.325581 0.72093
11818 43 93 0.333333 0.72093
11819 44 93 0.341085 0.72093
11820 45 93 0.348837 0.72093
11821 46 93 0.356589 0.72093
11822 47 93 0.364341 0.72093
11823 48 93 0.372093 0.72093
11824 49 93 0.379845 0.72093
11825 50 93 0.387597 0.72093
11826 51 93 0.395349 0.72093
11827 52 93 0.403101 0.72093
11828 53 93 0.410853 0.72093
11829 54 93 0.418605 0.72093
11830 55 93 0.426357 0.72093
11831 56 93 0.434109 0.72093
11832 57 93 0.44186 0.72093
11833 58 93 0.449612 0.72093
11834 59 93 0.457364 0.72093
11835 60 93 0.465116 0.72093
11836 61 93 0.472868 0.72093
11837 62 93 0.48062 0.72093
11838 63 93 0.488372 0.72093
11839 64 93 0.496124 0.72093
11840 65 93 0.503876 0.72093
11841 66 93 0.511628 0.72093
11842 67 93 0.51938 0.72093
11843 68 93 0.527132 0.72093
11844 69 93 0.534884 0.72093
11845 70 93 0.542636 0.72093
11846 71 93 0.550388 0.72093
11847 72 93 0.55814 0.72093
11848 73 93 0.565891 0.72093
11849 74 93 0.573643 0.72093
11850 75 93 0.581395 0.72093
11851 76 93 0.589147 0.72093
11852 77 93 0.596899 0.72093
11853 78 93 0.604651 0.72093
11854 79 93 0.612403 0.72093
11855 80 93 0.620155 0.72093
11856 81 93 0.627907 0.72093
11857 82 93 0.635659 0.72093
11858 83 93 0.643411 0.72093
11859 84 93 0.651163 0.72093
11860 85 93 0.658915 0.72093
11861 86 93 0.666667 0.72093
11862 87 93 0.674419 0.72093
11863 88 93 0.682171 0.72093
11864 89 93 0.689922 0.72093
11865 90 93 0.697674 0.72093
11866 91 93 0.705426 0.72093
11867 92 93 0.713178 0.72093
11868 93 93 0.72093 0.72093
11869 94 93 0.728682 0.72093
11870 95 93 0.736434 0.72093
11871 96 93 0.744186 0.72093
11872 97 93 0.751938 0.72093
11873 98 93 0.75969 0.72093
11874 99 93 0.767442 0.72093
11875 100 93 0.775194 0.72093
11876 101 93 0.782946 0.72093
11877 102 93 0.790698 0.72093
11878 103 93 0.79845 0.72093
11879 104 93 0.806202 0.72093
11880 105 93 0.813953 0.72093
11881 106 93 0.821705 0.72093
11882 107 93 0.829457 0.72093
11883 108 93 0.837209 0.72093
11884 109 93 0.844961 0.72093
11885 110 93 0.852713 0.72093
11886 111 93 0.860465 0.72093
11887 112 93 0.868217 0.72093
11888 113 93 0.875969 0.72093
11889 114 93 0.883721 0.72093
11890 115 93 0.891473 0.72093
11891 116 93 0.899225 0.72093
11892 117 93 0.906977 0.72093
11893 118 93 0.914729 0.72093
11894 119 93 0.922481 0.72093
11895 120 93 0.930233 0.72093
11896 121 93 0.937984 0.72093
11897 122 93 0.945736 0.72093
11898 123 93 0.953488 0.72093
11899 124 93 0.96124 0.72093
11900 125 93 0.968992 0.72093
11901 126 93 0.976744 0.72093
11902 127 93 0.984496 0.72093
11903 128 93 0.992248 0.72093
11904 1 94 0.00775194 0.728682
11905 2 94 0.0155039 0.728682
11906 3 94 0.0232558 0.728682
11907 4 94 0.0310078 0.728682
11908 5 94 0.0387597 0.728682
11909 6 94 0.0465116 0.728682
11910 7 94 0.0542636 0.728682
11911 8 94 0.0620155 0.728682
11912 9 94 0.0697674 0.728682
11913 10 94 0.0775194 0.728682
11914 11 94 0.0852713 0.728682
11915 12 94 0.0930233 0.728682
11916 13 94 0.100775 0.728682
11917 14 94 0.108527 0.728682
11918 15 94 0.116279 0.728682
11919 16 94 0.124031 0.728682
11920 17 94 0.131783 0.728682
11921 18 94 0.139535 0.728682
11922 19 94 0.147287 0.728682
11923 20 94 0.155039 0.728682
11924 21 94 0.162791 0.728682
11925 22 94 0.170543 0.728682
11926 23 94 0.178295 0.728682
11927 24 94 0.186047 0.728682
11928 25 94 0.193798 0.728682
11929 26 94 0.20155 0.728682
11930 27 94 0.209302 0.728682
11931 28 94 0.217054 0.728682
11932 29 94 0.224806 0.728682
11933 30 94 0.232558 0.728682
11934 31 94 0.24031 0.728682
11935 32 94 0.248062 0.728682
11936 33 94 0.255814 0.728682
11937 34 94 0.263566 0.728682
11938 35 94 0.271318 0.728682
11939 36 94 0.27907 0.728682
11940 37 94 0.286822 0.728682
11941 38 94 0.294574 0.728682
11942 39 94 0.302326 0.728682
11943 40 94 0.310078 0.728682
11944 41 94 0.317829 0.728682
11945 42 94 0.325581 0.728682
11946 43 94 0.333333 0.728682
11947 44 94 0.341085 0.728682
11948 45 94 0.348837 0.728682
11949 46 94 0.356589 0.728682
11950 47 94 0.364341 0.728682
11951 48 94 0.372093 0.728682
11952 49 94 0.379845 0.728682
11953 50 94 0.387597 0.728682
11954 51 94 0.395349 0.728682
11955 52 94 0.403101 0.728682
11956 53 94 0.410853 0.728682
11957 54 94 0.418605 0.728682
11958 55 94 0.426357 0.728682
11959 56 94 0.434109 0.728682
11960 57 94 0.44186 0.728682
11961 58 94 0.449612 0.728682
11962 59 94 0.457364 0.728682
11963 60 94 0.465116 0.728682
11964 61 94 0.472868 0.728682
11965 62 94 0.48062 0.728682
11966 63 94 0.488372 0.728682
11967 64 94 0.496124 0.728682
11968 65 94 0.503876 0.728682
11969 66 94 0.511628 0.728682
11970 67 94 0.51938 0.728682
11971 68 94 0.527132 0.728682
11972 69 94 0.534884 0.728682
11973 70 94 0.542636 0.728682
11974 71 94 0.550388 0.728682
11975 72 94 0.55814 0.728682
11976 73 94 0.565891 0.728682
11977 74 94 0.573643 0.728682
11978 75 94 0.581395 0.728682
11979 76 94 0.589147 0.728682
11980 77 94 0.596899 0.728682
11981 78 94 0.604651 0.728682
11982 79 94 0.612403 0.728682
11983 80 94 0.620155 0.728682
11984 81 94 0.627907 0.728682
11985 82 94 0.635659 0.728682
11986 83 94 0.643411 0.728682
11987 84 94 0.651163 0.728682
11988 85 94 0.658915 0.728682
11989 86 94 0.666667 0.728682
11990 87 94 0.674419 0.728682
11991 88 94 0.682171 0.728682
11992 89 94 0.689922 0.728682
11993 90 94 0.697674 0.728682
11994 91 94 0.705426 0.728682
11995 92 94 0.713178 0.728682
11996 93 94 0.72093 0.728682
11997 94 94 0.728682 0.728682
11998 95 94 0.736434 0.728682
11999 96 94 0.744186 0.728682
12000 97 94 0.751938 0.728682
12001 98 94 0.75969 0.728682
12002 99 94 0.767442 0.728682
12003 100 94 0.775194 0.728682
12004 101 94 0.782946 0.728682
12005 102 94 0.790698 0.728682
12006 103 94 0.79845 0.728682
12007 104 94 0.806202 0.728682
12008 105 94 0.813953 0.728682
12009 106 94 0.821705 0.728682
12010 107 94 0.829457 0.728682
12011 108 94 0.837209 0.728682
12012 109 94 0.844961 0.728682
12013 110 94 0.852713 0.728682
12014 111 94 0.860465 0.728682
12015 112 94 0.868217 0.728682
12016 113 94 0.875969 0.728682
12017 114 94 0.883721 0.728682
12018 115 94 0.891473 0.728682
12019 116 94 0.899225 0.728682
12020 117 94 0.906977 0.728682
12021 118 94 0.914729 0.728682
12022 119 94 0.922481 0.728682
12023 120 94 0.930233 0.728682
12024 121 94 0.937984 0.728682
12025 122 94 0.945736 0.728682
12026 123 94 0.953488 0.728682
12027 124 94 0.96124 0.728682
12028 125 94 0.968992 0.728682
12029 126 94 0.976744 0.728682
12030 127 94 0.984496 0.728682
12031 128 94 0.992248 0.728682
12032 1 95 0.00775194 0.736434
12033 2 95 0.0155039 0.736434
12034 3 95 0.0232558 0.736434
12035 4 95 0.0310078 0.736434
12036 5 95 0.0387597 0.736434
12037 6 95 0.0465116 0.736434
12038 7 95 0.0542636 0.736434
12039 8 95 0.0620155 0.736434
12040 9 95 0.0697674 0.736434
12041 10 95 0.0775194 0.736434
12042 11 95 0.0852713 0.736434
12043 12 95 0.0930233 0.736434
12044 13 95 0.100775 0.736434
12045 14 95 0.108527 0.736434
12046 15 95 0.116279 0.736434
12047 16 95 0.124031 0.736434
12048 17 95 0.131783 0.736434
12049 18 95 0.139535 0.736434
12050 19 95 0.147287 0.736434
12051 20 95 0.155039 0.736434
12052 21 95 0.162791 0.736434
12053 22 95 0.170543 0.736434
12054 23 95 0.178295 0.736434
12055 24 95 0.186047 0.736434
12056 25 95 0.193798 0.736434
12057 26 95 0.20155 0.736434
12058 27 95 0.209302 0.736434
12059 28 95 0.217054 0.736434
12060 29 95 0.224806 0.736434
12061 30 95 0.232558 0.736434
12062 31 95 0.24031 0.736434
12063 32 95 0.248062 0.736434
12064 33 95 0.255814 0.736434
12065 34 95 0.263566 0.736434
12066 35 95 0.271318 0.736434
12067 36 95 0.27907 0.736434
12068 37 95 0.286822 0.736434
12069 38 95 0.294574 0.736434
12070 39 95 0.302326 0.736434
12071 40 95 0.310078 0.736434
12072 41 95 0.317829 0.736434
12073 42 95 0.325581 0.736434
12074 43 95 0.333333 0.736434
12075 44 95 0.341085 0.736434
12076 45 95 0.348837 0.736434
12077 46 95 0.356589 0.736434
12078 47 95 0.364341 0.736434
12079 48 95 0.372093 0.736434
12080 49 95 0.379845 0.736434
12081 50 95 0.387597 0.736434
12082 51 95 0.395349 0.736434
12083 52 95 0.403101 0.736434
12084 53 95 0.410853 0.736434
12085 54 95 0.418605 0.736434
12086 55 95 0.426357 0.736434
12087 56 95 0.434109 0.736434
12088 57 95 0.44186 0.736434
12089 58 95 0.449612 0.736434
12090 59 95 0.457364 0.736434
12091 60 95 0.465116 0.736434
12092 61 95 0.472868 0.736434
12093 62 95 0.48062 0.736434
12094 63 95 0.488372 0.736434
12095 64 95 0.496124 0.736434
12096 65 95 0.503876 0.736434
12097 66 95 0.511628 0.736434
12098 67 95 0.51938 0.736434
12099 68 95 0.527132 0.736434
12100 69 95 0.534884 0.736434
12101 70 95 0.542636 0.736434
12102 71 95 0.550388 0.736434
12103 72 95 0.55814 0.736434
12104 73 95 0.565891 0.736434
12105 74 95 0.573643 0.736434
12106 75 95 0.581395 0.736434
12107 76 95 0.589147 0.736434
12108 77 95 0.596899 0.736434
12109 78 95 0.604651 0.736434
12110 79 95 0.612403 0.736434
12111 80 95 0.620155 0.736434
12112 81 95 0.627907 0.736434
12113 82 95 0.635659 0.736434
12114 83 95 0.643411 0.736434
12115 84 95 0.651163 0.736434
12116 85 95 0.658915 0.736434
12117 86 95 0.666667 0.736434
12118 87 95 0.674419 0.736434
12119 88 95 0.682171 0.736434
12120 89 95 0.689922 0.736434
12121 90 95 0.697674 0.736434
12122 91 95 0.705426 0.736434
12123 92 95 0.713178 0.736434
12124 93 95 0.72093 0.736434
12125 94 95 0.728682 0.736434
12126 95 95 0.736434 0.736434
12127 96 95 0.744186 0.736434
12128 97 95 0.751938 0.736434
12129 98 95 0.75969 0.736434
12130 99 95 0.767442 0.736434
12131 100 95 0.775194 0.736434
12132 101 95 0.782946 0.736434
12133 102 95 0.790698 0.736434
12134 103 95 0.79845 0.736434
12135 104 95 0.806202 0.736434
12136 105 95 0.813953 0.736434
12137 106 95 0.821705 0.736434
12138 107 95 0.829457 0.736434
12139 108 95 0.837209 0.736434
12140 109 95 0.844961 0.736434
12141 110 95 0.852713 0.736434
12142 111 95 0.860465 0.736434
12143 112 95 0.868217 0.736434
12144 113 95 0.875969 0.736434
12145 114 95 0.883721 0.736434
12146 115 95 0.891473 0.736434
12147 116 95 0.899225 0.736434
12148 117 95 0.906977 0.736434
12149 118 95 0.914729 0.736434
12150 119 95 0.922481 0.736434
12151 120 95 0.930233 0.736434
12152 121 95 0.937984 0.736434
12153 122 95 0.945736 0.736434
12154 123 95 0.953488 0.736434
12155 124 95 0.96124 0.736434
12156 125 95 0.968992 0.736434
12157 126 95 0.976744 0.736434
12158 127 95 0.984496 0.736434
12159 128 95 0.992248 0.736434
12160 1 96 0.00775194 0.744186
12161 2 96 0.0155039 0.744186
12162 3 96 0.0232558 0.744186
12163 4 96 0.0310078 0.744186
12164 5 96 0.0387597 0.744186
12165 6 96 0.0465116 0.744186
12166 7 96 0.0542636 0.744186
12167 8 96 0.0620155 0.744186
12168 9 96 0.0697674 0.744186
12169 10 96 0.0775194 0.744186
12170 11 96 0.0852713 0.744186
12171 12 96 0.0930233 0.744186
12172 13 96 0.100775 0.744186
12173 14 96 0.108527 0.744186
12174 15 96 0.116279 0.744186
12175 16 96 0.124031 0.744186
12176 17 96 0.131783 0.744186
12177 18 96 0.139535 0.744186
12178 19 96 0.147287 0.744186
12179 20 96 0.155039 0.744186
12180 21 96 0.162791 0.744186
12181 22 96 0.170543 0.744186
12182 23 96 0.178295 0.744186
12183 24 96 0.186047 0.744186
12184 25 96 0.193798 0.744186
12185 26 96 0.20155 0.744186
12186 27 96 0.209302 0.744186
12187 28 96 0.217054 0.744186
12188 29 96 0.224806 0.744186
12189 30 96 0.232558 0.744186
12190 31 96 0.24031 0.744186
12191 32 96 0.248062 0.744186
12192 33 96 0.255814 0.744186
12193 34 96 0.263566 0.744186
12194 35 96 0.271318 0.744186
12195 36 96 0.27907 0.744186
12196 37 96 0.286822 0.744186
12197 38 96 0.294574 0.744186
12198 39 96 0.302326 0.744186
12199 40 96 0.310078 0.744186
12200 41 96 0.317829 0.744186
12201 42 96 0.325581 0.744186
12202 43 96 0.333333 0.744186
12203 44 96 0.341085 0.744186
12204 45 96 0.348837 0.744186
12205 46 96 0.356589 0.744186
12206 47 96 0.364341 0.744186
12207 48 96 0.372093 0.744186
12208 49 96 0.379845 0.744186
12209 50 96 0.387597 0.744186
12210 51 96 0.395349 0.744186
12211 52 96 0.403101 0.744186
12212 53 96 0.410853 0.744186
12213 54 96 0.418605 0.744186
12214 55 96 0.426357 0.744186
12215 56 96 0.434109 0.744186
12216 57 96 0.44186 0.744186
12217 58 96 0.449612 0.744186
12218 59 96 0.457364 0.744186
12219 60 96 0.465116 0.744186
12220 61 96 0.472868 0.744186
12221 62 96 0.48062 0.744186
12222 63 96 0.488372 0.744186
12223 64 96 0.496124 0.744186
12224 65 96 0.503876 0.744186
12225 66 96 0.511628 0.744186
12226 67 96 0.51938 0.744186
12227 68 96 0.527132 0.744186
12228 69 96 0.534884 0.744186
12229 70 96 0.542636 0.744186
12230 71 96 0.550388 0.744186
12231 72 96 0.55814 0.744186
12232 73 96 0.565891 0.744186
12233 74 96 0.573643 0.744186
12234 75 96 0.581395 0.744186
12235 76 96 0.589147 0.744186
12236 77 96 0.596899 0.744186
12237 78 96 0.604651 0.744186
12238 79 96 0.612403 0.744186
12239 80 96 0.620155 0.744186
12240 81 96 0.627907 0.744186
12241 82 96 0.635659 0.744186
12242 83 96 0.643411 0.744186
12243 84 96 0.651163 0.744186
12244 85 96 0.658915 0.744186
12245 86 96 0.666667 0.744186
12246 87 96 0.674419 0.744186
12247 88 96 0.682171 0.744186
12248 89 96 0.689922 0.744186
12249 90 96 0.697674 0.744186
12250 91 96 0.705426 0.744186
12251 92 96 0.713178 0.744186
12252 93 96 0.72093 0.744186
12253 94 96 0.728682 0.744186
12254 95 96 0.736434 0.744186
12255 96 96 0.744186 0.744186
12256 97 96 0.751938 0.744186
12257 98 96 0.75969 0.744186
12258 99 96 0.767442 0.744186
12259 100 96 0.775194 0.744186
12260 101 96 0.782946 0.744186
12261 102 96 0.790698 0.744186
12262 103 96 0.79845 0.744186
12263 104 96 0.806202 0.744186
12264 105 96 0.813953 0.744186
12265 106 96 0.821705 0.744186
12266 107 96 0.829457 0.744186
12267 108 96 0.837209 0.744186
12268 109 96 0.844961 0.744186
12269 110 96 0.852713 0.744186
12270 111 96 0.860465 0.744186
12271 112 96 0.868217 0.744186
12272 113 96 0.875969 0.744186
12273 114 96 0.883721 0.744186
12274 115 96 0.891473 0.744186
12275 116 96 0.899225 0.744186
12276 117 96 0.906977 0.744186
12277 118 96 0.914729 0.744186
12278 119 96 0.922481 0.744186
12279 120 96 0.930233 0.744186
12280 121 96 0.937984 0.744186
12281 122 96 0.945736 0.744186
12282 123 96 0.953488 0.744186
12283 124 96 0.96124 0.744186
12284 125 96 0.968992 0.744186
12285 126 96 0.976744 0.744186
12286 127 96 0.984496 0.744186
12287 128 96 0.992248 0.744186
12288 1 97 0.00775194 0.751938
12289 2 97 0.0155039 0.751938
12290 3 97 0.0232558 0.751938
12291 4 97 0.0310078 0.751938
12292 5 97 0.0387597 0.751938
12293 6 97 0.0465116 0.751938
12294 7 97 0.0542636 0.751938
12295 8 97 0.0620155 0.751938
12296 9 97 0.0697674 0.751938
12297 10 97 0.0775194 0.751938
12298 11 97 0.0852713 0.751938
12299 12 97 0.0930233 0.751938
12300 13 97 0.100775 0.751938
12301 14 97 0.108527 0.751938
12302 15 97 0.116279 0.751938
12303 16 97 0.124031 0.751938
12304 17 97 0.131783 0.751938
12305 18 97 0.139535 0.751938
12306 19 97 0.147287 0.751938
12307 20 97 0.155039 0.751938
12308 21 97 0.162791 0.751938
12309 22 97 0.170543 0.751938
12310 23 97 0.178295 0.751938
12311 24 97 0.186047 0.751938
12312 25 97 0.193798 0.751938
12313 26 97 0.20155 0.751938
12314 27 97 0.209302 0.751938
12315 28 97 0.217054 0.751938
12316 29 97 0.224806 0.751938
12317 30 97 0.232558 0.751938
12318 31 97 0.24031 0.751938
12319 32 97 0.248062 0.751938
12320 33 97 0.255814 0.751938
12321 34 97 0.263566 0.751938
12322 35 97 0.271318 0.751938
12323 36 97 0.27907 0.751938
12324 37 97 0.286822 0.751938
12325 38 97 0.294574 0.751938
12326 39 97 0.302326 0.751938
12327 40 97 0.310078 0.751938
12328 41 97 0.317829 0.751938
12329 42 97 0.325581 0.751938
12330 43 97 0.333333 0.751938
12331 44 97 0.341085 0.751938
12332 45 97 0.348837 0.751938
12333 46 97 0.356589 0.751938
12334 47 97 0.364341 0.751938
12335 48 97 0.372093 0.751938
12336 49 97 0.379845 0.751938
12337 50 97 0.387597 0.751938
12338 51 97 0.395349 0.751938
12339 52 97 0.403101 0.751938
12340 53 97 0.410853 0.751938
12341 54 97 0.418605 0.751938
12342 55 97 0.426357 0.751938
12343 56 97 0.434109 0.751938
12344 57 97 0.44186 0.751938
12345 58 97 0.449612 0.751938
12346 59 97 0.457364 0.751938
12347 60 97 0.465116 0.751938
12348 61 97 0.472868 0.751938
12349 62 97 0.48062 0.751938
12350 63 97 0.488372 0.751938
12351 64 97 0.496124 0.751938
12352 65 97 0.503876 0.751938
12353 66 97 0.511628 0.751938
12354 67 97 0.51938 0.751938
12355 68 97 0.527132 0.751938
12356 69 97 0.534884 0.751938
12357 70 97 0.542636 0.751938
12358 71 97 0.550388 0.751938
12359 72 97 0.55814 0.751938
12360 73 97 0.565891 0.751938
12361 74 97 0.573643 0.751938
12362 75 97 0.581395 0.751938
12363 76 97 0.589147 0.751938
12364 77 97 0.596899 0.751938
12365 78 97 0.604651 0.751938
12366 79 97 0.612403 0.751938
12367 80 97 0.620155 0.751938
12368 81 97 0.627907 0.751938
12369 82 97 0.635659 0.751938
12370 83 97 0.643411 0.751938
12371 84 97 0.651163 0.751938
12372 85 97 0.658915 0.751938
12373 86 97 0.666667 0.751938
12374 87 97 0.674419 0.751938
12375 88 97 0.682171 0.751938
12376 89 97 0.689922 0.751938
12377 90 97 0.697674 0.751938
12378 91 97 0.705426 0.751938
12379 92 97 0.713178 0.751938
12380 93 97 0.72093 0.751938
12381 94 97 0.728682 0.751938
12382 95 97 0.736434 0.751938
12383 96 97 0.744186 0.751938
12384 97 97 0.751938 0.751938
12385 98 97 0.75969 0.751938
12386 99 97 0.767442 0.751938
12387 100 97 0.775194 0.751938
12388 101 97 0.782946 0.751938
12389 102 97 0.790698 0.751938
12390 103 97 0.79845 0.751938
12391 104 97 0.806202 0.751938
12392 105 97 0.813953 0.751938
12393 106 97 0.821705 0.751938
12394 107 97 0.829457 0.751938
12395 108 97 0.837209 0.751938
12396 109 97 0.844961 0.751938
12397 110 97 0.852713 0.751938
12398 111 97 0.860465 0.751938
12399 112 97 0.868217 0.751938
12400 113 97 0.875969 0.751938
12401 114 97 0.883721 0.751938
12402 115 97 0.891473 0.751938
12403 116 97 0.899225 0.751938
12404 117 97 0.906977 0.751938
12405 118 97 0.914729 0.751938
12406 119 97 0.922481 0.751938
12407 120 97 0.930233 0.751938
12408 121 97 0.937984 0.751938
12409 122 97 0.945736 0.751938
12410 123 97 0.953488 0.751938
12411 124 97 0.96124 0.751938
12412 125 97 0.968992 0.751938
12413 126 97 0.976744 0.751938
12414 127 97 0.984496 0.751938
12415 128 97 0.992248 0.751938
12416 1 98 0.00775194 0.75969
12417 2 98 0.0155039 0.75969
12418 3 98 0.0232558 0.75969
12419 4 98 0.0310078 0.75969
12420 5 98 0.0387597 0.75969
12421 6 98 0.0465116 0.75969
12422 7 98 0.0542636 0.75969
12423 8 98 0.0620155 0.75969
12424 9 98 0.0697674 0.75969
12425 10 98 0.0775194 0.75969
12426 11 98 0.0852713 0.75969
12427 12 98 0.0930233 0.75969
12428 13 98 0.100775 0.75969
12429 14 98 0.108527 0.75969
12430 15 98 0.116279 0.75969
12431 16 98 0.124031 0.75969
12432 17 98 0.131783 0.75969
12433 18 98 0.139535 0.75969
12434 19 98 0.147287 0.75969
12435 20 98 0.155039 0.75969
12436 21 98 0.162791 0.75969
12437 22 98 0.170543 0.75969
12438 23 98 0.178295 0.75969
12439 24 98 0.186047 0.75969
12440 25 98 0.193798 0.75969
12441 26 98 0.20155 0.75969
12442 27 98 0.209302 0.75969
12443 28 98 0.217054 0.75969
12444 29 98 0.224806 0.75969
12445 30 98 0.232558 0.75969
12446 31 98 0.24031 0.75969
12447 32 98 0.248062 0.75969
12448 33 98 0.255814 0.75969
12449 34 98 0.263566 0.75969
12450 35 98 0.271318 0.75969
12451 36 98 0.27907 0.75969
12452 37 98 0.286822 0.75969
12453 38 98 0.294574 0.75969
12454 39 98 0.302326 0.75969
12455 40 98 0.310078 0.75969
12456 41 98 0.317829 0.75969
12457 42 98 0.325581 0.75969
12458 43 98 0.333333 0.75969
12459 44 98 0.341085 0.75969
12460 45 98 0.348837 0.75969
12461 46 98 0.356589 0.75969
12462 47 98 0.364341 0.75969
12463 48 98 0.372093 0.75969
12464 49 98 0.379845 0.75969
12465 50 98 0.387597 0.75969
12466 51 98 0.395349 0.75969
12467 52 98 0.403101 0.75969
12468 53 98 0.410853 0.75969
12469 54 98 0.418605 0.75969
12470 55 98 0.426357 0.75969
12471 56 98 0.434109 0.75969
12472 57 98 0.44186 0.75969
12473 58 98 0.449612 0.75969
12474 59 98 0.457364 0.75969
12475 60 98 0.465116 0.75969
12476 61 98 0.472868 0.75969
12477 62 98 0.48062 0.75969
12478 63 98 0.488372 0.75969
12479 64 98 0.496124 0.75969
12480 65 98 0.503876 0.75969
12481 66 98 0.511628 0.75969
12482 67 98 0.51938 0.75969
12483 68 98 0.527132 0.75969
12484 69 98 0.534884 0.75969
12485 70 98 0.542636 0.75969
12486 71 98 0.550388 0.75969
12487 72 98 0.55814 0.75969
12488 73 98 0.565891 0.75969
12489 74 98 0.573643 0.75969
12490 75 98 0.581395 0.75969
12491 76 98 0.589147 0.75969
12492 77 98 0.596899 0.75969
12493 78 98 0.604651 0.75969
12494 79 98 0.612403 0.75969
12495 80 98 0.620155 0.75969
12496 81 98 0.627907 0.75969
12497 82 98 0.635659 0.75969
12498 83 98 0.643411 0.75969
12499 84 98 0.651163 0.75969
12500 85 98 0.658915 0.75969
12501 86 98 0.666667 0.75969
12502 87 98 0.674419 0.75969
12503 88 98 0.682171 0.75969
12504 89 98 0.689922 0.75969
12505 90 98 0.697674 0.75969
12506 91 98 0.705426 0.75969
12507 92 98 0.713178 0.75969
12508 93 98 0.72093 0.75969
12509 94 98 0.728682 0.75969
12510 95 98 0.736434 0.75969
12511 96 98 0.744186 0.75969
12512 97 98 0.751938 0.75969
12513 98 98 0.75969 0.75969
12514 99 98 0.767442 0.75969
12515 100 98 0.775194 0.75969
12516 101 98 0.782946 0.75969
12517 102 98 0.790698 0.75969
12518 103 98 0.79845 0.75969
12519 104 98 0.806202 0.75969
12520 105 98 0.813953 0.75969
12521 106 98 0.821705 0.75969
12522 107 98 0.829457 0.75969
12523 108 98 0.837209 0.75969
12524 109 98 0.844961 0.75969
12525 110 98 0.852713 0.75969
12526 111 98 0.860465 0.75969
12527 112 98 0.868217 0.75969
12528 113 98 0.875969 0.75969
12529 114 98 0.883721 0.75969
12530 115 98 0.891473 0.75969
12531 116 98 0.899225 0.75969
12532 117 98 0.906977 0.75969
12533 118 98 0.914729 0.75969
12534 119 98 0.922481 0.75969
12535 120 98 0.930233 0.75969
12536 121 98 0.937984 0.75969
12537 122 98 0.945736 0.75969
12538 123 98 0.953488 0.75969
12539 124 98 0.96124 0.75969
12540 125 98 0.968992 0.75969
12541 126 98 0.976744 0.75969
12542 127 98 0.984496 0.75969
12543 128 98 0.992248 0.75969
12544 1 99 0.00775194 0.767442
12545 2 99 0.0155039 0.767442
12546 3 99 0.0232558 0.767442
12547 4 99 0.0310078 0.767442
12548 5 99 0.0387597 0.767442
12549 6 99 0.0465116 0.767442
12550 7 99 0.0542636 0.767442
12551 8 99 0.0620155 0.767442
12552 9 99 0.0697674 0.767442
12553 10 99 0.0775194 0.767442
12554 11 99 0.0852713 0.767442
12555 12 99 0.0930233 0.767442
12556 13 99 0.100775 0.767442
12557 14 99 0.108527 0.767442
12558 15 99 0.116279 0.767442
12559 16 99 0.124031 0.767442
12560 17 99 0.131783 0.767442
12561 18 99 0.139535 0.767442
12562 19 99 0.147287 0.767442
12563 20 99 0.155039 0.767442
12564 21 99 0.162791 0.767442
12565 22 99 0.170543 0.767442
12566 23 99 0.178295 0.767442
12567 24 99 0.186047 0.767442
12568 25 99 0.193798 0.767442
12569 26 99 0.20155 0.767442
12570 27 99 0.209302 0.767442
12571 28 99 0.217054 0.767442
12572 29 99 0.224806 0.767442
12573 30 99 0.232558 0.767442
12574 31 99 0.24031 0.767442
12575 32 99 0.248062 0.767442
12576 33 99 0.255814 0.767442
12577 34 99 0.263566 0.767442
12578 35 99 0.271318 0.767442
12579 36 99 0.27907 0.767442
12580 37 99 0.286822 0.767442
12581 38 99 0.294574 0.767442
12582 39 99 0.302326 0.767442
12583 40 99 0.310078 0.767442
12584 41 99 0.317829 0.767442
12585 42 99 0.325581 0.767442
12586 43 99 0.333333 0.767442
12587 44 99 0.341085 0.767442
12588 45 99 0.348837 0.767442
12589 46 99 0.356589 0.767442
12590 47 99 0.364341 0.767442
12591 48 99 0.372093 0.767442
12592 49 99 0.379845 0.767442
12593 50 99 0.387597 0.767442
12594 51 99 0.395349 0.767442
12595 52 99 0.403101 0.767442
12596 53 99 0.410853 0.767442
12597 54 99 0.418605 0.767442
12598 55 99 0.426357 0.767442
12599 56 99 0.434109 0.767442
12600 57 99 0.44186 0.767442
12601 58 99 0.449612 0.767442
12602 59 99 0.457364 0.767442
12603 60 99 0.465116 0.767442
12604 61 99 0.472868 0.767442
12605 62 99 0.48062 0.767442
12606 63 99 0.488372 0.767442
12607 64 99 0.496124 0.767442
12608 65 99 0.503876 0.767442
12609 66 99 0.511628 0.767442
12610 67 99 0.51938 0.767442
12611 68 99 0.527132 0.767442
12612 69 99 0.534884 0.767442
12613 70 99 0.542636 0.767442
12614 71 99 0.550388 0.767442
12615 72 99 0.55814 0.767442
12616 73 99 0.565891 0.767442
12617 74 99 0.573643 0.767442
12618 75 99 0.581395 0.767442
12619 76 99 0.589147 0.767442
12620 77 99 0.596899 0.767442
12621 78 99 0.604651 0.767442
12622 79 99 0.612403 0.767442
12623 80 99 0.620155 0.767442
12624 81 99 0.627907 0.767442
12625 82 99 0.635659 0.767442
12626 83 99 0.643411 0.767442
12627 84 99 0.651163 0.767442
12628 85 99 0.658915 0.767442
12629 86 99 0.666667 0.767442
12630 87 99 0.674419 0.767442
12631 88 99 0.682171 0.767442
12632 89 99 0.689922 0.767442
12633 90 99 0.697674 0.767442
12634 91 99 0.705426 0.767442
12635 92 99 0.713178 0.767442
12636 93 99 0.72093 0.767442
12637 94 99 0.728682 0.767442
12638 95 99 0.736434 0.767442
12639 96 99 0.744186 0.767442
12640 97 99 0.751938 0.767442
12641 98 99 0.75969 0.767442
12642 99 99 0.767442 0.767442
12643 100 99 0.775194 0.767442
12644 101 99 0.782946 0.767442
12645 102 99 0.790698 0.767442
12646 103 99 0.79845 0.767442
12647 104 99 0.806202 0.767442
12648 105 99 0.813953 0.767442
12649 106 99 0.821705 0.767442
12650 107 99 0.829457 0.767442
12651 108 99 0.837209 0.767442
12652 109 99 0.844961 0.767442
12653 110 99 0.852713 0.767442
12654 111 99 0.860465 0.767442
12655 112 99 0.868217 0.767442
12656 113 99 0.875969 0.767442
12657 114 99 0.883721 0.767442
12658 115 99 0.891473 0.767442
12659 116 99 0.899225 0.767442
12660 117 99 0.906977 0.767442
12661 118 99 0.914729 0.767442
12662 119 99 0.922481 0.767442
12663 120 99 0.930233 0.767442
12664 121 99 0.937984 0.767442
12665 122 99 0.945736 0.767442
12666 123 99 0.953488 0.767442
12667 124 99 0.96124 0.767442
12668 125 99 0.968992 0.767442
12669 126 99 0.976744 0.767442
12670 127 99 0.984496 0.767442
12671 128 99 0.992248 0.767442
12672 1 100 0.00775194 0.775194
12673 2 100 0.0155039 0.775194
12674 3 100 0.0232558 0.775194
12675 4 100 0.0310078 0.775194
12676 5 100 0.0387597 0.775194
12677 6 100 0.0465116 0.775194
12678 7 100 0.0542636 0.775194
12679 8 100 0.0620155 0.775194
12680 9 100 0.0697674 0.775194
12681 10 100 0.0775194 0.775194
12682 11 100 0.0852713 0.775194
12683 12 100 0.0930233 0.775194
12684 13 100 0.100775 0.775194
12685 14 100 0.108527 0.775194
12686 15 100 0.116279 0.775194
12687 16 100 0.124031 0.775194
12688 17 100 0.131783 0.775194
12689 18 100 0.139535 0.775194
12690 19 100 0.147287 0.775194
12691 20 100 0.155039 0.775194
12692 21 100 0.162791 0.775194
12693 22 100 0.170543 0.775194
12694 23 100 0.178295 0.775194
12695 24 100 0.186047 0.775194
12696 25 100 0.193798 0.775194
12697 26 100 0.20155 0.775194
12698 27 100 0.209302 0.775194
12699 28 100 0.217054 0.775194
12700 29 100 0.224806 0.775194
12701 30 100 0.232558 0.775194
12702 31 100 0.24031 0.775194
12703 32 100 0.248062 0.775194
12704 33 100 0.255814 0.775194
12705 34 100 0.263566 0.775194
12706 35 100 0.271318 0.775194
12707 36 100 0.27907 0.775194
12708 37 100 0.286822 0.775194
12709 38 100 0.294574 0.775194
12710 39 100 0.302326 0.775194
12711 40 100 0.310078 0.775194
12712 41 100 0.317829 0.775194
12713 42 100 0.325581 0.775194
12714 43 100 0.333333 0.775194
12715 44 100 0.341085 0.775194
12716 45 100 0.348837 0.775194
12717 46 100 0.356589 0.775194
12718 47 100 0.364341 0.775194
12719 48 100 0.372093 0.775194
12720 49 100 0.379845 0.775194
12721 50 100 0.387597 0.775194
12722 51 100 0.395349 0.775194
12723 52 100 0.403101 0.775194
12724 53 100 0.410853 0.775194
12725 54 100 0.418605 0.775194
12726 55 100 0.426357 0.775194
12727 56 100 0.434109 0.775194
12728 57 100 0.44186 0.775194
12729 58 100 0.449612 0.775194
12730 59 100 0.457364 0.775194
12731 60 100 0.465116 0.775194
12732 61 100 0.472868 0.775194
12733 62 100 0.48062 0.775194
12734 63 100 0.488372 0.775194
12735 64 100 0.496124 0.775194
12736 65 100 0.503876 0.775194
12737 66 100 0.511628 0.775194
12738 67 100 0.51938 0.775194
12739 68 100 0.527132 0.775194
12740 69 100 0.534884 0.775194
12741 70 100 0.542636 0.775194
12742 71 100 0.550388 0.775194
12743 72 100 0.55814 0.775194
12744 73 100 0.565891 0.775194
12745 74 100 0.573643 0.775194
12746 75 100 0.581395 0.775194
12747 76 100 0.589147 0.775194
12748 77 100 0.596899 0.775194
12749 78 100 0.604651 0.775194
12750 79 100 0.612403 0.775194
12751 80 100 0.620155 0.775194
12752 81 100 0.627907 0.775194
12753 82 100 0.635659 0.775194
12754 83 100 0.643411 0.775194
12755 84 100 0.651163 0.775194
12756 85 100 0.658915 0.775194
12757 86 100 0.666667 0.775194
12758 87 100 0.674419 0.775194
12759 88 100 0.682171 0.775194
12760 89 100 0.689922 0.775194
12761 90 100 0.697674 0.775194
12762 91 100 0.705426 0.775194
12763 92 100 0.713178 0.775194
12764 93 100 0.72093 0.775194
12765 94 100 0.728682 0.775194
12766 95 100 0.736434 0.775194
12767 96 100 0.744186 0.775194
12768 97 100 0.751938 0.775194
12769 98 100 0.75969 0.775194
12770 99 100 0.767442 0.775194
12771 100 100 0.775194 0.775194
12772 101 100 0.782946 0.775194
12773 102 100 0.790698 0.775194
12774 103 100 0.79845 0.775194
12775 104 100 0.806202 0.775194
12776 105 100 0.813953 0.775194
12777 106 100 0.821705 0.775194
12778 107 100 0.829457 0.775194
12779 108 100 0.837209 0.775194
12780 109 100 0.844961 0.775194
12781 110 100 0.852713 0.775194
12782 111 100 0.860465 0.775194
12783 112 100 0.868217 0.775194
12784 113 100 0.875969 0.775194
12785 114 100 0.883721 0.775194
12786 115 100 0.891473 0.775194
12787 116 100 0.899225 0.775194
12788 117 100 0.906977 0.775194
12789 118 100 0.914729 0.775194
12790 119 100 0.922481 0.775194
12791 120 100 0.930233 0.775194
12792 121 100 0.937984 0.775194
12793 122 100 0.945736 0.775194
12794 123 100 0.953488 0.775194
12795 124 100 0.96124 0.775194
12796 125 100 0.968992 0.775194
12797 126 100 0.976744 0.775194
12798 127 100 0.984496 0.775194
12799 128 100 0.992248 0.775194
12800 1 101 0.00775194 0.782946
12801 2 101 0.0155039 0.782946
12802 3 101 0.0232558 0.782946
12803 4 101 0.0310078 0.782946
12804 5 101 0.0387597 0.782946
12805 6 101 0.0465116 0.782946
12806 7 101 0.0542636 0.782946
12807 8 101 0.0620155 0.782946
12808 9 101 0.0697674 0.782946
12809 10 101 0.0775194 0.782946
12810 11 101 0.0852713 0.782946
12811 12 101 0.0930233 0.782946
12812 13 101 0.100775 0.782946
12813 14 101 0.108527 0.782946
12814 15 101 0.116279 0.782946
12815 16 101 0.124031 0.782946
12816 17 101 0.131783 0.782946
12817 18 101 0.139535 0.782946
12818 19 101 0.147287 0.782946
12819 20 101 0.155039 0.782946
12820 21 101 0.162791 0.782946
12821 22 101 0.170543 0.782946
12822 23 101 0.178295 0.782946
12823 24 101 0.186047 0.782946
12824 25 101 0.193798 0.782946
12825 26 101 0.20155 0.782946
12826 27 101 0.209302 0.782946
12827 28 101 0.217054 0.782946
12828 29 101 0.224806 0.782946
12829 30 101 0.232558 0.782946
12830 31 101 0.24031 0.782946
12831 32 101 0.248062 0.782946
12832 33 101 0.255814 0.782946
12833 34 101 0.263566 0.782946
12834 35 101 0.271318 0.782946
12835 36 101 0.27907 0.782946
12836 37 101 0.286822 0.782946
12837 38 101 0.294574 0.782946
12838 39 101 0.302326 0.782946
12839 40 101 0.310078 0.782946
12840 41 101 0.317829 0.782946
12841 42 101 0.325581 0.782946
12842 43 101 0.333333 0.782946
12843 44 101 0.341085 0.782946
12844 45 101 0.348837 0.782946
12845 46 101 0.356589 0.782946
12846 47 101 0.364341 0.782946
12847 48 101 0.372093 0.782946
12848 49 101 0.379845 0.782946
12849 50 101 0.387597 0.782946
12850 51 101 0.395349 0.782946
12851 52 101 0.403101 0.782946
12852 53 101 0.410853 0.782946
12853 54 101 0.418605 0.782946
12854 55 101 0.426357 0.782946
12855 56 101 0.434109 0.782946
12856 57 101 0.44186 0.782946
12857 58 101 0.449612 0.782946
12858 59 101 0.457364 0.782946
12859 60 101 0.465116 0.782946
12860 61 101 0.472868 0.782946
12861 62 101 0.48062 0.782946
12862 63 101 0.488372 0.782946
12863 64 101 0.496124 0.782946
12864 65 101 0.503876 0.782946
12865 66 101 0.511628 0.782946
12866 67 101 0.51938 0.782946
12867 68 101 0.527132 0.782946
12868 69 101 0.534884 0.782946
12869 70 101 0.542636 0.782946
12870 71 101 0.550388 0.782946
12871 72 101 0.55814 0.782946
12872 73 101 0.565891 0.782946
12873 74 101 0.573643 0.782946
12874 75 101 0.581395 0.782946
12875 76 101 0.589147 0.782946
12876 77 101 0.596899 0.782946
12877 78 101 0.604651 0.782946
12878 79 101 0.612403 0.782946
12879 80 101 0.620155 0.782946
12880 81 101 0.627907 0.782946
12881 82 101 0.635659 0.782946
12882 83 101 0.643411 0.782946
12883 84 101 0.651163 0.782946
12884 85 101 0.658915 0.782946
12885 86 101 0.666667 0.782946
12886 87 101 0.674419 0.782946
12887 88 101 0.682171 0.782946
12888 89 101 0.689922 0.782946
12889 90 101 0.697674 0.782946
12890 91 101 0.705426 0.782946
12891 92 101 0.713178 0.782946
12892 93 101 0.72093 0.782946
12893 94 101 0.728682 0.782946
12894 95 101 0.736434 0.782946
12895 96 101 0.744186 0.782946
12896 97 101 0.751938 0.782946
12897 98 101 0.75969 0.782946
12898 99 101 0.767442 0.782946
12899 100 101 0.775194 0.782946
12900 101 101 0.782946 0.782946
12901 102 101 0.790698 0.782946
12902 103 101 0.79845 0.782946
12903 104 101 0.806202 0.782946
12904 105 101 0.813953 0.782946
12905 106 101 0.821705 0.782946
12906 107 101 0.829457 0.782946
12907 108 101 0.837209 0.782946
12908 109 101 0.844961 0.782946
12909 110 101 0.852713 0.782946
12910 111 101 0.860465 0.782946
12911 112 101 0.868217 0.782946
12912 113 101 0.875969 0.782946
12913 114 101 0.883721 0.782946
12914 115 101 0.891473 0.782946
12915 116 101 0.899225 0.782946
12916 117 101 0.906977 0.782946
12917 118 101 0.914729 0.782946
12918 119 101 0.922481 0.782946
12919 120 101 0.930233 0.782946
12920 121 101 0.937984 0.782946
12921 122 101 0.945736 0.782946
12922 123 101 0.953488 0.782946
12923 124 101 0.96124 0.782946
12924 125 101 0.968992 0.782946
12925 126 101 0.976744 0.782946
12926 127 101 0.984496 0.782946
12927 128 101 0.992248 0.782946
12928 1 102 0.00775194 0.790698
12929 2 102 0.0155039 0.790698
12930 3 102 0.0232558 0.790698
12931 4 102 0.0310078 0.790698
12932 5 102 0.0387597 0.790698
12933 6 102 0.0465116 0.790698
12934 7 102 0.0542636 0.790698
12935 8 102 0.0620155 0.790698
12936 9 102 0.0697674 0.790698
12937 10 102 0.0775194 0.790698
12938 11 102 0.0852713 0.790698
12939 12 102 0.0930233 0.790698
12940 13 102 0.100775 0.790698
12941 14 102 0.108527 0.790698
12942 15 102 0.116279 0.790698
12943 16 102 0.124031 0.790698
12944 17 102 0.131783 0.790698
12945 18 102 0.139535 0.790698
12946 19 102 0.147287 0.790698
12947 20 102 0.155039 0.790698
12948 21 102 0.162791 0.790698
12949 22 102 0.170543 0.790698
12950 23 102 0.178295 0.790698
12951 24 102 0.186047 0.790698
12952 25 102 0.193798 0.790698
12953 26 102 0.20155 0.790698
12954 27 102 0.209302 0.790698
12955 28 102 0.217054 0.790698
12956 29 102 0.224806 0.790698
12957 30 102 0.232558 0.790698
12958 31 102 0.24031 0.790698
12959 32 102 0.248062 0.790698
12960 33 102 0.255814 0.790698
12961 34 102 0.263566 0.790698
12962 35 102 0.271318 0.790698
12963 36 102 0.27907 0.790698
12964 37 102 0.286822 0.790698
12965 38 102 0.294574 0.790698
12966 39 102 0.302326 0.790698
12967 40 102 0.310078 0.790698
12968 41 102 0.317829 0.790698
12969 42 102 0.325581 0.790698
12970 43 102 0.333333 0.790698
12971 44 102 0.341085 0.790698
12972 45 102 0.348837 0.790698
12973 46 102 0.356589 0.790698
12974 47 102 0.364341 0.790698
12975 48 102 0.372093 0.790698
12976 49 102 0.379845 0.790698
12977 50 102 0.387597 0.790698
12978 51 102 0.395349 0.790698
12979 52 102 0.403101 0.790698
12980 53 102 0.410853 0.790698
12981 54 102 0.418605 0.790698
12982 55 102 0.426357 0.790698
12983 56 102 0.434109 0.790698
12984 57 102 0.44186 0.790698
12985 58 102 0.449612 0.790698
12986 59 102 0.457364 0.790698
12987 60 102 0.465116 0.790698
12988 61 102 0.472868 0.790698
12989 62 102 0.48062 0.790698
12990 63 102 0.488372 0.790698
12991 64 102 0.496124 0.790698
12992 65 102 0.503876 0.790698
12993 66 102 0.511628 0.790698
12994 67 102 0.51938 0.790698
12995 68 102 0.527132 0.790698
12996 69 102 0.534884 0.790698
12997 70 102 0.542636 0.790698
12998 71 102 0.550388 0.790698
12999 72 102 0.55814 0.790698
13000 73 102 0.565891 0.790698
13001 74 102 0.573643 0.790698
13002 75 102 0.581395 0.790698
13003 76 102 0.589147 0.790698
13004 77 102 0.596899 0.790698
13005 78 102 0.604651 0.790698
13006 79 102 0.612403 0.790698
13007 80 102 0.620155 0.790698
13008 81 102 0.627907 0.790698
13009 82 102 0.635659 0.790698
13010 83 102 0.643411 0.790698
13011 84 102 0.651163 0.790698
13012 85 102 0.658915 0.790698
13013 86 102 0.666667 0.790698
13014 87 102 0.674419 0.790698
13015 88 102 0.682171 0.790698
13016 89 102 0.689922 0.790698
13017 90 102 0.697674 0.790698
13018 91 102 0.705426 0.790698
13019 92 102 0.713178 0.790698
13020 93 102 0.72093 0.790698
13021 94 102 0.728682 0.790698
13022 95 102 0.736434 0.790698
13023 96 102 0.744186 0.790698
13024 97 102 0.751938 0.790698
13025 98 102 0.75969 0.790698
13026 99 102 0.767442 0.790698
13027 100 102 0.775194 0.790698
13028 101 102 0.782946 0.790698
13029 102 102 0.790698 0.790698
13030 103 102 0.79845 0.790698
13031 104 102 0.806202 0.790698
13032 105 102 0.813953 0.790698
13033 106 102 0.821705 0.790698
13034 107 102 0.829457 0.790698
13035 108 102 0.837209 0.790698
13036 109 102 0.844961 0.790698
13037 110 102 0.852713 0.790698
13038 111 102 0.860465 0.790698
13039 112 102 0.868217 0.790698
13040 113 102 0.875969 0.790698
13041 114 102 0.883721 0.790698
13042 115 102 0.891473 0.790698
13043 116 102 0.899225 0.790698
13044 117 102 0.906977 0.790698
13045 118 102 0.914729 0.790698
13046 119 102 0.922481 0.790698
13047 120 102 0.930233 0.790698
13048 121 102 0.937984 0.790698
13049 122 102 0.945736 0.790698
13050 123 102 0.953488 0.790698
13051 124 102 0.96124 0.790698
13052 125 102 0.968992 0.790698
13053 126 102 0.976744 0.790698
13054 127 102 0.984496 0.790698
13055 128 102 0.992248 0.790698
13056 1 103 0.00775194 0.79845
13057 2 103 0.0155039 0.79845
13058 3 103 0.0232558 0.79845
13059 4 103 0.0310078 0.79845
13060 5 103 0.0387597 0.79845
13061 6 103 0.0465116 0.79845
13062 7 103 0.0542636 0.79845
13063 8 103 0.0620155 0.79845
13064 9 103 0.0697674 0.79845
13065 10 103 0.0775194 0.79845
13066 11 103 0.0852713 0.79845
13067 12 103 0.0930233 0.79845
13068 13 103 0.100775 0.79845
13069 14 103 0.108527 0.79845
13070 15 103 0.116279 0.79845
13071 16 103 0.124031 0.79845
13072 17 103 0.131783 0.79845
13073 18 103 0.139535 0.79845
13074 19 103 0.147287 0.79845
13075 20 103 0.155039 0.79845
13076 21 103 0.162791 0.79845
13077 22 103 0.170543 0.79845
13078 23 103 0.178295 0.79845
13079 24 103 0.186047 0.79845
13080 25 103 0.193798 0.79845
13081 26 103 0.20155 0.79845
13082 27 103 0.209302 0.79845
13083 28 103 0.217054 0.79845
13084 29 103 0.224806 0.79845
13085 30 103 0.232558 0.79845
13086 31 103 0.24031 0.79845
13087 32 103 0.248062 0.79845
13088 33 103 0.255814 0.79845
13089 34 103 0.263566 0.79845
13090 35 103 0.271318 0.79845
13091 36 103 0.27907 0.79845
13092 37 103 0.286822 0.79845
13093 38 103 0.294574 0.79845
13094 39 103 0.302326 0.79845
13095 40 103 0.310078 0.79845
13096 41 103 0.317829 0.79845
13097 42 103 0.325581 0.79845
13098 43 103 0.333333 0.79845
13099 44 103 0.341085 0.79845
13100 45 103 0.348837 0.79845
13101 46 103 0.356589 0.79845
13102 47 103 0.364341 0.79845
13103 48 103 0.372093 0.79845
13104 49 103 0.379845 0.79845
13105 50 103 0.387597 0.79845
13106 51 103 0.395349 0.79845
13107 52 103 0.403101 0.79845
13108 53 103 0.410853 0.79845
13109 54 103 0.418605 0.79845
13110 55 103 0.426357 0.79845
13111 56 103 0.434109 0.79845
13112 57 103 0.44186 0.79845
13113 58 103 0.449612 0.79845
13114 59 103 0.457364 0.79845
13115 60 103 0.465116 0.79845
13116 61 103 0.472868 0.79845
13117 62 103 0.48062 0.79845
13118 63 103 0.488372 0.79845
13119 64 103 0.496124 0.79845
13120 65 103 0.503876 0.79845
13121 66 103 0.511628 0.79845
13122 67 103 0.51938 0.79845
13123 68 103 0.527132 0.79845
13124 69 103 0.534884 0.79845
13125 70 103 0.542636 0.79845
13126 71 103 0.550388 0.79845
13127 72 103 0.55814 0.79845
13128 73 103 0.565891 0.79845
13129 74 103 0.573643 0.79845
13130 75 103 0.581395 0.79845
13131 76 103 0.589147 0.79845
13132 77 103 0.596899 0.79845
13133 78 103 0.604651 0.79845
13134 79 103 0.612403 0.79845
13135 80 103 0.620155 0.79845
13136 81 103 0.627907 0.79845
13137 82 103 0.635659 0.79845
13138 83 103 0.643411 0.79845
13139 84 103 0.651163 0.79845
13140 85 103 0.658915 0.79845
13141 86 103 0.666667 0.79845
13142 87 103 0.674419 0.79845
13143 88 103 0.682171 0.79845
13144 89 103 0.689922 0.79845
13145 90 103 0.697674 0.79845
13146 91 103 0.705426 0.79845
13147 92 103 0.713178 0.79845
13148 93 103 0.72093 0.79845
13149 94 103 0.728682 0.79845
13150 95 103 0.736434 0.79845
13151 96 103 0.744186 0.79845
13152 97 103 0.751938 0.79845
13153 98 103 0.75969 0.79845
13154 99 103 0.767442 0.79845
13155 100 103 0.775194 0.79845
13156 101 103 0.782946 0.79845
13157 102 103 0.790698 0.79845
13158 103 103 0.79845 0.79845
13159 104 103 0.806202 0.79845
13160 105 103 0.813953 0.79845
13161 106 103 0.821705 0.79845
13162 107 103 0.829457 0.79845
13163 108 103 0.837209 0.79845
13164 109 103 0.844961 0.79845
13165 110 103 0.852713 0.79845
13166 111 103 0.860465 0.79845
13167 112 103 0.868217 0.79845
13168 113 103 0.875969 0.79845
13169 114 103 0.883721 0.79845
13170 115 103 0.891473 0.79845
13171 116 103 0.899225 0.79845
13172 117 103 0.906977 0.79845
13173 118 103 0.914729 0.79845
13174 119 103 0.922481 0.79845
13175 120 103 0.930233 0.79845
13176 121 103 0.937984 0.79845
13177 122 103 0.945736 0.79845
13178 123 103 0.953488 0.79845
13179 124 103 0.96124 0.79845
13180 125 103 0.968992 0.79845
13181 126 103 0.976744 0.79845
13182 127 103 0.984496 0.79845
13183 128 103 0.992248 0.79845
13184 1 104 0.00775194 0.806202
13185 2 104 0.0155039 0.806202
13186 3 104 0.0232558 0.806202
13187 4 104 0.0310078 0.806202
13188 5 104 0.0387597 0.806202
13189 6 104 0.0465116 0.806202
13190 7 104 0.0542636 0.806202
13191 8 104 0.0620155 0.806202
13192 9 104 0.0697674 0.806202
13193 10 104 0.0775194 0.806202
13194 11 104 0.0852713 0.806202
13195 12 104 0.0930233 0.806202
13196 13 104 0.100775 0.806202
13197 14 104 0.108527 0.806202
13198 15 104 0.116279 0.806202
13199 16 104 0.124031 0.806202
13200 17 104 0.131783 0.806202
13201 18 104 0.139535 0.806202
13202 19 104 0.147287 0.806202
13203 20 104 0.155039 0.806202
13204 21 104 0.162791 0.806202
13205 22 104 0.170543 0.806202
13206 23 104 0.178295 0.806202
13207 24 104 0.186047 0.806202
13208 25 104 0.193798 0.806202
13209 26 104 0.20155 0.806202
13210 27 104 0.209302 0.806202
13211 28 104 0.217054 0.806202
13212 29 104 0.224806 0.806202
13213 30 104 0.232558 0.806202
13214 31 104 0.24031 0.806202
13215 32 104 0.248062 0.806202
13216 33 104 0.255814 0.806202
13217 34 104 0.263566 0.806202
13218 35 104 0.271318 0.806202
13219 36 104 0.27907 0.806202
13220 37 104 0.286822 0.806202
13221 38 104 0.294574 0.806202
13222 39 104 0.302326 0.806202
13223 40 104 0.310078 0.806202
13224 41 104 0.317829 0.806202
13225 42 104 0.325581 0.806202
13226 43 104 0.333333 0.806202
13227 44 104 0.341085 0.806202
13228 45 104 0.348837 0.806202
13229 46 104 0.356589 0.806202
13230 47 104 0.364341 0.806202
13231 48 104 0.372093 0.806202
13232 49 104 0.379845 0.806202
13233 50 104 0.387597 0.806202
13234 51 104 0.395349 0.806202
13235 52 104 0.403101 0.806202
13236 53 104 0.410853 0.806202
13237 54 104 0.418605 0.806202
13238 55 104 0.426357 0.806202
13239 56 104 0.434109 0.806202
13240 57 104 0.44186 0.806202
13241 58 104 0.449612 0.806202
13242 59 104 0.457364 0.806202
13243 60 104 0.465116 0.806202
13244 61 104 0.472868 0.806202
13245 62 104 0.48062 0.806202
13246 63 104 0.488372 0.806202
13247 64 104 0.496124 0.806202
13248 65 104 0.503876 0.806202
13249 66 104 0.511628 0.806202
13250 67 104 0.51938 0.806202
13251 68 104 0.527132 0.806202
13252 69 104 0.534884 0.806202
13253 70 104 0.542636 0.806202
13254 71 104 0.550388 0.806202
13255 72 104 0.55814 0.806202
13256 73 104 0.565891 0.806202
13257 74 104 0.573643 0.806202
13258 75 104 0.581395 0.806202
13259 76 104 0.589147 0.806202
13260 77 104 0.596899 0.806202
13261 78 104 0.604651 0.806202
13262 79 104 0.612403 0.806202
13263 80 104 0.620155 0.806202
13264 81 104 0.627907 0.806202
13265 82 104 0.635659 0.806202
13266 83 104 0.643411 0.806202
13267 84 104 0.651163 0.806202
13268 85 104 0.658915 0.806202
13269 86 104 0.666667 0.806202
13270 87 104 0.674419 0.806202
13271 88 104 0.682171 0.806202
13272 89 104 0.689922 0.806202
13273 90 104 0.697674 0.806202
13274 91 104 0.705426 0.806202
13275 92 104 0.713178 0.806202
13276 93 104 0.72093 0.806202
13277 94 104 0.728682 0.806202
13278 95 104 0.736434 0.806202
13279 96 104 0.744186 0.806202
13280 97 104 0.751938 0.806202
13281 98 104 0.75969 0.806202
13282 99 104 0.767442 0.806202
13283 100 104 0.775194 0.806202
13284 101 104 0.782946 0.806202
13285 102 104 0.790698 0.806202
13286 103 104 0.79845 0.806202
13287 104 104 0.806202 0.806202
13288 105 104 0.813953 0.806202
13289 106 104 0.821705 0.806202
13290 107 104 0.829457 0.806202
13291 108 104 0.837209 0.806202
13292 109 104 0.844961 0.806202
13293 110 104 0.852713 0.806202
13294 111 104 0.860465 0.806202
13295 112 104 0.868217 0.806202
13296 113 104 0.875969 0.806202
13297 114 104 0.883721 0.806202
13298 115 104 0.891473 0.806202
13299 116 104 0.899225 0.806202
13300 117 104 0.906977 0.806202
13301 118 104 0.914729 0.806202
13302 119 104 0.922481 0.806202
13303 120 104 0.930233 0.806202
13304 121 104 0.937984 0.806202
13305 122 104 0.945736 0.806202
13306 123 104 0.953488 0.806202
13307 124 104 0.96124 0.806202
13308 125 104 0.968992 0.806202
13309 126 104 0.976744 0.806202
13310 127 104 0.984496 0.806202
13311 128 104 0.992248 0.806202
13312 1 105 0.00775194 0.813953
13313 2 105 0.0155039 0.813953
13314 3 105 0.0232558 0.813953
13315 4 105 0.0310078 0.813953
13316 5 105 0.0387597 0.813953
13317 6 105 0.0465116 0.813953
13318 7 105 0.0542636 0.813953
13319 8 105 0.0620155 0.813953
13320 9 105 0.0697674 0.813953
13321 10 105 0.0775194 0.813953
13322 11 105 0.0852713 0.813953
13323 12 105 0.0930233 0.813953
13324 13 105 0.100775 0.813953
13325 14 105 0.108527 0.813953
13326 15 105 0.116279 0.813953
13327 16 105 0.124031 0.813953
13328 17 105 0.131783 0.813953
13329 18 105 0.139535 0.813953
13330 19 105 0.147287 0.813953
13331 20 105 0.155039 0.813953
13332 21 105 0.162791 0.813953
13333 22 105 0.170543 0.813953
13334 23 105 0.178295 0.813953
13335 24 105 0.186047 0.813953
13336 25 105 0.193798 0.813953
13337 26 105 0.20155 0.813953
13338 27 105 0.209302 0.813953
13339 28 105 0.217054 0.813953
13340 29 105 0.224806 0.813953
13341 30 105 0.232558 0.813953
13342 31 105 0.24031 0.813953
13343 32 105 0.248062 0.813953
13344 33 105 0.255814 0.813953
13345 34 105 0.263566 0.813953
13346 35 105 0.271318 0.813953
13347 36 105 0.27907 0.813953
13348 37 105 0.286822 0.813953
13349 38 105 0.294574 0.813953
13350 39 105 0.302326 0.813953
13351 40 105 0.310078 0.813953
13352 41 105 0.317829 0.813953
13353 42 105 0.325581 0.813953
13354 43 105 0.333333 0.813953
13355 44 105 0.341085 0.813953
13356 45 105 0.348837 0.813953
13357 46 105 0.356589 0.813953
13358 47 105 0.364341 0.813953
13359 48 105 0.372093 0.813953
13360 49 105 0.379845 0.813953
13361 50 105 0.387597 0.813953
13362 51 105 0.395349 0.813953
13363 52 105 0.403101 0.813953
13364 53 105 0.410853 0.813953
13365 54 105 0.418605 0.813953
13366 55 105 0.426357 0.813953
13367 56 105 0.434109 0.813953
13368 57 105 0.44186 0.813953
13369 58 105 0.449612 0.813953
13370 59 105 0.457364 0.813953
13371 60 105 0.465116 0.813953
13372 61 105 0.472868 0.813953
13373 62 105 0.48062 0.813953
13374 63 105 0.488372 0.813953
13375 64 105 0.496124 0.813953
13376 65 105 0.503876 0.813953
13377 66 105 0.511628 0.813953
13378 67 105 0.51938 0.813953
13379 68 105 0.527132 0.813953
13380 69 105 0.534884 0.813953
13381 70 105 0.542636 0.813953
13382 71 105 0.550388 0.813953
13383 72 105 0.55814 0.813953
13384 73 105 0.565891 0.813953
13385 74 105 0.573643 0.813953
13386 75 105 0.581395 0.813953
13387 76 105 0.589147 0.813953
13388 77 105 0.596899 0.813953
13389 78 105 0.604651 0.813953
13390 79 105 0.612403 0.813953
13391 80 105 0.620155 0.813953
13392 81 105 0.627907 0.813953
13393 82 105 0.635659 0.813953
13394 83 105 0.643411 0.813953
13395 84 105 0.651163 0.813953
13396 85 105 0.658915 0.813953
13397 86 105 0.666667 0.813953
13398 87 105 0.674419 0.813953
13399 88 105 0.682171 0.813953
13400 89 105 0.689922 0.813953
13401 90 105 0.697674 0.813953
13402 91 105 0.705426 0.813953
13403 92 105 0.713178 0.813953
13404 93 105 0.72093 0.813953
13405 94 105 0.728682 0.813953
13406 95 105 0.736434 0.813953
13407 96 105 0.744186 0.813953
13408 97 105 0.751938 0.813953
13409 98 105 0.75969 0.813953
13410 99 105 0.767442 0.813953
13411 100 105 0.775194 0.813953
13412 101 105 0.782946 0.813953
13413 102 105 0.790698 0.813953
13414 103 105 0.79845 0.813953
13415 104 105 0.806202 0.813953
13416 105 105 0.813953 0.813953
13417 106 105 0.821705 0.813953
13418 107 105 0.829457 0.813953
13419 108 105 0.837209 0.813953
13420 109 105 0.844961 0.813953
13421 110 105 0.852713 0.813953
13422 111 105 0.860465 0.813953
13423 112 105 0.868217 0.813953
13424 113 105 0.875969 0.813953
13425 114 105 0.883721 0.813953
13426 115 105 0.891473 0.813953
13427 116 105 0.899225 0.813953
13428 117 105 0.906977 0.813953
13429 118 105 0.914729 0.813953
13430 119 105 0.922481 0.813953
13431 120 105 0.930233 0.813953
13432 121 105 0.937984 0.813953
13433 122 105 0.945736 0.813953
13434 123 105 0.953488 0.813953
13435 124 105 0.96124 0.813953
13436 125 105 0.968992 0.813953
13437 126 105 0.976744 0.813953
13438 127 105 0.984496 0.813953
13439 128 105 0.992248 0.813953
13440 1 106 0.00775194 0.821705
13441 2 106 0.0155039 0.821705
13442 3 106 0.0232558 0.821705
13443 4 106 0.0310078 0.821705
13444 5 106 0.0387597 0.821705
13445 6 106 0.0465116 0.821705
13446 7 106 0.0542636 0.821705
13447 8 106 0.0620155 0.821705
13448 9 106 0.0697674 0.821705
13449 10 106 0.0775194 0.821705
13450 11 106 0.0852713 0.821705
13451 12 106 0.0930233 0.821705
13452 13 106 0.100775 0.821705
13453 14 106 0.108527 0.821705
13454 15 106 0.116279 0.821705
13455 16 106 0.124031 0.821705
13456 17 106 0.131783 0.821705
13457 18 106 0.139535 0.821705
13458 19 106 0.147287 0.821705
13459 20 106 0.155039 0.821705
13460 21 106 0.162791 0.821705
13461 22 106 0.170543 0.821705
13462 23 106 0.178295 0.821705
13463 24 106 0.186047 0.821705
13464 25 106 0.193798 0.821705
13465 26 106 0.20155 0.821705
13466 27 106 0.209302 0.821705
13467 28 106 0.217054 0.821705
13468 29 106 0.224806 0.821705
13469 30 106 0.232558 0.821705
13470 31 106 0.24031 0.821705
13471 32 106 0.248062 0.821705
13472 33 106 0.255814 0.821705
13473 34 106 0.263566 0.821705
13474 35 106 0.271318 0.821705
13475 36 106 0.27907 0.821705
13476 37 106 0.286822 0.821705
13477 38 106 0.294574 0.821705
13478 39 106 0.302326 0.821705
13479 40 106 0.310078 0.821705
13480 41 106 0.317829 0.821705
13481 42 106 0.325581 0.821705
13482 43 106 0.333333 0.821705
13483 44 106 0.341085 0.821705
13484 45 106 0.348837 0.821705
13485 46 106 0.356589 0.821705
13486 47 106 0.364341 0.821705
13487 48 106 0.372093 0.821705
13488 49 106 0.379845 0.821705
13489 50 106 0.387597 0.821705
13490 51 106 0.395349 0.821705
13491 52 106 0.403101 0.821705
13492 53 106 0.410853 0.821705
13493 54 106 0.418605 0.821705
13494 55 106 0.426357 0.821705
13495 56 106 0.434109 0.821705
13496 57 106 0.44186 0.821705
13497 58 106 0.449612 0.821705
13498 59 106 0.457364 0.821705
13499 60 106 0.465116 0.821705
13500 61 106 0.472868 0.821705
13501 62 106 0.48062 0.821705
13502 63 106 0.488372 0.821705
13503 64 106 0.496124 0.821705
13504 65 106 0.503876 0.821705
13505 66 106 0.511628 0.821705
13506 67 106 0.51938 0.821705
13507 68 106 0.527132 0.821705
13508 69 106 0.534884 0.821705
13509 70 106 0.542636 0.821705
13510 71 106 0.550388 0.821705
13511 72 106 0.55814 0.821705
13512 73 106 0.565891 0.821705
13513 74 106 0.573643 0.821705
13514 75 106 0.581395 0.821705
13515 76 106 0.589147 0.821705
13516 77 106 0.596899 0.821705
13517 78 106 0.604651 0.821705
13518 79 106 0.612403 0.821705
13519 80 106 0.620155 0.821705
13520 81 106 0.627907 0.821705
13521 82 106 0.635659 0.821705
13522 83 106 0.643411 0.821705
13523 84 106 0.651163 0.821705
13524 85 106 0.658915 0.821705
13525 86 106 0.666667 0.821705
13526 87 106 0.674419 0.821705
13527 88 106 0.682171 0.821705
13528 89 106 0.689922 0.821705
13529 90 106 0.697674 0.821705
13530 91 106 0.705426 0.821705
13531 92 106 0.713178 0.821705
13532 93 106 0.72093 0.821705
13533 94 106 0.728682 0.821705
13534 95 106 0.736434 0.821705
13535 96 106 0.744186 0.821705
13536 97 106 0.751938 0.821705
13537 98 106 0.75969 0.821705
13538 99 106 0.767442 0.821705
13539 100 106 0.775194 0.821705
13540 101 106 0.782946 0.821705
13541 102 106 0.790698 0.821705
13542 103 106 0.79845 0.821705
13543 104 106 0.806202 0.821705
13544 105 106 0.813953 0.821705
13545 106 106 0.821705 0.821705
13546 107 106 0.829457 0.821705
13547 108 106 0.837209 0.821705
13548 109 106 0.844961 0.821705
13549 110 106 0.852713 0.821705
13550 111 106 0.860465 0.821705
13551 112 106 0.868217 0.821705
13552 113 106 0.875969 0.821705
13553 114 106 0.883721 0.821705
13554 115 106 0.891473 0.821705
13555 116 106 0.899225 0.821705
13556 117 106 0.906977 0.821705
13557 118 106 0.914729 0.821705
13558 119 106 0.922481 0.821705
13559 120 106 0.930233 0.821705
13560 121 106 0.937984 0.821705
13561 122 106 0.945736 0.821705
13562 123 106 0.953488 0.821705
13563 124 106 0.96124 0.821705
13564 125 106 0.968992 0.821705
13565 126 106 0.976744 0.821705
13566 127 106 0.984496 0.821705
13567 128 106 0.992248 0.821705
13568 1 107 0.00775194 0.829457
13569 2 107 0.0155039 0.829457
13570 3 107 0.0232558 0.829457
13571 4 107 0.0310078 0.829457
13572 5 107 0.0387597 0.829457
13573 6 107 0.0465116 0.829457
13574 7 107 0.0542636 0.829457
13575 8 107 0.0620155 0.829457
13576 9 107 0.0697674 0.829457
13577 10 107 0.0775194 0.829457
13578 11 107 0.0852713 0.829457
13579 12 107 0.0930233 0.829457
13580 13 107 0.100775 0.829457
13581 14 107 0.108527 0.829457
13582 15 107 0.116279 0.829457
13583 16 107 0.124031 0.829457
13584 17 107 0.131783 0.829457
13585 18 107 0.139535 0.829457
13586 19 107 0.147287 0.829457
13587 20 107 0.155039 0.829457
13588 21 107 0.162791 0.829457
13589 22 107 0.170543 0.829457
13590 23 107 0.178295 0.829457
13591 24 107 0.186047 0.829457
13592 25 107 0.193798 0.829457
13593 26 107 0.20155 0.829457
13594 27 107 0.209302 0.829457
13595 28 107 0.217054 0.829457
13596 29 107 0.224806 0.829457
13597 30 107 0.232558 0.829457
13598 31 107 0.24031 0.829457
13599 32 107 0.248062 0.829457
13600 33 107 0.255814 0.829457
13601 34 107 0.263566 0.829457
13602 35 107 0.271318 0.829457
13603 36 107 0.27907 0.829457
13604 37 107 0.286822 0.829457
13605 38 107 0.294574 0.829457
13606 39 107 0.302326 0.829457
13607 40 107 0.310078 0.829457
13608 41 107 0.317829 0.829457
13609 42 107 0.325581 0.829457
13610 43 107 0.333333 0.829457
13611 44 107 0.341085 0.829457
13612 45 107 0.348837 0.829457
13613 46 107 0.356589 0.829457
13614 47 107 0.364341 0.829457
13615 48 107 0.372093 0.829457
13616 49 107 0.379845 0.829457
13617 50 107 0.387597 0.829457
13618 51 107 0.395349 0.829457
13619 52 107 0.403101 0.829457
13620 53 107 0.410853 0.829457
13621 54 107 0.418605 0.829457
13622 55 107 0.426357 0.829457
13623 56 107 0.434109 0.829457
13624 57 107 0.44186 0.829457
13625 58 107 0.449612 0.829457
13626 59 107 0.457364 0.829457
13627 60 107 0.465116 0.829457
13628 61 107 0.472868 0.829457
13629 62 107 0.48062 0.829457
13630 63 107 0.488372 0.829457
13631 64 107 0.496124 0.829457
13632 65 107 0.503876 0.829457
13633 66 107 0.511628 0.829457
13634 67 107 0.51938 0.829457
13635 68 107 0.527132 0.829457
13636 69 107 0.534884 0.829457
13637 70 107 0.542636 0.829457
13638 71 107 0.550388 0.829457
13639 72 107 0.55814 0.829457
13640 73 107 0.565891 0.829457
13641 74 107 0.573643 0.829457
13642 75 107 0.581395 0.829457
13643 76 107 0.589147 0.829457
13644 77 107 0.596899 0.829457
13645 78 107 0.604651 0.829457
13646 79 107 0.612403 0.829457
13647 80 107 0.620155 0.829457
13648 81 107 0.627907 0.829457
13649 82 107 0.635659 0.829457
13650 83 107 0.643411 0.829457
13651 84 107 0.651163 0.829457
13652 85 107 0.658915 0.829457
13653 86 107 0.666667 0.829457
13654 87 107 0.674419 0.829457
13655 88 107 0.682171 0.829457
13656 89 107 0.689922 0.829457
13657 90 107 0.697674 0.829457
13658 91 107 0.705426 0.829457
13659 92 107 0.713178 0.829457
13660 93 107 0.72093 0.829457
13661 94 107 0.728682 0.829457
13662 95 107 0.736434 0.829457
13663 96 107 0.744186 0.829457
13664 97 107 0.751938 0.829457
13665 98 107 0.75969 0.829457
13666 99 107 0.767442 0.829457
13667 100 107 0.775194 0.829457
13668 101 107 0.782946 0.829457
13669 102 107 0.790698 0.829457
13670 103 107 0.79845 0.829457
13671 104 107 0.806202 0.829457
13672 105 107 0.813953 0.829457
13673 106 107 0.821705 0.829457
13674 107 107 0.829457 0.829457
13675 108 107 0.837209 0.829457
13676 109 107 0.844961 0.829457
13677 110 107 0.852713 0.829457
13678 111 107 0.860465 0.829457
13679 112 107 0.868217 0.829457
13680 113 107 0.875969 0.829457
13681 114 107 0.883721 0.829457
13682 115 107 0.891473 0.829457
13683 116 107 0.899225 0.829457
13684 117 107 0.906977 0.829457
13685 118 107 0.914729 0.829457
13686 119 107 0.922481 0.829457
13687 120 107 0.930233 0.829457
13688 121 107 0.937984 0.829457
13689 122 107 0.945736 0.829457
13690 123 107 0.953488 0.829457
13691 124 107 0.96124 0.829457
13692 125 107 0.968992 0.829457
13693 126 107 0.976744 0.829457
13694 127 107 0.984496 0.829457
13695 128 107 0.992248 0.829457
13696 1 108 0.00775194 0.837209
13697 2 108 0.0155039 0.837209
13698 3 108 0.0232558 0.837209
13699 4 108 0.0310078 0.837209
13700 5 108 0.0387597 0.837209
13701 6 108 0.0465116 0.837209
13702 7 108 0.0542636 0.837209
13703 8 108 0.0620155 0.837209
13704 9 108 0.0697674 0.837209
13705 10 108 0.0775194 0.837209
13706 11 108 0.0852713 0.837209
13707 12 108 0.0930233 0.837209
13708 13 108 0.100775 0.837209
13709 14 108 0.108527 0.837209
13710 15 108 0.116279 0.837209
13711 16 108 0.124031 0.837209
13712 17 108 0.131783 0.837209
13713 18 108 0.139535 0.837209
13714 19 108 0.147287 0.837209
13715 20 108 0.155039 0.837209
13716 21 108 0.162791 0.837209
13717 22 108 0.170543 0.837209
13718 23 108 0.178295 0.837209
13719 24 108 0.186047 0.837209
13720 25 108 0.193798 0.837209
13721 26 108 0.20155 0.837209
13722 27 108 0.209302 0.837209
13723 28 108 0.217054 0.837209
13724 29 108 0.224806 0.837209
13725 30 108 0.232558 0.837209
13726 31 108 0.24031 0.837209
13727 32 108 0.248062 0.837209
13728 33 108 0.255814 0.837209
13729 34 108 0.263566 0.837209
13730 35 108 0.271318 0.837209
13731 36 108 0.27907 0.837209
13732 37 108 0.286822 0.837209
13733 38 108 0.294574 0.837209
13734 39 108 0.302326 0.837209
13735 40 108 0.310078 0.837209
13736 41 108 0.317829 0.837209
13737 42 108 0.325581 0.837209
13738 43 108 0.333333 0.837209
13739 44 108 0.341085 0.837209
13740 45 108 0.348837 0.837209
13741 46 108 0.356589 0.837209
13742 47 108 0.364341 0.837209
13743 48 108 0.372093 0.837209
13744 49 108 0.379845 0.837209
13745 50 108 0.387597 0.837209
13746 51 108 0.395349 0.837209
13747 52 108 0.403101 0.837209
13748 53 108 0.410853 0.837209
13749 54 108 0.418605 0.837209
13750 55 108 0.426357 0.837209
13751 56 108 0.434109 0.837209
13752 57 108 0.44186 0.837209
13753 58 108 0.449612 0.837209
13754 59 108 0.457364 0.837209
13755 60 108 0.465116 0.837209
13756 61 108 0.472868 0.837209
13757 62 108 0.48062 0.837209
13758 63 108 0.488372 0.837209
13759 64 108 0.496124 0.837209
13760 65 108 0.503876 0.837209
13761 66 108 0.511628 0.837209
13762 67 108 0.51938 0.837209
13763 68 108 0.527132 0.837209
13764 69 108 0.534884 0.837209
13765 70 108 0.542636 0.837209
13766 71 108 0.550388 0.837209
13767 72 108 0.55814 0.837209
13768 73 108 0.565891 0.837209
13769 74 108 0.573643 0.837209
13770 75 108 0.581395 0.837209
13771 76 108 0.589147 0.837209
13772 77 108 0.596899 0.837209
13773 78 108 0.604651 0.837209
13774 79 108 0.612403 0.837209
13775 80 108 0.620155 0.837209
13776 81 108 0.627907 0.837209
13777 82 108 0.635659 0.837209
13778 83 108 0.643411 0.837209
13779 84 108 0.651163 0.837209
13780 85 108 0.658915 0.837209
13781 86 108 0.666667 0.837209
13782 87 108 0.674419 0.837209
13783 88 108 0.682171 0.837209
13784 89 108 0.689922 0.837209
13785 90 108 0.697674 0.837209
13786 91 108 0.705426 0.837209
13787 92 108 0.713178 0.837209
13788 93 108 0.72093 0.837209
13789 94 108 0.728682 0.837209
13790 95 108 0.736434 0.837209
13791 96 108 0.744186 0.837209
13792 97 108 0.751938 0.837209
13793 98 108 0.75969 0.837209
13794 99 108 0.767442 0.837209
13795 100 108 0.775194 0.837209
13796 101 108 0.782946 0.837209
13797 102 108 0.790698 0.837209
13798 103 108 0.79845 0.837209
13799 104 108 0.806202 0.837209
13800 105 108 0.813953 0.837209
13801 106 108 0.821705 0.837209
13802 107 108 0.829457 0.837209
13803 108 108 0.837209 0.837209
13804 109 108 0.844961 0.837209
13805 110 108 0.852713 0.837209
13806 111 108 0.860465 0.837209
13807 112 108 0.868217 0.837209
13808 113 108 0.875969 0.837209
13809 114 108 0.883721 0.837209
13810 115 108 0.891473 0.837209
13811 116 108 0.899225 0.837209
13812 117 108 0.906977 0.837209
13813 118 108 0.914729 0.837209
13814 119 108 0.922481 0.837209
13815 120 108 0.930233 0.837209
13816 121 108 0.937984 0.837209
13817 122 108 0.945736 0.837209
13818 123 108 0.953488 0.837209
13819 124 108 0.96124 0.837209
13820 125 108 0.968992 0.837209
13821 126 108 0.976744 0.837209
13822 127 108 0.984496 0.837209
13823 128 108 0.992248 0.837209
13824 1 109 0.00775194 0.844961
13825 2 109 0.0155039 0.844961
13826 3 109 0.0232558 0.844961
13827 4 109 0.0310078 0.844961
13828 5 109 0.0387597 0.844961
13829 6 109 0.0465116 0.844961
13830 7 109 0.0542636 0.844961
13831 8 109 0.0620155 0.844961
13832 9 109 0.0697674 0.844961
13833 10 109 0.0775194 0.844961
13834 11 109 0.0852713 0.844961
13835 12 109 0.0930233 0.844961
13836 13 109 0.100775 0.844961
13837 14 109 0.108527 0.844961
13838 15 109 0.116279 0.844961
13839 16 109 0.124031 0.844961
13840 17 109 0.131783 0.844961
13841 18 109 0.139535 0.844961
13842 19 109 0.147287 0.844961
13843 20 109 0.155039 0.844961
13844 21 109 0.162791 0.844961
13845 22 109 0.170543 0.844961
13846 23 109 0.178295 0.844961
13847 24 109 0.186047 0.844961
13848 25 109 0.193798 0.844961
13849 26 109 0.20155 0.844961
13850 27 109 0.209302 0.844961
13851 28 109 0.217054 0.844961
13852 29 109 0.224806 0.844961
13853 30 109 0.232558 0.844961
13854 31 109 0.24031 0.844961
13855 32 109 0.248062 0.844961
13856 33 109 0.255814 0.844961
13857 34 109 0.263566 0.844961
13858 35 109 0.271318 0.844961
13859 36 109 0.27907 0.844961
13860 37 109 0.286822 0.844961
13861 38 109 0.294574 0.844961
13862 39 109 0.302326 0.844961
13863 40 109 0.310078 0.844961
13864 41 109 0.317829 0.844961
13865 42 109 0.325581 0.844961
13866 43 109 0.333333 0.844961
13867 44 109 0.341085 0.844961
13868 45 109 0.348837 0.844961
13869 46 109 0.356589 0.844961
13870 47 109 0.364341 0.844961
13871 48 109 0.372093 0.844961
13872 49 109 0.379845 0.844961
13873 50 109 0.387597 0.844961
13874 51 109 0.395349 0.844961
13875 52 109 0.403101 0.844961
13876 53 109 0.410853 0.844961
13877 54 109 0.418605 0.844961
13878 55 109 0.426357 0.844961
13879 56 109 0.434109 0.844961
13880 57 109 0.44186 0.844961
13881 58 109 0.449612 0.844961
13882 59 109 0.457364 0.844961
13883 60 109 0.465116 0.844961
13884 61 109 0.472868 0.844961
13885 62 109 0.48062 0.844961
13886 63 109 0.488372 0.844961
13887 64 109 0.496124 0.844961
13888 65 109 0.503876 0.844961
13889 66 109 0.511628 0.844961
13890 67 109 0.51938 0.844961
13891 68 109 0.527132 0.844961
13892 69 109 0.534884 0.844961
13893 70 109 0.542636 0.844961
13894 71 109 0.550388 0.844961
13895 72 109 0.55814 0.844961
13896 73 109 0.565891 0.844961
13897 74 109 0.573643 0.844961
13898 75 109 0.581395 0.844961
13899 76 109 0.589147 0.844961
13900 77 109 0.596899 0.844961
13901 78 109 0.604651 0.844961
13902 79 109 0.612403 0.844961
13903 80 109 0.620155 0.844961
13904 81 109 0.627907 0.844961
13905 82 109 0.635659 0.844961
13906 83 109 0.643411 0.844961
13907 84 109 0.651163 0.844961
13908 85 109 0.658915 0.844961
13909 86 109 0.666667 0.844961
13910 87 109 0.674419 0.844961
13911 88 109 0.682171 0.844961
13912 89 109 0.689922 0.844961
13913 90 109 0.697674 0.844961
13914 91 109 0.705426 0.844961
13915 92 109 0.713178 0.844961
13916 93 109 0.72093 0.844961
13917 94 109 0.728682 0.844961
13918 95 109 0.736434 0.844961
13919 96 109 0.744186 0.844961
13920 97 109 0.751938 0.844961
13921 98 109 0.75969 0.844961
13922 99 109 0.767442 0.844961
13923 100 109 0.775194 0.844961
13924 101 109 0.782946 0.844961
13925 102 109 0.790698 0.844961
13926 103 109 0.79845 0.844961
13927 104 109 0.806202 0.844961
13928 105 109 0.813953 0.844961
13929 106 109 0.821705 0.844961
13930 107 109 0.829457 0.844961
13931 108 109 0.837209 0.844961
13932 109 109 0.844961 0.844961
13933 110 109 0.852713 0.844961
13934 111 109 0.860465 0.844961
13935 112 109 0.868217 0.844961
13936 113 109 0.875969 0.844961
13937 114 109 0.883721 0.844961
13938 115 109 0.891473 0.844961
13939 116 109 0.899225 0.844961
13940 117 109 0.906977 0.844961
13941 118 109 0.914729 0.844961
13942 119 109 0.922481 0.844961
13943 120 109 0.930233 0.844961
13944 121 109 0.937984 0.844961
13945 122 109 0.945736 0.844961
13946 123 109 0.953488 0.844961
13947 124 109 0.96124 0.844961
13948 125 109 0.968992 0.844961
13949 126 109 0.976744 0.844961
13950 127 109 0.984496 0.844961
13951 128 109 0.992248 0.844961
13952 1 110 0.00775194 0.852713
13953 2 110 0.0155039 0.852713
13954 3 110 0.0232558 0.852713
13955 4 110 0.0310078 0.852713
13956 5 110 0.0387597 0.852713
13957 6 110 0.0465116 0.852713
13958 7 110 0.0542636 0.852713
13959 8 110 0.0620155 0.852713
13960 9 110 0.0697674 0.852713
13961 10 110 0.0775194 0.852713
13962 11 110 0.0852713 0.852713
13963 12 110 0.0930233 0.852713
13964 13 110 0.100775 0.852713
13965 14 110 0.108527 0.852713
13966 15 110 0.116279 0.852713
13967 16 110 0.124031 0.852713
13968 17 110 0.131783 0.852713
13969 18 110 0.139535 0.852713
13970 19 110 0.147287 0.852713
13971 20 110 0.155039 0.852713
13972 21 110 0.162791 0.852713
13973 22 110 0.170543 0.852713
13974 23 110 0.178295 0.852713
13975 24 110 0.186047 0.852713
13976 25 110 0.193798 0.852713
13977 26 110 0.20155 0.852713
13978 27 110 0.209302 0.852713
13979 28 110 0.217054 0.852713
13980 29 110 0.224806 0.852713
13981 30 110 0.232558 0.852713
13982 31 110 0.24031 0.852713
13983 32 110 0.248062 0.852713
13984 33 110 0.255814 0.852713
13985 34 110 0.263566 0.852713
13986 35 110 0.271318 0.852713
13987 36 110 0.27907 0.852713
13988 37 110 0.286822 0.852713
13989 38 110 0.294574 0.852713
13990 39 110 0.302326 0.852713
13991 40 110 0.310078 0.852713
13992 41 110 0.317829 0.852713
13993 42 110 0.325581 0.852713
13994 43 110 0.333333 0.852713
13995 44 110 0.341085 0.852713
13996 45 110 0.348837 0.852713
13997 46 110 0.356589 0.852713
13998 47 110 0.364341 0.852713
13999 48 110 0.372093 0.852713
14000 49 110 0.379845 0.852713
14001 50 110 0.387597 0.852713
14002 51 110 0.395349 0.852713
14003 52 110 0.403101 0.852713
14004 53 110 0.410853 0.852713
14005 54 110 0.418605 0.852713
14006 55 110 0.426357 0.852713
14007 56 110 0.434109 0.852713
14008 57 110 0.44186 0.852713
14009 58 110 0.449612 0.852713
14010 59 110 0.457364 0.852713
14011 60 110 0.465116 0.852713
14012 61 110 0.472868 0.852713
14013 62 110 0.48062 0.852713
14014 63 110 0.488372 0.852713
14015 64 110 0.496124 0.852713
14016 65 110 0.503876 0.852713
14017 66 110 0.511628 0.852713
14018 67 110 0.51938 0.852713
14019 68 110 0.527132 0.852713
14020 69 110 0.534884 0.852713
14021 70 110 0.542636 0.852713
14022 71 110 0.550388 0.852713
14023 72 110 0.55814 0.852713
14024 73 110 0.565891 0.852713
14025 74 110 0.573643 0.852713
14026 75 110 0.581395 0.852713
14027 76 110 0.589147 0.852713
14028 77 110 0.596899 0.852713
14029 78 110 0.604651 0.852713
14030 79 110 0.612403 0.852713
14031 80 110 0.620155 0.852713
14032 81 110 0.627907 0.852713
14033 82 110 0.635659 0.852713
14034 83 110 0.643411 0.852713
14035 84 110 0.651163 0.852713
14036 85 110 0.658915 0.852713
14037 86 110 0.666667 0.852713
14038 87 110 0.674419 0.852713
14039 88 110 0.682171 0.852713
14040 89 110 0.689922 0.852713
14041 90 110 0.697674 0.852713
14042 91 110 0.705426 0.852713
14043 92 110 0.713178 0.852713
14044 93 110 0.72093 0.852713
14045 94 110 0.728682 0.852713
14046 95 110 0.736434 0.852713
14047 96 110 0.744186 0.852713
14048 97 110 0.751938 0.852713
14049 98 110 0.75969 0.852713
14050 99 110 0.767442 0.852713
14051 100 110 0.775194 0.852713
14052 101 110 0.782946 0.852713
14053 102 110 0.790698 0.852713
14054 103 110 0.79845 0.852713
14055 104 110 0.806202 0.852713
14056 105 110 0.813953 0.852713
14057 106 110 0.821705 0.852713
14058 107 110 0.829457 0.852713
14059 108 110 0.837209 0.852713
14060 109 110 0.844961 0.852713
14061 110 110 0.852713 0.852713
14062 111 110 0.860465 0.852713
14063 112 110 0.868217 0.852713
14064 113 110 0.875969 0.852713
14065 114 110 0.883721 0.852713
14066 115 110 0.891473 0.852713
14067 116 110 0.899225 0.852713
14068 117 110 0.906977 0.852713
14069 118 110 0.914729 0.852713
14070 119 110 0.922481 0.852713
14071 120 110 0.930233 0.852713
14072 121 110 0.937984 0.852713
14073 122 110 0.945736 0.852713
14074 123 110 0.953488 0.852713
14075 124 110 0.96124 0.852713
14076 125 110 0.968992 0.852713
14077 126 110 0.976744 0.852713
14078 127 110 0.984496 0.852713
14079 128 110 0.992248 0.852713
14080 1 111 0.00775194 0.860465
14081 2 111 0.0155039 0.860465
14082 3 111 0.0232558 0.860465
14083 4 111 0.0310078 0.860465
14084 5 111 0.0387597 0.860465
14085 6 111 0.0465116 0.860465
14086 7 111 0.0542636 0.860465
14087 8 111 0.0620155 0.860465
14088 9 111 0.0697674 0.860465
14089 10 111 0.0775194 0.860465
14090 11 111 0.0852713 0.860465
14091 12 111 0.0930233 0.860465
14092 13 111 0.100775 0.860465
14093 14 111 0.108527 0.860465
14094 15 111 0.116279 0.860465
14095 16 111 0.124031 0.860465
14096 17 111 0.131783 0.860465
14097 18 111 0.139535 0.860465
14098 19 111 0.147287 0.860465
14099 20 111 0.155039 0.860465
14100 21 111 0.162791 0.860465
14101 22 111 0.170543 0.860465
14102 23 111 0.178295 0.860465
14103 24 111 0.186047 0.860465
14104 25 111 0.193798 0.860465
14105 26 111 0.20155 0.860465
14106 27 111 0.209302 0.860465
14107 28 111 0.217054 0.860465
14108 29 111 0.224806 0.860465
14109 30 111 0.232558 0.860465
14110 31 111 0.24031 0.860465
14111 32 111 0.248062 0.860465
14112 33 111 0.255814 0.860465
14113 34 111 0.263566 0.860465
14114 35 111 0.271318 0.860465
14115 36 111 0.27907 0.860465
14116 37 111 0.286822 0.860465
14117 38 111 0.294574 0.860465
14118 39 111 0.302326 0.860465
14119 40 111 0.310078 0.860465
14120 41 111 0.317829 0.860465
14121 42 111 0.325581 0.860465
14122 43 111 0.333333 0.860465
14123 44 111 0.341085 0.860465
14124 45 111 0.348837 0.860465
14125 46 111 0.356589 0.860465
14126 47 111 0.364341 0.860465
14127 48 111 0.372093 0.860465
14128 49 111 0.379845 0.860465
14129 50 111 0.387597 0.860465
14130 51 111 0.395349 0.860465
14131 52 111 0.403101 0.860465
14132 53 111 0.410853 0.860465
14133 54 111 0.418605 0.860465
14134 55 111 0.426357 0.860465
14135 56 111 0.434109 0.860465
14136 57 111 0.44186 0.860465
14137 58 111 0.449612 0.860465
14138 59 111 0.457364 0.860465
14139 60 111 0.465116 0.860465
14140 61 111 0.472868 0.860465
14141 62 111 0.48062 0.860465
14142 63 111 0.488372 0.860465
14143 64 111 0.496124 0.860465
14144 65 111 0.503876 0.860465
14145 66 111 0.511628 0.860465
14146 67 111 0.51938 0.860465
14147 68 111 0.527132 0.860465
14148 69 111 0.534884 0.860465
14149 70 111 0.542636 0.860465
14150 71 111 0.550388 0.860465
14151 72 111 0.55814 0.860465
14152 73 111 0.565891 0.860465
14153 74 111 0.573643 0.860465
14154 75 111 0.581395 0.860465
14155 76 111 0.589147 0.860465
14156 77 111 0.596899 0.860465
14157 78 111 0.604651 0.860465
14158 79 111 0.612403 0.860465
14159 80 111 0.620155 0.860465
14160 81 111 0.627907 0.860465
14161 82 111 0.635659 0.860465
14162 83 111 0.643411 0.860465
14163 84 111 0.651163 0.860465
14164 85 111 0.658915 0.860465
14165 86 111 0.666667 0.860465
14166 87 111 0.674419 0.860465
14167 88 111 0.682171 0.860465
14168 89 111 0.689922 0.860465
14169 90 111 0.697674 0.860465
14170 91 111 0.705426 0.860465
14171 92 111 0.713178 0.860465
14172 93 111 0.72093 0.860465
14173 94 111 0.728682 0.860465
14174 95 111 0.736434 0.860465
14175 96 111 0.744186 0.860465
14176 97 111 0.751938 0.860465
14177 98 111 0.75969 0.860465
14178 99 111 0.767442 0.860465
14179 100 111 0.775194 0.860465
14180 101 111 0.782946 0.860465
14181 102 111 0.790698 0.860465
14182 103 111 0.79845 0.860465
14183 104 111 0.806202 0.860465
14184 105 111 0.813953 0.860465
14185 106 111 0.821705 0.860465
14186 107 111 0.829457 0.860465
14187 108 111 0.837209 0.860465
14188 109 111 0.844961 0.860465
14189 110 111 0.852713 0.860465
14190 111 111 0.860465 0.860465
14191 112 111 0.868217 0.860465
14192 113 111 0.875969 0.860465
14193 114 111 0.883721 0.860465
14194 115 111 0.891473 0.860465
14195 116 111 0.899225 0.860465
14196 117 111 0.906977 0.860465
14197 118 111 0.914729 0.860465
14198 119 111 0.922481 0.860465
14199 120 111 0.930233 0.860465
14200 121 111 0.937984 0.860465
14201 122 111 0.945736 0.860465
14202 123 111 0.953488 0.860465
14203 124 111 0.96124 0.860465
14204 125 111 0.968992 0.860465
14205 126 111 0.976744 0.860465
14206 127 111 0.984496 0.860465
14207 128 111 0.992248 0.860465
14208 1 112 0.00775194 0.868217
14209 2 112 0.0155039 0.868217
14210 3 112 0.0232558 0.868217
14211 4 112 0.0310078 0.868217
14212 5 112 0.0387597 0.868217
14213 6 112 0.0465116 0.868217
14214 7 112 0.0542636 0.868217
14215 8 112 0.0620155 0.868217
14216 9 112 0.0697674 0.868217
14217 10 112 0.0775194 0.868217
14218 11 112 0.0852713 0.868217
14219 12 112 0.0930233 0.868217
14220 13 112 0.100775 0.868217
14221 14 112 0.108527 0.868217
14222 15 112 0.116279 0.868217
14223 16 112 0.124031 0.868217
14224 17 112 0.131783 0.868217
14225 18 112 0.139535 0.868217
14226 19 112 0.147287 0.868217
14227 20 112 0.155039 0.868217
14228 21 112 0.162791 0.868217
14229 22 112 0.170543 0.868217
14230 23 112 0.178295 0.868217
14231 24 112 0.186047 0.868217
14232 25 112 0.193798 0.868217
14233 26 112 0.20155 0.868217
14234 27 112 0.209302 0.868217
14235 28 112 0.217054 0.868217
14236 29 112 0.224806 0.868217
14237 30 112 0.232558 0.868217
14238 31 112 0.24031 0.868217
14239 32 112 0.248062 0.868217
14240 33 112 0.255814 0.868217
14241 34 112 0.263566 0.868217
14242 35 112 0.271318 0.868217
14243 36 112 0.27907 0.868217
14244 37 112 0.286822 0.868217
14245 38 112 0.294574 0.868217
14246 39 112 0.302326 0.868217
14247 40 112 0.310078 0.868217
14248 41 112 0.317829 0.868217
14249 42 112 0.325581 0.868217
14250 43 112 0.333333 0.868217
14251 44 112 0.341085 0.868217
14252 45 112 0.348837 0.868217
14253 46 112 0.356589 0.868217
14254 47 112 0.364341 0.868217
14255 48 112 0.372093 0.868217
14256 49 112 0.379845 0.868217
14257 50 112 0.387597 0.868217
14258 51 112 0.395349 0.868217
14259 52 112 0.403101 0.868217
14260 53 112 0.410853 0.868217
14261 54 112 0.418605 0.868217
14262 55 112 0.426357 0.868217
14263 56 112 0.434109 0.868217
14264 57 112 0.44186 0.868217
14265 58 112 0.449612 0.868217
14266 59 112 0.457364 0.868217
14267 60 112 0.465116 0.868217
14268 61 112 0.472868 0.868217
14269 62 112 0.48062 0.868217
14270 63 112 0.488372 0.868217
14271 64 112 0.496124 0.868217
14272 65 112 0.503876 0.868217
14273 66 112 0.511628 0.868217
14274 67 112 0.51938 0.868217
14275 68 112 0.527132 0.868217
14276 69 112 0.534884 0.868217
14277 70 112 0.542636 0.868217
14278 71 112 0.550388 0.868217
14279 72 112 0.55814 0.868217
14280 73 112 0.565891 0.868217
14281 74 112 0.573643 0.868217
14282 75 112 0.581395 0.868217
14283 76 112 0.589147 0.868217
14284 77 112 0.596899 0.868217
14285 78 112 0.604651 0.868217
14286 79 112 0.612403 0.868217
14287 80 112 0.620155 0.868217
14288 81 112 0.627907 0.868217
14289 82 112 0.635659 0.868217
14290 83 112 0.643411 0.868217
14291 84 112 0.651163 0.868217
14292 85 112 0.658915 0.868217
14293 86 112 0.666667 0.868217
14294 87 112 0.674419 0.868217
14295 88 112 0.682171 0.868217
14296 89 112 0.689922 0.868217
14297 90 112 0.697674 0.868217
14298 91 112 0.705426 0.868217
14299 92 112 0.713178 0.868217
14300 93 112 0.72093 0.868217
14301 94 112 0.728682 0.868217
14302 95 112 0.736434 0.868217
14303 96 112 0.744186 0.868217
14304 97 112 0.751938 0.868217
14305 98 112 0.75969 0.868217
14306 99 112 0.767442 0.868217
14307 100 112 0.775194 0.868217
14308 101 112 0.782946 0.868217
14309 102 112 0.790698 0.868217
14310 103 112 0.79845 0.868217
14311 104 112 0.806202 0.868217
14312 105 112 0.813953 0.868217
14313 106 112 0.821705 0.868217
14314 107 112 0.829457 0.868217
14315 108 112 0.837209 0.868217
14316 109 112 0.844961 0.868217
14317 110 112 0.852713 0.868217
14318 111 112 0.860465 0.868217
14319 112 112 0.868217 0.868217
14320 113 112 0.875969 0.868217
14321 114 112 0.883721 0.868217
14322 115 112 0.891473 0.868217
14323 116 112 0.899225 0.868217
14324 117 112 0.906977 0.868217
14325 118 112 0.914729 0.868217
14326 119 112 0.922481 0.868217
14327 120 112 0.930233 0.868217
14328 121 112 0.937984 0.868217
14329 122 112 0.945736 0.868217
14330 123 112 0.953488 0.868217
14331 124 112 0.96124 0.868217
14332 125 112 0.968992 0.868217
14333 126 112 0.976744 0.868217
14334 127 112 0.984496 0.868217
14335 128 112 0.992248 0.868217
14336 1 113 0.00775194 0.875969
14337 2 113 0.0155039 0.875969
14338 3 113 0.0232558 0.875969
14339 4 113 0.0310078 0.875969
14340 5 113 0.0387597 0.875969
14341 6 113 0.0465116 0.875969
14342 7 113 0.0542636 0.875969
14343 8 113 0.0620155 0.875969
14344 9 113 0.0697674 0.875969
14345 10 113 0.0775194 0.875969
14346 11 113 0.0852713 0.875969
14347 12 113 0.0930233 0.875969
14348 13 113 0.100775 0.875969
14349 14 113 0.108527 0.875969
14350 15 113 0.116279 0.875969
14351 16 113 0.124031 0.875969
14352 17 113 0.131783 0.875969
14353 18 113 0.139535 0.875969
14354 19 113 0.147287 0.875969
14355 20 113 0.155039 0.875969
14356 21 113 0.162791 0.875969
14357 22 113 0.170543 0.875969
14358 23 113 0.178295 0.875969
14359 24 113 0.186047 0.875969
14360 25 113 0.193798 0.875969
14361 26 113 0.20155 0.875969
14362 27 113 0.209302 0.875969
14363 28 113 0.217054 0.875969
14364 29 113 0.224806 0.875969
14365 30 113 0.232558 0.875969
14366 31 113 0.24031 0.875969
14367 32 113 0.248062 0.875969
14368 33 113 0.255814 0.875969
14369 34 113 0.263566 0.875969
14370 35 113 0.271318 0.875969
14371 36 113 0.27907 0.875969
14372 37 113 0.286822 0.875969
14373 38 113 0.294574 0.875969
14374 39 113 0.302326 0.875969
14375 40 113 0.310078 0.875969
14376 41 113 0.317829 0.875969
14377 42 113 0.325581 0.875969
14378 43 113 0.333333 0.875969
14379 44 113 0.341085 0.875969
14380 45 113 0.348837 0.875969
14381 46 113 0.356589 0.875969
14382 47 113 0.364341 0.875969
14383 48 113 0.372093 0.875969
14384 49 113 0.379845 0.875969
14385 50 113 0.387597 0.875969
14386 51 113 0.395349 0.875969
14387 52 113 0.403101 0.875969
14388 53 113 0.410853 0.875969
14389 54 113 0.418605 0.875969
14390 55 113 0.426357 0.875969
14391 56 113 0.434109 0.875969
14392 57 113 0.44186 0.875969
14393 58 113 0.449612 0.875969
14394 59 113 0.457364 0.875969
14395 60 113 0.465116 0.875969
14396 61 113 0.472868 0.875969
14397 62 113 0.48062 0.875969
14398 63 113 0.488372 0.875969
14399 64 113 0.496124 0.875969
14400 65 113 0.503876 0.875969
14401 66 113 0.511628 0.875969
14402 67 113 0.51938 0.875969
14403 68 113 0.527132 0.875969
14404 69 113 0.534884 0.875969
14405 70 113 0.542636 0.875969
14406 71 113 0.550388 0.875969
14407 72 113 0.55814 0.875969
14408 73 113 0.565891 0.875969
14409 74 113 0.573643 0.875969
14410 75 113 0.581395 0.875969
14411 76 113 0.589147 0.875969
14412 77 113 0.596899 0.875969
14413 78 113 0.604651 0.875969
14414 79 113 0.612403 0.875969
14415 80 113 0.620155 0.875969
14416 81 113 0.627907 0.875969
14417 82 113 0.635659 0.875969
14418 83 113 0.643411 0.875969
14419 84 113 0.651163 0.875969
14420 85 113 0.658915 0.875969
14421 86 113 0.666667 0.875969
14422 87 113 0.674419 0.875969
14423 88 113 0.682171 0.875969
14424 89 113 0.689922 0.875969
14425 90 113 0.697674 0.875969
14426 91 113 0.705426 0.875969
14427 92 113 0.713178 0.875969
14428 93 113 0.72093 0.875969
14429 94 113 0.728682 0.875969
14430 95 113 0.736434 0.875969
14431 96 113 0.744186 0.875969
14432 97 113 0.751938 0.875969
14433 98 113 0.75969 0.875969
14434 99 113 0.767442 0.875969
14435 100 113 0.775194 0.875969
14436 101 113 0.782946 0.875969
14437 102 113 0.790698 0.875969
14438 103 113 0.79845 0.875969
14439 104 113 0.806202 0.875969
14440 105 113 0.813953 0.875969
14441 106 113 0.821705 0.875969
14442 107 113 0.829457 0.875969
14443 108 113 0.837209 0.875969
14444 109 113 0.844961 0.875969
14445 110 113 0.852713 0.875969
14446 111 113 0.860465 0.875969
14447 112 113 0.868217 0.875969
14448 113 113 0.875969 0.875969
14449 114 113 0.883721 0.875969
14450 115 113 0.891473 0.875969
14451 116 113 0.899225 0.875969
14452 117 113 0.906977 0.875969
14453 118 113 0.914729 0.875969
14454 119 113 0.922481 0.875969
14455 120 113 0.930233 0.875969
14456 121 113 0.937984 0.875969
14457 122 113 0.945736 0.875969
14458 123 113 0.953488 0.875969
14459 124 113 0.96124 0.875969
14460 125 113 0.968992 0.875969
14461 126 113 0.976744 0.875969
14462 127 113 0.984496 0.875969
14463 128 113 0.992248 0.875969
14464 1 114 0.00775194 0.883721
14465 2 114 0.0155039 0.883721
14466 3 114 0.0232558 0.883721
14467 4 114 0.0310078 0.883721
14468 5 114 0.0387597 0.883721
14469 6 114 0.0465116 0.883721
14470 7 114 0.0542636 0.883721
14471 8 114 0.0620155 0.883721
14472 9 114 0.0697674 0.883721
14473 10 114 0.0775194 0.883721
14474 11 114 0.0852713 0.883721
14475 12 114 0.0930233 0.883721
14476 13 114 0.100775 0.883721
14477 14 114 0.108527 0.883721
14478 15 114 0.116279 0.883721
14479 16 114 0.124031 0.883721
14480 17 114 0.131783 0.883721
14481 18 114 0.139535 0.883721
14482 19 114 0.147287 0.883721
14483 20 114 0.155039 0.883721
14484 21 114 0.162791 0.883721
14485 22 114 0.170543 0.883721
14486 23 114 0.178295 0.883721
14487 24 114 0.186047 0.883721
14488 25 114 0.193798 0.883721
14489 26 114 0.20155 0.883721
14490 27 114 0.209302 0.883721
14491 28 114 0.217054 0.883721
14492 29 114 0.224806 0.883721
14493 30 114 0.232558 0.883721
14494 31 114 0.24031 0.883721
14495 32 114 0.248062 0.883721
14496 33 114 0.255814 0.883721
14497 34 114 0.263566 0.883721
14498 35 114 0.271318 0.883721
14499 36 114 0.27907 0.883721
14500 37 114 0.286822 0.883721
14501 38 114 0.294574 0.883721
14502 39 114 0.302326 0.883721
14503 40 114 0.310078 0.883721
14504 41 114 0.317829 0.883721
14505 42 114 0.325581 0.883721
14506 43 114 0.333333 0.883721
14507 44 114 0.341085 0.883721
14508 45 114 0.348837 0.883721
14509 46 114 0.356589 0.883721
14510 47 114 0.364341 0.883721
14511 48 114 0.372093 0.883721
14512 49 114 0.379845 0.883721
14513 50 114 0.387597 0.883721
14514 51 114 0.395349 0.883721
14515 52 114 0.403101 0.883721
14516 53 114 0.410853 0.883721
14517 54 114 0.418605 0.883721
14518 55 114 0.426357 0.883721
14519 56 114 0.434109 0.883721
14520 57 114 0.44186 0.883721
14521 58 114 0.449612 0.883721
14522 59 114 0.457364 0.883721
14523 60 114 0.465116 0.883721
14524 61 114 0.472868 0.883721
14525 62 114 0.48062 0.883721
14526 63 114 0.488372 0.883721
14527 64 114 0.496124 0.883721
14528 65 114 0.503876 0.883721
14529 66 114 0.511628 0.883721
14530 67 114 0.51938 0.883721
14531 68 114 0.527132 0.883721
14532 69 114 0.534884 0.883721
14533 70 114 0.542636 0.883721
14534 71 114 0.550388 0.883721
14535 72 114 0.55814 0.883721
14536 73 114 0.565891 0.883721
14537 74 114 0.573643 0.883721
14538 75 114 0.581395 0.883721
14539 76 114 0.589147 0.883721
14540 77 114 0.596899 0.883721
14541 78 114 0.604651 0.883721
14542 79 114 0.612403 0.883721
14543 80 114 0.620155 0.883721
14544 81 114 0.627907 0.883721
14545 82 114 0.635659 0.883721
14546 83 114 0.643411 0.883721
14547 84 114 0.651163 0.883721
14548 85 114 0.658915 0.883721
14549 86 114 0.666667 0.883721
14550 87 114 0.674419 0.883721
14551 88 114 0.682171 0.883721
14552 89 114 0.689922 0.883721
14553 90 114 0.697674 0.883721
14554 91 114 0.705426 0.883721
14555 92 114 0.713178 0.883721
14556 93 114 0.72093 0.883721
14557 94 114 0.728682 0.883721
14558 95 114 0.736434 0.883721
14559 96 114 0.744186 0.883721
14560 97 114 0.751938 0.883721
14561 98 114 0.75969 0.883721
14562 99 114 0.767442 0.883721
14563 100 114 0.775194 0.883721
14564 101 114 0.782946 0.883721
14565 102 114 0.790698 0.883721
14566 103 114 0.79845 0.883721
14567 104 114 0.806202 0.883721
14568 105 114 0.813953 0.883721
14569 106 114 0.821705 0.883721
14570 107 114 0.829457 0.883721
14571 108 114 0.837209 0.883721
14572 109 114 0.844961 0.883721
14573 110 114 0.852713 0.883721
14574 111 114 0.860465 0.883721
14575 112 114 0.868217 0.883721
14576 113 114 0.875969 0.883721
14577 114 114 0.883721 0.883721
14578 115 114 0.891473 0.883721
14579 116 114 0.899225 0.883721
14580 117 114 0.906977 0.883721
14581 118 114 0.914729 0.883721
14582 119 114 0.922481 0.883721
14583 120 114 0.930233 0.883721
14584 121 114 0.937984 0.883721
14585 122 114 0.945736 0.883721
14586 123 114 0.953488 0.883721
14587 124 114 0.96124 0.883721
14588 125 114 0.968992 0.883721
14589 126 114 0.976744 0.883721
14590 127 114 0.984496 0.883721
14591 128 114 0.992248 0.883721
14592 1 115 0.00775194 0.891473
14593 2 115 0.0155039 0.891473
14594 3 115 0.0232558 0.891473
14595 4 115 0.0310078 0.891473
14596 5 115 0.0387597 0.891473
14597 6 115 0.0465116 0.891473
14598 7 115 0.0542636 0.891473
14599 8 115 0.0620155 0.891473
14600 9 115 0.0697674 0.891473
14601 10 115 0.0775194 0.891473
14602 11 115 0.0852713 0.891473
14603 12 115 0.0930233 0.891473
14604 13 115 0.100775 0.891473
14605 14 115 0.108527 0.891473
14606 15 115 0.116279 0.891473
14607 16 115 0.124031 0.891473
14608 17 115 0.131783 0.891473
14609 18 115 0.139535 0.891473
14610 19 115 0.147287 0.891473
14611 20 115 0.155039 0.891473
14612 21 115 0.162791 0.891473
14613 22 115 0.170543 0.891473
14614 23 115 0.178295 0.891473
14615 24 115 0.186047 0.891473
14616 25 115 0.193798 0.891473
14617 26 115 0.20155 0.891473
14618 27 115 0.209302 0.891473
14619 28 115 0.217054 0.891473
14620 29 115 0.224806 0.891473
14621 30 115 0.232558 0.891473
14622 31 115 0.24031 0.891473
14623 32 115 0.248062 0.891473
14624 33 115 0.255814 0.891473
14625 34 115 0.263566 0.891473
14626 35 115 0.271318 0.891473
14627 36 115 0.27907 0.891473
14628 37 115 0.286822 0.891473
14629 38 115 0.294574 0.891473
14630 39 115 0.302326 0.891473
14631 40 115 0.310078 0.891473
14632 41 115 0.317829 0.891473
14633 42 115 0.325581 0.891473
14634 43 115 0.333333 0.891473
14635 44 115 0.341085 0.891473
14636 45 115 0.348837 0.891473
14637 46 115 0.356589 0.891473
14638 47 115 0.364341 0.891473
14639 48 115 0.372093 0.891473
14640 49 115 0.379845 0.891473
14641 50 115 0.387597 0.891473
14642 51 115 0.395349 0.891473
14643 52 115 0.403101 0.891473
14644 53 115 0.410853 0.891473
14645 54 115 0.418605 0.891473
14646 55 115 0.426357 0.891473
14647 56 115 0.434109 0.891473
14648 57 115 0.44186 0.891473
14649 58 115 0.449612 0.891473
14650 59 115 0.457364 0.891473
14651 60 115 0.465116 0.891473
14652 61 115 0.472868 0.891473
14653 62 115 0.48062 0.891473
14654 63 115 0.488372 0.891473
14655 64 115 0.496124 0.891473
14656 65 115 0.503876 0.891473
14657 66 115 0.511628 0.891473
14658 67 115 0.51938 0.891473
14659 68 115 0.527132 0.891473
14660 69 115 0.534884 0.891473
14661 70 115 0.542636 0.891473
14662 71 115 0.550388 0.891473
14663 72 115 0.55814 0.891473
14664 73 115 0.565891 0.891473
14665 74 115 0.573643 0.891473
14666 75 115 0.581395 0.891473
14667 76 115 0.589147 0.891473
14668 77 115 0.596899 0.891473
14669 78 115 0.604651 0.891473
14670 79 115 0.612403 0.891473
14671 80 115 0.620155 0.891473
14672 81 115 0.627907 0.891473
14673 82 115 0.635659 0.891473
14674 83 115 0.643411 0.891473
14675 84 115 0.651163 0.891473
14676 85 115 0.658915 0.891473
14677 86 115 0.666667 0.891473
14678 87 115 0.674419 0.891473
14679 88 115 0.682171 0.891473
14680 89 115 0.689922 0.891473
14681 90 115 0.697674 0.891473
14682 91 115 0.705426 0.891473
14683 92 115 0.713178 0.891473
14684 93 115 0.72093 0.891473
14685 94 115 0.728682 0.891473
14686 95 115 0.736434 0.891473
14687 96 115 0.744186 0.891473
14688 97 115 0.751938 0.891473
14689 98 115 0.75969 0.891473
14690 99 115 0.767442 0.891473
14691 100 115 0.775194 0.891473
14692 101 115 0.782946 0.891473
14693 102 115 0.790698 0.891473
14694 103 115 0.79845 0.891473
14695 104 115 0.806202 0.891473
14696 105 115 0.813953 0.891473
14697 106 115 0.821705 0.891473
14698 107 115 0.829457 0.891473
14699 108 115 0.837209 0.891473
14700 109 115 0.844961 0.891473
14701 110 115 0.852713 0.891473
14702 111 115 0.860465 0.891473
14703 112 115 0.868217 0.891473
14704 113 115 0.875969 0.891473
14705 114 115 0.883721 0.891473
14706 115 115 0.891473 0.891473
14707 116 115 0.899225 0.891473
14708 117 115 0.906977 0.891473
14709 118 115 0.914729 0.891473
14710 119 115 0.922481 0.891473
14711 120 115 0.930233 0.891473
14712 121 115 0.937984 0.891473
14713 122 115 0.945736 0.891473
14714 123 115 0.953488 0.891473
14715 124 115 0.96124 0.891473
14716 125 115 0.968992 0.891473
14717 126 115 0.976744 0.891473
14718 127 115 0.984496 0.891473
14719 128 115 0.992248 0.891473
14720 1 116 0.00775194 0.899225
14721 2 116 0.0155039 0.899225
14722 3 116 0.0232558 0.899225
14723 4 116 0.0310078 0.899225
14724 5 116 0.0387597 0.899225
14725 6 116 0.0465116 0.899225
14726 7 116 0.0542636 0.899225
14727 8 116 0.0620155 0.899225
14728 9 116 0.0697674 0.899225
14729 10 116 0.0775194 0.899225
14730 11 116 0.0852713 0.899225
14731 12 116 0.0930233 0.899225
14732 13 116 0.100775 0.899225
14733 14 116 0.108527 0.899225
14734 15 116 0.116279 0.899225
14735 16 116 0.124031 0.899225
14736 17 116 0.131783 0.899225
14737 18 116 0.139535 0.899225
14738 19 116 0.147287 0.899225
14739 20 116 0.155039 0.899225
14740 21 116 0.162791 0.899225
14741 22 116 0.170543 0.899225
14742 23 116 0.178295 0.899225
14743 24 116 0.186047 0.899225
14744 25 116 0.193798 0.899225
14745 26 116 0.20155 0.899225
14746 27 116 0.209302 0.899225
14747 28 116 0.217054 0.899225
14748 29 116 0.224806 0.899225
14749 30 116 0.232558 0.899225
14750 31 116 0.24031 0.899225
14751 32 116 0.248062 0.899225
14752 33 116 0.255814 0.899225
14753 34 116 0.263566 0.899225
14754 35 116 0.271318 0.899225
14755 36 116 0.27907 0.899225
14756 37 116 0.286822 0.899225
14757 38 116 0.294574 0.899225
14758 39 116 0.302326 0.899225
14759 40 116 0.310078 0.899225
14760 41 116 0.317829 0.899225
14761 42 116 0.325581 0.899225
14762 43 116 0.333333 0.899225
14763 44 116 0.341085 0.899225
14764 45 116 0.348837 0.899225
14765 46 116 0.356589 0.899225
14766 47 116 0.364341 0.899225
14767 48 116 0.372093 0.899225
14768 49 116 0.379845 0.899225
14769 50 116 0.387597 0.899225
14770 51 116 0.395349 0.899225
14771 52 116 0.403101 0.899225
14772 53 116 0.410853 0.899225
14773 54 116 0.418605 0.899225
14774 55 116 0.426357 0.899225
14775 56 116 0.434109 0.899225
14776 57 116 0.44186 0.899225
14777 58 116 0.449612 0.899225
14778 59 116 0.457364 0.899225
14779 60 116 0.465116 0.899225
14780 61 116 0.472868 0.899225
14781 62 116 0.48062 0.899225
14782 63 116 0.488372 0.899225
14783 64 116 0.496124 0.899225
14784 65 116 0.503876 0.899225
14785 66 116 0.511628 0.899225
14786 67 116 0.51938 0.899225
14787 68 116 0.527132 0.899225
14788 69 116 0.534884 0.899225
14789 70 116 0.542636 0.899225
14790 71 116 0.550388 0.899225
14791 72 116 0.55814 0.899225
14792 73 116 0.565891 0.899225
14793 74 116 0.573643 0.899225
14794 75 116 0.581395 0.899225
14795 76 116 0.589147 0.899225
14796 77 116 0.596899 0.899225
14797 78 116 0.604651 0.899225
14798 79 116 0.612403 0.899225
14799 80 116 0.620155 0.899225
14800 81 116 0.627907 0.899225
14801 82 116 0.635659 0.899225
14802 83 116 0.643411 0.899225
14803 84 116 0.651163 0.899225
14804 85 116 0.658915 0.899225
14805 86 116 0.666667 0.899225
14806 87 116 0.674419 0.899225
14807 88 116 0.682171 0.899225
14808 89 116 0.689922 0.899225
14809 90 116 0.697674 0.899225
14810 91 116 0.705426 0.899225
14811 92 116 0.713178 0.899225
14812 93 116 0.72093 0.899225
14813 94 116 0.728682 0.899225
14814 95 116 0.736434 0.899225
14815 96 116 0.744186 0.899225
14816 97 116 0.751938 0.899225
14817 98 116 0.75969 0.899225
14818 99 116 0.767442 0.899225
14819 100 116 0.775194 0.899225
14820 101 116 0.782946 0.899225
14821 102 116 0.790698 0.899225
14822 103 116 0.79845 0.899225
14823 104 116 0.806202 0.899225
14824 105 116 0.813953 0.899225
14825 106 116 0.821705 0.899225
14826 107 116 0.829457 0.899225
14827 108 116 0.837209 0.899225
14828 109 116 0.844961 0.899225
14829 110 116 0.852713 0.899225
14830 111 116 0.860465 0.899225
14831 112 116 0.868217 0.899225
14832 113 116 0.875969 0.899225
14833 114 116 0.883721 0.899225
14834 115 116 0.891473 0.899225
14835 116 116 0.899225 0.899225
14836 117 116 0.906977 0.899225
14837 118 116 0.914729 0.899225
14838 119 116 0.922481 0.899225
14839 120 116 0.930233 0.899225
14840 121 116 0.937984 0.899225
14841 122 116 0.945736 0.899225
14842 123 116 0.953488 0.899225
14843 124 116 0.96124 0.899225
14844 125 116 0.968992 0.899225
14845 126 116 0.976744 0.899225
14846 127 116 0.984496 0.899225
14847 128 116 0.992248 0.899225
14848 1 117 0.00775194 0.906977
14849 2 117 0.0155039 0.906977
14850 3 117 0.0232558 0.906977
14851 4 117 0.0310078 0.906977
14852 5 117 0.0387597 0.906977
14853 6 117 0.0465116 0.906977
14854 7 117 0.0542636 0.906977
14855 8 117 0.0620155 0.906977
14856 9 117 0.0697674 0.906977
14857 10 117 0.0775194 0.906977
14858 11 117 0.0852713 0.906977
14859 12 117 0.0930233 0.906977
14860 13 117 0.100775 0.906977
14861 14 117 0.108527 0.906977
14862 15 117 0.116279 0.906977
14863 16 117 0.124031 0.906977
14864 17 117 0.131783 0.906977
14865 18 117 0.139535 0.906977
14866 19 117 0.147287 0.906977
14867 20 117 0.155039 0.906977
14868 21 117 0.162791 0.906977
14869 22 117 0.170543 0.906977
14870 23 117 0.178295 0.906977
14871 24 117 0.186047 0.906977
14872 25 117 0.193798 0.906977
14873 26 117 0.20155 0.906977
14874 27 117 0.209302 0.906977
14875 28 117 0.217054 0.906977
14876 29 117 0.224806 0.906977
14877 30 117 0.232558 0.906977
14878 31 117 0.24031 0.906977
14879 32 117 0.248062 0.906977
14880 33 117 0.255814 0.906977
14881 34 117 0.263566 0.906977
14882 35 117 0.271318 0.906977
14883 36 117 0.27907 0.906977
14884 37 117 0.286822 0.906977
14885 38 117 0.294574 0.906977
14886 39 117 0.302326 0.906977
14887 40 117 0.310078 0.906977
14888 41 117 0.317829 0.906977
14889 42 117 0.325581 0.906977
14890 43 117 0.333333 0.906977
14891 44 117 0.341085 0.906977
14892 45 117 0.348837 0.906977
14893 46 117 0.356589 0.906977
14894 47 117 0.364341 0.906977
14895 48 117 0.372093 0.906977
14896 49 117 0.379845 0.906977
14897 50 117 0.387597 0.906977
14898 51 117 0.395349 0.906977
14899 52 117 0.403101 0.906977
14900 53 117 0.410853 0.906977
14901 54 117 0.418605 0.906977
14902 55 117 0.426357 0.906977
14903 56 117 0.434109 0.906977
14904 57 117 0.44186 0.906977
14905 58 117 0.449612 0.906977
14906 59 117 0.457364 0.906977
14907 60 117 0.465116 0.906977
14908 61 117 0.472868 0.906977
14909 62 117 0.48062 0.906977
14910 63 117 0.488372 0.906977
14911 64 117 0.496124 0.906977
14912 65 117 0.503876 0.906977
14913 66 117 0.511628 0.906977
14914 67 117 0.51938 0.906977
14915 68 117 0.527132 0.906977
14916 69 117 0.534884 0.906977
14917 70 117 0.542636 0.906977
14918 71 117 0.550388 0.906977
14919 72 117 0.55814 0.906977
14920 73 117 0.565891 0.906977
14921 74 117 0.573643 0.906977
14922 75 117 0.581395 0.906977
14923 76 117 0.589147 0.906977
14924 77 117 0.596899 0.906977
14925 78 117 0.604651 0.906977
14926 79 117 0.612403 0.906977
14927 80 117 0.620155 0.906977
14928 81 117 0.627907 0.906977
14929 82 117 0.635659 0.906977
14930 83 117 0.643411 0.906977
14931 84 117 0.651163 0.906977
14932 85 117 0.658915 0.906977
14933 86 117 0.666667 0.906977
14934 87 117 0.674419 0.906977
14935 88 117 0.682171 0.906977
14936 89 117 0.689922 0.906977
14937 90 117 0.697674 0.906977
14938 91 117 0.705426 0.906977
14939 92 117 0.713178 0.906977
14940 93 117 0.72093 0.906977
14941 94 117 0.728682 0.906977
14942 95 117 0.736434 0.906977
14943 96 117 0.744186 0.906977
14944 97 117 0.751938 0.906977
14945 98 117 0.75969 0.906977
14946 99 117 0.767442 0.906977
14947 100 117 0.775194 0.906977
14948 101 117 0.782946 0.906977
14949 102 117 0.790698 0.906977
14950 103 117 0.79845 0.906977
14951 104 117 0.806202 0.906977
14952 105 117 0.813953 0.906977
14953 106 117 0.821705 0.906977
14954 107 117 0.829457 0.906977
14955 108 117 0.837209 0.906977
14956 109 117 0.844961 0.906977
14957 110 117 0.852713 0.906977
14958 111 117 0.860465 0.906977
14959 112 117 0.868217 0.906977
14960 113 117 0.875969 0.906977
14961 114 117 0.883721 0.906977
14962 115 117 0.891473 0.906977
14963 116 117 0.899225 0.906977
14964 117 117 0.906977 0.906977
14965 118 117 0.914729 0.906977
14966 119 117 0.922481 0.906977
14967 120 117 0.930233 0.906977
14968 121 117 0.937984 0.906977
14969 122 117 0.945736 0.906977
14970 123 117 0.953488 0.906977
14971 124 117 0.96124 0.906977
14972 125 117 0.968992 0.906977
14973 126 117 0.976744 0.906977
14974 127 117 0.984496 0.906977
14975 128 117 0.992248 0.906977
14976 1 118 0.00775194 0.914729
14977 2 118 0.0155039 0.914729
14978 3 118 0.0232558 0.914729
14979 4 118 0.0310078 0.914729
14980 5 118 0.0387597 0.914729
14981 6 118 0.0465116 0.914729
14982 7 118 0.0542636 0.914729
14983 8 118 0.0620155 0.914729
14984 9 118 0.0697674 0.914729
14985 10 118 0.0775194 0.914729
14986 11 118 0.0852713 0.914729
14987 12 118 0.0930233 0.914729
14988 13 118 0.100775 0.914729
14989 14 118 0.108527 0.914729
14990 15 118 0.116279 0.914729
14991 16 118 0.124031 0.914729
14992 17 118 0.131783 0.914729
14993 18 118 0.139535 0.914729
14994 19 118 0.147287 0.914729
14995 20 118 0.155039 0.914729
14996 21 118 0.162791 0.914729
14997 22 118 0.170543 0.914729
14998 23 118 0.178295 0.914729
14999 24 118 0.186047 0.914729
15000 25 118 0.193798 0.914729
15001 26 118 0.20155 0.914729
15002 27 118 0.209302 0.914729
15003 28 118 0.217054 0.914729
15004 29 118 0.224806 0.914729
15005 30 118 0.232558 0.914729
15006 31 118 0.24031 0.914729
15007 32 118 0.248062 0.914729
15008 33 118 0.255814 0.914729
15009 34 118 0.263566 0.914729
15010 35 118 0.271318 0.914729
15011 36 118 0.27907 0.914729
15012 37 118 0.286822 0.914729
15013 38 118 0.294574 0.914729
15014 39 118 0.302326 0.914729
15015 40 118 0.310078 0.914729
15016 41 118 0.317829 0.914729
15017 42 118 0.325581 0.914729
15018 43 118 0.333333 0.914729
15019 44 118 0.341085 0.914729
15020 45 118 0.348837 0.914729
15021 46 118 0.356589 0.914729
15022 47 118 0.364341 0.914729
15023 48 118 0.372093 0.914729
15024 49 118 0.379845 0.914729
15025 50 118 0.387597 0.914729
15026 51 118 0.395349 0.914729
15027 52 118 0.403101 0.914729
15028 53 118 0.410853 0.914729
15029 54 118 0.418605 0.914729
15030 55 118 0.426357 0.914729
15031 56 118 0.434109 0.914729
15032 57 118 0.44186 0.914729
15033 58 118 0.449612 0.914729
15034 59 118 0.457364 0.914729
15035 60 118 0.465116 0.914729
15036 61 118 0.472868 0.914729
15037 62 118 0.48062 0.914729
15038 63 118 0.488372 0.914729
15039 64 118 0.496124 0.914729
15040 65 118 0.503876 0.914729
15041 66 118 0.511628 0.914729
15042 67 118 0.51938 0.914729
15043 68 118 0.527132 0.914729
15044 69 118 0.534884 0.914729
15045 70 118 0.542636 0.914729
15046 71 118 0.550388 0.914729
15047 72 118 0.55814 0.914729
15048 73 118 0.565891 0.914729
15049 74 118 0.573643 0.914729
15050 75 118 0.581395 0.914729
15051 76 118 0.589147 0.914729
15052 77 118 0.596899 0.914729
15053 78 118 0.604651 0.914729
15054 79 118 0.612403 0.914729
15055 80 118 0.620155 0.914729
15056 81 118 0.627907 0.914729
15057 82 118 0.635659 0.914729
15058 83 118 0.643411 0.914729
15059 84 118 0.651163 0.914729
15060 85 118 0.658915 0.914729
15061 86 118 0.666667 0.914729
15062 87 118 0.674419 0.914729
15063 88 118 0.682171 0.914729
15064 89 118 0.689922 0.914729
15065 90 118 0.697674 0.914729
15066 91 118 0.705426 0.914729
15067 92 118 0.713178 0.914729
15068 93 118 0.72093 0.914729
15069 94 118 0.728682 0.914729
15070 95 118 0.736434 0.914729
15071 96 118 0.744186 0.914729
15072 97 118 0.751938 0.914729
15073 98 118 0.75969 0.914729
15074 99 118 0.767442 0.914729
15075 100 118 0.775194 0.914729
15076 101 118 0.782946 0.914729
15077 102 118 0.790698 0.914729
15078 103 118 0.79845 0.914729
15079 104 118 0.806202 0.914729
15080 105 118 0.813953 0.914729
15081 106 118 0.821705 0.914729
15082 107 118 0.829457 0.914729
15083 108 118 0.837209 0.914729
15084 109 118 0.844961 0.914729
15085 110 118 0.852713 0.914729
15086 111 118 0.860465 0.914729
15087 112 118 0.868217 0.914729
15088 113 118 0.875969 0.914729
15089 114 118 0.883721 0.914729
15090 115 118 0.891473 0.914729
15091 116 118 0.899225 0.914729
15092 117 118 0.906977 0.914729
15093 118 118 0.914729 0.914729
15094 119 118 0.922481 0.914729
15095 120 118 0.930233 0.914729
15096 121 118 0.937984 0.914729
15097 122 118 0.945736 0.914729
15098 123 118 0.953488 0.914729
15099 124 118 0.96124 0.914729
15100 125 118 0.968992 0.914729
15101 126 118 0.976744 0.914729
15102 127 118 0.984496 0.914729
15103 128 118 0.992248 0.914729
15104 1 119 0.00775194 0.922481
15105 2 119 0.0155039 0.922481
15106 3 119 0.0232558 0.922481
15107 4 119 0.0310078 0.922481
15108 5 119 0.0387597 0.922481
15109 6 119 0.0465116 0.922481
15110 7 119 0.0542636 0.922481
15111 8 119 0.0620155 0.922481
15112 9 119 0.0697674 0.922481
15113 10 119 0.0775194 0.922481
15114 11 119 0.0852713 0.922481
15115 12 119 0.0930233 0.922481
15116 13 119 0.100775 0.922481
15117 14 119 0.108527 0.922481
15118 15 119 0.116279 0.922481
15119 16 119 0.124031 0.922481
15120 17 119 0.131783 0.922481
15121 18 119 0.139535 0.922481
15122 19 119 0.147287 0.922481
15123 20 119 0.155039 0.922481
15124 21 119 0.162791 0.922481
15125 22 119 0.170543 0.922481
15126 23 119 0.178295 0.922481
15127 24 119 0.186047 0.922481
15128 25 119 0.193798 0.922481
15129 26 119 0.20155 0.922481
15130 27 119 0.209302 0.922481
15131 28 119 0.217054 0.922481
15132 29 119 0.224806 0.922481
15133 30 119 0.232558 0.922481
15134 31 119 0.24031 0.922481
15135 32 119 0.248062 0.922481
15136 33 119 0.255814 0.922481
15137 34 119 0.263566 0.922481
15138 35 119 0.271318 0.922481
15139 36 119 0.27907 0.922481
15140 37 119 0.286822 0.922481
15141 38 119 0.294574 0.922481
15142 39 119 0.302326 0.922481
15143 40 119 0.310078 0.922481
15144 41 119 0.317829 0.922481
15145 42 119 0.325581 0.922481
15146 43 119 0.333333 0.922481
15147 44 119 0.341085 0.922481
15148 45 119 0.348837 0.922481
15149 46 119 0.356589 0.922481
15150 47 119 0.364341 0.922481
15151 48 119 0.372093 0.922481
15152 49 119 0.379845 0.922481
15153 50 119 0.387597 0.922481
15154 51 119 0.395349 0.922481
15155 52 119 0.403101 0.922481
15156 53 119 0.410853 0.922481
15157 54 119 0.418605 0.922481
15158 55 119 0.426357 0.922481
15159 56 119 0.434109 0.922481
15160 57 119 0.44186 0.922481
15161 58 119 0.449612 0.922481
15162 59 119 0.457364 0.922481
15163 60 119 0.465116 0.922481
15164 61 119 0.472868 0.922481
15165 62 119 0.48062 0.922481
15166 63 119 0.488372 0.922481
15167 64 119 0.496124 0.922481
15168 65 119 0.503876 0.922481
15169 66 119 0.511628 0.922481
15170 67 119 0.51938 0.922481
15171 68 119 0.527132 0.922481
15172 69 119 0.534884 0.922481
15173 70 119 0.542636 0.922481
15174 71 119 0.550388 0.922481
15175 72 119 0.55814 0.922481
15176 73 119 0.565891 0.922481
15177 74 119 0.573643 0.922481
15178 75 119 0.581395 0.922481
15179 76 119 0.589147 0.922481
15180 77 119 0.596899 0.922481
15181 78 119 0.604651 0.922481
15182 79 119 0.612403 0.922481
15183 80 119 0.620155 0.922481
15184 81 119 0.627907 0.922481
15185 82 119 0.635659 0.922481
15186 83 119 0.643411 0.922481
15187 84 119 0.651163 0.922481
15188 85 119 0.658915 0.922481
15189 86 119 0.666667 0.922481
15190 87 119 0.674419 0.922481
15191 88 119 0.682171 0.922481
15192 89 119 0.689922 0.922481
15193 90 119 0.697674 0.922481
15194 91 119 0.705426 0.922481
15195 92 119 0.713178 0.922481
15196 93 119 0.72093 0.922481
15197 94 119 0.728682 0.922481
15198 95 119 0.736434 0.922481
15199 96 119 0.744186 0.922481
15200 97 119 0.751938 0.922481
15201 98 119 0.75969 0.922481
15202 99 119 0.767442 0.922481
15203 100 119 0.775194 0.922481
15204 101 119 0.782946 0.922481
15205 102 119 0.790698 0.922481
15206 103 119 0.79845 0.922481
15207 104 119 0.806202 0.922481
15208 105 119 0.813953 0.922481
15209 106 119 0.821705 0.922481
15210 107 119 0.829457 0.922481
15211 108 119 0.837209 0.922481
15212 109 119 0.844961 0.922481
15213 110 119 0.852713 0.922481
15214 111 119 0.860465 0.922481
15215 112 119 0.868217 0.922481
15216 113 119 0.875969 0.922481
15217 114 119 0.883721 0.922481
15218 115 119 0.891473 0.922481
15219 116 119 0.899225 0.922481
15220 117 119 0.906977 0.922481
15221 118 119 0.914729 0.922481
15222 119 119 0.922481 0.922481
15223 120 119 0.930233 0.922481
15224 121 119 0.937984 0.922481
15225 122 119 0.945736 0.922481
15226 123 119 0.953488 0.922481
15227 124 119 0.96124 0.922481
15228 125 119 0.968992 0.922481
15229 126 119 0.976744 0.922481
15230 127 119 0.984496 0.922481
15231 128 119 0.992248 0.922481
15232 1 120 0.00775194 0.930233
15233 2 120 0.0155039 0.930233
15234 3 120 0.0232558 0.930233
15235 4 120 0.0310078 0.930233
15236 5 120 0.0387597 0.930233
15237 6 120 0.0465116 0.930233
15238 7 120 0.0542636 0.930233
15239 8 120 0.0620155 0.930233
15240 9 120 0.0697674 0.930233
15241 10 120 0.0775194 0.930233
15242 11 120 0.0852713 0.930233
15243 12 120 0.0930233 0.930233
15244 13 120 0.100775 0.930233
15245 14 120 0.108527 0.930233
15246 15 120 0.116279 0.930233
15247 16 120 0.124031 0.930233
15248 17 120 0.131783 0.930233
15249 18 120 0.139535 0.930233
15250 19 120 0.147287 0.930233
15251 20 120 0.155039 0.930233
15252 21 120 0.162791 0.930233
15253 22 120 0.170543 0.930233
15254 23 120 0.178295 0.930233
15255 24 120 0.186047 0.930233
15256 25 120 0.193798 0.930233
15257 26 120 0.20155 0.930233
15258 27 120 0.209302 0.930233
15259 28 120 0.217054 0.930233
15260 29 120 0.224806 0.930233
15261 30 120 0.232558 0.930233
15262 31 120 0.24031 0.930233
15263 32 120 0.248062 0.930233
15264 33 120 0.255814 0.930233
15265 34 120 0.263566 0.930233
15266 35 120 0.271318 0.930233
15267 36 120 0.27907 0.930233
15268 37 120 0.286822 0.930233
15269 38 120 0.294574 0.930233
15270 39 120 0.302326 0.930233
15271 40 120 0.310078 0.930233
15272 41 120 0.317829 0.930233
15273 42 120 0.325581 0.930233
15274 43 120 0.333333 0.930233
15275 44 120 0.341085 0.930233
15276 45 120 0.348837 0.930233
15277 46 120 0.356589 0.930233
15278 47 120 0.364341 0.930233
15279 48 120 0.372093 0.930233
15280 49 120 0.379845 0.930233
15281 50 120 0.387597 0.930233
15282 51 120 0.395349 0.930233
15283 52 120 0.403101 0.930233
15284 53 120 0.410853 0.930233
15285 54 120 0.418605 0.930233
15286 55 120 0.426357 0.930233
15287 56 120 0.434109 0.930233
15288 57 120 0.44186 0.930233
15289 58 120 0.449612 0.930233
15290 59 120 0.457364 0.930233
15291 60 120 0.465116 0.930233
15292 61 120 0.472868 0.930233
15293 62 120 0.48062 0.930233
15294 63 120 0.488372 0.930233
15295 64 120 0.496124 0.930233
15296 65 120 0.503876 0.930233
15297 66 120 0.511628 0.930233
15298 67 120 0.51938 0.930233
15299 68 120 0.527132 0.930233
15300 69 120 0.534884 0.930233
15301 70 120 0.542636 0.930233
15302 71 120 0.550388 0.930233
15303 72 120 0.55814 0.930233
15304 73 120 0.565891 0.930233
15305 74 120 0.573643 0.930233
15306 75 120 0.581395 0.930233
15307 76 120 0.589147 0.930233
15308 77 120 0.596899 0.930233
15309 78 120 0.604651 0.930233
15310 79 120 0.612403 0.930233
15311 80 120 0.620155 0.930233
15312 81 120 0.627907 0.930233
15313 82 120 0.635659 0.930233
15314 83 120 0.643411 0.930233
15315 84 120 0.651163 0.930233
15316 85 120 0.658915 0.930233
15317 86 120 0.666667 0.930233
15318 87 120 0.674419 0.930233
15319 88 120 0.682171 0.930233
15320 89 120 0.689922 0.930233
15321 90 120 0.697674 0.930233
15322 91 120 0.705426 0.930233
15323 92 120 0.713178 0.930233
15324 93 120 0.72093 0.930233
15325 94 120 0.728682 0.930233
15326 95 120 0.736434 0.930233
15327 96 120 0.744186 0.930233
15328 97 120 0.751938 0.930233
15329 98 120 0.75969 0.930233
15330 99 120 0.767442 0.930233
15331 100 120 0.775194 0.930233
15332 101 120 0.782946 0.930233
15333 102 120 0.790698 0.930233
15334 103 120 0.79845 0.930233
15335 104 120 0.806202 0.930233
15336 105 120 0.813953 0.930233
15337 106 120 0.821705 0.930233
15338 107 120 0.829457 0.930233
15339 108 120 0.837209 0.930233
15340 109 120 0.844961 0.930233
15341 110 120 0.852713 0.930233
15342 111 120 0.860465 0.930233
15343 112 120 0.868217 0.930233
15344 113 120 0.875969 0.930233
15345 114 120 0.883721 0.930233
15346 115 120 0.891473 0.930233
15347 116 120 0.899225 0.930233
15348 117 120 0.906977 0.930233
15349 118 120 0.914729 0.930233
15350 119 120 0.922481 0.930233
15351 120 120 0.930233 0.930233
15352 121 120 0.937984 0.930233
15353 122 120 0.945736 0.930233
15354 123 120 0.953488 0.930233
15355 124 120 0.96124 0.930233
15356 125 120 0.968992 0.930233
15357 126 120 0.976744 0.930233
15358 127 120 0.984496 0.930233
15359 128 120 0.992248 0.930233
15360 1 121 0.00775194 0.937984
15361 2 121 0.0155039 0.937984
15362 3 121 0.0232558 0.937984
15363 4 121 0.0310078 0.937984
15364 5 121 0.0387597 0.937984
15365 6 121 0.0465116 0.937984
15366 7 121 0.0542636 0.937984
15367 8 121 0.0620155 0.937984
15368 9 121 0.0697674 0.937984
15369 10 121 0.0775194 0.937984
15370 11 121 0.0852713 0.937984
15371 12 121 0.0930233 0.937984
15372 13 121 0.100775 0.937984
15373 14 121 0.108527 0.937984
15374 15 121 0.116279 0.937984
15375 16 121 0.124031 0.937984
15376 17 121 0.131783 0.937984
15377 18 121 0.139535 0.937984
15378 19 121 0.147287 0.937984
15379 20 121 0.155039 0.937984
15380 21 121 0.162791 0.937984
15381 22 121 0.170543 0.937984
15382 23 121 0.178295 0.937984
15383 24 121 0.186047 0.937984
15384 25 121 0.193798 0.937984
15385 26 121 0.20155 0.937984
15386 27 121 0.209302 0.937984
15387 28 121 0.217054 0.937984
15388 29 121 0.224806 0.937984
15389 30 121 0.232558 0.937984
15390 31 121 0.24031 0.937984
15391 32 121 0.248062 0.937984
15392 33 121 0.255814 0.937984
15393 34 121 0.263566 0.937984
15394 35 121 0.271318 0.937984
15395 36 121 0.27907 0.937984
15396 37 121 0.286822 0.937984
15397 38 121 0.294574 0.937984
15398 39 121 0.302326 0.937984
15399 40 121 0.310078 0.937984
15400 41 121 0.317829 0.937984
15401 42 121 0.325581 0.937984
15402 43 121 0.333333 0.937984
15403 44 121 0.341085 0.937984
15404 45 121 0.348837 0.937984
15405 46 121 0.356589 0.937984
15406 47 121 0.364341 0.937984
15407 48 121 0.372093 0.937984
15408 49 121 0.379845 0.937984
15409 50 121 0.387597 0.937984
15410 51 121 0.395349 0.937984
15411 52 121 0.403101 0.937984
15412 53 121 0.410853 0.937984
15413 54 121 0.418605 0.937984
15414 55 121 0.426357 0.937984
15415 56 121 0.434109 0.937984
15416 57 121 0.44186 0.937984
15417 58 121 0.449612 0.937984
15418 59 121 0.457364 0.937984
15419 60 121 0.465116 0.937984
15420 61 121 0.472868 0.937984
15421 62 121 0.48062 0.937984
15422 63 121 0.488372 0.937984
15423 64 121 0.496124 0.937984
15424 65 121 0.503876 0.937984
15425 66 121 0.511628 0.937984
15426 67 121 0.51938 0.937984
15427 68 121 0.527132 0.937984
15428 69 121 0.534884 0.937984
15429 70 121 0.542636 0.937984
15430 71 121 0.550388 0.937984
15431 72 121 0.55814 0.937984
15432 73 121 0.565891 0.937984
15433 74 121 0.573643 0.937984
15434 75 121 0.581395 0.937984
15435 76 121 0.589147 0.937984
15436 77 121 0.596899 0.937984
15437 78 121 0.604651 0.937984
15438 79 121 0.612403 0.937984
15439 80 121 0.620155 0.937984
15440 81 121 0.627907 0.937984
15441 82 121 0.635659 0.937984
15442 83 121 0.643411 0.937984
15443 84 121 0.651163 0.937984
15444 85 121 0.658915 0.937984
15445 86 121 0.666667 0.937984
15446 87 121 0.674419 0.937984
15447 88 121 0.682171 0.937984
15448 89 121 0.689922 0.937984
15449 90 121 0.697674 0.937984
15450 91 121 0.705426 0.937984
15451 92 121 0.713178 0.937984
15452 93 121 0.72093 0.937984
15453 94 121 0.728682 0.937984
15454 95 121 0.736434 0.937984
15455 96 121 0.744186 0.937984
15456 97 121 0.751938 0.937984
15457 98 121 0.75969 0.937984
15458 99 121 0.767442 0.937984
15459 100 121 0.775194 0.937984
15460 101 121 0.782946 0.937984
15461 102 121 0.790698 0.937984
15462 103 121 0.79845 0.937984
15463 104 121 0.806202 0.937984
15464 105 121 0.813953 0.937984
15465 106 121 0.821705 0.937984
15466 107 121 0.829457 0.937984
15467 108 121 0.837209 0.937984
15468 109 121 0.844961 0.937984
15469 110 121 0.852713 0.937984
15470 111 121 0.860465 0.937984
15471 112 121 0.868217 0.937984
15472 113 121 0.875969 0.937984
15473 114 121 0.883721 0.937984
15474 115 121 0.891473 0.937984
15475 116 121 0.899225 0.937984
15476 117 121 0.906977 0.937984
15477 118 121 0.914729 0.937984
15478 119 121 0.922481 0.937984
15479 120 121 0.930233 0.937984
15480 121 121 0.937984 0.937984
15481 122 121 0.945736 0.937984
15482 123 121 0.953488 0.937984
15483 124 121 0.96124 0.937984
15484 125 121 0.968992 0.937984
15485 126 121 0.976744 0.937984
15486 127 121 0.984496 0.937984
15487 128 121 0.992248 0.937984
15488 1 122 0.00775194 0.945736
15489 2 122 0.0155039 0.945736
15490 3 122 0.0232558 0.945736
15491 4 122 0.0310078 0.945736
15492 5 122 0.0387597 0.945736
15493 6 122 0.0465116 0.945736
15494 7 122 0.0542636 0.945736
15495 8 122 0.0620155 0.945736
15496 9 122 0.0697674 0.945736
15497 10 122 0.0775194 0.945736
15498 11 122 0.0852713 0.945736
15499 12 122 0.0930233 0.945736
15500 13 122 0.100775 0.945736
15501 14 122 0.108527 0.945736
15502 15 122 0.116279 0.945736
15503 16 122 0.124031 0.945736
15504 17 122 0.131783 0.945736
15505 18 122 0.139535 0.945736
15506 19 122 0.147287 0.945736
15507 20 122 0.155039 0.945736
15508 21 122 0.162791 0.945736
15509 22 122 0.170543 0.945736
15510 23 122 0.178295 0.945736
15511 24 122 0.186047 0.945736
15512 25 122 0.193798 0.945736
15513 26 122 0.20155 0.945736
15514 27 122 0.209302 0.945736
15515 28 122 0.217054 0.945736
15516 29 122 0.224806 0.945736
15517 30 122 0.232558 0.945736
15518 31 122 0.24031 0.945736
15519 32 122 0.248062 0.945736
15520 33 122 0.255814 0.945736
15521 34 122 0.263566 0.945736
15522 35 122 0.271318 0.945736
15523 36 122 0.27907 0.945736
15524 37 122 0.286822 0.945736
15525 38 122 0.294574 0.945736
15526 39 122 0.302326 0.945736
15527 40 122 0.310078 0.945736
15528 41 122 0.317829 0.945736
15529 42 122 0.325581 0.945736
15530 43 122 0.333333 0.945736
15531 44 122 0.341085 0.945736
15532 45 122 0.348837 0.945736
15533 46 122 0.356589 0.945736
15534 47 122 0.364341 0.945736
15535 48 122 0.372093 0.945736
15536 49 122 0.379845 0.945736
15537 50 122 0.387597 0.945736
15538 51 122 0.395349 0.945736
15539 52 122 0.403101 0.945736
15540 53 122 0.410853 0.945736
15541 54 122 0.418605 0.945736
15542 55 122 0.426357 0.945736
15543 56 122 0.434109 0.945736
15544 57 122 0.44186 0.945736
15545 58 122 0.449612 0.945736
15546 59 122 0.457364 0.945736
15547 60 122 0.465116 0.945736
15548 61 122 0.472868 0.945736
15549 62 122 0.48062 0.945736
15550 63 122 0.488372 0.945736
15551 64 122 0.496124 0.945736
15552 65 122 0.503876 0.945736
15553 66 122 0.511628 0.945736
15554 67 122 0.51938 0.945736
15555 68 122 0.527132 0.945736
15556 69 122 0.534884 0.945736
15557 70 122 0.542636 0.945736
15558 71 122 0.550388 0.945736
15559 72 122 0.55814 0.945736
15560 73 122 0.565891 0.945736
15561 74 122 0.573643 0.945736
15562 75 122 0.581395 0.945736
15563 76 122 0.589147 0.945736
15564 77 122 0.596899 0.945736
15565 78 122 0.604651 0.945736
15566 79 122 0.612403 0.945736
15567 80 122 0.620155 0.945736
15568 81 122 0.627907 0.945736
15569 82 122 0.635659 0.945736
15570 83 122 0.643411 0.945736
15571 84 122 0.651163 0.945736
15572 85 122 0.658915 0.945736
15573 86 122 0.666667 0.945736
15574 87 122 0.674419 0.945736
15575 88 122 0.682171 0.945736
15576 89 122 0.689922 0.945736
15577 90 122 0.697674 0.945736
15578 91 122 0.705426 0.945736
15579 92 122 0.713178 0.945736
15580 93 122 0.72093 0.945736
15581 94 122 0.728682 0.945736
15582 95 122 0.736434 0.945736
15583 96 122 0.744186 0.945736
15584 97 122 0.751938 0.945736
15585 98 122 0.75969 0.945736
15586 99 122 0.767442 0.945736
15587 100 122 0.775194 0.945736
15588 101 122 0.782946 0.945736
15589 102 122 0.790698 0.945736
15590 103 122 0.79845 0.945736
15591 104 122 0.806202 0.945736
15592 105 122 0.813953 0.945736
15593 106 122 0.821705 0.945736
15594 107 122 0.829457 0.945736
15595 108 122 0.837209 0.945736
15596 109 122 0.844961 0.945736
15597 110 122 0.852713 0.945736
15598 111 122 0.860465 0.945736
15599 112 122 0.868217 0.945736
15600 113 122 0.875969 0.945736
15601 114 122 0.883721 0.945736
15602 115 122 0.891473 0.945736
15603 116 122 0.899225 0.945736
15604 117 122 0.906977 0.945736
15605 118 122 0.914729 0.945736
15606 119 122 0.922481 0.945736
15607 120 122 0.930233 0.945736
15608 121 122 0.937984 0.945736
15609 122 122 0.945736 0.945736
15610 123 122 0.953488 0.945736
15611 124 122 0.96124 0.945736
15612 125 122 0.968992 0.945736
15613 126 122 0.976744 0.945736
15614 127 122 0.984496 0.945736
15615 128 122 0.992248 0.945736
15616 1 123 0.00775194 0.953488
15617 2 123 0.0155039 0.953488
15618 3 123 0.0232558 0.953488
15619 4 123 0.0310078 0.953488
15620 5 123 0.0387597 0.953488
15621 6 123 0.0465116 0.953488
15622 7 123 0.0542636 0.953488
15623 8 123 0.0620155 0.953488
15624 9 123 0.0697674 0.953488
15625 10 123 0.0775194 0.953488
15626 11 123 0.0852713 0.953488
15627 12 123 0.0930233 0.953488
15628 13 123 0.100775 0.953488
15629 14 123 0.108527 0.953488
15630 15 123 0.116279 0.953488
15631 16 123 0.124031 0.953488
15632 17 123 0.131783 0.953488
15633 18 123 0.139535 0.953488
15634 19 123 0.147287 0.953488
15635 20 123 0.155039 0.953488
15636 21 123 0.162791 0.953488
15637 22 123 0.170543 0.953488
15638 23 123 0.178295 0.953488
15639 24 123 0.186047 0.953488
15640 25 123 0.193798 0.953488
15641 26 123 0.20155 0.953488
15642 27 123 0.209302 0.953488
15643 28 123 0.217054 0.953488
15644 29 123 0.224806 0.953488
15645 30 123 0.232558 0.953488
15646 31 123 0.24031 0.953488
15647 32 123 0.248062 0.953488
15648 33 123 0.255814 0.953488
15649 34 123 0.263566 0.953488
15650 35 123 0.271318 0.953488
15651 36 123 0.27907 0.953488
15652 37 123 0.286822 0.953488
15653 38 123 0.294574 0.953488
15654 39 123 0.302326 0.953488
15655 40 123 0.310078 0.953488
15656 41 123 0.317829 0.953488
15657 42 123 0.325581 0.953488
15658 43 123 0.333333 0.953488
15659 44 123 0.341085 0.953488
15660 45 123 0.348837 0.953488
15661 46 123 0.356589 0.953488
15662 47 123 0.364341 0.953488
15663 48 123 0.372093 0.953488
15664 49 123 0.379845 0.953488
15665 50 123 0.387597 0.953488
15666 51 123 0.395349 0.953488
15667 52 123 0.403101 0.953488
15668 53 123 0.410853 0.953488
15669 54 123 0.418605 0.953488
15670 55 123 0.426357 0.953488
15671 56 123 0.434109 0.953488
15672 57 123 0.44186 0.953488
15673 58 123 0.449612 0.953488
15674 59 123 0.457364 0.953488
15675 60 123 0.465116 0.953488
15676 61 123 0.472868 0.953488
15677 62 123 0.48062 0.953488
15678 63 123 0.488372 0.953488
15679 64 123 0.496124 0.953488
15680 65 123 0.503876 0.953488
15681 66 123 0.511628 0.953488
15682 67 123 0.51938 0.953488
15683 68 123 0.527132 0.953488
15684 69 123 0.534884 0.953488
15685 70 123 0.542636 0.953488
15686 71 123 0.550388 0.953488
15687 72 123 0.55814 0.953488
15688 73 123 0.565891 0.953488
15689 74 123 0.573643 0.953488
15690 75 123 0.581395 0.953488
15691 76 123 0.589147 0.953488
15692 77 123 0.596899 0.953488
15693 78 123 0.604651 0.953488
15694 79 123 0.612403 0.953488
15695 80 123 0.620155 0.953488
15696 81 123 0.627907 0.953488
15697 82 123 0.635659 0.953488
15698 83 123 0.643411 0.953488
15699 84 123 0.651163 0.953488
15700 85 123 0.658915 0.953488
15701 86 123 0.666667 0.953488
15702 87 123 0.674419 0.953488
15703 88 123 0.682171 0.953488
15704 89 123 0.689922 0.953488
15705 90 123 0.697674 0.953488
15706 91 123 0.705426 0.953488
15707 92 123 0.713178 0.953488
15708 93 123 0.72093 0.953488
15709 94 123 0.728682 0.953488
15710 95 123 0.736434 0.953488
15711 96 123 0.744186 0.953488
15712 97 123 0.751938 0.953488
15713 98 123 0.75969 0.953488
15714 99 123 0.767442 0.953488
15715 100 123 0.775194 0.953488
15716 101 123 0.782946 0.953488
15717 102 123 0.790698 0.953488
15718 103 123 0.79845 0.953488
15719 104 123 0.806202 0.953488
15720 105 123 0.813953 0.953488
15721 106 123 0.821705 0.953488
15722 107 123 0.829457 0.953488
15723 108 123 0.837209 0.953488
15724 109 123 0.844961 0.953488
15725 110 123 0.852713 0.953488
15726 111 123 0.860465 0.953488
15727 112 123 0.868217 0.953488
15728 113 123 0.875969 0.953488
15729 114 123 0.883721 0.953488
15730 115 123 0.891473 0.953488
15731 116 123 0.899225 0.953488
15732 117 123 0.906977 0.953488
15733 118 123 0.914729 0.953488
15734 119 123 0.922481 0.953488
15735 120 123 0.930233 0.953488
15736 121 123 0.937984 0.953488
15737 122 123 0.945736 0.953488
15738 123 123 0.953488 0.953488
15739 124 123 0.96124 0.953488
15740 125 123 0.968992 0.953488
15741 126 123 0.976744 0.953488
15742 127 123 0.984496 0.953488
15743 128 123 0.992248 0.953488
15744 1 124 0.00775194 0.96124
15745 2 124 0.0155039 0.96124
15746 3 124 0.0232558 0.96124
15747 4 124 0.0310078 0.96124
15748 5 124 0.0387597 0.96124
15749 6 124 0.0465116 0.96124
15750 7 124 0.0542636 0.96124
15751 8 124 0.0620155 0.96124
15752 9 124 0.0697674 0.96124
15753 10 124 0.0775194 0.96124
15754 11 124 0.0852713 0.96124
15755 12 124 0.0930233 0.96124
15756 13 124 0.100775 0.96124
15757 14 124 0.108527 0.96124
15758 15 124 0.116279 0.96124
15759 16 124 0.124031 0.96124
15760 17 124 0.131783 0.96124
15761 18 124 0.139535 0.96124
15762 19 124 0.147287 0.96124
15763 20 124 0.155039 0.96124
15764 21 124 0.162791 0.96124
15765 22 124 0.170543 0.96124
15766 23 124 0.178295 0.96124
15767 24 124 0.186047 0.96124
15768 25 124 0.193798 0.96124
15769 26 124 0.20155 0.96124
15770 27 124 0.209302 0.96124
15771 28 124 0.217054 0.96124
15772 29 124 0.224806 0.96124
15773 30 124 0.232558 0.96124
15774 31 124 0.24031 0.96124
15775 32 124 0.248062 0.96124
15776 33 124 0.255814 0.96124
15777 34 124 0.263566 0.96124
15778 35 124 0.271318 0.96124
15779 36 124 0.27907 0.96124
15780 37 124 0.286822 0.96124
15781 38 124 0.294574 0.96124
15782 39 124 0.302326 0.96124
15783 40 124 0.310078 0.96124
15784 41 124 0.317829 0.96124
15785 42 124 0.325581 0.96124
15786 43 124 0.333333 0.96124
15787 44 124 0.341085 0.96124
15788 45 124 0.348837 0.96124
15789 46 124 0.356589 0.96124
15790 47 124 0.364341 0.96124
15791 48 124 0.372093 0.96124
15792 49 124 0.379845 0.96124
15793 50 124 0.387597 0.96124
15794 51 124 0.395349 0.96124
15795 52 124 0.403101 0.96124
15796 53 124 0.410853 0.96124
15797 54 124 0.418605 0.96124
15798 55 124 0.426357 0.96124
15799 56 124 0.434109 0.96124
15800 57 124 0.44186 0.96124
15801 58 124 0.449612 0.96124
15802 59 124 0.457364 0.96124
15803 60 124 0.465116 0.96124
15804 61 124 0.472868 0.96124
15805 62 124 0.48062 0.96124
15806 63 124 0.488372 0.96124
15807 64 124 0.496124 0.96124
15808 65 124 0.503876 0.96124
15809 66 124 0.511628 0.96124
15810 67 124 0.51938 0.96124
15811 68 124 0.527132 0.96124
15812 69 124 0.534884 0.96124
15813 70 124 0.542636 0.96124
15814 71 124 0.550388 0.96124
15815 72 124 0.55814 0.96124
15816 73 124 0.565891 0.96124
15817 74 124 0.573643 0.96124
15818 75 124 0.581395 0.96124
15819 76 124 0.589147 0.96124
15820 77 124 0.596899 0.96124
15821 78 124 0.604651 0.96124
15822 79 124 0.612403 0.96124
15823 80 124 0.620155 0.96124
15824 81 124 0.627907 0.96124
15825 82 124 0.635659 0.96124
15826 83 124 0.643411 0.96124
15827 84 124 0.651163 0.96124
15828 85 124 0.658915 0.96124
15829 86 124 0.666667 0.96124
15830 87 124 0.674419 0.96124
15831 88 124 0.682171 0.96124
15832 89 124 0.689922 0.96124
15833 90 124 0.697674 0.96124
15834 91 124 0.705426 0.96124
15835 92 124 0.713178 0.96124
15836 93 124 0.72093 0.96124
15837 94 124 0.728682 0.96124
15838 95 124 0.736434 0.96124
15839 96 124 0.744186 0.96124
15840 97 124 0.751938 0.96124
15841 98 124 0.75969 0.96124
15842 99 124 0.767442 0.96124
15843 100 124 0.775194 0.96124
15844 101 124 0.782946 0.96124
15845 102 124 0.790698 0.96124
15846 103 124 0.79845 0.96124
15847 104 124 0.806202 0.96124
15848 105 124 0.813953 0.96124
15849 106 124 0.821705 0.96124
15850 107 124 0.829457 0.96124
15851 108 124 0.837209 0.96124
15852 109 124 0.844961 0.96124
15853 110 124 0.852713 0.96124
15854 111 124 0.860465 0.96124
15855 112 124 0.868217 0.96124
15856 113 124 0.875969 0.96124
15857 114 124 0.883721 0.96124
15858 115 124 0.891473 0.96124
15859 116 124 0.899225 0.96124
15860 117 124 0.906977 0.96124
15861 118 124 0.914729 0.96124
15862 119 124 0.922481 0.96124
15863 120 124 0.930233 0.96124
15864 121 124 0.937984 0.96124
15865 122 124 0.945736 0.96124
15866 123 124 0.953488 0.96124
15867 124 124 0.96124 0.96124
15868 125 124 0.968992 0.96124
15869 126 124 0.976744 0.96124
15870 127 124 0.984496 0.96124
15871 128 124 0.992248 0.96124
15872 1 125 0.00775194 0.968992
15873 2 125 0.0155039 0.968992
15874 3 125 0.0232558 0.968992
15875 4 125 0.0310078 0.968992
15876 5 125 0.0387597 0.968992
15877 6 125 0.0465116 0.968992
15878 7 125 0.0542636 0.968992
15879 8 125 0.0620155 0.968992
15880 9 125 0.0697674 0.968992
15881 10 125 0.0775194 0.968992
15882 11 125 0.0852713 0.968992
15883 12 125 0.0930233 0.968992
15884 13 125 0.100775 0.968992
15885 14 125 0.108527 0.968992
15886 15 125 0.116279 0.968992
15887 16 125 0.124031 0.968992
15888 17 125 0.131783 0.968992
15889 18 125 0.139535 0.968992
15890 19 125 0.147287 0.968992
15891 20 125 0.155039 0.968992
15892 21 125 0.162791 0.968992
15893 22 125 0.170543 0.968992
15894 23 125 0.178295 0.968992
15895 24 125 0.186047 0.968992
15896 25 125 0.193798 0.968992
15897 26 125 0.20155 0.968992
15898 27 125 0.209302 0.968992
15899 28 125 0.217054 0.968992
15900 29 125 0.224806 0.968992
15901 30 125 0.232558 0.968992
15902 31 125 0.24031 0.968992
15903 32 125 0.248062 0.968992
15904 33 125 0.255814 0.968992
15905 34 125 0.263566 0.968992
15906 35 125 0.271318 0.968992
15907 36 125 0.27907 0.968992
15908 37 125 0.286822 0.968992
15909 38 125 0.294574 0.968992
15910 39 125 0.302326 0.968992
15911 40 125 0.310078 0.968992
15912 41 125 0.317829 0.968992
15913 42 125 0.325581 0.968992
15914 43 125 0.333333 0.968992
15915 44 125 0.341085 0.968992
15916 45 125 0.348837 0.968992
15917 46 125 0.356589 0.968992
15918 47 125 0.364341 0.968992
15919 48 125 0.372093 0.968992
15920 49 125 0.379845 0.968992
15921 50 125 0.387597 0.968992
15922 51 125 0.395349 0.968992
15923 52 125 0.403101 0.968992
15924 53 125 0.410853 0.968992
15925 54 125 0.418605 0.968992
15926 55 125 0.426357 0.968992
15927 56 125 0.434109 0.968992
15928 57 125 0.44186 0.968992
15929 58 125 0.449612 0.968992
15930 59 125 0.457364 0.968992
15931 60 125 0.465116 0.968992
15932 61 125 0.472868 0.968992
15933 62 125 0.48062 0.968992
15934 63 125 0.488372 0.968992
15935 64 125 0.496124 0.968992
15936 65 125 0.503876 0.968992
15937 66 125 0.511628 0.968992
15938 67 125 0.51938 0.968992
15939 68 125 0.527132 0.968992
15940 69 125 0.534884 0.968992
15941 70 125 0.542636 0.968992
15942 71 125 0.550388 0.968992
15943 72 125 0.55814 0.968992
15944 73 125 0.565891 0.968992
15945 74 125 0.573643 0.968992
15946 75 125 0.581395 0.968992
15947 76 125 0.589147 0.968992
15948 77 125 0.596899 0.968992
15949 78 125 0.604651 0.968992
15950 79 125 0.612403 0.968992
15951 80 125 0.620155 0.968992
15952 81 125 0.627907 0.968992
15953 82 125 0.635659 0.968992
15954 83 125 0.643411 0.968992
15955 84 125 0.651163 0.968992
15956 85 125 0.658915 0.968992
15957 86 125 0.666667 0.968992
15958 87 125 0.674419 0.968992
15959 88 125 0.682171 0.968992
15960 89 125 0.689922 0.968992
15961 90 125 0.697674 0.968992
15962 91 125 0.705426 0.968992
15963 92 125 0.713178 0.968992
15964 93 125 0.72093 0.968992
15965 94 125 0.728682 0.968992
15966 95 125 0.736434 0.968992
15967 96 125 0.744186 0.968992
15968 97 125 0.751938 0.968992
15969 98 125 0.75969 0.968992
15970 99 125 0.767442 0.968992
15971 100 125 0.775194 0.968992
15972 101 125 0.782946 0.968992
15973 102 125 0.790698 0.968992
15974 103 125 0.79845 0.968992
15975 104 125 0.806202 0.968992
15976 105 125 0.813953 0.968992
15977 106 125 0.821705 0.968992
15978 107 125 0.829457 0.968992
15979 108 125 0.837209 0.968992
15980 109 125 0.844961 0.968992
15981 110 125 0.852713 0.968992
15982 111 125 0.860465 0.968992
15983 112 125 0.868217 0.968992
15984 113 125 0.875969 0.968992
15985 114 125 0.883721 0.968992
15986 115 125 0.891473 0.968992
15987 116 125 0.899225 0.968992
15988 117 125 0.906977 0.968992
15989 118 125 0.914729 0.968992
15990 119 125 0.922481 0.968992
15991 120 125 0.930233 0.968992
15992 121 125 0.937984 0.968992
15993 122 125 0.945736 0.968992
15994 123 125 0.953488 0.968992
15995 124 125 0.96124 0.968992
15996 125 125 0.968992 0.968992
15997 126 125 0.976744 0.968992
15998 127 125 0.984496 0.968992
15999 128 125 0.992248 0.968992
16000 1 126 0.00775194 0.976744
16001 2 126 0.0155039 0.976744
16002 3 126 0.0232558 0.976744
16003 4 126 0.0310078 0.976744
16004 5 126 0.0387597 0.976744
16005 6 126 0.0465116 0.976744
16006 7 126 0.0542636 0.976744
16007 8 126 0.0620155 0.976744
16008 9 126 0.0697674 0.976744
16009 10 126 0.0775194 0.976744
16010 11 126 0.0852713 0.976744
16011 12 126 0.0930233 0.976744
16012 13 126 0.100775 0.976744
16013 14 126 0.108527 0.976744
16014 15 126 0.116279 0.976744
16015 16 126 0.124031 0.976744
16016 17 126 0.131783 0.976744
16017 18 126 0.139535 0.976744
16018 19 126 0.147287 0.976744
16019 20 126 0.155039 0.976744
16020 21 126 0.162791 0.976744
16021 22 126 0.170543 0.976744
16022 23 126 0.178295 0.976744
16023 24 126 0.186047 0.976744
16024 25 126 0.193798 0.976744
16025 26 126 0.20155 0.976744
16026 27 126 0.209302 0.976744
16027 28 126 0.217054 0.976744
16028 29 126 0.224806 0.976744
16029 30 126 0.232558 0.976744
16030 31 126 0.24031 0.976744
16031 32 126 0.248062 0.976744
16032 33 126 0.255814 0.976744
16033 34 126 0.263566 0.976744
16034 35 126 0.271318 0.976744
16035 36 126 0.27907 0.976744
16036 37 126 0.286822 0.976744
16037 38 126 0.294574 0.976744
16038 39 126 0.302326 0.976744
16039 40 126 0.310078 0.976744
16040 41 126 0.317829 0.976744
16041 42 126 0.325581 0.976744
16042 43 126 0.333333 0.976744
16043 44 126 0.341085 0.976744
16044 45 126 0.348837 0.976744
16045 46 126 0.356589 0.976744
16046 47 126 0.364341 0.976744
16047 48 126 0.372093 0.976744
16048 49 126 0.379845 0.976744
16049 50 126 0.387597 0.976744
16050 51 126 0.395349 0.976744
16051 52 126 0.403101 0.976744
16052 53 126 0.410853 0.976744
16053 54 126 0.418605 0.976744
16054 55 126 0.426357 0.976744
16055 56 126 0.434109 0.976744
16056 57 126 0.44186 0.976744
16057 58 126 0.449612 0.976744
16058 59 126 0.457364 0.976744
16059 60 126 0.465116 0.976744
16060 61 126 0.472868 0.976744
16061 62 126 0.48062 0.976744
16062 63 126 0.488372 0.976744
16063 64 126 0.496124 0.976744
16064 65 126 0.503876 0.976744
16065 66 126 0.511628 0.976744
16066 67 126 0.51938 0.976744
16067 68 126 0.527132 0.976744
16068 69 126 0.534884 0.976744
16069 70 126 0.542636 0.976744
16070 71 126 0.550388 0.976744
16071 72 126 0.55814 0.976744
16072 73 126 0.565891 0.976744
16073 74 126 0.573643 0.976744
16074 75 126 0.581395 0.976744
16075 76 126 0.589147 0.976744
16076 77 126 0.596899 0.976744
16077 78 126 0.604651 0.976744
16078 79 126 0.612403 0.976744
16079 80 126 0.620155 0.976744
16080 81 126 0.627907 0.976744
16081 82 126 0.635659 0.976744
16082 83 126 0.643411 0.976744
16083 84 126 0.651163 0.976744
16084 85 126 0.658915 0.976744
16085 86 126 0.666667 0.976744
16086 87 126 0.674419 0.976744
16087 88 126 0.682171 0.976744
16088 89 126 0.689922 0.976744
16089 90 126 0.697674 0.976744
16090 91 126 0.705426 0.976744
16091 92 126 0.713178 0.976744
16092 93 126 0.72093 0.976744
16093 94 126 0.728682 0.976744
16094 95 126 0.736434 0.976744
16095 96 126 0.744186 0.976744
16096 97 126 0.751938 0.976744
16097 98 126 0.75969 0.976744
16098 99 126 0.767442 0.976744
16099 100 126 0.775194 0.976744
16100 101 126 0.782946 0.976744
16101 102 126 0.790698 0.976744
16102 103 126 0.79845 0.976744
16103 104 126 0.806202 0.976744
16104 105 126 0.813953 0.976744
16105 106 126 0.821705 0.976744
16106 107 126 0.829457 0.976744
16107 108 126 0.837209 0.976744
16108 109 126 0.844961 0.976744
16109 110 126 0.852713 0.976744
16110 111 126 0.860465 0.976744
16111 112 126 0.868217 0.976744
16112 113 126 0.875969 0.976744
16113 114 126 0.883721 0.976744
16114 115 126 0.891473 0.976744
16115 116 126 0.899225 0.976744
16116 117 126 0.906977 0.976744
16117 118 126 0.914729 0.976744
16118 119 126 0.922481 0.976744
16119 120 126 0.930233 0.976744
16120 121 126 0.937984 0.976744
16121 122 126 0.945736 0.976744
16122 123 126 0.953488 0.976744
16123 124 126 0.96124 0.976744
16124 125 126 0.968992 0.976744
16125 126 126 0.976744 0.976744
16126 127 126 0.984496 0.976744
16127 128 126 0.992248 0.976744
16128 1 127 0.00775194 0.984496
16129 2 127 0.0155039 0.984496
16130 3 127 0.0232558 0.984496
16131 4 127 0.0310078 0.984496
16132 5 127 0.0387597 0.984496
16133 6 127 0.0465116 0.984496
16134 7 127 0.0542636 0.984496
16135 8 127 0.0620155 0.984496
16136 9 127 0.0697674 0.984496
16137 10 127 0.0775194 0.984496
16138 11 127 0.0852713 0.984496
16139 12 127 0.0930233 0.984496
16140 13 127 0.100775 0.984496
16141 14 127 0.108527 0.984496
16142 15 127 0.116279 0.984496
16143 16 127 0.124031 0.984496
16144 17 127 0.131783 0.984496
16145 18 127 0.139535 0.984496
16146 19 127 0.147287 0.984496
16147 20 127 0.155039 0.984496
16148 21 127 0.162791 0.984496
16149 22 127 0.170543 0.984496
16150 23 127 0.178295 0.984496
16151 24 127 0.186047 0.984496
16152 25 127 0.193798 0.984496
16153 26 127 0.20155 0.984496
16154 27 127 0.209302 0.984496
16155 28 127 0.217054 0.984496
16156 29 127 0.224806 0.984496
16157 30 127 0.232558 0.984496
16158 31 127 0.24031 0.984496
16159 32 127 0.248062 0.984496
16160 33 127 0.255814 0.984496
16161 34 127 0.263566 0.984496
16162 35 127 0.271318 0.984496
16163 36 127 0.27907 0.984496
16164 37 127 0.286822 0.984496
16165 38 127 0.294574 0.984496
16166 39 127 0.302326 0.984496
16167 40 127 0.310078 0.984496
16168 41 127 0.317829 0.984496
16169 42 127 0.325581 0.984496
16170 43 127 0.333333 0.984496
16171 44 127 0.341085 0.984496
16172 45 127 0.348837 0.984496
16173 46 127 0.356589 0.984496
16174 47 127 0.364341 0.984496
16175 48 127 0.372093 0.984496
16176 49 127 0.379845 0.984496
16177 50 127 0.387597 0.984496
16178 51 127 0.395349 0.984496
16179 52 127 0.403101 0.984496
16180 53 127 0.410853 0.984496
16181 54 127 0.418605 0.984496
16182 55 127 0.426357 0.984496
16183 56 127 0.434109 0.984496
16184 57 127 0.44186 0.984496
16185 58 127 0.449612 0.984496
16186 59 127 0.457364 0.984496
16187 60 127 0.465116 0.984496
16188 61 127 0.472868 0.984496
16189 62 127 0.48062 0.984496
16190 63 127 0.488372 0.984496
16191 64 127 0.496124 0.984496
16192 65 127 0.503876 0.984496
16193 66 127 0.511628 0.984496
16194 67 127 0.51938 0.984496
16195 68 127 0.527132 0.984496
16196 69 127 0.534884 0.984496
16197 70 127 0.542636 0.984496
16198 71 127 0.550388 0.984496
16199 72 127 0.55814 0.984496
16200 73 127 0.565891 0.984496
16201 74 127 0.573643 0.984496
16202 75 127 0.581395 0.984496
16203 76 127 0.589147 0.984496
16204 77 127 0.596899 0.984496
16205 78 127 0.604651 0.984496
16206 79 127 0.612403 0.984496
16207 80 127 0.620155 0.984496
16208 81 127 0.627907 0.984496
16209 82 127 0.635659 0.984496
16210 83 127 0.643411 0.984496
16211 84 127 0.651163 0.984496
16212 85 127 0.658915 0.984496
16213 86 127 0.666667 0.984496
16214 87 127 0.674419 0.984496
16215 88 127 0.682171 0.984496
16216 89 127 0.689922 0.984496
16217 90 127 0.697674 0.984496
16218 91 127 0.705426 0.984496
16219 92 127 0.713178 0.984496
16220 93 127 0.72093 0.984496
16221 94 127 0.728682 0.984496
16222 95 127 0.736434 0.984496
16223 96 127 0.744186 0.984496
16224 97 127 0.751938 0.984496
16225 98 127 0.75969 0.984496
16226 99 127 0.767442 0.984496
16227 100 127 0.775194 0.984496
16228 101 127 0.782946 0.984496
16229 102 127 0.790698 0.984496
16230 103 127 0.79845 0.984496
16231 104 127 0.806202 0.984496
16232 105 127 0.813953 0.984496
16233 106 127 0.821705 0.984496
16234 107 127 0.829457 0.984496
16235 108 127 0.837209 0.984496
16236 109 127 0.844961 0.984496
16237 110 127 0.852713 0.984496
16238 111 127 0.860465 0.984496
16239 112 127 0.868217 0.984496
16240 113 127 0.875969 0.984496
16241 114 127 0.883721 0.984496
16242 115 127 0.891473 0.984496
16243 116 127 0.899225 0.984496
16244 117 127 0.906977 0.984496
16245 118 127 0.914729 0.984496
16246 119 127 0.922481 0.984496
16247 120 127 0.930233 0.984496
16248 121 127 0.937984 0.984496
16249 122 127 0.945736 0.984496
16250 123 127 0.953488 0.984496
16251 124 127 0.96124 0.984496
16252 125 127 0.968992 0.984496
16253 126 127 0.976744 0.984496
16254 127 127 0.984496 0.984496
16255 128 127 0.992248 0.984496
16256 1 128 0.00775194 0.992248
16257 2 128 0.0155039 0.992248
16258 3 128 0.0232558 0.992248
16259 4 128 0.0310078 0.992248
16260 5 128 0.0387597 0.992248
16261 6 128 0.0465116 0.992248
16262 7 128 0.0542636 0.992248
16263 8 128 0.0620155 0.992248
16264 9 128 0.0697674 0.992248
16265 10 128 0.0775194 0.992248
16266 11 128 0.0852713 0.992248
16267 12 128 0.0930233 0.992248
16268 13 128 0.100775 0.992248
16269 14 128 0.108527 0.992248
16270 15 128 0.116279 0.992248
16271 16 128 0.124031 0.992248
16272 17 128 0.131783 0.992248
16273 18 128 0.139535 0.992248
16274 19 128 0.147287 0.992248
16275 20 128 0.155039 0.992248
16276 21 128 0.162791 0.992248
16277 22 128 0.170543 0.992248
16278 23 128 0.178295 0.992248
16279 24 128 0.186047 0.992248
16280 25 128 0.193798 0.992248
16281 26 128 0.20155 0.992248
16282 27 128 0.209302 0.992248
16283 28 128 0.217054 0.992248
16284 29 128 0.224806 0.992248
16285 30 128 0.232558 0.992248
16286 31 128 0.24031 0.992248
16287 32 128 0.248062 0.992248
16288 33 128 0.255814 0.992248
16289 34 128 0.263566 0.992248
16290 35 128 0.271318 0.992248
16291 36 128 0.27907 0.992248
16292 37 128 0.286822 0.992248
16293 38 128 0.294574 0.992248
16294 39 128 0.302326 0.992248
16295 40 128 0.310078 0.992248
16296 41 128 0.317829 0.992248
16297 42 128 0.325581 0.992248
16298 43 128 0.333333 0.992248
16299 44 128 0.341085 0.992248
16300 45 128 0.348837 0.992248
16301 46 128 0.356589 0.992248
16302 47 128 0.364341 0.992248
16303 48 128 0.372093 0.992248
16304 49 128 0.379845 0.992248
16305 50 128 0.387597 0.992248
16306 51 128 0.395349 0.992248
16307 52 128 0.403101 0.992248
16308 53 128 0.410853 0.992248
16309 54 128 0.418605 0.992248
16310 55 128 0.426357 0.992248
16311 56 128 0.434109 0.992248
16312 57 128 0.44186 0.992248
16313 58 128 0.449612 0.992248
16314 59 128 0.457364 0.992248
16315 60 128 0.465116 0.992248
16316 61 128 0.472868 0.992248
16317 62 128 0.48062 0.992248
16318 63 128 0.488372 0.992248
16319 64 128 0.496124 0.992248
16320 65 128 0.503876 0.992248
16321 66 128 0.511628 0.992248
16322 67 128 0.51938 0.992248
16323 68 128 0.527132 0.992248
16324 69 128 0.534884 0.992248
16325 70 128 0.542636 0.992248
16326 71 128 0.550388 0.992248
16327 72 128 0.55814 0.992248
16328 73 128 0.565891 0.992248
16329 74 128 0.573643 0.992248
16330 75 128 0.581395 0.992248
16331 76 128 0.589147 0.992248
16332 77 128 0.596899 0.992248
16333 78 128 0.604651 0.992248
16334 79 128 0.612403 0.992248
16335 80 128 0.620155 0.992248
16336 81 128 0.627907 0.992248
16337 82 128 0.635659 0.992248
16338 83 128 0.643411 0.992248
16339 84 128 0.651163 0.992248
16340 85 128 0.658915 0.992248
16341 86 128 0.666667 0.992248
16342 87 128 0.674419 0.992248
16343 88 128 0.682171 0.992248
16344 89 128 0.689922 0.992248
16345 90 128 0.697674 0.992248
16346 91 128 0.705426 0.992248
16347 92 128 0.713178 0.992248
16348 93 128 0.72093 0.992248
16349 94 128 0.728682 0.992248
16350 95 128 0.736434 0.992248
16351 96 128 0.744186 0.992248
16352 97 128 0.751938 0.992248
16353 98 128 0.75969 0.992248
16354 99 128 0.767442 0.992248
16355 100 128 0.775194 0.992248
16356 101 128 0.782946 0.992248
16357 102 128 0.790698 0.992248
16358 103 128 0.79845 0.992248
16359 104 128 0.806202 0.992248
16360 105 128 0.813953 0.992248
16361 106 128 0.821705 0.992248
16362 107 128 0.829457 0.992248
16363 108 128 0.837209 0.992248
16364 109 128 0.844961 0.992248
16365 110 128 0.852713 0.992248
16366 111 128 0.860465 0.992248
16367 112 128 0.868217 0.992248
16368 113 128 0.875969 0.992248
16369 114 128 0.883721 0.992248
16370 115 128 0.891473 0.992248
16371 116 128 0.899225 0.992248
16372 117 128 0.906977 0.992248
16373 118 128 0.914729 0.992248
16374 119 128 0.922481 0.992248
16375 120 128 0.930233 0.992248
16376 121 128 0.937984 0.992248
16377 122 128 0.945736 0.992248
16378 123 128 0.953488 0.992248
16379 124 128 0.96124 0.992248
16380 125 128 0.968992 0.992248
16381 126 128 0.976744 0.992248
16382 127 128 0.984496 0.992248
16383 128 128 0.992248 0.992248
