0 0
1 256
2 1
3 257
4 768
5 769
6 512
7 513
8 3
9 259
10 771
11 515
12 2
13 258
14 514
15 770
16 1280
17 1281
18 1792
19 1793
20 1536
21 1537
22 1283
23 1795
24 1539
25 1282
26 1538
27 1794
28 1024
29 1025
30 1026
31 1027
32 5
33 261
34 773
35 517
36 7
37 263
38 775
39 519
40 6
41 262
42 518
43 774
44 1285
45 1797
46 1541
47 1287
48 1799
49 1543
50 1286
51 1542
52 1798
53 1029
54 1030
55 1031
56 4
57 1028
58 1284
59 516
60 772
61 1796
62 260
63 1540
64 2304
65 2305
66 2816
67 2817
68 2560
69 2561
70 2307
71 2819
72 2563
73 2306
74 2562
75 2818
76 3328
77 3329
78 3840
79 3841
80 3584
81 3585
82 3331
83 3843
84 3587
85 3330
86 3586
87 3842
88 3072
89 3073
90 3074
91 3075
92 2309
93 2821
94 2565
95 2311
96 2823
97 2567
98 2310
99 2566
100 2822
101 3333
102 3845
103 3589
104 3335
105 3847
106 3591
107 3334
108 3590
109 3846
110 3077
111 3078
112 3079
113 2308
114 2564
115 3076
116 3332
117 2820
118 3588
119 3844
120 2052
121 2048
122 2051
123 2054
124 2053
125 2049
126 2050
127 2055
128 9
129 265
130 777
131 521
132 11
133 267
134 779
135 523
136 10
137 266
138 522
139 778
140 1289
141 1801
142 1545
143 1291
144 1803
145 1547
146 1290
147 1546
148 1802
149 1033
150 1034
151 1035
152 13
153 269
154 781
155 525
156 15
157 271
158 783
159 527
160 14
161 270
162 526
163 782
164 1293
165 1805
166 1549
167 1295
168 1807
169 1551
170 1294
171 1550
172 1806
173 1037
174 1038
175 1039
176 12
177 268
178 524
179 1036
180 1292
181 1548
182 780
183 1804
184 2313
185 2825
186 2569
187 2315
188 2827
189 2571
190 2314
191 2570
192 2826
193 3337
194 3849
195 3593
196 3339
197 3851
198 3595
199 3338
200 3594
201 3850
202 3081
203 3082
204 3083
205 2317
206 2829
207 2573
208 2319
209 2831
210 2575
211 2318
212 2574
213 2830
214 3341
215 3853
216 3597
217 3343
218 3855
219 3599
220 3342
221 3598
222 3854
223 3085
224 3086
225 3087
226 2316
227 3852
228 3084
229 2572
230 3340
231 2828
232 3596
233 2057
234 2061
235 2062
236 2063
237 2058
238 2059
239 2060
240 3336
241 8
242 1032
243 776
244 3592
245 2312
246 1288
247 2568
248 264
249 3080
250 3848
251 520
252 2056
253 1800
254 2824
255 1544
256 4352
257 4353
258 4864
259 4865
260 4608
261 4609
262 4355
263 4867
264 4611
265 4354
266 4610
267 4866
268 5376
269 5377
270 5888
271 5889
272 5632
273 5633
274 5379
275 5891
276 5635
277 5378
278 5634
279 5890
280 5120
281 5121
282 5122
283 5123
284 4357
285 4869
286 4613
287 4359
288 4871
289 4615
290 4358
291 4614
292 4870
293 5381
294 5893
295 5637
296 5383
297 5895
298 5639
299 5382
300 5638
301 5894
302 5125
303 5126
304 5127
305 5124
306 4868
307 5380
308 5636
309 4356
310 4612
311 5892
312 6400
313 6401
314 6912
315 6913
316 6656
317 6657
318 6403
319 6915
320 6659
321 6402
322 6658
323 6914
324 7424
325 7425
326 7936
327 7937
328 7680
329 7681
330 7427
331 7939
332 7683
333 7426
334 7682
335 7938
336 7168
337 7169
338 7170
339 7171
340 6405
341 6917
342 6661
343 6407
344 6919
345 6663
346 6406
347 6662
348 6918
349 7429
350 7941
351 7685
352 7431
353 7943
354 7687
355 7430
356 7686
357 7942
358 7173
359 7174
360 7175
361 6404
362 6660
363 7684
364 7428
365 7172
366 6916
367 7940
368 6144
369 6146
370 6148
371 6147
372 6149
373 6150
374 6151
375 6145
376 4361
377 4873
378 4617
379 4363
380 4875
381 4619
382 4362
383 4618
384 4874
385 5385
386 5897
387 5641
388 5387
389 5899
390 5643
391 5386
392 5642
393 5898
394 5129
395 5130
396 5131
397 4365
398 4877
399 4621
400 4367
401 4879
402 4623
403 4366
404 4622
405 4878
406 5389
407 5901
408 5645
409 5391
410 5903
411 5647
412 5390
413 5646
414 5902
415 5133
416 5134
417 5135
418 4364
419 4620
420 5388
421 5132
422 5644
423 4876
424 5900
425 6409
426 6921
427 6665
428 6411
429 6923
430 6667
431 6410
432 6666
433 6922
434 7433
435 7945
436 7689
437 7435
438 7947
439 7691
440 7434
441 7690
442 7946
443 7177
444 7178
445 7179
446 6413
447 6925
448 6669
449 6415
450 6927
451 6671
452 6414
453 6670
454 6926
455 7437
456 7949
457 7693
458 7439
459 7951
460 7695
461 7438
462 7694
463 7950
464 7181
465 7182
466 7183
467 6668
468 6924
469 6412
470 7692
471 7180
472 7948
473 7436
474 6153
475 6154
476 6155
477 6156
478 6158
479 6157
480 6159
481 6920
482 5384
483 6664
484 7432
485 4360
486 5896
487 5128
488 4872
489 4616
490 7944
491 5640
492 7176
493 7688
494 6408
495 6152
496 4108
497 4111
498 4110
499 4102
500 4107
501 4097
502 4106
503 4105
504 4101
505 4098
506 4099
507 4104
508 4103
509 4109
510 4100
511 4096
512 17
513 273
514 785
515 529
516 19
517 275
518 787
519 531
520 18
521 274
522 530
523 786
524 1297
525 1809
526 1553
527 1299
528 1811
529 1555
530 1298
531 1554
532 1810
533 1041
534 1042
535 1043
536 21
537 277
538 789
539 533
540 23
541 279
542 791
543 535
544 22
545 278
546 534
547 790
548 1301
549 1813
550 1557
551 1303
552 1815
553 1559
554 1302
555 1558
556 1814
557 1045
558 1046
559 1047
560 1044
561 20
562 1300
563 276
564 532
565 788
566 1556
567 1812
568 2321
569 2833
570 2577
571 2323
572 2835
573 2579
574 2322
575 2578
576 2834
577 3345
578 3857
579 3601
580 3347
581 3859
582 3603
583 3346
584 3602
585 3858
586 3089
587 3090
588 3091
589 2325
590 2837
591 2581
592 2327
593 2839
594 2583
595 2326
596 2582
597 2838
598 3349
599 3861
600 3605
601 3351
602 3863
603 3607
604 3350
605 3606
606 3862
607 3093
608 3094
609 3095
610 2324
611 3860
612 3092
613 2580
614 3348
615 2836
616 3604
617 2067
618 2068
619 2069
620 2070
621 2071
622 2065
623 2066
624 25
625 281
626 793
627 537
628 27
629 283
630 795
631 539
632 26
633 282
634 538
635 794
636 1305
637 1817
638 1561
639 1307
640 1819
641 1563
642 1306
643 1562
644 1818
645 1049
646 1050
647 1051
648 29
649 285
650 797
651 541
652 31
653 287
654 799
655 543
656 30
657 286
658 542
659 798
660 1309
661 1821
662 1565
663 1311
664 1823
665 1567
666 1310
667 1566
668 1822
669 1053
670 1054
671 1055
672 28
673 1308
674 284
675 540
676 1052
677 796
678 1564
679 1820
680 2329
681 2841
682 2585
683 2331
684 2843
685 2587
686 2330
687 2586
688 2842
689 3353
690 3865
691 3609
692 3355
693 3867
694 3611
695 3354
696 3610
697 3866
698 3097
699 3098
700 3099
701 2333
702 2845
703 2589
704 2335
705 2847
706 2591
707 2334
708 2590
709 2846
710 3357
711 3869
712 3613
713 3359
714 3871
715 3615
716 3358
717 3614
718 3870
719 3101
720 3102
721 3103
722 2332
723 2588
724 3100
725 3356
726 3612
727 2844
728 3868
729 2075
730 2073
731 2074
732 2077
733 2078
734 2079
735 2076
736 2072
737 24
738 2584
739 1048
740 280
741 3352
742 536
743 2840
744 1816
745 3096
746 1560
747 1304
748 2328
749 792
750 3608
751 3864
752 4369
753 4881
754 4625
755 4371
756 4883
757 4627
758 4370
759 4626
760 4882
761 5393
762 5905
763 5649
764 5395
765 5907
766 5651
767 5394
768 5650
769 5906
770 5137
771 5138
772 5139
773 4373
774 4885
775 4629
776 4375
777 4887
778 4631
779 4374
780 4630
781 4886
782 5397
783 5909
784 5653
785 5399
786 5911
787 5655
788 5398
789 5654
790 5910
791 5141
792 5142
793 5143
794 5140
795 4372
796 4628
797 5396
798 5908
799 5652
800 4884
801 6417
802 6929
803 6673
804 6419
805 6931
806 6675
807 6418
808 6674
809 6930
810 7441
811 7953
812 7697
813 7443
814 7955
815 7699
816 7442
817 7698
818 7954
819 7185
820 7186
821 7187
822 6421
823 6933
824 6677
825 6423
826 6935
827 6679
828 6422
829 6678
830 6934
831 7445
832 7957
833 7701
834 7447
835 7959
836 7703
837 7446
838 7702
839 7958
840 7189
841 7190
842 7191
843 6676
844 6932
845 7188
846 7700
847 7444
848 7956
849 6420
850 6161
851 6164
852 6165
853 6162
854 6166
855 6167
856 6163
857 4377
858 4889
859 4633
860 4379
861 4891
862 4635
863 4378
864 4634
865 4890
866 5401
867 5913
868 5657
869 5403
870 5915
871 5659
872 5402
873 5658
874 5914
875 5145
876 5146
877 5147
878 4381
879 4893
880 4637
881 4383
882 4895
883 4639
884 4382
885 4638
886 4894
887 5405
888 5917
889 5661
890 5407
891 5919
892 5663
893 5406
894 5662
895 5918
896 5149
897 5150
898 5151
899 5404
900 4380
901 4636
902 5148
903 4892
904 5660
905 5916
906 6425
907 6937
908 6681
909 6427
910 6939
911 6683
912 6426
913 6682
914 6938
915 7449
916 7961
917 7705
918 7451
919 7963
920 7707
921 7450
922 7706
923 7962
924 7193
925 7194
926 7195
927 6429
928 6941
929 6685
930 6431
931 6943
932 6687
933 6430
934 6686
935 6942
936 7453
937 7965
938 7709
939 7455
940 7967
941 7711
942 7454
943 7710
944 7966
945 7197
946 7198
947 7199
948 7452
949 6428
950 7964
951 6684
952 6940
953 7196
954 7708
955 6173
956 6170
957 6169
958 6172
959 6171
960 6175
961 6174
962 6168
963 6424
964 4632
965 7704
966 5656
967 6680
968 5400
969 7192
970 4888
971 7448
972 5912
973 6936
974 5144
975 4376
976 7960
977 4123
978 4115
979 4121
980 4120
981 4113
982 4124
983 4125
984 4114
985 4119
986 4122
987 4117
988 4127
989 4126
990 4116
991 4118
992 5136
993 1296
994 7952
995 2064
996 7440
997 6928
998 3600
999 3856
1000 6672
1001 272
1002 4624
1003 2320
1004 6416
1005 3344
1006 4368
1007 2576
1008 5648
1009 7184
1010 16
1011 2832
1012 7696
1013 1808
1014 5904
1015 1040
1016 3088
1017 4112
1018 6160
1019 784
1020 1552
1021 528
1022 5392
1023 4880
1024 8448
1025 8449
1026 8960
1027 8961
1028 8704
1029 8705
1030 8451
1031 8963
1032 8707
1033 8450
1034 8706
1035 8962
1036 9472
1037 9473
1038 9984
1039 9985
1040 9728
1041 9729
1042 9475
1043 9987
1044 9731
1045 9474
1046 9730
1047 9986
1048 9216
1049 9217
1050 9218
1051 9219
1052 8453
1053 8965
1054 8709
1055 8455
1056 8967
1057 8711
1058 8454
1059 8710
1060 8966
1061 9477
1062 9989
1063 9733
1064 9479
1065 9991
1066 9735
1067 9478
1068 9734
1069 9990
1070 9221
1071 9222
1072 9223
1073 8452
1074 9220
1075 9732
1076 8964
1077 8708
1078 9476
1079 9988
1080 10496
1081 10497
1082 11008
1083 11009
1084 10752
1085 10753
1086 10499
1087 11011
1088 10755
1089 10498
1090 10754
1091 11010
1092 11520
1093 11521
1094 12032
1095 12033
1096 11776
1097 11777
1098 11523
1099 12035
1100 11779
1101 11522
1102 11778
1103 12034
1104 11264
1105 11265
1106 11266
1107 11267
1108 10501
1109 11013
1110 10757
1111 10503
1112 11015
1113 10759
1114 10502
1115 10758
1116 11014
1117 11525
1118 12037
1119 11781
1120 11527
1121 12039
1122 11783
1123 11526
1124 11782
1125 12038
1126 11269
1127 11270
1128 11271
1129 10500
1130 11268
1131 11524
1132 11012
1133 10756
1134 11780
1135 12036
1136 10240
1137 10247
1138 10242
1139 10246
1140 10245
1141 10241
1142 10244
1143 10243
1144 8457
1145 8969
1146 8713
1147 8459
1148 8971
1149 8715
1150 8458
1151 8714
1152 8970
1153 9481
1154 9993
1155 9737
1156 9483
1157 9995
1158 9739
1159 9482
1160 9738
1161 9994
1162 9225
1163 9226
1164 9227
1165 8461
1166 8973
1167 8717
1168 8463
1169 8975
1170 8719
1171 8462
1172 8718
1173 8974
1174 9485
1175 9997
1176 9741
1177 9487
1178 9999
1179 9743
1180 9486
1181 9742
1182 9998
1183 9229
1184 9230
1185 9231
1186 8460
1187 9996
1188 8716
1189 8972
1190 9228
1191 9484
1192 9740
1193 10505
1194 11017
1195 10761
1196 10507
1197 11019
1198 10763
1199 10506
1200 10762
1201 11018
1202 11529
1203 12041
1204 11785
1205 11531
1206 12043
1207 11787
1208 11530
1209 11786
1210 12042
1211 11273
1212 11274
1213 11275
1214 10509
1215 11021
1216 10765
1217 10511
1218 11023
1219 10767
1220 10510
1221 10766
1222 11022
1223 11533
1224 12045
1225 11789
1226 11535
1227 12047
1228 11791
1229 11534
1230 11790
1231 12046
1232 11277
1233 11278
1234 11279
1235 10508
1236 10764
1237 11020
1238 11532
1239 11276
1240 11788
1241 12044
1242 10250
1243 10253
1244 10251
1245 10254
1246 10249
1247 10255
1248 10252
1249 8456
1250 8968
1251 8712
1252 11528
1253 11784
1254 9224
1255 9992
1256 10248
1257 10504
1258 12040
1259 9736
1260 11272
1261 11016
1262 10760
1263 9480
1264 12544
1265 12545
1266 13056
1267 13057
1268 12800
1269 12801
1270 12547
1271 13059
1272 12803
1273 12546
1274 12802
1275 13058
1276 13568
1277 13569
1278 14080
1279 14081
1280 13824
1281 13825
1282 13571
1283 14083
1284 13827
1285 13570
1286 13826
1287 14082
1288 13312
1289 13313
1290 13314
1291 13315
1292 12549
1293 13061
1294 12805
1295 12551
1296 13063
1297 12807
1298 12550
1299 12806
1300 13062
1301 13573
1302 14085
1303 13829
1304 13575
1305 14087
1306 13831
1307 13574
1308 13830
1309 14086
1310 13317
1311 13318
1312 13319
1313 12548
1314 13060
1315 13572
1316 13828
1317 14084
1318 13316
1319 12804
1320 14592
1321 14593
1322 15104
1323 15105
1324 14848
1325 14849
1326 14595
1327 15107
1328 14851
1329 14594
1330 14850
1331 15106
1332 15616
1333 15617
1334 16128
1335 16129
1336 15872
1337 15873
1338 15619
1339 16131
1340 15875
1341 15618
1342 15874
1343 16130
1344 15360
1345 15361
1346 15362
1347 15363
1348 14597
1349 15109
1350 14853
1351 14599
1352 15111
1353 14855
1354 14598
1355 14854
1356 15110
1357 15621
1358 16133
1359 15877
1360 15623
1361 16135
1362 15879
1363 15622
1364 15878
1365 16134
1366 15365
1367 15366
1368 15367
1369 15364
1370 15620
1371 15876
1372 14596
1373 14852
1374 15108
1375 16132
1376 14340
1377 14337
1378 14342
1379 14341
1380 14338
1381 14336
1382 14339
1383 14343
1384 12553
1385 13065
1386 12809
1387 12555
1388 13067
1389 12811
1390 12554
1391 12810
1392 13066
1393 13577
1394 14089
1395 13833
1396 13579
1397 14091
1398 13835
1399 13578
1400 13834
1401 14090
1402 13321
1403 13322
1404 13323
1405 12557
1406 13069
1407 12813
1408 12559
1409 13071
1410 12815
1411 12558
1412 12814
1413 13070
1414 13581
1415 14093
1416 13837
1417 13583
1418 14095
1419 13839
1420 13582
1421 13838
1422 14094
1423 13325
1424 13326
1425 13327
1426 12556
1427 12812
1428 13580
1429 13068
1430 13836
1431 14092
1432 13324
1433 14601
1434 15113
1435 14857
1436 14603
1437 15115
1438 14859
1439 14602
1440 14858
1441 15114
1442 15625
1443 16137
1444 15881
1445 15627
1446 16139
1447 15883
1448 15626
1449 15882
1450 16138
1451 15369
1452 15370
1453 15371
1454 14605
1455 15117
1456 14861
1457 14607
1458 15119
1459 14863
1460 14606
1461 14862
1462 15118
1463 15629
1464 16141
1465 15885
1466 15631
1467 16143
1468 15887
1469 15630
1470 15886
1471 16142
1472 15373
1473 15374
1474 15375
1475 14604
1476 14860
1477 15628
1478 15372
1479 15116
1480 15884
1481 16140
1482 14349
1483 14347
1484 14348
1485 14346
1486 14350
1487 14345
1488 14351
1489 13832
1490 14344
1491 15368
1492 14088
1493 14856
1494 15112
1495 13064
1496 15880
1497 15624
1498 13320
1499 16136
1500 12808
1501 12552
1502 14600
1503 13576
1504 12303
1505 12302
1506 12291
1507 12298
1508 12295
1509 12301
1510 12293
1511 12289
1512 12290
1513 12292
1514 12300
1515 12296
1516 12288
1517 12294
1518 12299
1519 12297
1520 8465
1521 8977
1522 8721
1523 8467
1524 8979
1525 8723
1526 8466
1527 8722
1528 8978
1529 9489
1530 10001
1531 9745
1532 9491
1533 10003
1534 9747
1535 9490
1536 9746
1537 10002
1538 9233
1539 9234
1540 9235
1541 8469
1542 8981
1543 8725
1544 8471
1545 8983
1546 8727
1547 8470
1548 8726
1549 8982
1550 9493
1551 10005
1552 9749
1553 9495
1554 10007
1555 9751
1556 9494
1557 9750
1558 10006
1559 9237
1560 9238
1561 9239
1562 8468
1563 8724
1564 9236
1565 8980
1566 9492
1567 9748
1568 10004
1569 10513
1570 11025
1571 10769
1572 10515
1573 11027
1574 10771
1575 10514
1576 10770
1577 11026
1578 11537
1579 12049
1580 11793
1581 11539
1582 12051
1583 11795
1584 11538
1585 11794
1586 12050
1587 11281
1588 11282
1589 11283
1590 10517
1591 11029
1592 10773
1593 10519
1594 11031
1595 10775
1596 10518
1597 10774
1598 11030
1599 11541
1600 12053
1601 11797
1602 11543
1603 12055
1604 11799
1605 11542
1606 11798
1607 12054
1608 11285
1609 11286
1610 11287
1611 10516
1612 11284
1613 10772
1614 11540
1615 11028
1616 11796
1617 12052
1618 10262
1619 10260
1620 10263
1621 10258
1622 10257
1623 10259
1624 10261
1625 8473
1626 8985
1627 8729
1628 8475
1629 8987
1630 8731
1631 8474
1632 8730
1633 8986
1634 9497
1635 10009
1636 9753
1637 9499
1638 10011
1639 9755
1640 9498
1641 9754
1642 10010
1643 9241
1644 9242
1645 9243
1646 8477
1647 8989
1648 8733
1649 8479
1650 8991
1651 8735
1652 8478
1653 8734
1654 8990
1655 9501
1656 10013
1657 9757
1658 9503
1659 10015
1660 9759
1661 9502
1662 9758
1663 10014
1664 9245
1665 9246
1666 9247
1667 9756
1668 8476
1669 8732
1670 9500
1671 9244
1672 8988
1673 10012
1674 10521
1675 11033
1676 10777
1677 10523
1678 11035
1679 10779
1680 10522
1681 10778
1682 11034
1683 11545
1684 12057
1685 11801
1686 11547
1687 12059
1688 11803
1689 11546
1690 11802
1691 12058
1692 11289
1693 11290
1694 11291
1695 10525
1696 11037
1697 10781
1698 10527
1699 11039
1700 10783
1701 10526
1702 10782
1703 11038
1704 11549
1705 12061
1706 11805
1707 11551
1708 12063
1709 11807
1710 11550
1711 11806
1712 12062
1713 11293
1714 11294
1715 11295
1716 10524
1717 10780
1718 11036
1719 11548
1720 11292
1721 11804
1722 12060
1723 10271
1724 10269
1725 10266
1726 10267
1727 10270
1728 10268
1729 10265
1730 8984
1731 10776
1732 10264
1733 11544
1734 9496
1735 11800
1736 8728
1737 11032
1738 8472
1739 10520
1740 11288
1741 12056
1742 9240
1743 10008
1744 9752
1745 12561
1746 13073
1747 12817
1748 12563
1749 13075
1750 12819
1751 12562
1752 12818
1753 13074
1754 13585
1755 14097
1756 13841
1757 13587
1758 14099
1759 13843
1760 13586
1761 13842
1762 14098
1763 13329
1764 13330
1765 13331
1766 12565
1767 13077
1768 12821
1769 12567
1770 13079
1771 12823
1772 12566
1773 12822
1774 13078
1775 13589
1776 14101
1777 13845
1778 13591
1779 14103
1780 13847
1781 13590
1782 13846
1783 14102
1784 13333
1785 13334
1786 13335
1787 12564
1788 13588
1789 12820
1790 13332
1791 13076
1792 13844
1793 14100
1794 14609
1795 15121
1796 14865
1797 14611
1798 15123
1799 14867
1800 14610
1801 14866
1802 15122
1803 15633
1804 16145
1805 15889
1806 15635
1807 16147
1808 15891
1809 15634
1810 15890
1811 16146
1812 15377
1813 15378
1814 15379
1815 14613
1816 15125
1817 14869
1818 14615
1819 15127
1820 14871
1821 14614
1822 14870
1823 15126
1824 15637
1825 16149
1826 15893
1827 15639
1828 16151
1829 15895
1830 15638
1831 15894
1832 16150
1833 15381
1834 15382
1835 15383
1836 14612
1837 14868
1838 15636
1839 15380
1840 15124
1841 15892
1842 16148
1843 14354
1844 14358
1845 14356
1846 14353
1847 14355
1848 14359
1849 14357
1850 12569
1851 13081
1852 12825
1853 12571
1854 13083
1855 12827
1856 12570
1857 12826
1858 13082
1859 13593
1860 14105
1861 13849
1862 13595
1863 14107
1864 13851
1865 13594
1866 13850
1867 14106
1868 13337
1869 13338
1870 13339
1871 12573
1872 13085
1873 12829
1874 12575
1875 13087
1876 12831
1877 12574
1878 12830
1879 13086
1880 13597
1881 14109
1882 13853
1883 13599
1884 14111
1885 13855
1886 13598
1887 13854
1888 14110
1889 13341
1890 13342
1891 13343
1892 12572
1893 14108
1894 12828
1895 13852
1896 13596
1897 13084
1898 13340
1899 14617
1900 15129
1901 14873
1902 14619
1903 15131
1904 14875
1905 14618
1906 14874
1907 15130
1908 15641
1909 16153
1910 15897
1911 15643
1912 16155
1913 15899
1914 15642
1915 15898
1916 16154
1917 15385
1918 15386
1919 15387
1920 14621
1921 15133
1922 14877
1923 14623
1924 15135
1925 14879
1926 14622
1927 14878
1928 15134
1929 15645
1930 16157
1931 15901
1932 15647
1933 16159
1934 15903
1935 15646
1936 15902
1937 16158
1938 15389
1939 15390
1940 15391
1941 14620
1942 14876
1943 15900
1944 15132
1945 15644
1946 16156
1947 15388
1948 14364
1949 14362
1950 14361
1951 14365
1952 14363
1953 14366
1954 14367
1955 12568
1956 12824
1957 13080
1958 13336
1959 13592
1960 13848
1961 14104
1962 14360
1963 14616
1964 14872
1965 15128
1966 15384
1967 15640
1968 15896
1969 16152
1970 12316
1971 12307
1972 12317
1973 12306
1974 12313
1975 12315
1976 12308
1977 12309
1978 12318
1979 12311
1980 12312
1981 12314
1982 12310
1983 12319
1984 12305
1985 9488
1986 13840
1987 12048
1988 13328
1989 11792
1990 15632
1991 15376
1992 12304
1993 13584
1994 9232
1995 15120
1996 10000
1997 10512
1998 11280
1999 9744
2000 14096
2001 8976
2002 14608
2003 11024
2004 13072
2005 14352
2006 12816
2007 15888
2008 11536
2009 16144
2010 8720
2011 14864
2012 10768
2013 10256
2014 8464
2015 12560
2016 8220
2017 8199
2018 8208
2019 8202
2020 8193
2021 8212
2022 8206
2023 8201
2024 8222
2025 8198
2026 8214
2027 8203
2028 8216
2029 8218
2030 8195
2031 8204
2032 8217
2033 8200
2034 8210
2035 8194
2036 8211
2037 8192
2038 8209
2039 8197
2040 8219
2041 8205
2042 8196
2043 8213
2044 8221
2045 8223
2046 8207
2047 8215
2048 33
2049 289
2050 801
2051 545
2052 35
2053 291
2054 803
2055 547
2056 34
2057 290
2058 546
2059 802
2060 1313
2061 1825
2062 1569
2063 1315
2064 1827
2065 1571
2066 1314
2067 1570
2068 1826
2069 1057
2070 1058
2071 1059
2072 37
2073 293
2074 805
2075 549
2076 39
2077 295
2078 807
2079 551
2080 38
2081 294
2082 550
2083 806
2084 1317
2085 1829
2086 1573
2087 1319
2088 1831
2089 1575
2090 1318
2091 1574
2092 1830
2093 1061
2094 1062
2095 1063
2096 1060
2097 1316
2098 1572
2099 36
2100 292
2101 1828
2102 548
2103 804
2104 2337
2105 2849
2106 2593
2107 2339
2108 2851
2109 2595
2110 2338
2111 2594
2112 2850
2113 3361
2114 3873
2115 3617
2116 3363
2117 3875
2118 3619
2119 3362
2120 3618
2121 3874
2122 3105
2123 3106
2124 3107
2125 2341
2126 2853
2127 2597
2128 2343
2129 2855
2130 2599
2131 2342
2132 2598
2133 2854
2134 3365
2135 3877
2136 3621
2137 3367
2138 3879
2139 3623
2140 3366
2141 3622
2142 3878
2143 3109
2144 3110
2145 3111
2146 2852
2147 3364
2148 3108
2149 3876
2150 3620
2151 2340
2152 2596
2153 2081
2154 2084
2155 2086
2156 2082
2157 2085
2158 2087
2159 2083
2160 41
2161 297
2162 809
2163 553
2164 43
2165 299
2166 811
2167 555
2168 42
2169 298
2170 554
2171 810
2172 1321
2173 1833
2174 1577
2175 1323
2176 1835
2177 1579
2178 1322
2179 1578
2180 1834
2181 1065
2182 1066
2183 1067
2184 45
2185 301
2186 813
2187 557
2188 47
2189 303
2190 815
2191 559
2192 46
2193 302
2194 558
2195 814
2196 1325
2197 1837
2198 1581
2199 1327
2200 1839
2201 1583
2202 1326
2203 1582
2204 1838
2205 1069
2206 1070
2207 1071
2208 44
2209 1836
2210 556
2211 1068
2212 300
2213 812
2214 1324
2215 1580
2216 2345
2217 2857
2218 2601
2219 2347
2220 2859
2221 2603
2222 2346
2223 2602
2224 2858
2225 3369
2226 3881
2227 3625
2228 3371
2229 3883
2230 3627
2231 3370
2232 3626
2233 3882
2234 3113
2235 3114
2236 3115
2237 2349
2238 2861
2239 2605
2240 2351
2241 2863
2242 2607
2243 2350
2244 2606
2245 2862
2246 3373
2247 3885
2248 3629
2249 3375
2250 3887
2251 3631
2252 3374
2253 3630
2254 3886
2255 3117
2256 3118
2257 3119
2258 3628
2259 2348
2260 2604
2261 3116
2262 3372
2263 2860
2264 3884
2265 2091
2266 2089
2267 2092
2268 2093
2269 2095
2270 2094
2271 2090
2272 40
2273 296
2274 552
2275 808
2276 1064
2277 1320
2278 1576
2279 1832
2280 3368
2281 2088
2282 2344
2283 2600
2284 2856
2285 3112
2286 3624
2287 3880
2288 4385
2289 4897
2290 4641
2291 4387
2292 4899
2293 4643
2294 4386
2295 4642
2296 4898
2297 5409
2298 5921
2299 5665
2300 5411
2301 5923
2302 5667
2303 5410
2304 5666
2305 5922
2306 5153
2307 5154
2308 5155
2309 4389
2310 4901
2311 4645
2312 4391
2313 4903
2314 4647
2315 4390
2316 4646
2317 4902
2318 5413
2319 5925
2320 5669
2321 5415
2322 5927
2323 5671
2324 5414
2325 5670
2326 5926
2327 5157
2328 5158
2329 5159
2330 4388
2331 4644
2332 5156
2333 5412
2334 4900
2335 5668
2336 5924
2337 6433
2338 6945
2339 6689
2340 6435
2341 6947
2342 6691
2343 6434
2344 6690
2345 6946
2346 7457
2347 7969
2348 7713
2349 7459
2350 7971
2351 7715
2352 7458
2353 7714
2354 7970
2355 7201
2356 7202
2357 7203
2358 6437
2359 6949
2360 6693
2361 6439
2362 6951
2363 6695
2364 6438
2365 6694
2366 6950
2367 7461
2368 7973
2369 7717
2370 7463
2371 7975
2372 7719
2373 7462
2374 7718
2375 7974
2376 7205
2377 7206
2378 7207
2379 7972
2380 6436
2381 6692
2382 6948
2383 7204
2384 7460
2385 7716
2386 6178
2387 6182
2388 6181
2389 6179
2390 6180
2391 6177
2392 6183
2393 4393
2394 4905
2395 4649
2396 4395
2397 4907
2398 4651
2399 4394
2400 4650
2401 4906
2402 5417
2403 5929
2404 5673
2405 5419
2406 5931
2407 5675
2408 5418
2409 5674
2410 5930
2411 5161
2412 5162
2413 5163
2414 4397
2415 4909
2416 4653
2417 4399
2418 4911
2419 4655
2420 4398
2421 4654
2422 4910
2423 5421
2424 5933
2425 5677
2426 5423
2427 5935
2428 5679
2429 5422
2430 5678
2431 5934
2432 5165
2433 5166
2434 5167
2435 4652
2436 4908
2437 5164
2438 5676
2439 5420
2440 4396
2441 5932
2442 6441
2443 6953
2444 6697
2445 6443
2446 6955
2447 6699
2448 6442
2449 6698
2450 6954
2451 7465
2452 7977
2453 7721
2454 7467
2455 7979
2456 7723
2457 7466
2458 7722
2459 7978
2460 7209
2461 7210
2462 7211
2463 6445
2464 6957
2465 6701
2466 6447
2467 6959
2468 6703
2469 6446
2470 6702
2471 6958
2472 7469
2473 7981
2474 7725
2475 7471
2476 7983
2477 7727
2478 7470
2479 7726
2480 7982
2481 7213
2482 7214
2483 7215
2484 7980
2485 6700
2486 6956
2487 6444
2488 7212
2489 7468
2490 7724
2491 6189
2492 6191
2493 6187
2494 6186
2495 6190
2496 6185
2497 6188
2498 7464
2499 7208
2500 4392
2501 5160
2502 5672
2503 6184
2504 7720
2505 7976
2506 6952
2507 4904
2508 5416
2509 5928
2510 6440
2511 4648
2512 6696
2513 4130
2514 4139
2515 4129
2516 4132
2517 4135
2518 4140
2519 4141
2520 4136
2521 4131
2522 4138
2523 4143
2524 4133
2525 4142
2526 4134
2527 4137
2528 49
2529 305
2530 817
2531 561
2532 51
2533 307
2534 819
2535 563
2536 50
2537 306
2538 562
2539 818
2540 1329
2541 1841
2542 1585
2543 1331
2544 1843
2545 1587
2546 1330
2547 1586
2548 1842
2549 1073
2550 1074
2551 1075
2552 53
2553 309
2554 821
2555 565
2556 55
2557 311
2558 823
2559 567
2560 54
2561 310
2562 566
2563 822
2564 1333
2565 1845
2566 1589
2567 1335
2568 1847
2569 1591
2570 1334
2571 1590
2572 1846
2573 1077
2574 1078
2575 1079
2576 52
2577 308
2578 564
2579 820
2580 1588
2581 1076
2582 1332
2583 1844
2584 2353
2585 2865
2586 2609
2587 2355
2588 2867
2589 2611
2590 2354
2591 2610
2592 2866
2593 3377
2594 3889
2595 3633
2596 3379
2597 3891
2598 3635
2599 3378
2600 3634
2601 3890
2602 3121
2603 3122
2604 3123
2605 2357
2606 2869
2607 2613
2608 2359
2609 2871
2610 2615
2611 2358
2612 2614
2613 2870
2614 3381
2615 3893
2616 3637
2617 3383
2618 3895
2619 3639
2620 3382
2621 3638
2622 3894
2623 3125
2624 3126
2625 3127
2626 3380
2627 2356
2628 2612
2629 2868
2630 3124
2631 3636
2632 3892
2633 2098
2634 2100
2635 2101
2636 2097
2637 2102
2638 2099
2639 2103
2640 57
2641 313
2642 825
2643 569
2644 59
2645 315
2646 827
2647 571
2648 58
2649 314
2650 570
2651 826
2652 1337
2653 1849
2654 1593
2655 1339
2656 1851
2657 1595
2658 1338
2659 1594
2660 1850
2661 1081
2662 1082
2663 1083
2664 61
2665 317
2666 829
2667 573
2668 63
2669 319
2670 831
2671 575
2672 62
2673 318
2674 574
2675 830
2676 1341
2677 1853
2678 1597
2679 1343
2680 1855
2681 1599
2682 1342
2683 1598
2684 1854
2685 1085
2686 1086
2687 1087
2688 60
2689 828
2690 316
2691 1852
2692 1084
2693 1596
2694 572
2695 1340
2696 2361
2697 2873
2698 2617
2699 2363
2700 2875
2701 2619
2702 2362
2703 2618
2704 2874
2705 3385
2706 3897
2707 3641
2708 3387
2709 3899
2710 3643
2711 3386
2712 3642
2713 3898
2714 3129
2715 3130
2716 3131
2717 2365
2718 2877
2719 2621
2720 2367
2721 2879
2722 2623
2723 2366
2724 2622
2725 2878
2726 3389
2727 3901
2728 3645
2729 3391
2730 3903
2731 3647
2732 3390
2733 3646
2734 3902
2735 3133
2736 3134
2737 3135
2738 2364
2739 2620
2740 3132
2741 2876
2742 3388
2743 3644
2744 3900
2745 2107
2746 2106
2747 2109
2748 2110
2749 2105
2750 2111
2751 2108
2752 56
2753 312
2754 568
2755 824
2756 1080
2757 1336
2758 1592
2759 1848
2760 2104
2761 2360
2762 2616
2763 2872
2764 3384
2765 3128
2766 3640
2767 3896
2768 4401
2769 4913
2770 4657
2771 4403
2772 4915
2773 4659
2774 4402
2775 4658
2776 4914
2777 5425
2778 5937
2779 5681
2780 5427
2781 5939
2782 5683
2783 5426
2784 5682
2785 5938
2786 5169
2787 5170
2788 5171
2789 4405
2790 4917
2791 4661
2792 4407
2793 4919
2794 4663
2795 4406
2796 4662
2797 4918
2798 5429
2799 5941
2800 5685
2801 5431
2802 5943
2803 5687
2804 5430
2805 5686
2806 5942
2807 5173
2808 5174
2809 5175
2810 4404
2811 4660
2812 4916
2813 5684
2814 5172
2815 5428
2816 5940
2817 6449
2818 6961
2819 6705
2820 6451
2821 6963
2822 6707
2823 6450
2824 6706
2825 6962
2826 7473
2827 7985
2828 7729
2829 7475
2830 7987
2831 7731
2832 7474
2833 7730
2834 7986
2835 7217
2836 7218
2837 7219
2838 6453
2839 6965
2840 6709
2841 6455
2842 6967
2843 6711
2844 6454
2845 6710
2846 6966
2847 7477
2848 7989
2849 7733
2850 7479
2851 7991
2852 7735
2853 7478
2854 7734
2855 7990
2856 7221
2857 7222
2858 7223
2859 6708
2860 6452
2861 7476
2862 7988
2863 7732
2864 7220
2865 6964
2866 6193
2867 6194
2868 6196
2869 6195
2870 6198
2871 6197
2872 6199
2873 4409
2874 4921
2875 4665
2876 4411
2877 4923
2878 4667
2879 4410
2880 4666
2881 4922
2882 5433
2883 5945
2884 5689
2885 5435
2886 5947
2887 5691
2888 5434
2889 5690
2890 5946
2891 5177
2892 5178
2893 5179
2894 4413
2895 4925
2896 4669
2897 4415
2898 4927
2899 4671
2900 4414
2901 4670
2902 4926
2903 5437
2904 5949
2905 5693
2906 5439
2907 5951
2908 5695
2909 5438
2910 5694
2911 5950
2912 5181
2913 5182
2914 5183
2915 4668
2916 4412
2917 5180
2918 5436
2919 4924
2920 5692
2921 5948
2922 6457
2923 6969
2924 6713
2925 6459
2926 6971
2927 6715
2928 6458
2929 6714
2930 6970
2931 7481
2932 7993
2933 7737
2934 7483
2935 7995
2936 7739
2937 7482
2938 7738
2939 7994
2940 7225
2941 7226
2942 7227
2943 6461
2944 6973
2945 6717
2946 6463
2947 6975
2948 6719
2949 6462
2950 6718
2951 6974
2952 7485
2953 7997
2954 7741
2955 7487
2956 7999
2957 7743
2958 7486
2959 7742
2960 7998
2961 7229
2962 7230
2963 7231
2964 6716
2965 6972
2966 7228
2967 7740
2968 7484
2969 6460
2970 7996
2971 6201
2972 6206
2973 6204
2974 6205
2975 6207
2976 6202
2977 6203
2978 7224
2979 5176
2980 4408
2981 4664
2982 7736
2983 6968
2984 6456
2985 4920
2986 5432
2987 7480
2988 6712
2989 6200
2990 5688
2991 5944
2992 7992
2993 4157
2994 4155
2995 4151
2996 4146
2997 4156
2998 4149
2999 4147
3000 4159
3001 4145
3002 4148
3003 4150
3004 4153
3005 4154
3006 4152
3007 4158
3008 4656
3009 304
3010 7216
3011 1840
3012 7472
3013 3120
3014 5168
3015 3632
3016 1072
3017 6192
3018 6704
3019 5680
3020 2608
3021 3376
3022 2352
3023 816
3024 560
3025 4912
3026 6448
3027 6960
3028 5424
3029 4400
3030 4144
3031 2096
3032 48
3033 7728
3034 5936
3035 2864
3036 1328
3037 3888
3038 7984
3039 1584
3040 8481
3041 8993
3042 8737
3043 8483
3044 8995
3045 8739
3046 8482
3047 8738
3048 8994
3049 9505
3050 10017
3051 9761
3052 9507
3053 10019
3054 9763
3055 9506
3056 9762
3057 10018
3058 9249
3059 9250
3060 9251
3061 8485
3062 8997
3063 8741
3064 8487
3065 8999
3066 8743
3067 8486
3068 8742
3069 8998
3070 9509
3071 10021
3072 9765
3073 9511
3074 10023
3075 9767
3076 9510
3077 9766
3078 10022
3079 9253
3080 9254
3081 9255
3082 8484
3083 8740
3084 9508
3085 9252
3086 8996
3087 9764
3088 10020
3089 10529
3090 11041
3091 10785
3092 10531
3093 11043
3094 10787
3095 10530
3096 10786
3097 11042
3098 11553
3099 12065
3100 11809
3101 11555
3102 12067
3103 11811
3104 11554
3105 11810
3106 12066
3107 11297
3108 11298
3109 11299
3110 10533
3111 11045
3112 10789
3113 10535
3114 11047
3115 10791
3116 10534
3117 10790
3118 11046
3119 11557
3120 12069
3121 11813
3122 11559
3123 12071
3124 11815
3125 11558
3126 11814
3127 12070
3128 11301
3129 11302
3130 11303
3131 11556
3132 10532
3133 11300
3134 10788
3135 11044
3136 11812
3137 12068
3138 10273
3139 10277
3140 10278
3141 10276
3142 10275
3143 10279
3144 10274
3145 8489
3146 9001
3147 8745
3148 8491
3149 9003
3150 8747
3151 8490
3152 8746
3153 9002
3154 9513
3155 10025
3156 9769
3157 9515
3158 10027
3159 9771
3160 9514
3161 9770
3162 10026
3163 9257
3164 9258
3165 9259
3166 8493
3167 9005
3168 8749
3169 8495
3170 9007
3171 8751
3172 8494
3173 8750
3174 9006
3175 9517
3176 10029
3177 9773
3178 9519
3179 10031
3180 9775
3181 9518
3182 9774
3183 10030
3184 9261
3185 9262
3186 9263
3187 8492
3188 9004
3189 9516
3190 9260
3191 9772
3192 10028
3193 8748
3194 10537
3195 11049
3196 10793
3197 10539
3198 11051
3199 10795
3200 10538
3201 10794
3202 11050
3203 11561
3204 12073
3205 11817
3206 11563
3207 12075
3208 11819
3209 11562
3210 11818
3211 12074
3212 11305
3213 11306
3214 11307
3215 10541
3216 11053
3217 10797
3218 10543
3219 11055
3220 10799
3221 10542
3222 10798
3223 11054
3224 11565
3225 12077
3226 11821
3227 11567
3228 12079
3229 11823
3230 11566
3231 11822
3232 12078
3233 11309
3234 11310
3235 11311
3236 10540
3237 10796
3238 11308
3239 11564
3240 11052
3241 11820
3242 12076
3243 10283
3244 10281
3245 10286
3246 10284
3247 10282
3248 10285
3249 10287
3250 11304
3251 9512
3252 8744
3253 10536
3254 10792
3255 9256
3256 11560
3257 8488
3258 11048
3259 10280
3260 11816
3261 9000
3262 9768
3263 12072
3264 10024
3265 12577
3266 13089
3267 12833
3268 12579
3269 13091
3270 12835
3271 12578
3272 12834
3273 13090
3274 13601
3275 14113
3276 13857
3277 13603
3278 14115
3279 13859
3280 13602
3281 13858
3282 14114
3283 13345
3284 13346
3285 13347
3286 12581
3287 13093
3288 12837
3289 12583
3290 13095
3291 12839
3292 12582
3293 12838
3294 13094
3295 13605
3296 14117
3297 13861
3298 13607
3299 14119
3300 13863
3301 13606
3302 13862
3303 14118
3304 13349
3305 13350
3306 13351
3307 12580
3308 12836
3309 13092
3310 13348
3311 13604
3312 13860
3313 14116
3314 14625
3315 15137
3316 14881
3317 14627
3318 15139
3319 14883
3320 14626
3321 14882
3322 15138
3323 15649
3324 16161
3325 15905
3326 15651
3327 16163
3328 15907
3329 15650
3330 15906
3331 16162
3332 15393
3333 15394
3334 15395
3335 14629
3336 15141
3337 14885
3338 14631
3339 15143
3340 14887
3341 14630
3342 14886
3343 15142
3344 15653
3345 16165
3346 15909
3347 15655
3348 16167
3349 15911
3350 15654
3351 15910
3352 16166
3353 15397
3354 15398
3355 15399
3356 14884
3357 14628
3358 15652
3359 15396
3360 15140
3361 15908
3362 16164
3363 14375
3364 14369
3365 14371
3366 14374
3367 14370
3368 14373
3369 14372
3370 12585
3371 13097
3372 12841
3373 12587
3374 13099
3375 12843
3376 12586
3377 12842
3378 13098
3379 13609
3380 14121
3381 13865
3382 13611
3383 14123
3384 13867
3385 13610
3386 13866
3387 14122
3388 13353
3389 13354
3390 13355
3391 12589
3392 13101
3393 12845
3394 12591
3395 13103
3396 12847
3397 12590
3398 12846
3399 13102
3400 13613
3401 14125
3402 13869
3403 13615
3404 14127
3405 13871
3406 13614
3407 13870
3408 14126
3409 13357
3410 13358
3411 13359
3412 12588
3413 13356
3414 13612
3415 13100
3416 13868
3417 12844
3418 14124
3419 14633
3420 15145
3421 14889
3422 14635
3423 15147
3424 14891
3425 14634
3426 14890
3427 15146
3428 15657
3429 16169
3430 15913
3431 15659
3432 16171
3433 15915
3434 15658
3435 15914
3436 16170
3437 15401
3438 15402
3439 15403
3440 14637
3441 15149
3442 14893
3443 14639
3444 15151
3445 14895
3446 14638
3447 14894
3448 15150
3449 15661
3450 16173
3451 15917
3452 15663
3453 16175
3454 15919
3455 15662
3456 15918
3457 16174
3458 15405
3459 15406
3460 15407
3461 14636
3462 14892
3463 15660
3464 15916
3465 15148
3466 15404
3467 16172
3468 14379
3469 14381
3470 14378
3471 14380
3472 14382
3473 14377
3474 14383
3475 14888
3476 15912
3477 13096
3478 14632
3479 12584
3480 15656
3481 14120
3482 16168
3483 14376
3484 15144
3485 15400
3486 13864
3487 13352
3488 12840
3489 13608
3490 12335
3491 12327
3492 12323
3493 12325
3494 12334
3495 12324
3496 12328
3497 12326
3498 12330
3499 12332
3500 12322
3501 12331
3502 12333
3503 12321
3504 12329
3505 8497
3506 9009
3507 8753
3508 8499
3509 9011
3510 8755
3511 8498
3512 8754
3513 9010
3514 9521
3515 10033
3516 9777
3517 9523
3518 10035
3519 9779
3520 9522
3521 9778
3522 10034
3523 9265
3524 9266
3525 9267
3526 8501
3527 9013
3528 8757
3529 8503
3530 9015
3531 8759
3532 8502
3533 8758
3534 9014
3535 9525
3536 10037
3537 9781
3538 9527
3539 10039
3540 9783
3541 9526
3542 9782
3543 10038
3544 9269
3545 9270
3546 9271
3547 10036
3548 8756
3549 9012
3550 8500
3551 9268
3552 9524
3553 9780
3554 10545
3555 11057
3556 10801
3557 10547
3558 11059
3559 10803
3560 10546
3561 10802
3562 11058
3563 11569
3564 12081
3565 11825
3566 11571
3567 12083
3568 11827
3569 11570
3570 11826
3571 12082
3572 11313
3573 11314
3574 11315
3575 10549
3576 11061
3577 10805
3578 10551
3579 11063
3580 10807
3581 10550
3582 10806
3583 11062
3584 11573
3585 12085
3586 11829
3587 11575
3588 12087
3589 11831
3590 11574
3591 11830
3592 12086
3593 11317
3594 11318
3595 11319
3596 10804
3597 11060
3598 11316
3599 11828
3600 11572
3601 10548
3602 12084
3603 10291
3604 10294
3605 10292
3606 10290
3607 10293
3608 10295
3609 10289
3610 8505
3611 9017
3612 8761
3613 8507
3614 9019
3615 8763
3616 8506
3617 8762
3618 9018
3619 9529
3620 10041
3621 9785
3622 9531
3623 10043
3624 9787
3625 9530
3626 9786
3627 10042
3628 9273
3629 9274
3630 9275
3631 8509
3632 9021
3633 8765
3634 8511
3635 9023
3636 8767
3637 8510
3638 8766
3639 9022
3640 9533
3641 10045
3642 9789
3643 9535
3644 10047
3645 9791
3646 9534
3647 9790
3648 10046
3649 9277
3650 9278
3651 9279
3652 8508
3653 9020
3654 9276
3655 8764
3656 9532
3657 9788
3658 10044
3659 10553
3660 11065
3661 10809
3662 10555
3663 11067
3664 10811
3665 10554
3666 10810
3667 11066
3668 11577
3669 12089
3670 11833
3671 11579
3672 12091
3673 11835
3674 11578
3675 11834
3676 12090
3677 11321
3678 11322
3679 11323
3680 10557
3681 11069
3682 10813
3683 10559
3684 11071
3685 10815
3686 10558
3687 10814
3688 11070
3689 11581
3690 12093
3691 11837
3692 11583
3693 12095
3694 11839
3695 11582
3696 11838
3697 12094
3698 11325
3699 11326
3700 11327
3701 11580
3702 10556
3703 10812
3704 11324
3705 11068
3706 11836
3707 12092
3708 10301
3709 10297
3710 10298
3711 10303
3712 10302
3713 10300
3714 10299
3715 8504
3716 8760
3717 9016
3718 9272
3719 9528
3720 9784
3721 10040
3722 10296
3723 10552
3724 10808
3725 11064
3726 11320
3727 11576
3728 11832
3729 12088
3730 12593
3731 13105
3732 12849
3733 12595
3734 13107
3735 12851
3736 12594
3737 12850
3738 13106
3739 13617
3740 14129
3741 13873
3742 13619
3743 14131
3744 13875
3745 13618
3746 13874
3747 14130
3748 13361
3749 13362
3750 13363
3751 12597
3752 13109
3753 12853
3754 12599
3755 13111
3756 12855
3757 12598
3758 12854
3759 13110
3760 13621
3761 14133
3762 13877
3763 13623
3764 14135
3765 13879
3766 13622
3767 13878
3768 14134
3769 13365
3770 13366
3771 13367
3772 12852
3773 13108
3774 13364
3775 14132
3776 13620
3777 13876
3778 12596
3779 14641
3780 15153
3781 14897
3782 14643
3783 15155
3784 14899
3785 14642
3786 14898
3787 15154
3788 15665
3789 16177
3790 15921
3791 15667
3792 16179
3793 15923
3794 15666
3795 15922
3796 16178
3797 15409
3798 15410
3799 15411
3800 14645
3801 15157
3802 14901
3803 14647
3804 15159
3805 14903
3806 14646
3807 14902
3808 15158
3809 15669
3810 16181
3811 15925
3812 15671
3813 16183
3814 15927
3815 15670
3816 15926
3817 16182
3818 15413
3819 15414
3820 15415
3821 14644
3822 15924
3823 14900
3824 15668
3825 15156
3826 15412
3827 16180
3828 14386
3829 14387
3830 14390
3831 14388
3832 14391
3833 14389
3834 14385
3835 12601
3836 13113
3837 12857
3838 12603
3839 13115
3840 12859
3841 12602
3842 12858
3843 13114
3844 13625
3845 14137
3846 13881
3847 13627
3848 14139
3849 13883
3850 13626
3851 13882
3852 14138
3853 13369
3854 13370
3855 13371
3856 12605
3857 13117
3858 12861
3859 12607
3860 13119
3861 12863
3862 12606
3863 12862
3864 13118
3865 13629
3866 14141
3867 13885
3868 13631
3869 14143
3870 13887
3871 13630
3872 13886
3873 14142
3874 13373
3875 13374
3876 13375
3877 12860
3878 12604
3879 13372
3880 13116
3881 13884
3882 13628
3883 14140
3884 14649
3885 15161
3886 14905
3887 14651
3888 15163
3889 14907
3890 14650
3891 14906
3892 15162
3893 15673
3894 16185
3895 15929
3896 15675
3897 16187
3898 15931
3899 15674
3900 15930
3901 16186
3902 15417
3903 15418
3904 15419
3905 14653
3906 15165
3907 14909
3908 14655
3909 15167
3910 14911
3911 14654
3912 14910
3913 15166
3914 15677
3915 16189
3916 15933
3917 15679
3918 16191
3919 15935
3920 15678
3921 15934
3922 16190
3923 15421
3924 15422
3925 15423
3926 14652
3927 14908
3928 15164
3929 16188
3930 15420
3931 15676
3932 15932
3933 14395
3934 14397
3935 14398
3936 14393
3937 14396
3938 14394
3939 14399
3940 13112
3941 13880
3942 14392
3943 15928
3944 15672
3945 14904
3946 14648
3947 14136
3948 15416
3949 12600
3950 16184
3951 13368
3952 15160
3953 13624
3954 12856
3955 12342
3956 12345
3957 12349
3958 12340
3959 12348
3960 12351
3961 12346
3962 12350
3963 12339
3964 12341
3965 12344
3966 12347
3967 12337
3968 12343
3969 12338
3970 10288
3971 13616
3972 9776
3973 15664
3974 11312
3975 11824
3976 8752
3977 15152
3978 8496
3979 15408
3980 13104
3981 11568
3982 13360
3983 12592
3984 14128
3985 10032
3986 12336
3987 12848
3988 16176
3989 15920
3990 9520
3991 14384
3992 14640
3993 11056
3994 10800
3995 9264
3996 13872
3997 10544
3998 12080
3999 9008
4000 14896
4001 8239
4002 8234
4003 8225
4004 8243
4005 8236
4006 8255
4007 8251
4008 8254
4009 8244
4010 8250
4011 8245
4012 8226
4013 8227
4014 8242
4015 8253
4016 8249
4017 8228
4018 8248
4019 8229
4020 8246
4021 8230
4022 8241
4023 8247
4024 8237
4025 8231
4026 8238
4027 8240
4028 8233
4029 8232
4030 8235
4031 8252
4032 14880
4033 6688
4034 9760
4035 8224
4036 15648
4037 12320
4038 5920
4039 15904
4040 2592
4041 7968
4042 15136
4043 6176
4044 7200
4045 1568
4046 11040
4047 12064
4048 5408
4049 800
4050 1312
4051 14112
4052 3104
4053 4128
4054 3872
4055 13088
4056 14624
4057 4896
4058 544
4059 5152
4060 10016
4061 7712
4062 288
4063 3360
4064 13344
4065 11296
4066 1056
4067 8992
4068 2848
4069 3616
4070 5664
4071 32
4072 11808
4073 9248
4074 10528
4075 15392
4076 12832
4077 16160
4078 7456
4079 9504
4080 10272
4081 8736
4082 6432
4083 10784
4084 6944
4085 14368
4086 4384
4087 2336
4088 2080
4089 11552
4090 8480
4091 13856
4092 12576
4093 4640
4094 1824
4095 13600
4096 16640
4097 16641
4098 17152
4099 17153
4100 16896
4101 16897
4102 16643
4103 17155
4104 16899
4105 16642
4106 16898
4107 17154
4108 17664
4109 17665
4110 18176
4111 18177
4112 17920
4113 17921
4114 17667
4115 18179
4116 17923
4117 17666
4118 17922
4119 18178
4120 17408
4121 17409
4122 17410
4123 17411
4124 16645
4125 17157
4126 16901
4127 16647
4128 17159
4129 16903
4130 16646
4131 16902
4132 17158
4133 17669
4134 18181
4135 17925
4136 17671
4137 18183
4138 17927
4139 17670
4140 17926
4141 18182
4142 17413
4143 17414
4144 17415
4145 16644
4146 17412
4147 17668
4148 17156
4149 17924
4150 16900
4151 18180
4152 18688
4153 18689
4154 19200
4155 19201
4156 18944
4157 18945
4158 18691
4159 19203
4160 18947
4161 18690
4162 18946
4163 19202
4164 19712
4165 19713
4166 20224
4167 20225
4168 19968
4169 19969
4170 19715
4171 20227
4172 19971
4173 19714
4174 19970
4175 20226
4176 19456
4177 19457
4178 19458
4179 19459
4180 18693
4181 19205
4182 18949
4183 18695
4184 19207
4185 18951
4186 18694
4187 18950
4188 19206
4189 19717
4190 20229
4191 19973
4192 19719
4193 20231
4194 19975
4195 19718
4196 19974
4197 20230
4198 19461
4199 19462
4200 19463
4201 19972
4202 19460
4203 19716
4204 18692
4205 20228
4206 18948
4207 19204
4208 18433
4209 18432
4210 18436
4211 18434
4212 18439
4213 18435
4214 18437
4215 18438
4216 16649
4217 17161
4218 16905
4219 16651
4220 17163
4221 16907
4222 16650
4223 16906
4224 17162
4225 17673
4226 18185
4227 17929
4228 17675
4229 18187
4230 17931
4231 17674
4232 17930
4233 18186
4234 17417
4235 17418
4236 17419
4237 16653
4238 17165
4239 16909
4240 16655
4241 17167
4242 16911
4243 16654
4244 16910
4245 17166
4246 17677
4247 18189
4248 17933
4249 17679
4250 18191
4251 17935
4252 17678
4253 17934
4254 18190
4255 17421
4256 17422
4257 17423
4258 16908
4259 16652
4260 17420
4261 17676
4262 17932
4263 17164
4264 18188
4265 18697
4266 19209
4267 18953
4268 18699
4269 19211
4270 18955
4271 18698
4272 18954
4273 19210
4274 19721
4275 20233
4276 19977
4277 19723
4278 20235
4279 19979
4280 19722
4281 19978
4282 20234
4283 19465
4284 19466
4285 19467
4286 18701
4287 19213
4288 18957
4289 18703
4290 19215
4291 18959
4292 18702
4293 18958
4294 19214
4295 19725
4296 20237
4297 19981
4298 19727
4299 20239
4300 19983
4301 19726
4302 19982
4303 20238
4304 19469
4305 19470
4306 19471
4307 18700
4308 19724
4309 19468
4310 19212
4311 19980
4312 18956
4313 20236
4314 18445
4315 18446
4316 18447
4317 18442
4318 18443
4319 18441
4320 18444
4321 18696
4322 19208
4323 16904
4324 16648
4325 19720
4326 19976
4327 20232
4328 19464
4329 17160
4330 18440
4331 18952
4332 18184
4333 17672
4334 17928
4335 17416
4336 20736
4337 20737
4338 21248
4339 21249
4340 20992
4341 20993
4342 20739
4343 21251
4344 20995
4345 20738
4346 20994
4347 21250
4348 21760
4349 21761
4350 22272
4351 22273
4352 22016
4353 22017
4354 21763
4355 22275
4356 22019
4357 21762
4358 22018
4359 22274
4360 21504
4361 21505
4362 21506
4363 21507
4364 20741
4365 21253
4366 20997
4367 20743
4368 21255
4369 20999
4370 20742
4371 20998
4372 21254
4373 21765
4374 22277
4375 22021
4376 21767
4377 22279
4378 22023
4379 21766
4380 22022
4381 22278
4382 21509
4383 21510
4384 21511
4385 21508
4386 21764
4387 22276
4388 22020
4389 20740
4390 20996
4391 21252
4392 22784
4393 22785
4394 23296
4395 23297
4396 23040
4397 23041
4398 22787
4399 23299
4400 23043
4401 22786
4402 23042
4403 23298
4404 23808
4405 23809
4406 24320
4407 24321
4408 24064
4409 24065
4410 23811
4411 24323
4412 24067
4413 23810
4414 24066
4415 24322
4416 23552
4417 23553
4418 23554
4419 23555
4420 22789
4421 23301
4422 23045
4423 22791
4424 23303
4425 23047
4426 22790
4427 23046
4428 23302
4429 23813
4430 24325
4431 24069
4432 23815
4433 24327
4434 24071
4435 23814
4436 24070
4437 24326
4438 23557
4439 23558
4440 23559
4441 23556
4442 23812
4443 24068
4444 23044
4445 22788
4446 24324
4447 23300
4448 22531
4449 22528
4450 22534
4451 22533
4452 22529
4453 22535
4454 22530
4455 22532
4456 20745
4457 21257
4458 21001
4459 20747
4460 21259
4461 21003
4462 20746
4463 21002
4464 21258
4465 21769
4466 22281
4467 22025
4468 21771
4469 22283
4470 22027
4471 21770
4472 22026
4473 22282
4474 21513
4475 21514
4476 21515
4477 20749
4478 21261
4479 21005
4480 20751
4481 21263
4482 21007
4483 20750
4484 21006
4485 21262
4486 21773
4487 22285
4488 22029
4489 21775
4490 22287
4491 22031
4492 21774
4493 22030
4494 22286
4495 21517
4496 21518
4497 21519
4498 22284
4499 20748
4500 21004
4501 21260
4502 21516
4503 21772
4504 22028
4505 22793
4506 23305
4507 23049
4508 22795
4509 23307
4510 23051
4511 22794
4512 23050
4513 23306
4514 23817
4515 24329
4516 24073
4517 23819
4518 24331
4519 24075
4520 23818
4521 24074
4522 24330
4523 23561
4524 23562
4525 23563
4526 22797
4527 23309
4528 23053
4529 22799
4530 23311
4531 23055
4532 22798
4533 23054
4534 23310
4535 23821
4536 24333
4537 24077
4538 23823
4539 24335
4540 24079
4541 23822
4542 24078
4543 24334
4544 23565
4545 23566
4546 23567
4547 23820
4548 23564
4549 24332
4550 24076
4551 23052
4552 23308
4553 22796
4554 22537
4555 22538
4556 22542
4557 22539
4558 22540
4559 22541
4560 22543
4561 21512
4562 22536
4563 22792
4564 23048
4565 23304
4566 23560
4567 23816
4568 24072
4569 24328
4570 20744
4571 21000
4572 21256
4573 21768
4574 22024
4575 22280
4576 20480
4577 20482
4578 20491
4579 20488
4580 20490
4581 20492
4582 20485
4583 20486
4584 20494
4585 20487
4586 20483
4587 20481
4588 20495
4589 20484
4590 20493
4591 20489
4592 16657
4593 17169
4594 16913
4595 16659
4596 17171
4597 16915
4598 16658
4599 16914
4600 17170
4601 17681
4602 18193
4603 17937
4604 17683
4605 18195
4606 17939
4607 17682
4608 17938
4609 18194
4610 17425
4611 17426
4612 17427
4613 16661
4614 17173
4615 16917
4616 16663
4617 17175
4618 16919
4619 16662
4620 16918
4621 17174
4622 17685
4623 18197
4624 17941
4625 17687
4626 18199
4627 17943
4628 17686
4629 17942
4630 18198
4631 17429
4632 17430
4633 17431
4634 16660
4635 17172
4636 17428
4637 16916
4638 17684
4639 17940
4640 18196
4641 18705
4642 19217
4643 18961
4644 18707
4645 19219
4646 18963
4647 18706
4648 18962
4649 19218
4650 19729
4651 20241
4652 19985
4653 19731
4654 20243
4655 19987
4656 19730
4657 19986
4658 20242
4659 19473
4660 19474
4661 19475
4662 18709
4663 19221
4664 18965
4665 18711
4666 19223
4667 18967
4668 18710
4669 18966
4670 19222
4671 19733
4672 20245
4673 19989
4674 19735
4675 20247
4676 19991
4677 19734
4678 19990
4679 20246
4680 19477
4681 19478
4682 19479
4683 18708
4684 19732
4685 18964
4686 19988
4687 19476
4688 20244
4689 19220
4690 18453
4691 18455
4692 18454
4693 18449
4694 18451
4695 18452
4696 18450
4697 16665
4698 17177
4699 16921
4700 16667
4701 17179
4702 16923
4703 16666
4704 16922
4705 17178
4706 17689
4707 18201
4708 17945
4709 17691
4710 18203
4711 17947
4712 17690
4713 17946
4714 18202
4715 17433
4716 17434
4717 17435
4718 16669
4719 17181
4720 16925
4721 16671
4722 17183
4723 16927
4724 16670
4725 16926
4726 17182
4727 17693
4728 18205
4729 17949
4730 17695
4731 18207
4732 17951
4733 17694
4734 17950
4735 18206
4736 17437
4737 17438
4738 17439
4739 16668
4740 16924
4741 17692
4742 17436
4743 17948
4744 17180
4745 18204
4746 18713
4747 19225
4748 18969
4749 18715
4750 19227
4751 18971
4752 18714
4753 18970
4754 19226
4755 19737
4756 20249
4757 19993
4758 19739
4759 20251
4760 19995
4761 19738
4762 19994
4763 20250
4764 19481
4765 19482
4766 19483
4767 18717
4768 19229
4769 18973
4770 18719
4771 19231
4772 18975
4773 18718
4774 18974
4775 19230
4776 19741
4777 20253
4778 19997
4779 19743
4780 20255
4781 19999
4782 19742
4783 19998
4784 20254
4785 19485
4786 19486
4787 19487
4788 18716
4789 19996
4790 19484
4791 18972
4792 19228
4793 19740
4794 20252
4795 18458
4796 18460
4797 18461
4798 18459
4799 18463
4800 18457
4801 18462
4802 16920
4803 18712
4804 19736
4805 19224
4806 17432
4807 19480
4808 16664
4809 17176
4810 17944
4811 17688
4812 18456
4813 20248
4814 18200
4815 19992
4816 18968
4817 20753
4818 21265
4819 21009
4820 20755
4821 21267
4822 21011
4823 20754
4824 21010
4825 21266
4826 21777
4827 22289
4828 22033
4829 21779
4830 22291
4831 22035
4832 21778
4833 22034
4834 22290
4835 21521
4836 21522
4837 21523
4838 20757
4839 21269
4840 21013
4841 20759
4842 21271
4843 21015
4844 20758
4845 21014
4846 21270
4847 21781
4848 22293
4849 22037
4850 21783
4851 22295
4852 22039
4853 21782
4854 22038
4855 22294
4856 21525
4857 21526
4858 21527
4859 22292
4860 20756
4861 21012
4862 21268
4863 21524
4864 21780
4865 22036
4866 22801
4867 23313
4868 23057
4869 22803
4870 23315
4871 23059
4872 22802
4873 23058
4874 23314
4875 23825
4876 24337
4877 24081
4878 23827
4879 24339
4880 24083
4881 23826
4882 24082
4883 24338
4884 23569
4885 23570
4886 23571
4887 22805
4888 23317
4889 23061
4890 22807
4891 23319
4892 23063
4893 22806
4894 23062
4895 23318
4896 23829
4897 24341
4898 24085
4899 23831
4900 24343
4901 24087
4902 23830
4903 24086
4904 24342
4905 23573
4906 23574
4907 23575
4908 22804
4909 23060
4910 23316
4911 24340
4912 23572
4913 23828
4914 24084
4915 22551
4916 22545
4917 22548
4918 22547
4919 22549
4920 22550
4921 22546
4922 20761
4923 21273
4924 21017
4925 20763
4926 21275
4927 21019
4928 20762
4929 21018
4930 21274
4931 21785
4932 22297
4933 22041
4934 21787
4935 22299
4936 22043
4937 21786
4938 22042
4939 22298
4940 21529
4941 21530
4942 21531
4943 20765
4944 21277
4945 21021
4946 20767
4947 21279
4948 21023
4949 20766
4950 21022
4951 21278
4952 21789
4953 22301
4954 22045
4955 21791
4956 22303
4957 22047
4958 21790
4959 22046
4960 22302
4961 21533
4962 21534
4963 21535
4964 20764
4965 21020
4966 21276
4967 22044
4968 21532
4969 21788
4970 22300
4971 22809
4972 23321
4973 23065
4974 22811
4975 23323
4976 23067
4977 22810
4978 23066
4979 23322
4980 23833
4981 24345
4982 24089
4983 23835
4984 24347
4985 24091
4986 23834
4987 24090
4988 24346
4989 23577
4990 23578
4991 23579
4992 22813
4993 23325
4994 23069
4995 22815
4996 23327
4997 23071
4998 22814
4999 23070
5000 23326
5001 23837
5002 24349
5003 24093
5004 23839
5005 24351
5006 24095
5007 23838
5008 24094
5009 24350
5010 23581
5011 23582
5012 23583
5013 23068
5014 23324
5015 23580
5016 24348
5017 23836
5018 24092
5019 22812
5020 22555
5021 22553
5022 22559
5023 22556
5024 22554
5025 22558
5026 22557
5027 20760
5028 21016
5029 21272
5030 21528
5031 21784
5032 22040
5033 22296
5034 23576
5035 22552
5036 22808
5037 23064
5038 23320
5039 23832
5040 24088
5041 24344
5042 20497
5043 20511
5044 20510
5045 20498
5046 20500
5047 20502
5048 20508
5049 20506
5050 20503
5051 20499
5052 20504
5053 20509
5054 20507
5055 20501
5056 20505
5057 17424
5058 23056
5059 21264
5060 19216
5061 19728
5062 22544
5063 23824
5064 22032
5065 24080
5066 20240
5067 21520
5068 23568
5069 24336
5070 16912
5071 21008
5072 22288
5073 18192
5074 17936
5075 20496
5076 22800
5077 17680
5078 20752
5079 17168
5080 18448
5081 19984
5082 18704
5083 16656
5084 19472
5085 18960
5086 21776
5087 23312
5088 24832
5089 24833
5090 25344
5091 25345
5092 25088
5093 25089
5094 24835
5095 25347
5096 25091
5097 24834
5098 25090
5099 25346
5100 25856
5101 25857
5102 26368
5103 26369
5104 26112
5105 26113
5106 25859
5107 26371
5108 26115
5109 25858
5110 26114
5111 26370
5112 25600
5113 25601
5114 25602
5115 25603
5116 24837
5117 25349
5118 25093
5119 24839
5120 25351
5121 25095
5122 24838
5123 25094
5124 25350
5125 25861
5126 26373
5127 26117
5128 25863
5129 26375
5130 26119
5131 25862
5132 26118
5133 26374
5134 25605
5135 25606
5136 25607
5137 25348
5138 25860
5139 26116
5140 24836
5141 25092
5142 25604
5143 26372
5144 26880
5145 26881
5146 27392
5147 27393
5148 27136
5149 27137
5150 26883
5151 27395
5152 27139
5153 26882
5154 27138
5155 27394
5156 27904
5157 27905
5158 28416
5159 28417
5160 28160
5161 28161
5162 27907
5163 28419
5164 28163
5165 27906
5166 28162
5167 28418
5168 27648
5169 27649
5170 27650
5171 27651
5172 26885
5173 27397
5174 27141
5175 26887
5176 27399
5177 27143
5178 26886
5179 27142
5180 27398
5181 27909
5182 28421
5183 28165
5184 27911
5185 28423
5186 28167
5187 27910
5188 28166
5189 28422
5190 27653
5191 27654
5192 27655
5193 26884
5194 27652
5195 27396
5196 27908
5197 28164
5198 27140
5199 28420
5200 26629
5201 26624
5202 26630
5203 26626
5204 26627
5205 26628
5206 26631
5207 26625
5208 24841
5209 25353
5210 25097
5211 24843
5212 25355
5213 25099
5214 24842
5215 25098
5216 25354
5217 25865
5218 26377
5219 26121
5220 25867
5221 26379
5222 26123
5223 25866
5224 26122
5225 26378
5226 25609
5227 25610
5228 25611
5229 24845
5230 25357
5231 25101
5232 24847
5233 25359
5234 25103
5235 24846
5236 25102
5237 25358
5238 25869
5239 26381
5240 26125
5241 25871
5242 26383
5243 26127
5244 25870
5245 26126
5246 26382
5247 25613
5248 25614
5249 25615
5250 24844
5251 25868
5252 25100
5253 25356
5254 25612
5255 26124
5256 26380
5257 26889
5258 27401
5259 27145
5260 26891
5261 27403
5262 27147
5263 26890
5264 27146
5265 27402
5266 27913
5267 28425
5268 28169
5269 27915
5270 28427
5271 28171
5272 27914
5273 28170
5274 28426
5275 27657
5276 27658
5277 27659
5278 26893
5279 27405
5280 27149
5281 26895
5282 27407
5283 27151
5284 26894
5285 27150
5286 27406
5287 27917
5288 28429
5289 28173
5290 27919
5291 28431
5292 28175
5293 27918
5294 28174
5295 28430
5296 27661
5297 27662
5298 27663
5299 26892
5300 27148
5301 27404
5302 27660
5303 27916
5304 28172
5305 28428
5306 26633
5307 26634
5308 26639
5309 26638
5310 26637
5311 26636
5312 26635
5313 27656
5314 26632
5315 26888
5316 27144
5317 27400
5318 27912
5319 28168
5320 24840
5321 25096
5322 28424
5323 25352
5324 25608
5325 25864
5326 26120
5327 26376
5328 28928
5329 28929
5330 29440
5331 29441
5332 29184
5333 29185
5334 28931
5335 29443
5336 29187
5337 28930
5338 29186
5339 29442
5340 29952
5341 29953
5342 30464
5343 30465
5344 30208
5345 30209
5346 29955
5347 30467
5348 30211
5349 29954
5350 30210
5351 30466
5352 29696
5353 29697
5354 29698
5355 29699
5356 28933
5357 29445
5358 29189
5359 28935
5360 29447
5361 29191
5362 28934
5363 29190
5364 29446
5365 29957
5366 30469
5367 30213
5368 29959
5369 30471
5370 30215
5371 29958
5372 30214
5373 30470
5374 29701
5375 29702
5376 29703
5377 28932
5378 29444
5379 29956
5380 30212
5381 29188
5382 30468
5383 29700
5384 30976
5385 30977
5386 31488
5387 31489
5388 31232
5389 31233
5390 30979
5391 31491
5392 31235
5393 30978
5394 31234
5395 31490
5396 32000
5397 32001
5398 32512
5399 32513
5400 32256
5401 32257
5402 32003
5403 32515
5404 32259
5405 32002
5406 32258
5407 32514
5408 31744
5409 31745
5410 31746
5411 31747
5412 30981
5413 31493
5414 31237
5415 30983
5416 31495
5417 31239
5418 30982
5419 31238
5420 31494
5421 32005
5422 32517
5423 32261
5424 32007
5425 32519
5426 32263
5427 32006
5428 32262
5429 32518
5430 31749
5431 31750
5432 31751
5433 30980
5434 32004
5435 32260
5436 32516
5437 31236
5438 31492
5439 31748
5440 30721
5441 30724
5442 30725
5443 30720
5444 30726
5445 30722
5446 30727
5447 30723
5448 28937
5449 29449
5450 29193
5451 28939
5452 29451
5453 29195
5454 28938
5455 29194
5456 29450
5457 29961
5458 30473
5459 30217
5460 29963
5461 30475
5462 30219
5463 29962
5464 30218
5465 30474
5466 29705
5467 29706
5468 29707
5469 28941
5470 29453
5471 29197
5472 28943
5473 29455
5474 29199
5475 28942
5476 29198
5477 29454
5478 29965
5479 30477
5480 30221
5481 29967
5482 30479
5483 30223
5484 29966
5485 30222
5486 30478
5487 29709
5488 29710
5489 29711
5490 28940
5491 29196
5492 29452
5493 29708
5494 29964
5495 30220
5496 30476
5497 30985
5498 31497
5499 31241
5500 30987
5501 31499
5502 31243
5503 30986
5504 31242
5505 31498
5506 32009
5507 32521
5508 32265
5509 32011
5510 32523
5511 32267
5512 32010
5513 32266
5514 32522
5515 31753
5516 31754
5517 31755
5518 30989
5519 31501
5520 31245
5521 30991
5522 31503
5523 31247
5524 30990
5525 31246
5526 31502
5527 32013
5528 32525
5529 32269
5530 32015
5531 32527
5532 32271
5533 32014
5534 32270
5535 32526
5536 31757
5537 31758
5538 31759
5539 31244
5540 31500
5541 31756
5542 32268
5543 32012
5544 30988
5545 32524
5546 30731
5547 30730
5548 30733
5549 30732
5550 30729
5551 30734
5552 30735
5553 30472
5554 31240
5555 30984
5556 32008
5557 29960
5558 31752
5559 29704
5560 29448
5561 32264
5562 28936
5563 32520
5564 30216
5565 29192
5566 30728
5567 31496
5568 28677
5569 28673
5570 28685
5571 28684
5572 28686
5573 28672
5574 28681
5575 28675
5576 28678
5577 28680
5578 28676
5579 28679
5580 28674
5581 28682
5582 28687
5583 28683
5584 24849
5585 25361
5586 25105
5587 24851
5588 25363
5589 25107
5590 24850
5591 25106
5592 25362
5593 25873
5594 26385
5595 26129
5596 25875
5597 26387
5598 26131
5599 25874
5600 26130
5601 26386
5602 25617
5603 25618
5604 25619
5605 24853
5606 25365
5607 25109
5608 24855
5609 25367
5610 25111
5611 24854
5612 25110
5613 25366
5614 25877
5615 26389
5616 26133
5617 25879
5618 26391
5619 26135
5620 25878
5621 26134
5622 26390
5623 25621
5624 25622
5625 25623
5626 24852
5627 25876
5628 25620
5629 26132
5630 25364
5631 26388
5632 25108
5633 26897
5634 27409
5635 27153
5636 26899
5637 27411
5638 27155
5639 26898
5640 27154
5641 27410
5642 27921
5643 28433
5644 28177
5645 27923
5646 28435
5647 28179
5648 27922
5649 28178
5650 28434
5651 27665
5652 27666
5653 27667
5654 26901
5655 27413
5656 27157
5657 26903
5658 27415
5659 27159
5660 26902
5661 27158
5662 27414
5663 27925
5664 28437
5665 28181
5666 27927
5667 28439
5668 28183
5669 27926
5670 28182
5671 28438
5672 27669
5673 27670
5674 27671
5675 26900
5676 27156
5677 28436
5678 27924
5679 27412
5680 27668
5681 28180
5682 26641
5683 26646
5684 26643
5685 26642
5686 26645
5687 26644
5688 26647
5689 24857
5690 25369
5691 25113
5692 24859
5693 25371
5694 25115
5695 24858
5696 25114
5697 25370
5698 25881
5699 26393
5700 26137
5701 25883
5702 26395
5703 26139
5704 25882
5705 26138
5706 26394
5707 25625
5708 25626
5709 25627
5710 24861
5711 25373
5712 25117
5713 24863
5714 25375
5715 25119
5716 24862
5717 25118
5718 25374
5719 25885
5720 26397
5721 26141
5722 25887
5723 26399
5724 26143
5725 25886
5726 26142
5727 26398
5728 25629
5729 25630
5730 25631
5731 25116
5732 25372
5733 25628
5734 26140
5735 25884
5736 24860
5737 26396
5738 26905
5739 27417
5740 27161
5741 26907
5742 27419
5743 27163
5744 26906
5745 27162
5746 27418
5747 27929
5748 28441
5749 28185
5750 27931
5751 28443
5752 28187
5753 27930
5754 28186
5755 28442
5756 27673
5757 27674
5758 27675
5759 26909
5760 27421
5761 27165
5762 26911
5763 27423
5764 27167
5765 26910
5766 27166
5767 27422
5768 27933
5769 28445
5770 28189
5771 27935
5772 28447
5773 28191
5774 27934
5775 28190
5776 28446
5777 27677
5778 27678
5779 27679
5780 26908
5781 27164
5782 28444
5783 27932
5784 27676
5785 27420
5786 28188
5787 26650
5788 26653
5789 26654
5790 26652
5791 26651
5792 26649
5793 26655
5794 24856
5795 25112
5796 25368
5797 25624
5798 25880
5799 26392
5800 26648
5801 26136
5802 26904
5803 27160
5804 27416
5805 27672
5806 27928
5807 28184
5808 28440
5809 28945
5810 29457
5811 29201
5812 28947
5813 29459
5814 29203
5815 28946
5816 29202
5817 29458
5818 29969
5819 30481
5820 30225
5821 29971
5822 30483
5823 30227
5824 29970
5825 30226
5826 30482
5827 29713
5828 29714
5829 29715
5830 28949
5831 29461
5832 29205
5833 28951
5834 29463
5835 29207
5836 28950
5837 29206
5838 29462
5839 29973
5840 30485
5841 30229
5842 29975
5843 30487
5844 30231
5845 29974
5846 30230
5847 30486
5848 29717
5849 29718
5850 29719
5851 29716
5852 28948
5853 29204
5854 29972
5855 29460
5856 30228
5857 30484
5858 30993
5859 31505
5860 31249
5861 30995
5862 31507
5863 31251
5864 30994
5865 31250
5866 31506
5867 32017
5868 32529
5869 32273
5870 32019
5871 32531
5872 32275
5873 32018
5874 32274
5875 32530
5876 31761
5877 31762
5878 31763
5879 30997
5880 31509
5881 31253
5882 30999
5883 31511
5884 31255
5885 30998
5886 31254
5887 31510
5888 32021
5889 32533
5890 32277
5891 32023
5892 32535
5893 32279
5894 32022
5895 32278
5896 32534
5897 31765
5898 31766
5899 31767
5900 30996
5901 32020
5902 31252
5903 31764
5904 31508
5905 32276
5906 32532
5907 30740
5908 30741
5909 30739
5910 30743
5911 30737
5912 30738
5913 30742
5914 28953
5915 29465
5916 29209
5917 28955
5918 29467
5919 29211
5920 28954
5921 29210
5922 29466
5923 29977
5924 30489
5925 30233
5926 29979
5927 30491
5928 30235
5929 29978
5930 30234
5931 30490
5932 29721
5933 29722
5934 29723
5935 28957
5936 29469
5937 29213
5938 28959
5939 29471
5940 29215
5941 28958
5942 29214
5943 29470
5944 29981
5945 30493
5946 30237
5947 29983
5948 30495
5949 30239
5950 29982
5951 30238
5952 30494
5953 29725
5954 29726
5955 29727
5956 30492
5957 29212
5958 29468
5959 28956
5960 29724
5961 29980
5962 30236
5963 31001
5964 31513
5965 31257
5966 31003
5967 31515
5968 31259
5969 31002
5970 31258
5971 31514
5972 32025
5973 32537
5974 32281
5975 32027
5976 32539
5977 32283
5978 32026
5979 32282
5980 32538
5981 31769
5982 31770
5983 31771
5984 31005
5985 31517
5986 31261
5987 31007
5988 31519
5989 31263
5990 31006
5991 31262
5992 31518
5993 32029
5994 32541
5995 32285
5996 32031
5997 32543
5998 32287
5999 32030
6000 32286
6001 32542
6002 31773
6003 31774
6004 31775
6005 31004
6006 32028
6007 31260
6008 31516
6009 31772
6010 32284
6011 32540
6012 30745
6013 30747
6014 30750
6015 30748
6016 30746
6017 30751
6018 30749
6019 31000
6020 32536
6021 30232
6022 29976
6023 30488
6024 32280
6025 28952
6026 29208
6027 31256
6028 31512
6029 31768
6030 30744
6031 29464
6032 29720
6033 32024
6034 28695
6035 28694
6036 28697
6037 28689
6038 28693
6039 28698
6040 28696
6041 28701
6042 28700
6043 28690
6044 28702
6045 28699
6046 28691
6047 28703
6048 28692
6049 28688
6050 32016
6051 26128
6052 28944
6053 28176
6054 30480
6055 25872
6056 30224
6057 28432
6058 32272
6059 30736
6060 24848
6061 31760
6062 30992
6063 25616
6064 29456
6065 25360
6066 27152
6067 27408
6068 31248
6069 31504
6070 25104
6071 26896
6072 29200
6073 26640
6074 29712
6075 27664
6076 27920
6077 29968
6078 32528
6079 26384
6080 24592
6081 24578
6082 24602
6083 24605
6084 24591
6085 24588
6086 24586
6087 24594
6088 24601
6089 24582
6090 24585
6091 24606
6092 24593
6093 24600
6094 24599
6095 24587
6096 24583
6097 24577
6098 24579
6099 24598
6100 24576
6101 24603
6102 24596
6103 24607
6104 24590
6105 24584
6106 24604
6107 24589
6108 24597
6109 24580
6110 24581
6111 24595
6112 16673
6113 17185
6114 16929
6115 16675
6116 17187
6117 16931
6118 16674
6119 16930
6120 17186
6121 17697
6122 18209
6123 17953
6124 17699
6125 18211
6126 17955
6127 17698
6128 17954
6129 18210
6130 17441
6131 17442
6132 17443
6133 16677
6134 17189
6135 16933
6136 16679
6137 17191
6138 16935
6139 16678
6140 16934
6141 17190
6142 17701
6143 18213
6144 17957
6145 17703
6146 18215
6147 17959
6148 17702
6149 17958
6150 18214
6151 17445
6152 17446
6153 17447
6154 18212
6155 16676
6156 16932
6157 17188
6158 17444
6159 17700
6160 17956
6161 18721
6162 19233
6163 18977
6164 18723
6165 19235
6166 18979
6167 18722
6168 18978
6169 19234
6170 19745
6171 20257
6172 20001
6173 19747
6174 20259
6175 20003
6176 19746
6177 20002
6178 20258
6179 19489
6180 19490
6181 19491
6182 18725
6183 19237
6184 18981
6185 18727
6186 19239
6187 18983
6188 18726
6189 18982
6190 19238
6191 19749
6192 20261
6193 20005
6194 19751
6195 20263
6196 20007
6197 19750
6198 20006
6199 20262
6200 19493
6201 19494
6202 19495
6203 18980
6204 19236
6205 19492
6206 18724
6207 19748
6208 20004
6209 20260
6210 18465
6211 18468
6212 18467
6213 18470
6214 18466
6215 18471
6216 18469
6217 16681
6218 17193
6219 16937
6220 16683
6221 17195
6222 16939
6223 16682
6224 16938
6225 17194
6226 17705
6227 18217
6228 17961
6229 17707
6230 18219
6231 17963
6232 17706
6233 17962
6234 18218
6235 17449
6236 17450
6237 17451
6238 16685
6239 17197
6240 16941
6241 16687
6242 17199
6243 16943
6244 16686
6245 16942
6246 17198
6247 17709
6248 18221
6249 17965
6250 17711
6251 18223
6252 17967
6253 17710
6254 17966
6255 18222
6256 17453
6257 17454
6258 17455
6259 16940
6260 17196
6261 17708
6262 17964
6263 17452
6264 18220
6265 16684
6266 18729
6267 19241
6268 18985
6269 18731
6270 19243
6271 18987
6272 18730
6273 18986
6274 19242
6275 19753
6276 20265
6277 20009
6278 19755
6279 20267
6280 20011
6281 19754
6282 20010
6283 20266
6284 19497
6285 19498
6286 19499
6287 18733
6288 19245
6289 18989
6290 18735
6291 19247
6292 18991
6293 18734
6294 18990
6295 19246
6296 19757
6297 20269
6298 20013
6299 19759
6300 20271
6301 20015
6302 19758
6303 20014
6304 20270
6305 19501
6306 19502
6307 19503
6308 18732
6309 20012
6310 19244
6311 18988
6312 19500
6313 19756
6314 20268
6315 18477
6316 18476
6317 18473
6318 18475
6319 18479
6320 18474
6321 18478
6322 16680
6323 19496
6324 17960
6325 16936
6326 20264
6327 18472
6328 19752
6329 17704
6330 17192
6331 20008
6332 18984
6333 17448
6334 18216
6335 19240
6336 18728
6337 20769
6338 21281
6339 21025
6340 20771
6341 21283
6342 21027
6343 20770
6344 21026
6345 21282
6346 21793
6347 22305
6348 22049
6349 21795
6350 22307
6351 22051
6352 21794
6353 22050
6354 22306
6355 21537
6356 21538
6357 21539
6358 20773
6359 21285
6360 21029
6361 20775
6362 21287
6363 21031
6364 20774
6365 21030
6366 21286
6367 21797
6368 22309
6369 22053
6370 21799
6371 22311
6372 22055
6373 21798
6374 22054
6375 22310
6376 21541
6377 21542
6378 21543
6379 21028
6380 21284
6381 21540
6382 20772
6383 21796
6384 22308
6385 22052
6386 22817
6387 23329
6388 23073
6389 22819
6390 23331
6391 23075
6392 22818
6393 23074
6394 23330
6395 23841
6396 24353
6397 24097
6398 23843
6399 24355
6400 24099
6401 23842
6402 24098
6403 24354
6404 23585
6405 23586
6406 23587
6407 22821
6408 23333
6409 23077
6410 22823
6411 23335
6412 23079
6413 22822
6414 23078
6415 23334
6416 23845
6417 24357
6418 24101
6419 23847
6420 24359
6421 24103
6422 23846
6423 24102
6424 24358
6425 23589
6426 23590
6427 23591
6428 22820
6429 23076
6430 23844
6431 23332
6432 23588
6433 24100
6434 24356
6435 22566
6436 22563
6437 22565
6438 22564
6439 22561
6440 22567
6441 22562
6442 20777
6443 21289
6444 21033
6445 20779
6446 21291
6447 21035
6448 20778
6449 21034
6450 21290
6451 21801
6452 22313
6453 22057
6454 21803
6455 22315
6456 22059
6457 21802
6458 22058
6459 22314
6460 21545
6461 21546
6462 21547
6463 20781
6464 21293
6465 21037
6466 20783
6467 21295
6468 21039
6469 20782
6470 21038
6471 21294
6472 21805
6473 22317
6474 22061
6475 21807
6476 22319
6477 22063
6478 21806
6479 22062
6480 22318
6481 21549
6482 21550
6483 21551
6484 21804
6485 20780
6486 22316
6487 21036
6488 21292
6489 21548
6490 22060
6491 22825
6492 23337
6493 23081
6494 22827
6495 23339
6496 23083
6497 22826
6498 23082
6499 23338
6500 23849
6501 24361
6502 24105
6503 23851
6504 24363
6505 24107
6506 23850
6507 24106
6508 24362
6509 23593
6510 23594
6511 23595
6512 22829
6513 23341
6514 23085
6515 22831
6516 23343
6517 23087
6518 22830
6519 23086
6520 23342
6521 23853
6522 24365
6523 24109
6524 23855
6525 24367
6526 24111
6527 23854
6528 24110
6529 24366
6530 23597
6531 23598
6532 23599
6533 22828
6534 23084
6535 23340
6536 23852
6537 23596
6538 24108
6539 24364
6540 22574
6541 22569
6542 22571
6543 22572
6544 22573
6545 22570
6546 22575
6547 22824
6548 24104
6549 20776
6550 21544
6551 23080
6552 22312
6553 23336
6554 24360
6555 21800
6556 22568
6557 21032
6558 23848
6559 22056
6560 21288
6561 23592
6562 20514
6563 20522
6564 20518
6565 20525
6566 20523
6567 20513
6568 20519
6569 20520
6570 20515
6571 20526
6572 20516
6573 20527
6574 20521
6575 20517
6576 20524
6577 16689
6578 17201
6579 16945
6580 16691
6581 17203
6582 16947
6583 16690
6584 16946
6585 17202
6586 17713
6587 18225
6588 17969
6589 17715
6590 18227
6591 17971
6592 17714
6593 17970
6594 18226
6595 17457
6596 17458
6597 17459
6598 16693
6599 17205
6600 16949
6601 16695
6602 17207
6603 16951
6604 16694
6605 16950
6606 17206
6607 17717
6608 18229
6609 17973
6610 17719
6611 18231
6612 17975
6613 17718
6614 17974
6615 18230
6616 17461
6617 17462
6618 17463
6619 16692
6620 16948
6621 17204
6622 17460
6623 17716
6624 17972
6625 18228
6626 18737
6627 19249
6628 18993
6629 18739
6630 19251
6631 18995
6632 18738
6633 18994
6634 19250
6635 19761
6636 20273
6637 20017
6638 19763
6639 20275
6640 20019
6641 19762
6642 20018
6643 20274
6644 19505
6645 19506
6646 19507
6647 18741
6648 19253
6649 18997
6650 18743
6651 19255
6652 18999
6653 18742
6654 18998
6655 19254
6656 19765
6657 20277
6658 20021
6659 19767
6660 20279
6661 20023
6662 19766
6663 20022
6664 20278
6665 19509
6666 19510
6667 19511
6668 19252
6669 19764
6670 19508
6671 20020
6672 20276
6673 18740
6674 18996
6675 18484
6676 18482
6677 18483
6678 18481
6679 18487
6680 18485
6681 18486
6682 16697
6683 17209
6684 16953
6685 16699
6686 17211
6687 16955
6688 16698
6689 16954
6690 17210
6691 17721
6692 18233
6693 17977
6694 17723
6695 18235
6696 17979
6697 17722
6698 17978
6699 18234
6700 17465
6701 17466
6702 17467
6703 16701
6704 17213
6705 16957
6706 16703
6707 17215
6708 16959
6709 16702
6710 16958
6711 17214
6712 17725
6713 18237
6714 17981
6715 17727
6716 18239
6717 17983
6718 17726
6719 17982
6720 18238
6721 17469
6722 17470
6723 17471
6724 16956
6725 17980
6726 17212
6727 17724
6728 16700
6729 18236
6730 17468
6731 18745
6732 19257
6733 19001
6734 18747
6735 19259
6736 19003
6737 18746
6738 19002
6739 19258
6740 19769
6741 20281
6742 20025
6743 19771
6744 20283
6745 20027
6746 19770
6747 20026
6748 20282
6749 19513
6750 19514
6751 19515
6752 18749
6753 19261
6754 19005
6755 18751
6756 19263
6757 19007
6758 18750
6759 19006
6760 19262
6761 19773
6762 20285
6763 20029
6764 19775
6765 20287
6766 20031
6767 19774
6768 20030
6769 20286
6770 19517
6771 19518
6772 19519
6773 18748
6774 19516
6775 19260
6776 19772
6777 20028
6778 20284
6779 19004
6780 18491
6781 18489
6782 18490
6783 18492
6784 18494
6785 18493
6786 18495
6787 16696
6788 16952
6789 17208
6790 17464
6791 17720
6792 17976
6793 18232
6794 20024
6795 18488
6796 18744
6797 19000
6798 19256
6799 19512
6800 19768
6801 20280
6802 20785
6803 21297
6804 21041
6805 20787
6806 21299
6807 21043
6808 20786
6809 21042
6810 21298
6811 21809
6812 22321
6813 22065
6814 21811
6815 22323
6816 22067
6817 21810
6818 22066
6819 22322
6820 21553
6821 21554
6822 21555
6823 20789
6824 21301
6825 21045
6826 20791
6827 21303
6828 21047
6829 20790
6830 21046
6831 21302
6832 21813
6833 22325
6834 22069
6835 21815
6836 22327
6837 22071
6838 21814
6839 22070
6840 22326
6841 21557
6842 21558
6843 21559
6844 20788
6845 21044
6846 21556
6847 21300
6848 21812
6849 22068
6850 22324
6851 22833
6852 23345
6853 23089
6854 22835
6855 23347
6856 23091
6857 22834
6858 23090
6859 23346
6860 23857
6861 24369
6862 24113
6863 23859
6864 24371
6865 24115
6866 23858
6867 24114
6868 24370
6869 23601
6870 23602
6871 23603
6872 22837
6873 23349
6874 23093
6875 22839
6876 23351
6877 23095
6878 22838
6879 23094
6880 23350
6881 23861
6882 24373
6883 24117
6884 23863
6885 24375
6886 24119
6887 23862
6888 24118
6889 24374
6890 23605
6891 23606
6892 23607
6893 22836
6894 23092
6895 23860
6896 23604
6897 24116
6898 23348
6899 24372
6900 22583
6901 22578
6902 22577
6903 22580
6904 22581
6905 22582
6906 22579
6907 20793
6908 21305
6909 21049
6910 20795
6911 21307
6912 21051
6913 20794
6914 21050
6915 21306
6916 21817
6917 22329
6918 22073
6919 21819
6920 22331
6921 22075
6922 21818
6923 22074
6924 22330
6925 21561
6926 21562
6927 21563
6928 20797
6929 21309
6930 21053
6931 20799
6932 21311
6933 21055
6934 20798
6935 21054
6936 21310
6937 21821
6938 22333
6939 22077
6940 21823
6941 22335
6942 22079
6943 21822
6944 22078
6945 22334
6946 21565
6947 21566
6948 21567
6949 21052
6950 20796
6951 21820
6952 21308
6953 22076
6954 21564
6955 22332
6956 22841
6957 23353
6958 23097
6959 22843
6960 23355
6961 23099
6962 22842
6963 23098
6964 23354
6965 23865
6966 24377
6967 24121
6968 23867
6969 24379
6970 24123
6971 23866
6972 24122
6973 24378
6974 23609
6975 23610
6976 23611
6977 22845
6978 23357
6979 23101
6980 22847
6981 23359
6982 23103
6983 22846
6984 23102
6985 23358
6986 23869
6987 24381
6988 24125
6989 23871
6990 24383
6991 24127
6992 23870
6993 24126
6994 24382
6995 23613
6996 23614
6997 23615
6998 22844
6999 23100
7000 23868
7001 23356
7002 24124
7003 23612
7004 24380
7005 22586
7006 22587
7007 22590
7008 22588
7009 22589
7010 22591
7011 22585
7012 20792
7013 24120
7014 23864
7015 22840
7016 21048
7017 21304
7018 22072
7019 22328
7020 23608
7021 23352
7022 21560
7023 22584
7024 23096
7025 21816
7026 24376
7027 20537
7028 20533
7029 20536
7030 20530
7031 20542
7032 20531
7033 20541
7034 20532
7035 20538
7036 20540
7037 20535
7038 20529
7039 20539
7040 20543
7041 20534
7042 16944
7043 20528
7044 17200
7045 17968
7046 17712
7047 18480
7048 20016
7049 17456
7050 22832
7051 18992
7052 21040
7053 24112
7054 20784
7055 24368
7056 22064
7057 18736
7058 19504
7059 22320
7060 23344
7061 21808
7062 23856
7063 20272
7064 21552
7065 19248
7066 23600
7067 18224
7068 19760
7069 21296
7070 22576
7071 23088
7072 16688
7073 24865
7074 25377
7075 25121
7076 24867
7077 25379
7078 25123
7079 24866
7080 25122
7081 25378
7082 25889
7083 26401
7084 26145
7085 25891
7086 26403
7087 26147
7088 25890
7089 26146
7090 26402
7091 25633
7092 25634
7093 25635
7094 24869
7095 25381
7096 25125
7097 24871
7098 25383
7099 25127
7100 24870
7101 25126
7102 25382
7103 25893
7104 26405
7105 26149
7106 25895
7107 26407
7108 26151
7109 25894
7110 26150
7111 26406
7112 25637
7113 25638
7114 25639
7115 24868
7116 25124
7117 25892
7118 25636
7119 25380
7120 26148
7121 26404
7122 26913
7123 27425
7124 27169
7125 26915
7126 27427
7127 27171
7128 26914
7129 27170
7130 27426
7131 27937
7132 28449
7133 28193
7134 27939
7135 28451
7136 28195
7137 27938
7138 28194
7139 28450
7140 27681
7141 27682
7142 27683
7143 26917
7144 27429
7145 27173
7146 26919
7147 27431
7148 27175
7149 26918
7150 27174
7151 27430
7152 27941
7153 28453
7154 28197
7155 27943
7156 28455
7157 28199
7158 27942
7159 28198
7160 28454
7161 27685
7162 27686
7163 27687
7164 26916
7165 27172
7166 27428
7167 27940
7168 28196
7169 27684
7170 28452
7171 26659
7172 26662
7173 26661
7174 26657
7175 26660
7176 26663
7177 26658
7178 24873
7179 25385
7180 25129
7181 24875
7182 25387
7183 25131
7184 24874
7185 25130
7186 25386
7187 25897
7188 26409
7189 26153
7190 25899
7191 26411
7192 26155
7193 25898
7194 26154
7195 26410
7196 25641
7197 25642
7198 25643
7199 24877
7200 25389
7201 25133
7202 24879
7203 25391
7204 25135
7205 24878
7206 25134
7207 25390
7208 25901
7209 26413
7210 26157
7211 25903
7212 26415
7213 26159
7214 25902
7215 26158
7216 26414
7217 25645
7218 25646
7219 25647
7220 25132
7221 25388
7222 25644
7223 26412
7224 25900
7225 26156
7226 24876
7227 26921
7228 27433
7229 27177
7230 26923
7231 27435
7232 27179
7233 26922
7234 27178
7235 27434
7236 27945
7237 28457
7238 28201
7239 27947
7240 28459
7241 28203
7242 27946
7243 28202
7244 28458
7245 27689
7246 27690
7247 27691
7248 26925
7249 27437
7250 27181
7251 26927
7252 27439
7253 27183
7254 26926
7255 27182
7256 27438
7257 27949
7258 28461
7259 28205
7260 27951
7261 28463
7262 28207
7263 27950
7264 28206
7265 28462
7266 27693
7267 27694
7268 27695
7269 26924
7270 27948
7271 27436
7272 28204
7273 27692
7274 27180
7275 28460
7276 26671
7277 26665
7278 26670
7279 26666
7280 26668
7281 26669
7282 26667
7283 27944
7284 28200
7285 26152
7286 25128
7287 27688
7288 26408
7289 24872
7290 26920
7291 28456
7292 25640
7293 25896
7294 26664
7295 27432
7296 25384
7297 27176
7298 28961
7299 29473
7300 29217
7301 28963
7302 29475
7303 29219
7304 28962
7305 29218
7306 29474
7307 29985
7308 30497
7309 30241
7310 29987
7311 30499
7312 30243
7313 29986
7314 30242
7315 30498
7316 29729
7317 29730
7318 29731
7319 28965
7320 29477
7321 29221
7322 28967
7323 29479
7324 29223
7325 28966
7326 29222
7327 29478
7328 29989
7329 30501
7330 30245
7331 29991
7332 30503
7333 30247
7334 29990
7335 30246
7336 30502
7337 29733
7338 29734
7339 29735
7340 28964
7341 29988
7342 29476
7343 30244
7344 29732
7345 29220
7346 30500
7347 31009
7348 31521
7349 31265
7350 31011
7351 31523
7352 31267
7353 31010
7354 31266
7355 31522
7356 32033
7357 32545
7358 32289
7359 32035
7360 32547
7361 32291
7362 32034
7363 32290
7364 32546
7365 31777
7366 31778
7367 31779
7368 31013
7369 31525
7370 31269
7371 31015
7372 31527
7373 31271
7374 31014
7375 31270
7376 31526
7377 32037
7378 32549
7379 32293
7380 32039
7381 32551
7382 32295
7383 32038
7384 32294
7385 32550
7386 31781
7387 31782
7388 31783
7389 31012
7390 31268
7391 31524
7392 32548
7393 31780
7394 32036
7395 32292
7396 30757
7397 30756
7398 30758
7399 30754
7400 30753
7401 30759
7402 30755
7403 28969
7404 29481
7405 29225
7406 28971
7407 29483
7408 29227
7409 28970
7410 29226
7411 29482
7412 29993
7413 30505
7414 30249
7415 29995
7416 30507
7417 30251
7418 29994
7419 30250
7420 30506
7421 29737
7422 29738
7423 29739
7424 28973
7425 29485
7426 29229
7427 28975
7428 29487
7429 29231
7430 28974
7431 29230
7432 29486
7433 29997
7434 30509
7435 30253
7436 29999
7437 30511
7438 30255
7439 29998
7440 30254
7441 30510
7442 29741
7443 29742
7444 29743
7445 28972
7446 29996
7447 30252
7448 29740
7449 29228
7450 29484
7451 30508
7452 31017
7453 31529
7454 31273
7455 31019
7456 31531
7457 31275
7458 31018
7459 31274
7460 31530
7461 32041
7462 32553
7463 32297
7464 32043
7465 32555
7466 32299
7467 32042
7468 32298
7469 32554
7470 31785
7471 31786
7472 31787
7473 31021
7474 31533
7475 31277
7476 31023
7477 31535
7478 31279
7479 31022
7480 31278
7481 31534
7482 32045
7483 32557
7484 32301
7485 32047
7486 32559
7487 32303
7488 32046
7489 32302
7490 32558
7491 31789
7492 31790
7493 31791
7494 31020
7495 31276
7496 31788
7497 32044
7498 32300
7499 31532
7500 32556
7501 30765
7502 30764
7503 30762
7504 30763
7505 30766
7506 30767
7507 30761
7508 28968
7509 29480
7510 29736
7511 29992
7512 30760
7513 30248
7514 30504
7515 29224
7516 31016
7517 31272
7518 31528
7519 31784
7520 32040
7521 32296
7522 32552
7523 28712
7524 28709
7525 28714
7526 28718
7527 28705
7528 28716
7529 28717
7530 28710
7531 28711
7532 28715
7533 28713
7534 28707
7535 28706
7536 28719
7537 28708
7538 24881
7539 25393
7540 25137
7541 24883
7542 25395
7543 25139
7544 24882
7545 25138
7546 25394
7547 25905
7548 26417
7549 26161
7550 25907
7551 26419
7552 26163
7553 25906
7554 26162
7555 26418
7556 25649
7557 25650
7558 25651
7559 24885
7560 25397
7561 25141
7562 24887
7563 25399
7564 25143
7565 24886
7566 25142
7567 25398
7568 25909
7569 26421
7570 26165
7571 25911
7572 26423
7573 26167
7574 25910
7575 26166
7576 26422
7577 25653
7578 25654
7579 25655
7580 25140
7581 25652
7582 25908
7583 25396
7584 26164
7585 24884
7586 26420
7587 26929
7588 27441
7589 27185
7590 26931
7591 27443
7592 27187
7593 26930
7594 27186
7595 27442
7596 27953
7597 28465
7598 28209
7599 27955
7600 28467
7601 28211
7602 27954
7603 28210
7604 28466
7605 27697
7606 27698
7607 27699
7608 26933
7609 27445
7610 27189
7611 26935
7612 27447
7613 27191
7614 26934
7615 27190
7616 27446
7617 27957
7618 28469
7619 28213
7620 27959
7621 28471
7622 28215
7623 27958
7624 28214
7625 28470
7626 27701
7627 27702
7628 27703
7629 27188
7630 27444
7631 27700
7632 26932
7633 27956
7634 28212
7635 28468
7636 26673
7637 26678
7638 26675
7639 26679
7640 26674
7641 26676
7642 26677
7643 24889
7644 25401
7645 25145
7646 24891
7647 25403
7648 25147
7649 24890
7650 25146
7651 25402
7652 25913
7653 26425
7654 26169
7655 25915
7656 26427
7657 26171
7658 25914
7659 26170
7660 26426
7661 25657
7662 25658
7663 25659
7664 24893
7665 25405
7666 25149
7667 24895
7668 25407
7669 25151
7670 24894
7671 25150
7672 25406
7673 25917
7674 26429
7675 26173
7676 25919
7677 26431
7678 26175
7679 25918
7680 26174
7681 26430
7682 25661
7683 25662
7684 25663
7685 24892
7686 25660
7687 25916
7688 26172
7689 25404
7690 25148
7691 26428
7692 26937
7693 27449
7694 27193
7695 26939
7696 27451
7697 27195
7698 26938
7699 27194
7700 27450
7701 27961
7702 28473
7703 28217
7704 27963
7705 28475
7706 28219
7707 27962
7708 28218
7709 28474
7710 27705
7711 27706
7712 27707
7713 26941
7714 27453
7715 27197
7716 26943
7717 27455
7718 27199
7719 26942
7720 27198
7721 27454
7722 27965
7723 28477
7724 28221
7725 27967
7726 28479
7727 28223
7728 27966
7729 28222
7730 28478
7731 27709
7732 27710
7733 27711
7734 26940
7735 27452
7736 27708
7737 27196
7738 27964
7739 28220
7740 28476
7741 26685
7742 26684
7743 26683
7744 26681
7745 26686
7746 26682
7747 26687
7748 27192
7749 27448
7750 25400
7751 27704
7752 25144
7753 26936
7754 26680
7755 28216
7756 27960
7757 25656
7758 26424
7759 28472
7760 24888
7761 25912
7762 26168
7763 28977
7764 29489
7765 29233
7766 28979
7767 29491
7768 29235
7769 28978
7770 29234
7771 29490
7772 30001
7773 30513
7774 30257
7775 30003
7776 30515
7777 30259
7778 30002
7779 30258
7780 30514
7781 29745
7782 29746
7783 29747
7784 28981
7785 29493
7786 29237
7787 28983
7788 29495
7789 29239
7790 28982
7791 29238
7792 29494
7793 30005
7794 30517
7795 30261
7796 30007
7797 30519
7798 30263
7799 30006
7800 30262
7801 30518
7802 29749
7803 29750
7804 29751
7805 28980
7806 30004
7807 30516
7808 30260
7809 29236
7810 29492
7811 29748
7812 31025
7813 31537
7814 31281
7815 31027
7816 31539
7817 31283
7818 31026
7819 31282
7820 31538
7821 32049
7822 32561
7823 32305
7824 32051
7825 32563
7826 32307
7827 32050
7828 32306
7829 32562
7830 31793
7831 31794
7832 31795
7833 31029
7834 31541
7835 31285
7836 31031
7837 31543
7838 31287
7839 31030
7840 31286
7841 31542
7842 32053
7843 32565
7844 32309
7845 32055
7846 32567
7847 32311
7848 32054
7849 32310
7850 32566
7851 31797
7852 31798
7853 31799
7854 31284
7855 31028
7856 32052
7857 31796
7858 32308
7859 31540
7860 32564
7861 30769
7862 30774
7863 30772
7864 30775
7865 30770
7866 30771
7867 30773
7868 28985
7869 29497
7870 29241
7871 28987
7872 29499
7873 29243
7874 28986
7875 29242
7876 29498
7877 30009
7878 30521
7879 30265
7880 30011
7881 30523
7882 30267
7883 30010
7884 30266
7885 30522
7886 29753
7887 29754
7888 29755
7889 28989
7890 29501
7891 29245
7892 28991
7893 29503
7894 29247
7895 28990
7896 29246
7897 29502
7898 30013
7899 30525
7900 30269
7901 30015
7902 30527
7903 30271
7904 30014
7905 30270
7906 30526
7907 29757
7908 29758
7909 29759
7910 28988
7911 30012
7912 29756
7913 29244
7914 29500
7915 30268
7916 30524
7917 31033
7918 31545
7919 31289
7920 31035
7921 31547
7922 31291
7923 31034
7924 31290
7925 31546
7926 32057
7927 32569
7928 32313
7929 32059
7930 32571
7931 32315
7932 32058
7933 32314
7934 32570
7935 31801
7936 31802
7937 31803
7938 31037
7939 31549
7940 31293
7941 31039
7942 31551
7943 31295
7944 31038
7945 31294
7946 31550
7947 32061
7948 32573
7949 32317
7950 32063
7951 32575
7952 32319
7953 32062
7954 32318
7955 32574
7956 31805
7957 31806
7958 31807
7959 31036
7960 32060
7961 31292
7962 31804
7963 31548
7964 32572
7965 32316
7966 30778
7967 30781
7968 30782
7969 30780
7970 30779
7971 30783
7972 30777
7973 29496
7974 31288
7975 29752
7976 31032
7977 32312
7978 30776
7979 30264
7980 30520
7981 31544
7982 30008
7983 32568
7984 31800
7985 28984
7986 32056
7987 29240
7988 28722
7989 28729
7990 28733
7991 28728
7992 28726
7993 28724
7994 28723
7995 28727
7996 28735
7997 28725
7998 28732
7999 28731
8000 28721
8001 28734
8002 28730
8003 27184
8004 31280
8005 28208
8006 31536
8007 25648
8008 30000
8009 25392
8010 26672
8011 31792
8012 29488
8013 25136
8014 24880
8015 27952
8016 32048
8017 32304
8018 28976
8019 32560
8020 26928
8021 29744
8022 26416
8023 27696
8024 27440
8025 28464
8026 26160
8027 30256
8028 28720
8029 31024
8030 30768
8031 29232
8032 25904
8033 30512
8034 24628
8035 24629
8036 24638
8037 24624
8038 24610
8039 24616
8040 24614
8041 24639
8042 24609
8043 24623
8044 24631
8045 24632
8046 24620
8047 24626
8048 24633
8049 24619
8050 24611
8051 24630
8052 24613
8053 24621
8054 24634
8055 24615
8056 24635
8057 24617
8058 24627
8059 24622
8060 24612
8061 24636
8062 24637
8063 24618
8064 24625
8065 21792
8066 27168
8067 19232
8068 23072
8069 22816
8070 29216
8071 20256
8072 29728
8073 29472
8074 24864
8075 26144
8076 29984
8077 16672
8078 19488
8079 18464
8080 28960
8081 28704
8082 21280
8083 30240
8084 30752
8085 32032
8086 17952
8087 21536
8088 16928
8089 23328
8090 32288
8091 22304
8092 24608
8093 26656
8094 31776
8095 21024
8096 20000
8097 17696
8098 31008
8099 17440
8100 31264
8101 30496
8102 28192
8103 17184
8104 18208
8105 22048
8106 22560
8107 31520
8108 27680
8109 24352
8110 26400
8111 20768
8112 25376
8113 25120
8114 20512
8115 25632
8116 23584
8117 18976
8118 24096
8119 32544
8120 23840
8121 28448
8122 19744
8123 27936
8124 18720
8125 26912
8126 25888
8127 27424
8128 16437
8129 16387
8130 16389
8131 16417
8132 16414
8133 16390
8134 16429
8135 16405
8136 16407
8137 16392
8138 16402
8139 16419
8140 16443
8141 16394
8142 16386
8143 16440
8144 16420
8145 16384
8146 16388
8147 16439
8148 16434
8149 16427
8150 16425
8151 16406
8152 16444
8153 16432
8154 16401
8155 16436
8156 16408
8157 16413
8158 16428
8159 16385
8160 16400
8161 16433
8162 16423
8163 16410
8164 16396
8165 16411
8166 16445
8167 16442
8168 16391
8169 16416
8170 16446
8171 16404
8172 16409
8173 16424
8174 16398
8175 16403
8176 16397
8177 16418
8178 16395
8179 16421
8180 16441
8181 16431
8182 16422
8183 16438
8184 16415
8185 16399
8186 16393
8187 16447
8188 16430
8189 16435
8190 16412
8191 16426
8192 65
8193 321
8194 833
8195 577
8196 67
8197 323
8198 835
8199 579
8200 66
8201 322
8202 578
8203 834
8204 1345
8205 1857
8206 1601
8207 1347
8208 1859
8209 1603
8210 1346
8211 1602
8212 1858
8213 1089
8214 1090
8215 1091
8216 69
8217 325
8218 837
8219 581
8220 71
8221 327
8222 839
8223 583
8224 70
8225 326
8226 582
8227 838
8228 1349
8229 1861
8230 1605
8231 1351
8232 1863
8233 1607
8234 1350
8235 1606
8236 1862
8237 1093
8238 1094
8239 1095
8240 68
8241 1348
8242 324
8243 580
8244 1092
8245 836
8246 1860
8247 1604
8248 2369
8249 2881
8250 2625
8251 2371
8252 2883
8253 2627
8254 2370
8255 2626
8256 2882
8257 3393
8258 3905
8259 3649
8260 3395
8261 3907
8262 3651
8263 3394
8264 3650
8265 3906
8266 3137
8267 3138
8268 3139
8269 2373
8270 2885
8271 2629
8272 2375
8273 2887
8274 2631
8275 2374
8276 2630
8277 2886
8278 3397
8279 3909
8280 3653
8281 3399
8282 3911
8283 3655
8284 3398
8285 3654
8286 3910
8287 3141
8288 3142
8289 3143
8290 2884
8291 2372
8292 3908
8293 2628
8294 3140
8295 3396
8296 3652
8297 2114
8298 2116
8299 2118
8300 2113
8301 2119
8302 2117
8303 2115
8304 73
8305 329
8306 841
8307 585
8308 75
8309 331
8310 843
8311 587
8312 74
8313 330
8314 586
8315 842
8316 1353
8317 1865
8318 1609
8319 1355
8320 1867
8321 1611
8322 1354
8323 1610
8324 1866
8325 1097
8326 1098
8327 1099
8328 77
8329 333
8330 845
8331 589
8332 79
8333 335
8334 847
8335 591
8336 78
8337 334
8338 590
8339 846
8340 1357
8341 1869
8342 1613
8343 1359
8344 1871
8345 1615
8346 1358
8347 1614
8348 1870
8349 1101
8350 1102
8351 1103
8352 76
8353 332
8354 588
8355 844
8356 1356
8357 1612
8358 1100
8359 1868
8360 2377
8361 2889
8362 2633
8363 2379
8364 2891
8365 2635
8366 2378
8367 2634
8368 2890
8369 3401
8370 3913
8371 3657
8372 3403
8373 3915
8374 3659
8375 3402
8376 3658
8377 3914
8378 3145
8379 3146
8380 3147
8381 2381
8382 2893
8383 2637
8384 2383
8385 2895
8386 2639
8387 2382
8388 2638
8389 2894
8390 3405
8391 3917
8392 3661
8393 3407
8394 3919
8395 3663
8396 3406
8397 3662
8398 3918
8399 3149
8400 3150
8401 3151
8402 2380
8403 2636
8404 3404
8405 3148
8406 2892
8407 3916
8408 3660
8409 2122
8410 2121
8411 2123
8412 2126
8413 2124
8414 2125
8415 2127
8416 3656
8417 328
8418 3400
8419 2120
8420 1096
8421 2888
8422 2632
8423 1864
8424 1608
8425 72
8426 584
8427 2376
8428 840
8429 1352
8430 3144
8431 3912
8432 4417
8433 4929
8434 4673
8435 4419
8436 4931
8437 4675
8438 4418
8439 4674
8440 4930
8441 5441
8442 5953
8443 5697
8444 5443
8445 5955
8446 5699
8447 5442
8448 5698
8449 5954
8450 5185
8451 5186
8452 5187
8453 4421
8454 4933
8455 4677
8456 4423
8457 4935
8458 4679
8459 4422
8460 4678
8461 4934
8462 5445
8463 5957
8464 5701
8465 5447
8466 5959
8467 5703
8468 5446
8469 5702
8470 5958
8471 5189
8472 5190
8473 5191
8474 5956
8475 4420
8476 5444
8477 4676
8478 4932
8479 5188
8480 5700
8481 6465
8482 6977
8483 6721
8484 6467
8485 6979
8486 6723
8487 6466
8488 6722
8489 6978
8490 7489
8491 8001
8492 7745
8493 7491
8494 8003
8495 7747
8496 7490
8497 7746
8498 8002
8499 7233
8500 7234
8501 7235
8502 6469
8503 6981
8504 6725
8505 6471
8506 6983
8507 6727
8508 6470
8509 6726
8510 6982
8511 7493
8512 8005
8513 7749
8514 7495
8515 8007
8516 7751
8517 7494
8518 7750
8519 8006
8520 7237
8521 7238
8522 7239
8523 6724
8524 6980
8525 7236
8526 6468
8527 7492
8528 7748
8529 8004
8530 6215
8531 6209
8532 6211
8533 6210
8534 6212
8535 6213
8536 6214
8537 4425
8538 4937
8539 4681
8540 4427
8541 4939
8542 4683
8543 4426
8544 4682
8545 4938
8546 5449
8547 5961
8548 5705
8549 5451
8550 5963
8551 5707
8552 5450
8553 5706
8554 5962
8555 5193
8556 5194
8557 5195
8558 4429
8559 4941
8560 4685
8561 4431
8562 4943
8563 4687
8564 4430
8565 4686
8566 4942
8567 5453
8568 5965
8569 5709
8570 5455
8571 5967
8572 5711
8573 5454
8574 5710
8575 5966
8576 5197
8577 5198
8578 5199
8579 4428
8580 4684
8581 5452
8582 4940
8583 5196
8584 5708
8585 5964
8586 6473
8587 6985
8588 6729
8589 6475
8590 6987
8591 6731
8592 6474
8593 6730
8594 6986
8595 7497
8596 8009
8597 7753
8598 7499
8599 8011
8600 7755
8601 7498
8602 7754
8603 8010
8604 7241
8605 7242
8606 7243
8607 6477
8608 6989
8609 6733
8610 6479
8611 6991
8612 6735
8613 6478
8614 6734
8615 6990
8616 7501
8617 8013
8618 7757
8619 7503
8620 8015
8621 7759
8622 7502
8623 7758
8624 8014
8625 7245
8626 7246
8627 7247
8628 6476
8629 7244
8630 7756
8631 7500
8632 6732
8633 6988
8634 8012
8635 6217
8636 6218
8637 6219
8638 6220
8639 6221
8640 6222
8641 6223
8642 7240
8643 7752
8644 4680
8645 8008
8646 6472
8647 7496
8648 5192
8649 5960
8650 6216
8651 5448
8652 4936
8653 4424
8654 5704
8655 6728
8656 6984
8657 4173
8658 4162
8659 4170
8660 4172
8661 4171
8662 4168
8663 4164
8664 4169
8665 4161
8666 4163
8667 4167
8668 4175
8669 4165
8670 4174
8671 4166
8672 81
8673 337
8674 849
8675 593
8676 83
8677 339
8678 851
8679 595
8680 82
8681 338
8682 594
8683 850
8684 1361
8685 1873
8686 1617
8687 1363
8688 1875
8689 1619
8690 1362
8691 1618
8692 1874
8693 1105
8694 1106
8695 1107
8696 85
8697 341
8698 853
8699 597
8700 87
8701 343
8702 855
8703 599
8704 86
8705 342
8706 598
8707 854
8708 1365
8709 1877
8710 1621
8711 1367
8712 1879
8713 1623
8714 1366
8715 1622
8716 1878
8717 1109
8718 1110
8719 1111
8720 340
8721 596
8722 1108
8723 852
8724 1620
8725 1364
8726 1876
8727 84
8728 2385
8729 2897
8730 2641
8731 2387
8732 2899
8733 2643
8734 2386
8735 2642
8736 2898
8737 3409
8738 3921
8739 3665
8740 3411
8741 3923
8742 3667
8743 3410
8744 3666
8745 3922
8746 3153
8747 3154
8748 3155
8749 2389
8750 2901
8751 2645
8752 2391
8753 2903
8754 2647
8755 2390
8756 2646
8757 2902
8758 3413
8759 3925
8760 3669
8761 3415
8762 3927
8763 3671
8764 3414
8765 3670
8766 3926
8767 3157
8768 3158
8769 3159
8770 2900
8771 3156
8772 2644
8773 3412
8774 2388
8775 3924
8776 3668
8777 2129
8778 2131
8779 2132
8780 2133
8781 2134
8782 2130
8783 2135
8784 89
8785 345
8786 857
8787 601
8788 91
8789 347
8790 859
8791 603
8792 90
8793 346
8794 602
8795 858
8796 1369
8797 1881
8798 1625
8799 1371
8800 1883
8801 1627
8802 1370
8803 1626
8804 1882
8805 1113
8806 1114
8807 1115
8808 93
8809 349
8810 861
8811 605
8812 95
8813 351
8814 863
8815 607
8816 94
8817 350
8818 606
8819 862
8820 1373
8821 1885
8822 1629
8823 1375
8824 1887
8825 1631
8826 1374
8827 1630
8828 1886
8829 1117
8830 1118
8831 1119
8832 92
8833 860
8834 348
8835 1628
8836 1372
8837 604
8838 1116
8839 1884
8840 2393
8841 2905
8842 2649
8843 2395
8844 2907
8845 2651
8846 2394
8847 2650
8848 2906
8849 3417
8850 3929
8851 3673
8852 3419
8853 3931
8854 3675
8855 3418
8856 3674
8857 3930
8858 3161
8859 3162
8860 3163
8861 2397
8862 2909
8863 2653
8864 2399
8865 2911
8866 2655
8867 2398
8868 2654
8869 2910
8870 3421
8871 3933
8872 3677
8873 3423
8874 3935
8875 3679
8876 3422
8877 3678
8878 3934
8879 3165
8880 3166
8881 3167
8882 2652
8883 2396
8884 3164
8885 3676
8886 2908
8887 3420
8888 3932
8889 2143
8890 2140
8891 2141
8892 2142
8893 2137
8894 2138
8895 2139
8896 2648
8897 2392
8898 856
8899 1112
8900 600
8901 3160
8902 1368
8903 1624
8904 2136
8905 344
8906 3672
8907 3416
8908 88
8909 1880
8910 3928
8911 2904
8912 4433
8913 4945
8914 4689
8915 4435
8916 4947
8917 4691
8918 4434
8919 4690
8920 4946
8921 5457
8922 5969
8923 5713
8924 5459
8925 5971
8926 5715
8927 5458
8928 5714
8929 5970
8930 5201
8931 5202
8932 5203
8933 4437
8934 4949
8935 4693
8936 4439
8937 4951
8938 4695
8939 4438
8940 4694
8941 4950
8942 5461
8943 5973
8944 5717
8945 5463
8946 5975
8947 5719
8948 5462
8949 5718
8950 5974
8951 5205
8952 5206
8953 5207
8954 4436
8955 4692
8956 4948
8957 5972
8958 5204
8959 5460
8960 5716
8961 6481
8962 6993
8963 6737
8964 6483
8965 6995
8966 6739
8967 6482
8968 6738
8969 6994
8970 7505
8971 8017
8972 7761
8973 7507
8974 8019
8975 7763
8976 7506
8977 7762
8978 8018
8979 7249
8980 7250
8981 7251
8982 6485
8983 6997
8984 6741
8985 6487
8986 6999
8987 6743
8988 6486
8989 6742
8990 6998
8991 7509
8992 8021
8993 7765
8994 7511
8995 8023
8996 7767
8997 7510
8998 7766
8999 8022
9000 7253
9001 7254
9002 7255
9003 6484
9004 6740
9005 7252
9006 6996
9007 7508
9008 7764
9009 8020
9010 6231
9011 6228
9012 6227
9013 6229
9014 6225
9015 6226
9016 6230
9017 4441
9018 4953
9019 4697
9020 4443
9021 4955
9022 4699
9023 4442
9024 4698
9025 4954
9026 5465
9027 5977
9028 5721
9029 5467
9030 5979
9031 5723
9032 5466
9033 5722
9034 5978
9035 5209
9036 5210
9037 5211
9038 4445
9039 4957
9040 4701
9041 4447
9042 4959
9043 4703
9044 4446
9045 4702
9046 4958
9047 5469
9048 5981
9049 5725
9050 5471
9051 5983
9052 5727
9053 5470
9054 5726
9055 5982
9056 5213
9057 5214
9058 5215
9059 4444
9060 4956
9061 5468
9062 5724
9063 4700
9064 5980
9065 5212
9066 6489
9067 7001
9068 6745
9069 6491
9070 7003
9071 6747
9072 6490
9073 6746
9074 7002
9075 7513
9076 8025
9077 7769
9078 7515
9079 8027
9080 7771
9081 7514
9082 7770
9083 8026
9084 7257
9085 7258
9086 7259
9087 6493
9088 7005
9089 6749
9090 6495
9091 7007
9092 6751
9093 6494
9094 6750
9095 7006
9096 7517
9097 8029
9098 7773
9099 7519
9100 8031
9101 7775
9102 7518
9103 7774
9104 8030
9105 7261
9106 7262
9107 7263
9108 6492
9109 6748
9110 7516
9111 7004
9112 7260
9113 7772
9114 8028
9115 6237
9116 6236
9117 6234
9118 6238
9119 6235
9120 6239
9121 6233
9122 5464
9123 4952
9124 6488
9125 5208
9126 5976
9127 6232
9128 5720
9129 7256
9130 4696
9131 7512
9132 4440
9133 8024
9134 7000
9135 6744
9136 7768
9137 4178
9138 4190
9139 4182
9140 4181
9141 4184
9142 4183
9143 4185
9144 4186
9145 4187
9146 4191
9147 4179
9148 4189
9149 4180
9150 4188
9151 4177
9152 3152
9153 7248
9154 80
9155 6992
9156 5712
9157 1872
9158 4688
9159 3408
9160 4432
9161 5968
9162 1616
9163 2128
9164 4944
9165 6480
9166 2896
9167 848
9168 2384
9169 7504
9170 5200
9171 6224
9172 3920
9173 5456
9174 7760
9175 6736
9176 592
9177 336
9178 4176
9179 1360
9180 1104
9181 8016
9182 3664
9183 2640
9184 8513
9185 9025
9186 8769
9187 8515
9188 9027
9189 8771
9190 8514
9191 8770
9192 9026
9193 9537
9194 10049
9195 9793
9196 9539
9197 10051
9198 9795
9199 9538
9200 9794
9201 10050
9202 9281
9203 9282
9204 9283
9205 8517
9206 9029
9207 8773
9208 8519
9209 9031
9210 8775
9211 8518
9212 8774
9213 9030
9214 9541
9215 10053
9216 9797
9217 9543
9218 10055
9219 9799
9220 9542
9221 9798
9222 10054
9223 9285
9224 9286
9225 9287
9226 8516
9227 8772
9228 9540
9229 9028
9230 9796
9231 9284
9232 10052
9233 10561
9234 11073
9235 10817
9236 10563
9237 11075
9238 10819
9239 10562
9240 10818
9241 11074
9242 11585
9243 12097
9244 11841
9245 11587
9246 12099
9247 11843
9248 11586
9249 11842
9250 12098
9251 11329
9252 11330
9253 11331
9254 10565
9255 11077
9256 10821
9257 10567
9258 11079
9259 10823
9260 10566
9261 10822
9262 11078
9263 11589
9264 12101
9265 11845
9266 11591
9267 12103
9268 11847
9269 11590
9270 11846
9271 12102
9272 11333
9273 11334
9274 11335
9275 10564
9276 11588
9277 10820
9278 11076
9279 11332
9280 11844
9281 12100
9282 10310
9283 10311
9284 10305
9285 10307
9286 10306
9287 10308
9288 10309
9289 8521
9290 9033
9291 8777
9292 8523
9293 9035
9294 8779
9295 8522
9296 8778
9297 9034
9298 9545
9299 10057
9300 9801
9301 9547
9302 10059
9303 9803
9304 9546
9305 9802
9306 10058
9307 9289
9308 9290
9309 9291
9310 8525
9311 9037
9312 8781
9313 8527
9314 9039
9315 8783
9316 8526
9317 8782
9318 9038
9319 9549
9320 10061
9321 9805
9322 9551
9323 10063
9324 9807
9325 9550
9326 9806
9327 10062
9328 9293
9329 9294
9330 9295
9331 8780
9332 9036
9333 9292
9334 9548
9335 10060
9336 9804
9337 8524
9338 10569
9339 11081
9340 10825
9341 10571
9342 11083
9343 10827
9344 10570
9345 10826
9346 11082
9347 11593
9348 12105
9349 11849
9350 11595
9351 12107
9352 11851
9353 11594
9354 11850
9355 12106
9356 11337
9357 11338
9358 11339
9359 10573
9360 11085
9361 10829
9362 10575
9363 11087
9364 10831
9365 10574
9366 10830
9367 11086
9368 11597
9369 12109
9370 11853
9371 11599
9372 12111
9373 11855
9374 11598
9375 11854
9376 12110
9377 11341
9378 11342
9379 11343
9380 10572
9381 10828
9382 11596
9383 11852
9384 11340
9385 11084
9386 12108
9387 10319
9388 10318
9389 10315
9390 10313
9391 10314
9392 10316
9393 10317
9394 8776
9395 11848
9396 10568
9397 10312
9398 11080
9399 11592
9400 8520
9401 12104
9402 9800
9403 9032
9404 10056
9405 11336
9406 9288
9407 9544
9408 10824
9409 12609
9410 13121
9411 12865
9412 12611
9413 13123
9414 12867
9415 12610
9416 12866
9417 13122
9418 13633
9419 14145
9420 13889
9421 13635
9422 14147
9423 13891
9424 13634
9425 13890
9426 14146
9427 13377
9428 13378
9429 13379
9430 12613
9431 13125
9432 12869
9433 12615
9434 13127
9435 12871
9436 12614
9437 12870
9438 13126
9439 13637
9440 14149
9441 13893
9442 13639
9443 14151
9444 13895
9445 13638
9446 13894
9447 14150
9448 13381
9449 13382
9450 13383
9451 12868
9452 12612
9453 13380
9454 13636
9455 13124
9456 13892
9457 14148
9458 14657
9459 15169
9460 14913
9461 14659
9462 15171
9463 14915
9464 14658
9465 14914
9466 15170
9467 15681
9468 16193
9469 15937
9470 15683
9471 16195
9472 15939
9473 15682
9474 15938
9475 16194
9476 15425
9477 15426
9478 15427
9479 14661
9480 15173
9481 14917
9482 14663
9483 15175
9484 14919
9485 14662
9486 14918
9487 15174
9488 15685
9489 16197
9490 15941
9491 15687
9492 16199
9493 15943
9494 15686
9495 15942
9496 16198
9497 15429
9498 15430
9499 15431
9500 14916
9501 14660
9502 15172
9503 15684
9504 15428
9505 15940
9506 16196
9507 14401
9508 14402
9509 14403
9510 14404
9511 14405
9512 14406
9513 14407
9514 12617
9515 13129
9516 12873
9517 12619
9518 13131
9519 12875
9520 12618
9521 12874
9522 13130
9523 13641
9524 14153
9525 13897
9526 13643
9527 14155
9528 13899
9529 13642
9530 13898
9531 14154
9532 13385
9533 13386
9534 13387
9535 12621
9536 13133
9537 12877
9538 12623
9539 13135
9540 12879
9541 12622
9542 12878
9543 13134
9544 13645
9545 14157
9546 13901
9547 13647
9548 14159
9549 13903
9550 13646
9551 13902
9552 14158
9553 13389
9554 13390
9555 13391
9556 13388
9557 12620
9558 12876
9559 13132
9560 13644
9561 13900
9562 14156
9563 14665
9564 15177
9565 14921
9566 14667
9567 15179
9568 14923
9569 14666
9570 14922
9571 15178
9572 15689
9573 16201
9574 15945
9575 15691
9576 16203
9577 15947
9578 15690
9579 15946
9580 16202
9581 15433
9582 15434
9583 15435
9584 14669
9585 15181
9586 14925
9587 14671
9588 15183
9589 14927
9590 14670
9591 14926
9592 15182
9593 15693
9594 16205
9595 15949
9596 15695
9597 16207
9598 15951
9599 15694
9600 15950
9601 16206
9602 15437
9603 15438
9604 15439
9605 14668
9606 14924
9607 15692
9608 15436
9609 15180
9610 15948
9611 16204
9612 14411
9613 14413
9614 14415
9615 14409
9616 14410
9617 14414
9618 14412
9619 13896
9620 15432
9621 15688
9622 14408
9623 12616
9624 13640
9625 12872
9626 13128
9627 14920
9628 16200
9629 15944
9630 14664
9631 13384
9632 14152
9633 15176
9634 12360
9635 12354
9636 12361
9637 12363
9638 12356
9639 12364
9640 12359
9641 12353
9642 12362
9643 12358
9644 12357
9645 12355
9646 12366
9647 12367
9648 12365
9649 8529
9650 9041
9651 8785
9652 8531
9653 9043
9654 8787
9655 8530
9656 8786
9657 9042
9658 9553
9659 10065
9660 9809
9661 9555
9662 10067
9663 9811
9664 9554
9665 9810
9666 10066
9667 9297
9668 9298
9669 9299
9670 8533
9671 9045
9672 8789
9673 8535
9674 9047
9675 8791
9676 8534
9677 8790
9678 9046
9679 9557
9680 10069
9681 9813
9682 9559
9683 10071
9684 9815
9685 9558
9686 9814
9687 10070
9688 9301
9689 9302
9690 9303
9691 9556
9692 8532
9693 8788
9694 9044
9695 9300
9696 10068
9697 9812
9698 10577
9699 11089
9700 10833
9701 10579
9702 11091
9703 10835
9704 10578
9705 10834
9706 11090
9707 11601
9708 12113
9709 11857
9710 11603
9711 12115
9712 11859
9713 11602
9714 11858
9715 12114
9716 11345
9717 11346
9718 11347
9719 10581
9720 11093
9721 10837
9722 10583
9723 11095
9724 10839
9725 10582
9726 10838
9727 11094
9728 11605
9729 12117
9730 11861
9731 11607
9732 12119
9733 11863
9734 11606
9735 11862
9736 12118
9737 11349
9738 11350
9739 11351
9740 10580
9741 10836
9742 11092
9743 11604
9744 11348
9745 11860
9746 12116
9747 10321
9748 10325
9749 10322
9750 10327
9751 10323
9752 10324
9753 10326
9754 8537
9755 9049
9756 8793
9757 8539
9758 9051
9759 8795
9760 8538
9761 8794
9762 9050
9763 9561
9764 10073
9765 9817
9766 9563
9767 10075
9768 9819
9769 9562
9770 9818
9771 10074
9772 9305
9773 9306
9774 9307
9775 8541
9776 9053
9777 8797
9778 8543
9779 9055
9780 8799
9781 8542
9782 8798
9783 9054
9784 9565
9785 10077
9786 9821
9787 9567
9788 10079
9789 9823
9790 9566
9791 9822
9792 10078
9793 9309
9794 9310
9795 9311
9796 9308
9797 8540
9798 8796
9799 10076
9800 9564
9801 9820
9802 9052
9803 10585
9804 11097
9805 10841
9806 10587
9807 11099
9808 10843
9809 10586
9810 10842
9811 11098
9812 11609
9813 12121
9814 11865
9815 11611
9816 12123
9817 11867
9818 11610
9819 11866
9820 12122
9821 11353
9822 11354
9823 11355
9824 10589
9825 11101
9826 10845
9827 10591
9828 11103
9829 10847
9830 10590
9831 10846
9832 11102
9833 11613
9834 12125
9835 11869
9836 11615
9837 12127
9838 11871
9839 11614
9840 11870
9841 12126
9842 11357
9843 11358
9844 11359
9845 10588
9846 10844
9847 11100
9848 12124
9849 11356
9850 11612
9851 11868
9852 10329
9853 10330
9854 10331
9855 10335
9856 10332
9857 10333
9858 10334
9859 11608
9860 11864
9861 10584
9862 9816
9863 10072
9864 10328
9865 9304
9866 11096
9867 9048
9868 9560
9869 8536
9870 11352
9871 12120
9872 8792
9873 10840
9874 12625
9875 13137
9876 12881
9877 12627
9878 13139
9879 12883
9880 12626
9881 12882
9882 13138
9883 13649
9884 14161
9885 13905
9886 13651
9887 14163
9888 13907
9889 13650
9890 13906
9891 14162
9892 13393
9893 13394
9894 13395
9895 12629
9896 13141
9897 12885
9898 12631
9899 13143
9900 12887
9901 12630
9902 12886
9903 13142
9904 13653
9905 14165
9906 13909
9907 13655
9908 14167
9909 13911
9910 13654
9911 13910
9912 14166
9913 13397
9914 13398
9915 13399
9916 12884
9917 13140
9918 13396
9919 12628
9920 13652
9921 13908
9922 14164
9923 14673
9924 15185
9925 14929
9926 14675
9927 15187
9928 14931
9929 14674
9930 14930
9931 15186
9932 15697
9933 16209
9934 15953
9935 15699
9936 16211
9937 15955
9938 15698
9939 15954
9940 16210
9941 15441
9942 15442
9943 15443
9944 14677
9945 15189
9946 14933
9947 14679
9948 15191
9949 14935
9950 14678
9951 14934
9952 15190
9953 15701
9954 16213
9955 15957
9956 15703
9957 16215
9958 15959
9959 15702
9960 15958
9961 16214
9962 15445
9963 15446
9964 15447
9965 14932
9966 14676
9967 16212
9968 15700
9969 15188
9970 15444
9971 15956
9972 14418
9973 14419
9974 14420
9975 14422
9976 14421
9977 14423
9978 14417
9979 12633
9980 13145
9981 12889
9982 12635
9983 13147
9984 12891
9985 12634
9986 12890
9987 13146
9988 13657
9989 14169
9990 13913
9991 13659
9992 14171
9993 13915
9994 13658
9995 13914
9996 14170
9997 13401
9998 13402
9999 13403
10000 12637
10001 13149
10002 12893
10003 12639
10004 13151
10005 12895
10006 12638
10007 12894
10008 13150
10009 13661
10010 14173
10011 13917
10012 13663
10013 14175
10014 13919
10015 13662
10016 13918
10017 14174
10018 13405
10019 13406
10020 13407
10021 13916
10022 13404
10023 12892
10024 14172
10025 12636
10026 13660
10027 13148
10028 14681
10029 15193
10030 14937
10031 14683
10032 15195
10033 14939
10034 14682
10035 14938
10036 15194
10037 15705
10038 16217
10039 15961
10040 15707
10041 16219
10042 15963
10043 15706
10044 15962
10045 16218
10046 15449
10047 15450
10048 15451
10049 14685
10050 15197
10051 14941
10052 14687
10053 15199
10054 14943
10055 14686
10056 14942
10057 15198
10058 15709
10059 16221
10060 15965
10061 15711
10062 16223
10063 15967
10064 15710
10065 15966
10066 16222
10067 15453
10068 15454
10069 15455
10070 15452
10071 14940
10072 15196
10073 16220
10074 15708
10075 15964
10076 14684
10077 14425
10078 14430
10079 14431
10080 14427
10081 14429
10082 14426
10083 14428
10084 12888
10085 15448
10086 12632
10087 14424
10088 14936
10089 13656
10090 15704
10091 13400
10092 15192
10093 15960
10094 13912
10095 13144
10096 14168
10097 16216
10098 14680
10099 12377
10100 12378
10101 12381
10102 12374
10103 12382
10104 12379
10105 12383
10106 12380
10107 12369
10108 12375
10109 12370
10110 12371
10111 12372
10112 12376
10113 12373
10114 12112
10115 14160
10116 11600
10117 12368
10118 10320
10119 9040
10120 14416
10121 13904
10122 12880
10123 15440
10124 8784
10125 11088
10126 11344
10127 13392
10128 14928
10129 15696
10130 10832
10131 14672
10132 10064
10133 11856
10134 15952
10135 9296
10136 9808
10137 8528
10138 10576
10139 9552
10140 12624
10141 13648
10142 16208
10143 13136
10144 15184
10145 8258
10146 8283
10147 8270
10148 8267
10149 8264
10150 8271
10151 8287
10152 8281
10153 8276
10154 8282
10155 8257
10156 8277
10157 8286
10158 8263
10159 8260
10160 8269
10161 8268
10162 8259
10163 8275
10164 8261
10165 8273
10166 8272
10167 8274
10168 8280
10169 8284
10170 8285
10171 8266
10172 8265
10173 8262
10174 8279
10175 8278
10176 97
10177 353
10178 865
10179 609
10180 99
10181 355
10182 867
10183 611
10184 98
10185 354
10186 610
10187 866
10188 1377
10189 1889
10190 1633
10191 1379
10192 1891
10193 1635
10194 1378
10195 1634
10196 1890
10197 1121
10198 1122
10199 1123
10200 101
10201 357
10202 869
10203 613
10204 103
10205 359
10206 871
10207 615
10208 102
10209 358
10210 614
10211 870
10212 1381
10213 1893
10214 1637
10215 1383
10216 1895
10217 1639
10218 1382
10219 1638
10220 1894
10221 1125
10222 1126
10223 1127
10224 100
10225 356
10226 1380
10227 868
10228 1636
10229 1892
10230 612
10231 1124
10232 2401
10233 2913
10234 2657
10235 2403
10236 2915
10237 2659
10238 2402
10239 2658
10240 2914
10241 3425
10242 3937
10243 3681
10244 3427
10245 3939
10246 3683
10247 3426
10248 3682
10249 3938
10250 3169
10251 3170
10252 3171
10253 2405
10254 2917
10255 2661
10256 2407
10257 2919
10258 2663
10259 2406
10260 2662
10261 2918
10262 3429
10263 3941
10264 3685
10265 3431
10266 3943
10267 3687
10268 3430
10269 3686
10270 3942
10271 3173
10272 3174
10273 3175
10274 2404
10275 2916
10276 3940
10277 2660
10278 3172
10279 3428
10280 3684
10281 2145
10282 2150
10283 2151
10284 2148
10285 2147
10286 2149
10287 2146
10288 105
10289 361
10290 873
10291 617
10292 107
10293 363
10294 875
10295 619
10296 106
10297 362
10298 618
10299 874
10300 1385
10301 1897
10302 1641
10303 1387
10304 1899
10305 1643
10306 1386
10307 1642
10308 1898
10309 1129
10310 1130
10311 1131
10312 109
10313 365
10314 877
10315 621
10316 111
10317 367
10318 879
10319 623
10320 110
10321 366
10322 622
10323 878
10324 1389
10325 1901
10326 1645
10327 1391
10328 1903
10329 1647
10330 1390
10331 1646
10332 1902
10333 1133
10334 1134
10335 1135
10336 108
10337 364
10338 620
10339 876
10340 1388
10341 1644
10342 1900
10343 1132
10344 2409
10345 2921
10346 2665
10347 2411
10348 2923
10349 2667
10350 2410
10351 2666
10352 2922
10353 3433
10354 3945
10355 3689
10356 3435
10357 3947
10358 3691
10359 3434
10360 3690
10361 3946
10362 3177
10363 3178
10364 3179
10365 2413
10366 2925
10367 2669
10368 2415
10369 2927
10370 2671
10371 2414
10372 2670
10373 2926
10374 3437
10375 3949
10376 3693
10377 3439
10378 3951
10379 3695
10380 3438
10381 3694
10382 3950
10383 3181
10384 3182
10385 3183
10386 2412
10387 3436
10388 2924
10389 3692
10390 3180
10391 3948
10392 2668
10393 2159
10394 2156
10395 2157
10396 2158
10397 2153
10398 2154
10399 2155
10400 2408
10401 1384
10402 360
10403 104
10404 2920
10405 616
10406 872
10407 3688
10408 2664
10409 3432
10410 1128
10411 3176
10412 1896
10413 2152
10414 1640
10415 3944
10416 4449
10417 4961
10418 4705
10419 4451
10420 4963
10421 4707
10422 4450
10423 4706
10424 4962
10425 5473
10426 5985
10427 5729
10428 5475
10429 5987
10430 5731
10431 5474
10432 5730
10433 5986
10434 5217
10435 5218
10436 5219
10437 4453
10438 4965
10439 4709
10440 4455
10441 4967
10442 4711
10443 4454
10444 4710
10445 4966
10446 5477
10447 5989
10448 5733
10449 5479
10450 5991
10451 5735
10452 5478
10453 5734
10454 5990
10455 5221
10456 5222
10457 5223
10458 4452
10459 5220
10460 4708
10461 5476
10462 4964
10463 5732
10464 5988
10465 6497
10466 7009
10467 6753
10468 6499
10469 7011
10470 6755
10471 6498
10472 6754
10473 7010
10474 7521
10475 8033
10476 7777
10477 7523
10478 8035
10479 7779
10480 7522
10481 7778
10482 8034
10483 7265
10484 7266
10485 7267
10486 6501
10487 7013
10488 6757
10489 6503
10490 7015
10491 6759
10492 6502
10493 6758
10494 7014
10495 7525
10496 8037
10497 7781
10498 7527
10499 8039
10500 7783
10501 7526
10502 7782
10503 8038
10504 7269
10505 7270
10506 7271
10507 6500
10508 7780
10509 6756
10510 7524
10511 7012
10512 7268
10513 8036
10514 6243
10515 6241
10516 6245
10517 6244
10518 6246
10519 6242
10520 6247
10521 4457
10522 4969
10523 4713
10524 4459
10525 4971
10526 4715
10527 4458
10528 4714
10529 4970
10530 5481
10531 5993
10532 5737
10533 5483
10534 5995
10535 5739
10536 5482
10537 5738
10538 5994
10539 5225
10540 5226
10541 5227
10542 4461
10543 4973
10544 4717
10545 4463
10546 4975
10547 4719
10548 4462
10549 4718
10550 4974
10551 5485
10552 5997
10553 5741
10554 5487
10555 5999
10556 5743
10557 5486
10558 5742
10559 5998
10560 5229
10561 5230
10562 5231
10563 4460
10564 4716
10565 5484
10566 4972
10567 5228
10568 5996
10569 5740
10570 6505
10571 7017
10572 6761
10573 6507
10574 7019
10575 6763
10576 6506
10577 6762
10578 7018
10579 7529
10580 8041
10581 7785
10582 7531
10583 8043
10584 7787
10585 7530
10586 7786
10587 8042
10588 7273
10589 7274
10590 7275
10591 6509
10592 7021
10593 6765
10594 6511
10595 7023
10596 6767
10597 6510
10598 6766
10599 7022
10600 7533
10601 8045
10602 7789
10603 7535
10604 8047
10605 7791
10606 7534
10607 7790
10608 8046
10609 7277
10610 7278
10611 7279
10612 6764
10613 7532
10614 7276
10615 7788
10616 7020
10617 6508
10618 8044
10619 6254
10620 6249
10621 6253
10622 6252
10623 6250
10624 6251
10625 6255
10626 5480
10627 7528
10628 4456
10629 7016
10630 7272
10631 6760
10632 4712
10633 8040
10634 4968
10635 6248
10636 6504
10637 5992
10638 5224
10639 5736
10640 7784
10641 4205
10642 4202
10643 4207
10644 4195
10645 4204
10646 4197
10647 4203
10648 4193
10649 4201
10650 4194
10651 4196
10652 4199
10653 4198
10654 4200
10655 4206
10656 113
10657 369
10658 881
10659 625
10660 115
10661 371
10662 883
10663 627
10664 114
10665 370
10666 626
10667 882
10668 1393
10669 1905
10670 1649
10671 1395
10672 1907
10673 1651
10674 1394
10675 1650
10676 1906
10677 1137
10678 1138
10679 1139
10680 117
10681 373
10682 885
10683 629
10684 119
10685 375
10686 887
10687 631
10688 118
10689 374
10690 630
10691 886
10692 1397
10693 1909
10694 1653
10695 1399
10696 1911
10697 1655
10698 1398
10699 1654
10700 1910
10701 1141
10702 1142
10703 1143
10704 116
10705 372
10706 884
10707 1396
10708 628
10709 1652
10710 1908
10711 1140
10712 2417
10713 2929
10714 2673
10715 2419
10716 2931
10717 2675
10718 2418
10719 2674
10720 2930
10721 3441
10722 3953
10723 3697
10724 3443
10725 3955
10726 3699
10727 3442
10728 3698
10729 3954
10730 3185
10731 3186
10732 3187
10733 2421
10734 2933
10735 2677
10736 2423
10737 2935
10738 2679
10739 2422
10740 2678
10741 2934
10742 3445
10743 3957
10744 3701
10745 3447
10746 3959
10747 3703
10748 3446
10749 3702
10750 3958
10751 3189
10752 3190
10753 3191
10754 2420
10755 2676
10756 3444
10757 3188
10758 2932
10759 3700
10760 3956
10761 2163
10762 2162
10763 2165
10764 2164
10765 2166
10766 2161
10767 2167
10768 121
10769 377
10770 889
10771 633
10772 123
10773 379
10774 891
10775 635
10776 122
10777 378
10778 634
10779 890
10780 1401
10781 1913
10782 1657
10783 1403
10784 1915
10785 1659
10786 1402
10787 1658
10788 1914
10789 1145
10790 1146
10791 1147
10792 125
10793 381
10794 893
10795 637
10796 127
10797 383
10798 895
10799 639
10800 126
10801 382
10802 638
10803 894
10804 1405
10805 1917
10806 1661
10807 1407
10808 1919
10809 1663
10810 1406
10811 1662
10812 1918
10813 1149
10814 1150
10815 1151
10816 124
10817 1404
10818 380
10819 892
10820 1148
10821 636
10822 1660
10823 1916
10824 2425
10825 2937
10826 2681
10827 2427
10828 2939
10829 2683
10830 2426
10831 2682
10832 2938
10833 3449
10834 3961
10835 3705
10836 3451
10837 3963
10838 3707
10839 3450
10840 3706
10841 3962
10842 3193
10843 3194
10844 3195
10845 2429
10846 2941
10847 2685
10848 2431
10849 2943
10850 2687
10851 2430
10852 2686
10853 2942
10854 3453
10855 3965
10856 3709
10857 3455
10858 3967
10859 3711
10860 3454
10861 3710
10862 3966
10863 3197
10864 3198
10865 3199
10866 2428
10867 2684
10868 3452
10869 3964
10870 3708
10871 3196
10872 2940
10873 2169
10874 2175
10875 2174
10876 2171
10877 2172
10878 2173
10879 2170
10880 3704
10881 3192
10882 1912
10883 120
10884 632
10885 2936
10886 376
10887 2168
10888 1656
10889 1400
10890 3448
10891 2680
10892 888
10893 3960
10894 1144
10895 2424
10896 4465
10897 4977
10898 4721
10899 4467
10900 4979
10901 4723
10902 4466
10903 4722
10904 4978
10905 5489
10906 6001
10907 5745
10908 5491
10909 6003
10910 5747
10911 5490
10912 5746
10913 6002
10914 5233
10915 5234
10916 5235
10917 4469
10918 4981
10919 4725
10920 4471
10921 4983
10922 4727
10923 4470
10924 4726
10925 4982
10926 5493
10927 6005
10928 5749
10929 5495
10930 6007
10931 5751
10932 5494
10933 5750
10934 6006
10935 5237
10936 5238
10937 5239
10938 6004
10939 4724
10940 4980
10941 4468
10942 5236
10943 5492
10944 5748
10945 6513
10946 7025
10947 6769
10948 6515
10949 7027
10950 6771
10951 6514
10952 6770
10953 7026
10954 7537
10955 8049
10956 7793
10957 7539
10958 8051
10959 7795
10960 7538
10961 7794
10962 8050
10963 7281
10964 7282
10965 7283
10966 6517
10967 7029
10968 6773
10969 6519
10970 7031
10971 6775
10972 6518
10973 6774
10974 7030
10975 7541
10976 8053
10977 7797
10978 7543
10979 8055
10980 7799
10981 7542
10982 7798
10983 8054
10984 7285
10985 7286
10986 7287
10987 6516
10988 6772
10989 7540
10990 7028
10991 7284
10992 7796
10993 8052
10994 6257
10995 6260
10996 6259
10997 6258
10998 6261
10999 6263
11000 6262
11001 4473
11002 4985
11003 4729
11004 4475
11005 4987
11006 4731
11007 4474
11008 4730
11009 4986
11010 5497
11011 6009
11012 5753
11013 5499
11014 6011
11015 5755
11016 5498
11017 5754
11018 6010
11019 5241
11020 5242
11021 5243
11022 4477
11023 4989
11024 4733
11025 4479
11026 4991
11027 4735
11028 4478
11029 4734
11030 4990
11031 5501
11032 6013
11033 5757
11034 5503
11035 6015
11036 5759
11037 5502
11038 5758
11039 6014
11040 5245
11041 5246
11042 5247
11043 6012
11044 4476
11045 4988
11046 4732
11047 5244
11048 5500
11049 5756
11050 6521
11051 7033
11052 6777
11053 6523
11054 7035
11055 6779
11056 6522
11057 6778
11058 7034
11059 7545
11060 8057
11061 7801
11062 7547
11063 8059
11064 7803
11065 7546
11066 7802
11067 8058
11068 7289
11069 7290
11070 7291
11071 6525
11072 7037
11073 6781
11074 6527
11075 7039
11076 6783
11077 6526
11078 6782
11079 7038
11080 7549
11081 8061
11082 7805
11083 7551
11084 8063
11085 7807
11086 7550
11087 7806
11088 8062
11089 7293
11090 7294
11091 7295
11092 6780
11093 7548
11094 7036
11095 7804
11096 7292
11097 8060
11098 6524
11099 6267
11100 6268
11101 6271
11102 6265
11103 6269
11104 6266
11105 6270
11106 6008
11107 5496
11108 4472
11109 7288
11110 4728
11111 6776
11112 8056
11113 6264
11114 4984
11115 7032
11116 7800
11117 5752
11118 6520
11119 7544
11120 5240
11121 4219
11122 4209
11123 4221
11124 4223
11125 4212
11126 4216
11127 4211
11128 4210
11129 4214
11130 4220
11131 4218
11132 4217
11133 4213
11134 4215
11135 4222
11136 4720
11137 6768
11138 7792
11139 4464
11140 1904
11141 5744
11142 2672
11143 1392
11144 112
11145 6512
11146 6000
11147 8048
11148 624
11149 5232
11150 4208
11151 5488
11152 7024
11153 3952
11154 3184
11155 3696
11156 1648
11157 2928
11158 368
11159 3440
11160 1136
11161 4976
11162 6256
11163 7536
11164 7280
11165 2160
11166 2416
11167 880
11168 8545
11169 9057
11170 8801
11171 8547
11172 9059
11173 8803
11174 8546
11175 8802
11176 9058
11177 9569
11178 10081
11179 9825
11180 9571
11181 10083
11182 9827
11183 9570
11184 9826
11185 10082
11186 9313
11187 9314
11188 9315
11189 8549
11190 9061
11191 8805
11192 8551
11193 9063
11194 8807
11195 8550
11196 8806
11197 9062
11198 9573
11199 10085
11200 9829
11201 9575
11202 10087
11203 9831
11204 9574
11205 9830
11206 10086
11207 9317
11208 9318
11209 9319
11210 8548
11211 9316
11212 8804
11213 9572
11214 9828
11215 9060
11216 10084
11217 10593
11218 11105
11219 10849
11220 10595
11221 11107
11222 10851
11223 10594
11224 10850
11225 11106
11226 11617
11227 12129
11228 11873
11229 11619
11230 12131
11231 11875
11232 11618
11233 11874
11234 12130
11235 11361
11236 11362
11237 11363
11238 10597
11239 11109
11240 10853
11241 10599
11242 11111
11243 10855
11244 10598
11245 10854
11246 11110
11247 11621
11248 12133
11249 11877
11250 11623
11251 12135
11252 11879
11253 11622
11254 11878
11255 12134
11256 11365
11257 11366
11258 11367
11259 12132
11260 10596
11261 10852
11262 11108
11263 11364
11264 11620
11265 11876
11266 10337
11267 10342
11268 10340
11269 10338
11270 10339
11271 10341
11272 10343
11273 8553
11274 9065
11275 8809
11276 8555
11277 9067
11278 8811
11279 8554
11280 8810
11281 9066
11282 9577
11283 10089
11284 9833
11285 9579
11286 10091
11287 9835
11288 9578
11289 9834
11290 10090
11291 9321
11292 9322
11293 9323
11294 8557
11295 9069
11296 8813
11297 8559
11298 9071
11299 8815
11300 8558
11301 8814
11302 9070
11303 9581
11304 10093
11305 9837
11306 9583
11307 10095
11308 9839
11309 9582
11310 9838
11311 10094
11312 9325
11313 9326
11314 9327
11315 8556
11316 8812
11317 9068
11318 10092
11319 9324
11320 9580
11321 9836
11322 10601
11323 11113
11324 10857
11325 10603
11326 11115
11327 10859
11328 10602
11329 10858
11330 11114
11331 11625
11332 12137
11333 11881
11334 11627
11335 12139
11336 11883
11337 11626
11338 11882
11339 12138
11340 11369
11341 11370
11342 11371
11343 10605
11344 11117
11345 10861
11346 10607
11347 11119
11348 10863
11349 10606
11350 10862
11351 11118
11352 11629
11353 12141
11354 11885
11355 11631
11356 12143
11357 11887
11358 11630
11359 11886
11360 12142
11361 11373
11362 11374
11363 11375
11364 10604
11365 10860
11366 11372
11367 11628
11368 11884
11369 11116
11370 12140
11371 10346
11372 10347
11373 10345
11374 10350
11375 10348
11376 10351
11377 10349
11378 8552
11379 9320
11380 10088
11381 11880
11382 9064
11383 11368
11384 10856
11385 12136
11386 10344
11387 8808
11388 11112
11389 11624
11390 9832
11391 10600
11392 9576
11393 12641
11394 13153
11395 12897
11396 12643
11397 13155
11398 12899
11399 12642
11400 12898
11401 13154
11402 13665
11403 14177
11404 13921
11405 13667
11406 14179
11407 13923
11408 13666
11409 13922
11410 14178
11411 13409
11412 13410
11413 13411
11414 12645
11415 13157
11416 12901
11417 12647
11418 13159
11419 12903
11420 12646
11421 12902
11422 13158
11423 13669
11424 14181
11425 13925
11426 13671
11427 14183
11428 13927
11429 13670
11430 13926
11431 14182
11432 13413
11433 13414
11434 13415
11435 12644
11436 13412
11437 13156
11438 13668
11439 12900
11440 13924
11441 14180
11442 14689
11443 15201
11444 14945
11445 14691
11446 15203
11447 14947
11448 14690
11449 14946
11450 15202
11451 15713
11452 16225
11453 15969
11454 15715
11455 16227
11456 15971
11457 15714
11458 15970
11459 16226
11460 15457
11461 15458
11462 15459
11463 14693
11464 15205
11465 14949
11466 14695
11467 15207
11468 14951
11469 14694
11470 14950
11471 15206
11472 15717
11473 16229
11474 15973
11475 15719
11476 16231
11477 15975
11478 15718
11479 15974
11480 16230
11481 15461
11482 15462
11483 15463
11484 14692
11485 14948
11486 15204
11487 15460
11488 15716
11489 15972
11490 16228
11491 14434
11492 14438
11493 14433
11494 14437
11495 14436
11496 14435
11497 14439
11498 12649
11499 13161
11500 12905
11501 12651
11502 13163
11503 12907
11504 12650
11505 12906
11506 13162
11507 13673
11508 14185
11509 13929
11510 13675
11511 14187
11512 13931
11513 13674
11514 13930
11515 14186
11516 13417
11517 13418
11518 13419
11519 12653
11520 13165
11521 12909
11522 12655
11523 13167
11524 12911
11525 12654
11526 12910
11527 13166
11528 13677
11529 14189
11530 13933
11531 13679
11532 14191
11533 13935
11534 13678
11535 13934
11536 14190
11537 13421
11538 13422
11539 13423
11540 13932
11541 12652
11542 12908
11543 13164
11544 13420
11545 13676
11546 14188
11547 14697
11548 15209
11549 14953
11550 14699
11551 15211
11552 14955
11553 14698
11554 14954
11555 15210
11556 15721
11557 16233
11558 15977
11559 15723
11560 16235
11561 15979
11562 15722
11563 15978
11564 16234
11565 15465
11566 15466
11567 15467
11568 14701
11569 15213
11570 14957
11571 14703
11572 15215
11573 14959
11574 14702
11575 14958
11576 15214
11577 15725
11578 16237
11579 15981
11580 15727
11581 16239
11582 15983
11583 15726
11584 15982
11585 16238
11586 15469
11587 15470
11588 15471
11589 16236
11590 15980
11591 14956
11592 14700
11593 15468
11594 15724
11595 15212
11596 14442
11597 14443
11598 14441
11599 14444
11600 14447
11601 14445
11602 14446
11603 12648
11604 12904
11605 13160
11606 13416
11607 13672
11608 13928
11609 14184
11610 14440
11611 14696
11612 14952
11613 15208
11614 15464
11615 15720
11616 15976
11617 16232
11618 12394
11619 12389
11620 12399
11621 12392
11622 12391
11623 12390
11624 12396
11625 12385
11626 12386
11627 12395
11628 12387
11629 12388
11630 12393
11631 12397
11632 12398
11633 8561
11634 9073
11635 8817
11636 8563
11637 9075
11638 8819
11639 8562
11640 8818
11641 9074
11642 9585
11643 10097
11644 9841
11645 9587
11646 10099
11647 9843
11648 9586
11649 9842
11650 10098
11651 9329
11652 9330
11653 9331
11654 8565
11655 9077
11656 8821
11657 8567
11658 9079
11659 8823
11660 8566
11661 8822
11662 9078
11663 9589
11664 10101
11665 9845
11666 9591
11667 10103
11668 9847
11669 9590
11670 9846
11671 10102
11672 9333
11673 9334
11674 9335
11675 8564
11676 8820
11677 9588
11678 9076
11679 9844
11680 9332
11681 10100
11682 10609
11683 11121
11684 10865
11685 10611
11686 11123
11687 10867
11688 10610
11689 10866
11690 11122
11691 11633
11692 12145
11693 11889
11694 11635
11695 12147
11696 11891
11697 11634
11698 11890
11699 12146
11700 11377
11701 11378
11702 11379
11703 10613
11704 11125
11705 10869
11706 10615
11707 11127
11708 10871
11709 10614
11710 10870
11711 11126
11712 11637
11713 12149
11714 11893
11715 11639
11716 12151
11717 11895
11718 11638
11719 11894
11720 12150
11721 11381
11722 11382
11723 11383
11724 10612
11725 10868
11726 11380
11727 11124
11728 11636
11729 11892
11730 12148
11731 10356
11732 10354
11733 10355
11734 10353
11735 10358
11736 10357
11737 10359
11738 8569
11739 9081
11740 8825
11741 8571
11742 9083
11743 8827
11744 8570
11745 8826
11746 9082
11747 9593
11748 10105
11749 9849
11750 9595
11751 10107
11752 9851
11753 9594
11754 9850
11755 10106
11756 9337
11757 9338
11758 9339
11759 8573
11760 9085
11761 8829
11762 8575
11763 9087
11764 8831
11765 8574
11766 8830
11767 9086
11768 9597
11769 10109
11770 9853
11771 9599
11772 10111
11773 9855
11774 9598
11775 9854
11776 10110
11777 9341
11778 9342
11779 9343
11780 10108
11781 9084
11782 9596
11783 8828
11784 8572
11785 9852
11786 9340
11787 10617
11788 11129
11789 10873
11790 10619
11791 11131
11792 10875
11793 10618
11794 10874
11795 11130
11796 11641
11797 12153
11798 11897
11799 11643
11800 12155
11801 11899
11802 11642
11803 11898
11804 12154
11805 11385
11806 11386
11807 11387
11808 10621
11809 11133
11810 10877
11811 10623
11812 11135
11813 10879
11814 10622
11815 10878
11816 11134
11817 11645
11818 12157
11819 11901
11820 11647
11821 12159
11822 11903
11823 11646
11824 11902
11825 12158
11826 11389
11827 11390
11828 11391
11829 10620
11830 10876
11831 11388
11832 11644
11833 11900
11834 11132
11835 12156
11836 10367
11837 10361
11838 10363
11839 10362
11840 10364
11841 10365
11842 10366
11843 11384
11844 8824
11845 11640
11846 10872
11847 8568
11848 11128
11849 9848
11850 10616
11851 9336
11852 9592
11853 9080
11854 11896
11855 10360
11856 10104
11857 12152
11858 12657
11859 13169
11860 12913
11861 12659
11862 13171
11863 12915
11864 12658
11865 12914
11866 13170
11867 13681
11868 14193
11869 13937
11870 13683
11871 14195
11872 13939
11873 13682
11874 13938
11875 14194
11876 13425
11877 13426
11878 13427
11879 12661
11880 13173
11881 12917
11882 12663
11883 13175
11884 12919
11885 12662
11886 12918
11887 13174
11888 13685
11889 14197
11890 13941
11891 13687
11892 14199
11893 13943
11894 13686
11895 13942
11896 14198
11897 13429
11898 13430
11899 13431
11900 13684
11901 12660
11902 12916
11903 13428
11904 13172
11905 13940
11906 14196
11907 14705
11908 15217
11909 14961
11910 14707
11911 15219
11912 14963
11913 14706
11914 14962
11915 15218
11916 15729
11917 16241
11918 15985
11919 15731
11920 16243
11921 15987
11922 15730
11923 15986
11924 16242
11925 15473
11926 15474
11927 15475
11928 14709
11929 15221
11930 14965
11931 14711
11932 15223
11933 14967
11934 14710
11935 14966
11936 15222
11937 15733
11938 16245
11939 15989
11940 15735
11941 16247
11942 15991
11943 15734
11944 15990
11945 16246
11946 15477
11947 15478
11948 15479
11949 16244
11950 14964
11951 15220
11952 14708
11953 15476
11954 15732
11955 15988
11956 14450
11957 14451
11958 14452
11959 14455
11960 14453
11961 14454
11962 14449
11963 12665
11964 13177
11965 12921
11966 12667
11967 13179
11968 12923
11969 12666
11970 12922
11971 13178
11972 13689
11973 14201
11974 13945
11975 13691
11976 14203
11977 13947
11978 13690
11979 13946
11980 14202
11981 13433
11982 13434
11983 13435
11984 12669
11985 13181
11986 12925
11987 12671
11988 13183
11989 12927
11990 12670
11991 12926
11992 13182
11993 13693
11994 14205
11995 13949
11996 13695
11997 14207
11998 13951
11999 13694
12000 13950
12001 14206
12002 13437
12003 13438
12004 13439
12005 12668
12006 13692
12007 14204
12008 12924
12009 13180
12010 13436
12011 13948
12012 14713
12013 15225
12014 14969
12015 14715
12016 15227
12017 14971
12018 14714
12019 14970
12020 15226
12021 15737
12022 16249
12023 15993
12024 15739
12025 16251
12026 15995
12027 15738
12028 15994
12029 16250
12030 15481
12031 15482
12032 15483
12033 14717
12034 15229
12035 14973
12036 14719
12037 15231
12038 14975
12039 14718
12040 14974
12041 15230
12042 15741
12043 16253
12044 15997
12045 15743
12046 16255
12047 15999
12048 15742
12049 15998
12050 16254
12051 15485
12052 15486
12053 15487
12054 15484
12055 14972
12056 15740
12057 14716
12058 15228
12059 15996
12060 16252
12061 14458
12062 14459
12063 14460
12064 14463
12065 14461
12066 14462
12067 14457
12068 16248
12069 12664
12070 13944
12071 13176
12072 14200
12073 13432
12074 13688
12075 12920
12076 15224
12077 14968
12078 14712
12079 15480
12080 15736
12081 15992
12082 14456
12083 12413
12084 12403
12085 12402
12086 12415
12087 12405
12088 12412
12089 12411
12090 12406
12091 12404
12092 12414
12093 12401
12094 12408
12095 12410
12096 12407
12097 12409
12098 14704
12099 8816
12100 10096
12101 9584
12102 10864
12103 12656
12104 9072
12105 16240
12106 13936
12107 13168
12108 12400
12109 14192
12110 15472
12111 12144
12112 11632
12113 15216
12114 11376
12115 11888
12116 9840
12117 9328
12118 14448
12119 10352
12120 13680
12121 11120
12122 10608
12123 8560
12124 15984
12125 14960
12126 15728
12127 12912
12128 13424
12129 8303
12130 8302
12131 8298
12132 8306
12133 8319
12134 8314
12135 8300
12136 8290
12137 8309
12138 8299
12139 8307
12140 8315
12141 8308
12142 8304
12143 8289
12144 8317
12145 8296
12146 8295
12147 8310
12148 8292
12149 8312
12150 8318
12151 8293
12152 8311
12153 8305
12154 8294
12155 8297
12156 8291
12157 8301
12158 8316
12159 8313
12160 3424
12161 4704
12162 96
12163 2144
12164 13664
12165 16224
12166 15200
12167 5728
12168 3680
12169 10336
12170 1632
12171 8288
12172 2656
12173 9056
12174 5216
12175 10848
12176 10592
12177 11616
12178 8800
12179 14944
12180 15456
12181 12640
12182 4960
12183 13920
12184 14688
12185 1376
12186 8544
12187 8032
12188 11872
12189 7520
12190 12896
12191 14432
12192 15712
12193 1120
12194 7008
12195 9568
12196 4192
12197 6752
12198 3936
12199 864
12200 10080
12201 9824
12202 6496
12203 7264
12204 11360
12205 5984
12206 6240
12207 3168
12208 15968
12209 12384
12210 4448
12211 2912
12212 2400
12213 5472
12214 13152
12215 608
12216 13408
12217 14176
12218 9312
12219 7776
12220 1888
12221 352
12222 12128
12223 11104
12224 16705
12225 17217
12226 16961
12227 16707
12228 17219
12229 16963
12230 16706
12231 16962
12232 17218
12233 17729
12234 18241
12235 17985
12236 17731
12237 18243
12238 17987
12239 17730
12240 17986
12241 18242
12242 17473
12243 17474
12244 17475
12245 16709
12246 17221
12247 16965
12248 16711
12249 17223
12250 16967
12251 16710
12252 16966
12253 17222
12254 17733
12255 18245
12256 17989
12257 17735
12258 18247
12259 17991
12260 17734
12261 17990
12262 18246
12263 17477
12264 17478
12265 17479
12266 16708
12267 17732
12268 16964
12269 17220
12270 17476
12271 17988
12272 18244
12273 18753
12274 19265
12275 19009
12276 18755
12277 19267
12278 19011
12279 18754
12280 19010
12281 19266
12282 19777
12283 20289
12284 20033
12285 19779
12286 20291
12287 20035
12288 19778
12289 20034
12290 20290
12291 19521
12292 19522
12293 19523
12294 18757
12295 19269
12296 19013
12297 18759
12298 19271
12299 19015
12300 18758
12301 19014
12302 19270
12303 19781
12304 20293
12305 20037
12306 19783
12307 20295
12308 20039
12309 19782
12310 20038
12311 20294
12312 19525
12313 19526
12314 19527
12315 19012
12316 19780
12317 19524
12318 20036
12319 19268
12320 18756
12321 20292
12322 18502
12323 18497
12324 18501
12325 18500
12326 18503
12327 18499
12328 18498
12329 16713
12330 17225
12331 16969
12332 16715
12333 17227
12334 16971
12335 16714
12336 16970
12337 17226
12338 17737
12339 18249
12340 17993
12341 17739
12342 18251
12343 17995
12344 17738
12345 17994
12346 18250
12347 17481
12348 17482
12349 17483
12350 16717
12351 17229
12352 16973
12353 16719
12354 17231
12355 16975
12356 16718
12357 16974
12358 17230
12359 17741
12360 18253
12361 17997
12362 17743
12363 18255
12364 17999
12365 17742
12366 17998
12367 18254
12368 17485
12369 17486
12370 17487
12371 16716
12372 17740
12373 16972
12374 17228
12375 17484
12376 17996
12377 18252
12378 18761
12379 19273
12380 19017
12381 18763
12382 19275
12383 19019
12384 18762
12385 19018
12386 19274
12387 19785
12388 20297
12389 20041
12390 19787
12391 20299
12392 20043
12393 19786
12394 20042
12395 20298
12396 19529
12397 19530
12398 19531
12399 18765
12400 19277
12401 19021
12402 18767
12403 19279
12404 19023
12405 18766
12406 19022
12407 19278
12408 19789
12409 20301
12410 20045
12411 19791
12412 20303
12413 20047
12414 19790
12415 20046
12416 20302
12417 19533
12418 19534
12419 19535
12420 19020
12421 19276
12422 19532
12423 20300
12424 19788
12425 20044
12426 18764
12427 18505
12428 18509
12429 18510
12430 18511
12431 18508
12432 18507
12433 18506
12434 17224
12435 17480
12436 16712
12437 19528
12438 17992
12439 20040
12440 18504
12441 16968
12442 19272
12443 19784
12444 20296
12445 18248
12446 19016
12447 17736
12448 18760
12449 20801
12450 21313
12451 21057
12452 20803
12453 21315
12454 21059
12455 20802
12456 21058
12457 21314
12458 21825
12459 22337
12460 22081
12461 21827
12462 22339
12463 22083
12464 21826
12465 22082
12466 22338
12467 21569
12468 21570
12469 21571
12470 20805
12471 21317
12472 21061
12473 20807
12474 21319
12475 21063
12476 20806
12477 21062
12478 21318
12479 21829
12480 22341
12481 22085
12482 21831
12483 22343
12484 22087
12485 21830
12486 22086
12487 22342
12488 21573
12489 21574
12490 21575
12491 20804
12492 22084
12493 21316
12494 21060
12495 22340
12496 21828
12497 21572
12498 22849
12499 23361
12500 23105
12501 22851
12502 23363
12503 23107
12504 22850
12505 23106
12506 23362
12507 23873
12508 24385
12509 24129
12510 23875
12511 24387
12512 24131
12513 23874
12514 24130
12515 24386
12516 23617
12517 23618
12518 23619
12519 22853
12520 23365
12521 23109
12522 22855
12523 23367
12524 23111
12525 22854
12526 23110
12527 23366
12528 23877
12529 24389
12530 24133
12531 23879
12532 24391
12533 24135
12534 23878
12535 24134
12536 24390
12537 23621
12538 23622
12539 23623
12540 22852
12541 23108
12542 23876
12543 23620
12544 23364
12545 24132
12546 24388
12547 22598
12548 22599
12549 22594
12550 22593
12551 22596
12552 22597
12553 22595
12554 20809
12555 21321
12556 21065
12557 20811
12558 21323
12559 21067
12560 20810
12561 21066
12562 21322
12563 21833
12564 22345
12565 22089
12566 21835
12567 22347
12568 22091
12569 21834
12570 22090
12571 22346
12572 21577
12573 21578
12574 21579
12575 20813
12576 21325
12577 21069
12578 20815
12579 21327
12580 21071
12581 20814
12582 21070
12583 21326
12584 21837
12585 22349
12586 22093
12587 21839
12588 22351
12589 22095
12590 21838
12591 22094
12592 22350
12593 21581
12594 21582
12595 21583
12596 21068
12597 21580
12598 21836
12599 21324
12600 22092
12601 20812
12602 22348
12603 22857
12604 23369
12605 23113
12606 22859
12607 23371
12608 23115
12609 22858
12610 23114
12611 23370
12612 23881
12613 24393
12614 24137
12615 23883
12616 24395
12617 24139
12618 23882
12619 24138
12620 24394
12621 23625
12622 23626
12623 23627
12624 22861
12625 23373
12626 23117
12627 22863
12628 23375
12629 23119
12630 22862
12631 23118
12632 23374
12633 23885
12634 24397
12635 24141
12636 23887
12637 24399
12638 24143
12639 23886
12640 24142
12641 24398
12642 23629
12643 23630
12644 23631
12645 23116
12646 23372
12647 23628
12648 23884
12649 24396
12650 24140
12651 22860
12652 22606
12653 22602
12654 22607
12655 22603
12656 22605
12657 22601
12658 22604
12659 20808
12660 21832
12661 23368
12662 22088
12663 21320
12664 22344
12665 21064
12666 22856
12667 22600
12668 24136
12669 23880
12670 23624
12671 23112
12672 21576
12673 24392
12674 20557
12675 20549
12676 20555
12677 20554
12678 20552
12679 20556
12680 20546
12681 20551
12682 20559
12683 20545
12684 20558
12685 20548
12686 20547
12687 20553
12688 20550
12689 16721
12690 17233
12691 16977
12692 16723
12693 17235
12694 16979
12695 16722
12696 16978
12697 17234
12698 17745
12699 18257
12700 18001
12701 17747
12702 18259
12703 18003
12704 17746
12705 18002
12706 18258
12707 17489
12708 17490
12709 17491
12710 16725
12711 17237
12712 16981
12713 16727
12714 17239
12715 16983
12716 16726
12717 16982
12718 17238
12719 17749
12720 18261
12721 18005
12722 17751
12723 18263
12724 18007
12725 17750
12726 18006
12727 18262
12728 17493
12729 17494
12730 17495
12731 16724
12732 18004
12733 17492
12734 16980
12735 17236
12736 17748
12737 18260
12738 18769
12739 19281
12740 19025
12741 18771
12742 19283
12743 19027
12744 18770
12745 19026
12746 19282
12747 19793
12748 20305
12749 20049
12750 19795
12751 20307
12752 20051
12753 19794
12754 20050
12755 20306
12756 19537
12757 19538
12758 19539
12759 18773
12760 19285
12761 19029
12762 18775
12763 19287
12764 19031
12765 18774
12766 19030
12767 19286
12768 19797
12769 20309
12770 20053
12771 19799
12772 20311
12773 20055
12774 19798
12775 20054
12776 20310
12777 19541
12778 19542
12779 19543
12780 18772
12781 19028
12782 19796
12783 19540
12784 19284
12785 20052
12786 20308
12787 18513
12788 18516
12789 18517
12790 18514
12791 18519
12792 18518
12793 18515
12794 16729
12795 17241
12796 16985
12797 16731
12798 17243
12799 16987
12800 16730
12801 16986
12802 17242
12803 17753
12804 18265
12805 18009
12806 17755
12807 18267
12808 18011
12809 17754
12810 18010
12811 18266
12812 17497
12813 17498
12814 17499
12815 16733
12816 17245
12817 16989
12818 16735
12819 17247
12820 16991
12821 16734
12822 16990
12823 17246
12824 17757
12825 18269
12826 18013
12827 17759
12828 18271
12829 18015
12830 17758
12831 18014
12832 18270
12833 17501
12834 17502
12835 17503
12836 18268
12837 16732
12838 17756
12839 16988
12840 17244
12841 17500
12842 18012
12843 18777
12844 19289
12845 19033
12846 18779
12847 19291
12848 19035
12849 18778
12850 19034
12851 19290
12852 19801
12853 20313
12854 20057
12855 19803
12856 20315
12857 20059
12858 19802
12859 20058
12860 20314
12861 19545
12862 19546
12863 19547
12864 18781
12865 19293
12866 19037
12867 18783
12868 19295
12869 19039
12870 18782
12871 19038
12872 19294
12873 19805
12874 20317
12875 20061
12876 19807
12877 20319
12878 20063
12879 19806
12880 20062
12881 20318
12882 19549
12883 19550
12884 19551
12885 18780
12886 19804
12887 19036
12888 19548
12889 19292
12890 20060
12891 20316
12892 18526
12893 18521
12894 18527
12895 18524
12896 18525
12897 18522
12898 18523
12899 19288
12900 18008
12901 20312
12902 16728
12903 17496
12904 16984
12905 19800
12906 20056
12907 19032
12908 18264
12909 18776
12910 19544
12911 17240
12912 17752
12913 18520
12914 20817
12915 21329
12916 21073
12917 20819
12918 21331
12919 21075
12920 20818
12921 21074
12922 21330
12923 21841
12924 22353
12925 22097
12926 21843
12927 22355
12928 22099
12929 21842
12930 22098
12931 22354
12932 21585
12933 21586
12934 21587
12935 20821
12936 21333
12937 21077
12938 20823
12939 21335
12940 21079
12941 20822
12942 21078
12943 21334
12944 21845
12945 22357
12946 22101
12947 21847
12948 22359
12949 22103
12950 21846
12951 22102
12952 22358
12953 21589
12954 21590
12955 21591
12956 20820
12957 21076
12958 21844
12959 21588
12960 21332
12961 22100
12962 22356
12963 22865
12964 23377
12965 23121
12966 22867
12967 23379
12968 23123
12969 22866
12970 23122
12971 23378
12972 23889
12973 24401
12974 24145
12975 23891
12976 24403
12977 24147
12978 23890
12979 24146
12980 24402
12981 23633
12982 23634
12983 23635
12984 22869
12985 23381
12986 23125
12987 22871
12988 23383
12989 23127
12990 22870
12991 23126
12992 23382
12993 23893
12994 24405
12995 24149
12996 23895
12997 24407
12998 24151
12999 23894
13000 24150
13001 24406
13002 23637
13003 23638
13004 23639
13005 22868
13006 23124
13007 23892
13008 23380
13009 23636
13010 24148
13011 24404
13012 22609
13013 22612
13014 22614
13015 22610
13016 22613
13017 22615
13018 22611
13019 20825
13020 21337
13021 21081
13022 20827
13023 21339
13024 21083
13025 20826
13026 21082
13027 21338
13028 21849
13029 22361
13030 22105
13031 21851
13032 22363
13033 22107
13034 21850
13035 22106
13036 22362
13037 21593
13038 21594
13039 21595
13040 20829
13041 21341
13042 21085
13043 20831
13044 21343
13045 21087
13046 20830
13047 21086
13048 21342
13049 21853
13050 22365
13051 22109
13052 21855
13053 22367
13054 22111
13055 21854
13056 22110
13057 22366
13058 21597
13059 21598
13060 21599
13061 21340
13062 20828
13063 21084
13064 21596
13065 21852
13066 22108
13067 22364
13068 22873
13069 23385
13070 23129
13071 22875
13072 23387
13073 23131
13074 22874
13075 23130
13076 23386
13077 23897
13078 24409
13079 24153
13080 23899
13081 24411
13082 24155
13083 23898
13084 24154
13085 24410
13086 23641
13087 23642
13088 23643
13089 22877
13090 23389
13091 23133
13092 22879
13093 23391
13094 23135
13095 22878
13096 23134
13097 23390
13098 23901
13099 24413
13100 24157
13101 23903
13102 24415
13103 24159
13104 23902
13105 24158
13106 24414
13107 23645
13108 23646
13109 23647
13110 23644
13111 23900
13112 24412
13113 24156
13114 22876
13115 23132
13116 23388
13117 22623
13118 22617
13119 22620
13120 22619
13121 22622
13122 22618
13123 22621
13124 23896
13125 22360
13126 22104
13127 22616
13128 24152
13129 23640
13130 21848
13131 23384
13132 22872
13133 20824
13134 24408
13135 21080
13136 21592
13137 23128
13138 21336
13139 20571
13140 20574
13141 20575
13142 20565
13143 20566
13144 20568
13145 20561
13146 20564
13147 20573
13148 20567
13149 20569
13150 20563
13151 20572
13152 20562
13153 20570
13154 20560
13155 18768
13156 23376
13157 23120
13158 21584
13159 22864
13160 17232
13161 19792
13162 19536
13163 16720
13164 17488
13165 22096
13166 17744
13167 19280
13168 18000
13169 24400
13170 20816
13171 16976
13172 23632
13173 20304
13174 24144
13175 22352
13176 18256
13177 20048
13178 23888
13179 21072
13180 21840
13181 21328
13182 22608
13183 18512
13184 19024
13185 24897
13186 25409
13187 25153
13188 24899
13189 25411
13190 25155
13191 24898
13192 25154
13193 25410
13194 25921
13195 26433
13196 26177
13197 25923
13198 26435
13199 26179
13200 25922
13201 26178
13202 26434
13203 25665
13204 25666
13205 25667
13206 24901
13207 25413
13208 25157
13209 24903
13210 25415
13211 25159
13212 24902
13213 25158
13214 25414
13215 25925
13216 26437
13217 26181
13218 25927
13219 26439
13220 26183
13221 25926
13222 26182
13223 26438
13224 25669
13225 25670
13226 25671
13227 24900
13228 25156
13229 25412
13230 25668
13231 25924
13232 26180
13233 26436
13234 26945
13235 27457
13236 27201
13237 26947
13238 27459
13239 27203
13240 26946
13241 27202
13242 27458
13243 27969
13244 28481
13245 28225
13246 27971
13247 28483
13248 28227
13249 27970
13250 28226
13251 28482
13252 27713
13253 27714
13254 27715
13255 26949
13256 27461
13257 27205
13258 26951
13259 27463
13260 27207
13261 26950
13262 27206
13263 27462
13264 27973
13265 28485
13266 28229
13267 27975
13268 28487
13269 28231
13270 27974
13271 28230
13272 28486
13273 27717
13274 27718
13275 27719
13276 27204
13277 27460
13278 27716
13279 27972
13280 28228
13281 26948
13282 28484
13283 26695
13284 26690
13285 26691
13286 26693
13287 26694
13288 26692
13289 26689
13290 24905
13291 25417
13292 25161
13293 24907
13294 25419
13295 25163
13296 24906
13297 25162
13298 25418
13299 25929
13300 26441
13301 26185
13302 25931
13303 26443
13304 26187
13305 25930
13306 26186
13307 26442
13308 25673
13309 25674
13310 25675
13311 24909
13312 25421
13313 25165
13314 24911
13315 25423
13316 25167
13317 24910
13318 25166
13319 25422
13320 25933
13321 26445
13322 26189
13323 25935
13324 26447
13325 26191
13326 25934
13327 26190
13328 26446
13329 25677
13330 25678
13331 25679
13332 26444
13333 25164
13334 25420
13335 24908
13336 25676
13337 25932
13338 26188
13339 26953
13340 27465
13341 27209
13342 26955
13343 27467
13344 27211
13345 26954
13346 27210
13347 27466
13348 27977
13349 28489
13350 28233
13351 27979
13352 28491
13353 28235
13354 27978
13355 28234
13356 28490
13357 27721
13358 27722
13359 27723
13360 26957
13361 27469
13362 27213
13363 26959
13364 27471
13365 27215
13366 26958
13367 27214
13368 27470
13369 27981
13370 28493
13371 28237
13372 27983
13373 28495
13374 28239
13375 27982
13376 28238
13377 28494
13378 27725
13379 27726
13380 27727
13381 26956
13382 27212
13383 27468
13384 28492
13385 27724
13386 27980
13387 28236
13388 26697
13389 26699
13390 26703
13391 26698
13392 26700
13393 26702
13394 26701
13395 25416
13396 27720
13397 27464
13398 27976
13399 24904
13400 26952
13401 28232
13402 26696
13403 25160
13404 27208
13405 26184
13406 25928
13407 25672
13408 28488
13409 26440
13410 28993
13411 29505
13412 29249
13413 28995
13414 29507
13415 29251
13416 28994
13417 29250
13418 29506
13419 30017
13420 30529
13421 30273
13422 30019
13423 30531
13424 30275
13425 30018
13426 30274
13427 30530
13428 29761
13429 29762
13430 29763
13431 28997
13432 29509
13433 29253
13434 28999
13435 29511
13436 29255
13437 28998
13438 29254
13439 29510
13440 30021
13441 30533
13442 30277
13443 30023
13444 30535
13445 30279
13446 30022
13447 30278
13448 30534
13449 29765
13450 29766
13451 29767
13452 29252
13453 28996
13454 29764
13455 29508
13456 30020
13457 30276
13458 30532
13459 31041
13460 31553
13461 31297
13462 31043
13463 31555
13464 31299
13465 31042
13466 31298
13467 31554
13468 32065
13469 32577
13470 32321
13471 32067
13472 32579
13473 32323
13474 32066
13475 32322
13476 32578
13477 31809
13478 31810
13479 31811
13480 31045
13481 31557
13482 31301
13483 31047
13484 31559
13485 31303
13486 31046
13487 31302
13488 31558
13489 32069
13490 32581
13491 32325
13492 32071
13493 32583
13494 32327
13495 32070
13496 32326
13497 32582
13498 31813
13499 31814
13500 31815
13501 31044
13502 31300
13503 31556
13504 32068
13505 31812
13506 32324
13507 32580
13508 30788
13509 30789
13510 30785
13511 30790
13512 30787
13513 30786
13514 30791
13515 29001
13516 29513
13517 29257
13518 29003
13519 29515
13520 29259
13521 29002
13522 29258
13523 29514
13524 30025
13525 30537
13526 30281
13527 30027
13528 30539
13529 30283
13530 30026
13531 30282
13532 30538
13533 29769
13534 29770
13535 29771
13536 29005
13537 29517
13538 29261
13539 29007
13540 29519
13541 29263
13542 29006
13543 29262
13544 29518
13545 30029
13546 30541
13547 30285
13548 30031
13549 30543
13550 30287
13551 30030
13552 30286
13553 30542
13554 29773
13555 29774
13556 29775
13557 29004
13558 29260
13559 29772
13560 30028
13561 29516
13562 30284
13563 30540
13564 31049
13565 31561
13566 31305
13567 31051
13568 31563
13569 31307
13570 31050
13571 31306
13572 31562
13573 32073
13574 32585
13575 32329
13576 32075
13577 32587
13578 32331
13579 32074
13580 32330
13581 32586
13582 31817
13583 31818
13584 31819
13585 31053
13586 31565
13587 31309
13588 31055
13589 31567
13590 31311
13591 31054
13592 31310
13593 31566
13594 32077
13595 32589
13596 32333
13597 32079
13598 32591
13599 32335
13600 32078
13601 32334
13602 32590
13603 31821
13604 31822
13605 31823
13606 31308
13607 32076
13608 31564
13609 32332
13610 31052
13611 32588
13612 31820
13613 30793
13614 30795
13615 30796
13616 30794
13617 30798
13618 30797
13619 30799
13620 29000
13621 30792
13622 32328
13623 29512
13624 30280
13625 29256
13626 29768
13627 31048
13628 31304
13629 32072
13630 30536
13631 31560
13632 31816
13633 30024
13634 32584
13635 28743
13636 28749
13637 28739
13638 28738
13639 28748
13640 28737
13641 28744
13642 28747
13643 28741
13644 28742
13645 28745
13646 28746
13647 28740
13648 28751
13649 28750
13650 24913
13651 25425
13652 25169
13653 24915
13654 25427
13655 25171
13656 24914
13657 25170
13658 25426
13659 25937
13660 26449
13661 26193
13662 25939
13663 26451
13664 26195
13665 25938
13666 26194
13667 26450
13668 25681
13669 25682
13670 25683
13671 24917
13672 25429
13673 25173
13674 24919
13675 25431
13676 25175
13677 24918
13678 25174
13679 25430
13680 25941
13681 26453
13682 26197
13683 25943
13684 26455
13685 26199
13686 25942
13687 26198
13688 26454
13689 25685
13690 25686
13691 25687
13692 25428
13693 25940
13694 25684
13695 24916
13696 26196
13697 25172
13698 26452
13699 26961
13700 27473
13701 27217
13702 26963
13703 27475
13704 27219
13705 26962
13706 27218
13707 27474
13708 27985
13709 28497
13710 28241
13711 27987
13712 28499
13713 28243
13714 27986
13715 28242
13716 28498
13717 27729
13718 27730
13719 27731
13720 26965
13721 27477
13722 27221
13723 26967
13724 27479
13725 27223
13726 26966
13727 27222
13728 27478
13729 27989
13730 28501
13731 28245
13732 27991
13733 28503
13734 28247
13735 27990
13736 28246
13737 28502
13738 27733
13739 27734
13740 27735
13741 26964
13742 27220
13743 27476
13744 28500
13745 27732
13746 27988
13747 28244
13748 26711
13749 26705
13750 26708
13751 26710
13752 26707
13753 26709
13754 26706
13755 24921
13756 25433
13757 25177
13758 24923
13759 25435
13760 25179
13761 24922
13762 25178
13763 25434
13764 25945
13765 26457
13766 26201
13767 25947
13768 26459
13769 26203
13770 25946
13771 26202
13772 26458
13773 25689
13774 25690
13775 25691
13776 24925
13777 25437
13778 25181
13779 24927
13780 25439
13781 25183
13782 24926
13783 25182
13784 25438
13785 25949
13786 26461
13787 26205
13788 25951
13789 26463
13790 26207
13791 25950
13792 26206
13793 26462
13794 25693
13795 25694
13796 25695
13797 24924
13798 25180
13799 25436
13800 25692
13801 25948
13802 26204
13803 26460
13804 26969
13805 27481
13806 27225
13807 26971
13808 27483
13809 27227
13810 26970
13811 27226
13812 27482
13813 27993
13814 28505
13815 28249
13816 27995
13817 28507
13818 28251
13819 27994
13820 28250
13821 28506
13822 27737
13823 27738
13824 27739
13825 26973
13826 27485
13827 27229
13828 26975
13829 27487
13830 27231
13831 26974
13832 27230
13833 27486
13834 27997
13835 28509
13836 28253
13837 27999
13838 28511
13839 28255
13840 27998
13841 28254
13842 28510
13843 27741
13844 27742
13845 27743
13846 27228
13847 27484
13848 27740
13849 27996
13850 28252
13851 28508
13852 26972
13853 26719
13854 26713
13855 26718
13856 26715
13857 26714
13858 26717
13859 26716
13860 27224
13861 24920
13862 26968
13863 25688
13864 26712
13865 27992
13866 26456
13867 25432
13868 27480
13869 25944
13870 27736
13871 28504
13872 25176
13873 28248
13874 26200
13875 29009
13876 29521
13877 29265
13878 29011
13879 29523
13880 29267
13881 29010
13882 29266
13883 29522
13884 30033
13885 30545
13886 30289
13887 30035
13888 30547
13889 30291
13890 30034
13891 30290
13892 30546
13893 29777
13894 29778
13895 29779
13896 29013
13897 29525
13898 29269
13899 29015
13900 29527
13901 29271
13902 29014
13903 29270
13904 29526
13905 30037
13906 30549
13907 30293
13908 30039
13909 30551
13910 30295
13911 30038
13912 30294
13913 30550
13914 29781
13915 29782
13916 29783
13917 29012
13918 30292
13919 29268
13920 29524
13921 30036
13922 29780
13923 30548
13924 31057
13925 31569
13926 31313
13927 31059
13928 31571
13929 31315
13930 31058
13931 31314
13932 31570
13933 32081
13934 32593
13935 32337
13936 32083
13937 32595
13938 32339
13939 32082
13940 32338
13941 32594
13942 31825
13943 31826
13944 31827
13945 31061
13946 31573
13947 31317
13948 31063
13949 31575
13950 31319
13951 31062
13952 31318
13953 31574
13954 32085
13955 32597
13956 32341
13957 32087
13958 32599
13959 32343
13960 32086
13961 32342
13962 32598
13963 31829
13964 31830
13965 31831
13966 31060
13967 32084
13968 31316
13969 31572
13970 31828
13971 32340
13972 32596
13973 30805
13974 30806
13975 30801
13976 30807
13977 30802
13978 30804
13979 30803
13980 29017
13981 29529
13982 29273
13983 29019
13984 29531
13985 29275
13986 29018
13987 29274
13988 29530
13989 30041
13990 30553
13991 30297
13992 30043
13993 30555
13994 30299
13995 30042
13996 30298
13997 30554
13998 29785
13999 29786
14000 29787
14001 29021
14002 29533
14003 29277
14004 29023
14005 29535
14006 29279
14007 29022
14008 29278
14009 29534
14010 30045
14011 30557
14012 30301
14013 30047
14014 30559
14015 30303
14016 30046
14017 30302
14018 30558
14019 29789
14020 29790
14021 29791
14022 29276
14023 29532
14024 29788
14025 30044
14026 30300
14027 30556
14028 29020
14029 31065
14030 31577
14031 31321
14032 31067
14033 31579
14034 31323
14035 31066
14036 31322
14037 31578
14038 32089
14039 32601
14040 32345
14041 32091
14042 32603
14043 32347
14044 32090
14045 32346
14046 32602
14047 31833
14048 31834
14049 31835
14050 31069
14051 31581
14052 31325
14053 31071
14054 31583
14055 31327
14056 31070
14057 31326
14058 31582
14059 32093
14060 32605
14061 32349
14062 32095
14063 32607
14064 32351
14065 32094
14066 32350
14067 32606
14068 31837
14069 31838
14070 31839
14071 31068
14072 31836
14073 32092
14074 32348
14075 31324
14076 31580
14077 32604
14078 30815
14079 30809
14080 30812
14081 30811
14082 30814
14083 30813
14084 30810
14085 29272
14086 29528
14087 29784
14088 30040
14089 30296
14090 30552
14091 30808
14092 32344
14093 31064
14094 31320
14095 31576
14096 31832
14097 32088
14098 32600
14099 29016
14100 28757
14101 28758
14102 28765
14103 28756
14104 28760
14105 28761
14106 28753
14107 28767
14108 28766
14109 28763
14110 28754
14111 28762
14112 28755
14113 28764
14114 28759
14115 26448
14116 29008
14117 27728
14118 27472
14119 28240
14120 29776
14121 27216
14122 27984
14123 29264
14124 25936
14125 28752
14126 26192
14127 30800
14128 31824
14129 31312
14130 26960
14131 25424
14132 28496
14133 32080
14134 29520
14135 31568
14136 25168
14137 32336
14138 26704
14139 24912
14140 25680
14141 30288
14142 30544
14143 31056
14144 30032
14145 32592
14146 24657
14147 24649
14148 24661
14149 24671
14150 24651
14151 24663
14152 24648
14153 24656
14154 24653
14155 24667
14156 24646
14157 24665
14158 24652
14159 24650
14160 24641
14161 24645
14162 24644
14163 24659
14164 24668
14165 24643
14166 24655
14167 24647
14168 24642
14169 24664
14170 24660
14171 24670
14172 24666
14173 24658
14174 24654
14175 24662
14176 24669
14177 16737
14178 17249
14179 16993
14180 16739
14181 17251
14182 16995
14183 16738
14184 16994
14185 17250
14186 17761
14187 18273
14188 18017
14189 17763
14190 18275
14191 18019
14192 17762
14193 18018
14194 18274
14195 17505
14196 17506
14197 17507
14198 16741
14199 17253
14200 16997
14201 16743
14202 17255
14203 16999
14204 16742
14205 16998
14206 17254
14207 17765
14208 18277
14209 18021
14210 17767
14211 18279
14212 18023
14213 17766
14214 18022
14215 18278
14216 17509
14217 17510
14218 17511
14219 16740
14220 16996
14221 17252
14222 17764
14223 17508
14224 18020
14225 18276
14226 18785
14227 19297
14228 19041
14229 18787
14230 19299
14231 19043
14232 18786
14233 19042
14234 19298
14235 19809
14236 20321
14237 20065
14238 19811
14239 20323
14240 20067
14241 19810
14242 20066
14243 20322
14244 19553
14245 19554
14246 19555
14247 18789
14248 19301
14249 19045
14250 18791
14251 19303
14252 19047
14253 18790
14254 19046
14255 19302
14256 19813
14257 20325
14258 20069
14259 19815
14260 20327
14261 20071
14262 19814
14263 20070
14264 20326
14265 19557
14266 19558
14267 19559
14268 19300
14269 19812
14270 20068
14271 19556
14272 18788
14273 19044
14274 20324
14275 18535
14276 18530
14277 18532
14278 18529
14279 18533
14280 18534
14281 18531
14282 16745
14283 17257
14284 17001
14285 16747
14286 17259
14287 17003
14288 16746
14289 17002
14290 17258
14291 17769
14292 18281
14293 18025
14294 17771
14295 18283
14296 18027
14297 17770
14298 18026
14299 18282
14300 17513
14301 17514
14302 17515
14303 16749
14304 17261
14305 17005
14306 16751
14307 17263
14308 17007
14309 16750
14310 17006
14311 17262
14312 17773
14313 18285
14314 18029
14315 17775
14316 18287
14317 18031
14318 17774
14319 18030
14320 18286
14321 17517
14322 17518
14323 17519
14324 18028
14325 16748
14326 17772
14327 17004
14328 17260
14329 17516
14330 18284
14331 18793
14332 19305
14333 19049
14334 18795
14335 19307
14336 19051
14337 18794
14338 19050
14339 19306
14340 19817
14341 20329
14342 20073
14343 19819
14344 20331
14345 20075
14346 19818
14347 20074
14348 20330
14349 19561
14350 19562
14351 19563
14352 18797
14353 19309
14354 19053
14355 18799
14356 19311
14357 19055
14358 18798
14359 19054
14360 19310
14361 19821
14362 20333
14363 20077
14364 19823
14365 20335
14366 20079
14367 19822
14368 20078
14369 20334
14370 19565
14371 19566
14372 19567
14373 18796
14374 19052
14375 19820
14376 19564
14377 19308
14378 20076
14379 20332
14380 18537
14381 18540
14382 18542
14383 18541
14384 18539
14385 18538
14386 18543
14387 16744
14388 17000
14389 17256
14390 17768
14391 18024
14392 18280
14393 18536
14394 17512
14395 18792
14396 19048
14397 19304
14398 19560
14399 19816
14400 20072
14401 20328
14402 20833
14403 21345
14404 21089
14405 20835
14406 21347
14407 21091
14408 20834
14409 21090
14410 21346
14411 21857
14412 22369
14413 22113
14414 21859
14415 22371
14416 22115
14417 21858
14418 22114
14419 22370
14420 21601
14421 21602
14422 21603
14423 20837
14424 21349
14425 21093
14426 20839
14427 21351
14428 21095
14429 20838
14430 21094
14431 21350
14432 21861
14433 22373
14434 22117
14435 21863
14436 22375
14437 22119
14438 21862
14439 22118
14440 22374
14441 21605
14442 21606
14443 21607
14444 20836
14445 21092
14446 21604
14447 21348
14448 21860
14449 22116
14450 22372
14451 22881
14452 23393
14453 23137
14454 22883
14455 23395
14456 23139
14457 22882
14458 23138
14459 23394
14460 23905
14461 24417
14462 24161
14463 23907
14464 24419
14465 24163
14466 23906
14467 24162
14468 24418
14469 23649
14470 23650
14471 23651
14472 22885
14473 23397
14474 23141
14475 22887
14476 23399
14477 23143
14478 22886
14479 23142
14480 23398
14481 23909
14482 24421
14483 24165
14484 23911
14485 24423
14486 24167
14487 23910
14488 24166
14489 24422
14490 23653
14491 23654
14492 23655
14493 23140
14494 23396
14495 23652
14496 24420
14497 23908
14498 24164
14499 22884
14500 22629
14501 22628
14502 22627
14503 22630
14504 22631
14505 22625
14506 22626
14507 20841
14508 21353
14509 21097
14510 20843
14511 21355
14512 21099
14513 20842
14514 21098
14515 21354
14516 21865
14517 22377
14518 22121
14519 21867
14520 22379
14521 22123
14522 21866
14523 22122
14524 22378
14525 21609
14526 21610
14527 21611
14528 20845
14529 21357
14530 21101
14531 20847
14532 21359
14533 21103
14534 20846
14535 21102
14536 21358
14537 21869
14538 22381
14539 22125
14540 21871
14541 22383
14542 22127
14543 21870
14544 22126
14545 22382
14546 21613
14547 21614
14548 21615
14549 20844
14550 22380
14551 22124
14552 21100
14553 21612
14554 21356
14555 21868
14556 22889
14557 23401
14558 23145
14559 22891
14560 23403
14561 23147
14562 22890
14563 23146
14564 23402
14565 23913
14566 24425
14567 24169
14568 23915
14569 24427
14570 24171
14571 23914
14572 24170
14573 24426
14574 23657
14575 23658
14576 23659
14577 22893
14578 23405
14579 23149
14580 22895
14581 23407
14582 23151
14583 22894
14584 23150
14585 23406
14586 23917
14587 24429
14588 24173
14589 23919
14590 24431
14591 24175
14592 23918
14593 24174
14594 24430
14595 23661
14596 23662
14597 23663
14598 22892
14599 24172
14600 23148
14601 23916
14602 23404
14603 23660
14604 24428
14605 22633
14606 22634
14607 22638
14608 22635
14609 22636
14610 22637
14611 22639
14612 22632
14613 21864
14614 23656
14615 23400
14616 20840
14617 21096
14618 21352
14619 23912
14620 23144
14621 22888
14622 22376
14623 22120
14624 24168
14625 21608
14626 24424
14627 20585
14628 20586
14629 20579
14630 20583
14631 20577
14632 20589
14633 20584
14634 20591
14635 20588
14636 20590
14637 20580
14638 20582
14639 20578
14640 20581
14641 20587
14642 16753
14643 17265
14644 17009
14645 16755
14646 17267
14647 17011
14648 16754
14649 17010
14650 17266
14651 17777
14652 18289
14653 18033
14654 17779
14655 18291
14656 18035
14657 17778
14658 18034
14659 18290
14660 17521
14661 17522
14662 17523
14663 16757
14664 17269
14665 17013
14666 16759
14667 17271
14668 17015
14669 16758
14670 17014
14671 17270
14672 17781
14673 18293
14674 18037
14675 17783
14676 18295
14677 18039
14678 17782
14679 18038
14680 18294
14681 17525
14682 17526
14683 17527
14684 18292
14685 17012
14686 17268
14687 16756
14688 17524
14689 18036
14690 17780
14691 18801
14692 19313
14693 19057
14694 18803
14695 19315
14696 19059
14697 18802
14698 19058
14699 19314
14700 19825
14701 20337
14702 20081
14703 19827
14704 20339
14705 20083
14706 19826
14707 20082
14708 20338
14709 19569
14710 19570
14711 19571
14712 18805
14713 19317
14714 19061
14715 18807
14716 19319
14717 19063
14718 18806
14719 19062
14720 19318
14721 19829
14722 20341
14723 20085
14724 19831
14725 20343
14726 20087
14727 19830
14728 20086
14729 20342
14730 19573
14731 19574
14732 19575
14733 19316
14734 20084
14735 18804
14736 19572
14737 19828
14738 19060
14739 20340
14740 18546
14741 18547
14742 18548
14743 18551
14744 18549
14745 18550
14746 18545
14747 16761
14748 17273
14749 17017
14750 16763
14751 17275
14752 17019
14753 16762
14754 17018
14755 17274
14756 17785
14757 18297
14758 18041
14759 17787
14760 18299
14761 18043
14762 17786
14763 18042
14764 18298
14765 17529
14766 17530
14767 17531
14768 16765
14769 17277
14770 17021
14771 16767
14772 17279
14773 17023
14774 16766
14775 17022
14776 17278
14777 17789
14778 18301
14779 18045
14780 17791
14781 18303
14782 18047
14783 17790
14784 18046
14785 18302
14786 17533
14787 17534
14788 17535
14789 18300
14790 16764
14791 17020
14792 17276
14793 17532
14794 17788
14795 18044
14796 18809
14797 19321
14798 19065
14799 18811
14800 19323
14801 19067
14802 18810
14803 19066
14804 19322
14805 19833
14806 20345
14807 20089
14808 19835
14809 20347
14810 20091
14811 19834
14812 20090
14813 20346
14814 19577
14815 19578
14816 19579
14817 18813
14818 19325
14819 19069
14820 18815
14821 19327
14822 19071
14823 18814
14824 19070
14825 19326
14826 19837
14827 20349
14828 20093
14829 19839
14830 20351
14831 20095
14832 19838
14833 20094
14834 20350
14835 19581
14836 19582
14837 19583
14838 18812
14839 19324
14840 19580
14841 20092
14842 19836
14843 19068
14844 20348
14845 18557
14846 18553
14847 18556
14848 18558
14849 18555
14850 18559
14851 18554
14852 18296
14853 17784
14854 20344
14855 19576
14856 19064
14857 17272
14858 19832
14859 20088
14860 18040
14861 19320
14862 17528
14863 18552
14864 18808
14865 17016
14866 16760
14867 20849
14868 21361
14869 21105
14870 20851
14871 21363
14872 21107
14873 20850
14874 21106
14875 21362
14876 21873
14877 22385
14878 22129
14879 21875
14880 22387
14881 22131
14882 21874
14883 22130
14884 22386
14885 21617
14886 21618
14887 21619
14888 20853
14889 21365
14890 21109
14891 20855
14892 21367
14893 21111
14894 20854
14895 21110
14896 21366
14897 21877
14898 22389
14899 22133
14900 21879
14901 22391
14902 22135
14903 21878
14904 22134
14905 22390
14906 21621
14907 21622
14908 21623
14909 21364
14910 22388
14911 20852
14912 21620
14913 21876
14914 21108
14915 22132
14916 22897
14917 23409
14918 23153
14919 22899
14920 23411
14921 23155
14922 22898
14923 23154
14924 23410
14925 23921
14926 24433
14927 24177
14928 23923
14929 24435
14930 24179
14931 23922
14932 24178
14933 24434
14934 23665
14935 23666
14936 23667
14937 22901
14938 23413
14939 23157
14940 22903
14941 23415
14942 23159
14943 22902
14944 23158
14945 23414
14946 23925
14947 24437
14948 24181
14949 23927
14950 24439
14951 24183
14952 23926
14953 24182
14954 24438
14955 23669
14956 23670
14957 23671
14958 22900
14959 24436
14960 23412
14961 23668
14962 23156
14963 23924
14964 24180
14965 22644
14966 22641
14967 22645
14968 22646
14969 22642
14970 22643
14971 22647
14972 20857
14973 21369
14974 21113
14975 20859
14976 21371
14977 21115
14978 20858
14979 21114
14980 21370
14981 21881
14982 22393
14983 22137
14984 21883
14985 22395
14986 22139
14987 21882
14988 22138
14989 22394
14990 21625
14991 21626
14992 21627
14993 20861
14994 21373
14995 21117
14996 20863
14997 21375
14998 21119
14999 20862
15000 21118
15001 21374
15002 21885
15003 22397
15004 22141
15005 21887
15006 22399
15007 22143
15008 21886
15009 22142
15010 22398
15011 21629
15012 21630
15013 21631
15014 20860
15015 21116
15016 21884
15017 21628
15018 22140
15019 22396
15020 21372
15021 22905
15022 23417
15023 23161
15024 22907
15025 23419
15026 23163
15027 22906
15028 23162
15029 23418
15030 23929
15031 24441
15032 24185
15033 23931
15034 24443
15035 24187
15036 23930
15037 24186
15038 24442
15039 23673
15040 23674
15041 23675
15042 22909
15043 23421
15044 23165
15045 22911
15046 23423
15047 23167
15048 22910
15049 23166
15050 23422
15051 23933
15052 24445
15053 24189
15054 23935
15055 24447
15056 24191
15057 23934
15058 24190
15059 24446
15060 23677
15061 23678
15062 23679
15063 23164
15064 22908
15065 23420
15066 23932
15067 23676
15068 24188
15069 24444
15070 22650
15071 22654
15072 22649
15073 22651
15074 22652
15075 22653
15076 22655
15077 23160
15078 21112
15079 24184
15080 22648
15081 21368
15082 23928
15083 21624
15084 22136
15085 21880
15086 23672
15087 22904
15088 22392
15089 23416
15090 20856
15091 24440
15092 20606
15093 20601
15094 20607
15095 20593
15096 20595
15097 20598
15098 20596
15099 20594
15100 20605
15101 20604
15102 20603
15103 20599
15104 20602
15105 20597
15106 20600
15107 17008
15108 17264
15109 17520
15110 17776
15111 18032
15112 18288
15113 18544
15114 18800
15115 19056
15116 19312
15117 19568
15118 19824
15119 20080
15120 20336
15121 20592
15122 21616
15123 20848
15124 21104
15125 21360
15126 21872
15127 22128
15128 22384
15129 22640
15130 22896
15131 23152
15132 23408
15133 23664
15134 23920
15135 24176
15136 24432
15137 16752
15138 24929
15139 25441
15140 25185
15141 24931
15142 25443
15143 25187
15144 24930
15145 25186
15146 25442
15147 25953
15148 26465
15149 26209
15150 25955
15151 26467
15152 26211
15153 25954
15154 26210
15155 26466
15156 25697
15157 25698
15158 25699
15159 24933
15160 25445
15161 25189
15162 24935
15163 25447
15164 25191
15165 24934
15166 25190
15167 25446
15168 25957
15169 26469
15170 26213
15171 25959
15172 26471
15173 26215
15174 25958
15175 26214
15176 26470
15177 25701
15178 25702
15179 25703
15180 24932
15181 25956
15182 25188
15183 25444
15184 25700
15185 26212
15186 26468
15187 26977
15188 27489
15189 27233
15190 26979
15191 27491
15192 27235
15193 26978
15194 27234
15195 27490
15196 28001
15197 28513
15198 28257
15199 28003
15200 28515
15201 28259
15202 28002
15203 28258
15204 28514
15205 27745
15206 27746
15207 27747
15208 26981
15209 27493
15210 27237
15211 26983
15212 27495
15213 27239
15214 26982
15215 27238
15216 27494
15217 28005
15218 28517
15219 28261
15220 28007
15221 28519
15222 28263
15223 28006
15224 28262
15225 28518
15226 27749
15227 27750
15228 27751
15229 28516
15230 26980
15231 27236
15232 27492
15233 27748
15234 28004
15235 28260
15236 26724
15237 26726
15238 26721
15239 26725
15240 26723
15241 26722
15242 26727
15243 24937
15244 25449
15245 25193
15246 24939
15247 25451
15248 25195
15249 24938
15250 25194
15251 25450
15252 25961
15253 26473
15254 26217
15255 25963
15256 26475
15257 26219
15258 25962
15259 26218
15260 26474
15261 25705
15262 25706
15263 25707
15264 24941
15265 25453
15266 25197
15267 24943
15268 25455
15269 25199
15270 24942
15271 25198
15272 25454
15273 25965
15274 26477
15275 26221
15276 25967
15277 26479
15278 26223
15279 25966
15280 26222
15281 26478
15282 25709
15283 25710
15284 25711
15285 24940
15286 25196
15287 25708
15288 25452
15289 25964
15290 26220
15291 26476
15292 26985
15293 27497
15294 27241
15295 26987
15296 27499
15297 27243
15298 26986
15299 27242
15300 27498
15301 28009
15302 28521
15303 28265
15304 28011
15305 28523
15306 28267
15307 28010
15308 28266
15309 28522
15310 27753
15311 27754
15312 27755
15313 26989
15314 27501
15315 27245
15316 26991
15317 27503
15318 27247
15319 26990
15320 27246
15321 27502
15322 28013
15323 28525
15324 28269
15325 28015
15326 28527
15327 28271
15328 28014
15329 28270
15330 28526
15331 27757
15332 27758
15333 27759
15334 28012
15335 26988
15336 27244
15337 27756
15338 27500
15339 28268
15340 28524
15341 26733
15342 26730
15343 26729
15344 26734
15345 26732
15346 26735
15347 26731
15348 26728
15349 28008
15350 24936
15351 28520
15352 26472
15353 26984
15354 27752
15355 25704
15356 25192
15357 27496
15358 27240
15359 28264
15360 26216
15361 25960
15362 25448
15363 29025
15364 29537
15365 29281
15366 29027
15367 29539
15368 29283
15369 29026
15370 29282
15371 29538
15372 30049
15373 30561
15374 30305
15375 30051
15376 30563
15377 30307
15378 30050
15379 30306
15380 30562
15381 29793
15382 29794
15383 29795
15384 29029
15385 29541
15386 29285
15387 29031
15388 29543
15389 29287
15390 29030
15391 29286
15392 29542
15393 30053
15394 30565
15395 30309
15396 30055
15397 30567
15398 30311
15399 30054
15400 30310
15401 30566
15402 29797
15403 29798
15404 29799
15405 30564
15406 29284
15407 29540
15408 29028
15409 29796
15410 30052
15411 30308
15412 31073
15413 31585
15414 31329
15415 31075
15416 31587
15417 31331
15418 31074
15419 31330
15420 31586
15421 32097
15422 32609
15423 32353
15424 32099
15425 32611
15426 32355
15427 32098
15428 32354
15429 32610
15430 31841
15431 31842
15432 31843
15433 31077
15434 31589
15435 31333
15436 31079
15437 31591
15438 31335
15439 31078
15440 31334
15441 31590
15442 32101
15443 32613
15444 32357
15445 32103
15446 32615
15447 32359
15448 32102
15449 32358
15450 32614
15451 31845
15452 31846
15453 31847
15454 32356
15455 31332
15456 31588
15457 31076
15458 31844
15459 32100
15460 32612
15461 30822
15462 30817
15463 30819
15464 30823
15465 30820
15466 30821
15467 30818
15468 29033
15469 29545
15470 29289
15471 29035
15472 29547
15473 29291
15474 29034
15475 29290
15476 29546
15477 30057
15478 30569
15479 30313
15480 30059
15481 30571
15482 30315
15483 30058
15484 30314
15485 30570
15486 29801
15487 29802
15488 29803
15489 29037
15490 29549
15491 29293
15492 29039
15493 29551
15494 29295
15495 29038
15496 29294
15497 29550
15498 30061
15499 30573
15500 30317
15501 30063
15502 30575
15503 30319
15504 30062
15505 30318
15506 30574
15507 29805
15508 29806
15509 29807
15510 29292
15511 30060
15512 29036
15513 29804
15514 29548
15515 30316
15516 30572
15517 31081
15518 31593
15519 31337
15520 31083
15521 31595
15522 31339
15523 31082
15524 31338
15525 31594
15526 32105
15527 32617
15528 32361
15529 32107
15530 32619
15531 32363
15532 32106
15533 32362
15534 32618
15535 31849
15536 31850
15537 31851
15538 31085
15539 31597
15540 31341
15541 31087
15542 31599
15543 31343
15544 31086
15545 31342
15546 31598
15547 32109
15548 32621
15549 32365
15550 32111
15551 32623
15552 32367
15553 32110
15554 32366
15555 32622
15556 31853
15557 31854
15558 31855
15559 31084
15560 31852
15561 31340
15562 32108
15563 31596
15564 32364
15565 32620
15566 30825
15567 30827
15568 30830
15569 30828
15570 30829
15571 30826
15572 30831
15573 30312
15574 29544
15575 30824
15576 29800
15577 30056
15578 31592
15579 29032
15580 32616
15581 32104
15582 31336
15583 30568
15584 32360
15585 29288
15586 31848
15587 31080
15588 28769
15589 28781
15590 28780
15591 28777
15592 28771
15593 28779
15594 28773
15595 28783
15596 28775
15597 28772
15598 28774
15599 28778
15600 28770
15601 28782
15602 28776
15603 24945
15604 25457
15605 25201
15606 24947
15607 25459
15608 25203
15609 24946
15610 25202
15611 25458
15612 25969
15613 26481
15614 26225
15615 25971
15616 26483
15617 26227
15618 25970
15619 26226
15620 26482
15621 25713
15622 25714
15623 25715
15624 24949
15625 25461
15626 25205
15627 24951
15628 25463
15629 25207
15630 24950
15631 25206
15632 25462
15633 25973
15634 26485
15635 26229
15636 25975
15637 26487
15638 26231
15639 25974
15640 26230
15641 26486
15642 25717
15643 25718
15644 25719
15645 26484
15646 25204
15647 25460
15648 24948
15649 25716
15650 25972
15651 26228
15652 26993
15653 27505
15654 27249
15655 26995
15656 27507
15657 27251
15658 26994
15659 27250
15660 27506
15661 28017
15662 28529
15663 28273
15664 28019
15665 28531
15666 28275
15667 28018
15668 28274
15669 28530
15670 27761
15671 27762
15672 27763
15673 26997
15674 27509
15675 27253
15676 26999
15677 27511
15678 27255
15679 26998
15680 27254
15681 27510
15682 28021
15683 28533
15684 28277
15685 28023
15686 28535
15687 28279
15688 28022
15689 28278
15690 28534
15691 27765
15692 27766
15693 27767
15694 26996
15695 27252
15696 27764
15697 27508
15698 28020
15699 28276
15700 28532
15701 26741
15702 26740
15703 26739
15704 26737
15705 26742
15706 26738
15707 26743
15708 24953
15709 25465
15710 25209
15711 24955
15712 25467
15713 25211
15714 24954
15715 25210
15716 25466
15717 25977
15718 26489
15719 26233
15720 25979
15721 26491
15722 26235
15723 25978
15724 26234
15725 26490
15726 25721
15727 25722
15728 25723
15729 24957
15730 25469
15731 25213
15732 24959
15733 25471
15734 25215
15735 24958
15736 25214
15737 25470
15738 25981
15739 26493
15740 26237
15741 25983
15742 26495
15743 26239
15744 25982
15745 26238
15746 26494
15747 25725
15748 25726
15749 25727
15750 24956
15751 25980
15752 25468
15753 26236
15754 25212
15755 26492
15756 25724
15757 27001
15758 27513
15759 27257
15760 27003
15761 27515
15762 27259
15763 27002
15764 27258
15765 27514
15766 28025
15767 28537
15768 28281
15769 28027
15770 28539
15771 28283
15772 28026
15773 28282
15774 28538
15775 27769
15776 27770
15777 27771
15778 27005
15779 27517
15780 27261
15781 27007
15782 27519
15783 27263
15784 27006
15785 27262
15786 27518
15787 28029
15788 28541
15789 28285
15790 28031
15791 28543
15792 28287
15793 28030
15794 28286
15795 28542
15796 27773
15797 27774
15798 27775
15799 27004
15800 28540
15801 27260
15802 28028
15803 27516
15804 27772
15805 28284
15806 26751
15807 26749
15808 26748
15809 26747
15810 26750
15811 26745
15812 26746
15813 25208
15814 25464
15815 25720
15816 24952
15817 25976
15818 26232
15819 26488
15820 27256
15821 26744
15822 27000
15823 27512
15824 27768
15825 28024
15826 28280
15827 28536
15828 29041
15829 29553
15830 29297
15831 29043
15832 29555
15833 29299
15834 29042
15835 29298
15836 29554
15837 30065
15838 30577
15839 30321
15840 30067
15841 30579
15842 30323
15843 30066
15844 30322
15845 30578
15846 29809
15847 29810
15848 29811
15849 29045
15850 29557
15851 29301
15852 29047
15853 29559
15854 29303
15855 29046
15856 29302
15857 29558
15858 30069
15859 30581
15860 30325
15861 30071
15862 30583
15863 30327
15864 30070
15865 30326
15866 30582
15867 29813
15868 29814
15869 29815
15870 29044
15871 30068
15872 29812
15873 29556
15874 30324
15875 29300
15876 30580
15877 31089
15878 31601
15879 31345
15880 31091
15881 31603
15882 31347
15883 31090
15884 31346
15885 31602
15886 32113
15887 32625
15888 32369
15889 32115
15890 32627
15891 32371
15892 32114
15893 32370
15894 32626
15895 31857
15896 31858
15897 31859
15898 31093
15899 31605
15900 31349
15901 31095
15902 31607
15903 31351
15904 31094
15905 31350
15906 31606
15907 32117
15908 32629
15909 32373
15910 32119
15911 32631
15912 32375
15913 32118
15914 32374
15915 32630
15916 31861
15917 31862
15918 31863
15919 31092
15920 31860
15921 32628
15922 31604
15923 32116
15924 32372
15925 31348
15926 30838
15927 30837
15928 30833
15929 30839
15930 30836
15931 30835
15932 30834
15933 29049
15934 29561
15935 29305
15936 29051
15937 29563
15938 29307
15939 29050
15940 29306
15941 29562
15942 30073
15943 30585
15944 30329
15945 30075
15946 30587
15947 30331
15948 30074
15949 30330
15950 30586
15951 29817
15952 29818
15953 29819
15954 29053
15955 29565
15956 29309
15957 29055
15958 29567
15959 29311
15960 29054
15961 29310
15962 29566
15963 30077
15964 30589
15965 30333
15966 30079
15967 30591
15968 30335
15969 30078
15970 30334
15971 30590
15972 29821
15973 29822
15974 29823
15975 29052
15976 29820
15977 30076
15978 29564
15979 30332
15980 30588
15981 29308
15982 31097
15983 31609
15984 31353
15985 31099
15986 31611
15987 31355
15988 31098
15989 31354
15990 31610
15991 32121
15992 32633
15993 32377
15994 32123
15995 32635
15996 32379
15997 32122
15998 32378
15999 32634
16000 31865
16001 31866
16002 31867
16003 31101
16004 31613
16005 31357
16006 31103
16007 31615
16008 31359
16009 31102
16010 31358
16011 31614
16012 32125
16013 32637
16014 32381
16015 32127
16016 32639
16017 32383
16018 32126
16019 32382
16020 32638
16021 31869
16022 31870
16023 31871
16024 31100
16025 31356
16026 32124
16027 31868
16028 32380
16029 31612
16030 32636
16031 30841
16032 30845
16033 30842
16034 30846
16035 30844
16036 30843
16037 30847
16038 29560
16039 32632
16040 30072
16041 30840
16042 30328
16043 31864
16044 31352
16045 30584
16046 29816
16047 31608
16048 31096
16049 32120
16050 29304
16051 32376
16052 29048
16053 28799
16054 28794
16055 28789
16056 28798
16057 28795
16058 28793
16059 28797
16060 28790
16061 28787
16062 28791
16063 28785
16064 28796
16065 28786
16066 28792
16067 28788
16068 32624
16069 28272
16070 29552
16071 25712
16072 28016
16073 27504
16074 30832
16075 24944
16076 26992
16077 29296
16078 25968
16079 29040
16080 26736
16081 27248
16082 30320
16083 31856
16084 31344
16085 25200
16086 27760
16087 30064
16088 32112
16089 26480
16090 28528
16091 29808
16092 31600
16093 32368
16094 31088
16095 26224
16096 25456
16097 30576
16098 28784
16099 24685
16100 24677
16101 24674
16102 24692
16103 24693
16104 24673
16105 24682
16106 24683
16107 24689
16108 24703
16109 24697
16110 24699
16111 24687
16112 24695
16113 24698
16114 24678
16115 24680
16116 24684
16117 24686
16118 24681
16119 24701
16120 24679
16121 24690
16122 24696
16123 24675
16124 24694
16125 24676
16126 24691
16127 24700
16128 24688
16129 24702
16130 25184
16131 24672
16132 19040
16133 25440
16134 27744
16135 18528
16136 18016
16137 30816
16138 22368
16139 31328
16140 17504
16141 20320
16142 26976
16143 22624
16144 26464
16145 30304
16146 17760
16147 16736
16148 27232
16149 25696
16150 18784
16151 26208
16152 25952
16153 28512
16154 19808
16155 21344
16156 19296
16157 16992
16158 22880
16159 29536
16160 24160
16161 29792
16162 31072
16163 21600
16164 30560
16165 28768
16166 28000
16167 29280
16168 29024
16169 23136
16170 22112
16171 27488
16172 31584
16173 28256
16174 21856
16175 20064
16176 24928
16177 20576
16178 23648
16179 31840
16180 18272
16181 30048
16182 32096
16183 21088
16184 19552
16185 23392
16186 24416
16187 32352
16188 20832
16189 17248
16190 32608
16191 23904
16192 26720
16193 16456
16194 16510
16195 16467
16196 16502
16197 16459
16198 16503
16199 16509
16200 16498
16201 16478
16202 16468
16203 16493
16204 16507
16205 16461
16206 16457
16207 16453
16208 16490
16209 16500
16210 16454
16211 16481
16212 16452
16213 16464
16214 16455
16215 16486
16216 16469
16217 16480
16218 16470
16219 16449
16220 16465
16221 16472
16222 16475
16223 16497
16224 16505
16225 16479
16226 16508
16227 16496
16228 16488
16229 16476
16230 16495
16231 16477
16232 16501
16233 16473
16234 16489
16235 16511
16236 16504
16237 16451
16238 16471
16239 16484
16240 16485
16241 16492
16242 16487
16243 16482
16244 16474
16245 16463
16246 16450
16247 16462
16248 16458
16249 16499
16250 16466
16251 16491
16252 16494
16253 16483
16254 16460
16255 16506
16256 28224
16257 22848
16258 25920
16259 64
16260 7744
16261 28736
16262 10816
16263 16448
16264 1856
16265 8768
16266 17472
16267 14912
16268 31040
16269 24896
16270 1344
16271 24640
16272 4416
16273 27712
16274 1088
16275 23104
16276 576
16277 5440
16278 7488
16279 23872
16280 12352
16281 22336
16282 12096
16283 19520
16284 13632
16285 11072
16286 17984
16287 25152
16288 22080
16289 3648
16290 9792
16291 20800
16292 19008
16293 5696
16294 16704
16295 15936
16296 2368
16297 26176
16298 24384
16299 8512
16300 30528
16301 29760
16302 21312
16303 19776
16304 5952
16305 10048
16306 7232
16307 18240
16308 4928
16309 12608
16310 1600
16311 9024
16312 16192
16313 26432
16314 10304
16315 6464
16316 13888
16317 9536
16318 32320
16319 2880
16320 11328
16321 9280
16322 30272
16323 23360
16324 27456
16325 31296
16326 29504
16327 13376
16328 15680
16329 27200
16330 14656
16331 25408
16332 832
16333 6976
16334 4160
16335 28992
16336 21824
16337 21568
16338 12864
16339 19264
16340 8256
16341 31808
16342 29248
16343 20288
16344 26688
16345 18496
16346 20544
16347 11584
16348 2112
16349 28480
16350 32576
16351 21056
16352 320
16353 15168
16354 31552
16355 25664
16356 2624
16357 16960
16358 3136
16359 8000
16360 5184
16361 30784
16362 17216
16363 14400
16364 26944
16365 13120
16366 3904
16367 22592
16368 14144
16369 30016
16370 6720
16371 18752
16372 15424
16373 23616
16374 6208
16375 27968
16376 24128
16377 11840
16378 32064
16379 3392
16380 20032
16381 17728
16382 4672
16383 10560
16384 33024
16385 33025
16386 33536
16387 33537
16388 33280
16389 33281
16390 33027
16391 33539
16392 33283
16393 33026
16394 33282
16395 33538
16396 34048
16397 34049
16398 34560
16399 34561
16400 34304
16401 34305
16402 34051
16403 34563
16404 34307
16405 34050
16406 34306
16407 34562
16408 33792
16409 33793
16410 33794
16411 33795
16412 33029
16413 33541
16414 33285
16415 33031
16416 33543
16417 33287
16418 33030
16419 33286
16420 33542
16421 34053
16422 34565
16423 34309
16424 34055
16425 34567
16426 34311
16427 34054
16428 34310
16429 34566
16430 33797
16431 33798
16432 33799
16433 33028
16434 33284
16435 34052
16436 33540
16437 34308
16438 33796
16439 34564
16440 35072
16441 35073
16442 35584
16443 35585
16444 35328
16445 35329
16446 35075
16447 35587
16448 35331
16449 35074
16450 35330
16451 35586
16452 36096
16453 36097
16454 36608
16455 36609
16456 36352
16457 36353
16458 36099
16459 36611
16460 36355
16461 36098
16462 36354
16463 36610
16464 35840
16465 35841
16466 35842
16467 35843
16468 35077
16469 35589
16470 35333
16471 35079
16472 35591
16473 35335
16474 35078
16475 35334
16476 35590
16477 36101
16478 36613
16479 36357
16480 36103
16481 36615
16482 36359
16483 36102
16484 36358
16485 36614
16486 35845
16487 35846
16488 35847
16489 35332
16490 36100
16491 35588
16492 35076
16493 36356
16494 35844
16495 36612
16496 34816
16497 34818
16498 34820
16499 34822
16500 34819
16501 34821
16502 34817
16503 34823
16504 33033
16505 33545
16506 33289
16507 33035
16508 33547
16509 33291
16510 33034
16511 33290
16512 33546
16513 34057
16514 34569
16515 34313
16516 34059
16517 34571
16518 34315
16519 34058
16520 34314
16521 34570
16522 33801
16523 33802
16524 33803
16525 33037
16526 33549
16527 33293
16528 33039
16529 33551
16530 33295
16531 33038
16532 33294
16533 33550
16534 34061
16535 34573
16536 34317
16537 34063
16538 34575
16539 34319
16540 34062
16541 34318
16542 34574
16543 33805
16544 33806
16545 33807
16546 33804
16547 33036
16548 33292
16549 33548
16550 34060
16551 34316
16552 34572
16553 35081
16554 35593
16555 35337
16556 35083
16557 35595
16558 35339
16559 35082
16560 35338
16561 35594
16562 36105
16563 36617
16564 36361
16565 36107
16566 36619
16567 36363
16568 36106
16569 36362
16570 36618
16571 35849
16572 35850
16573 35851
16574 35085
16575 35597
16576 35341
16577 35087
16578 35599
16579 35343
16580 35086
16581 35342
16582 35598
16583 36109
16584 36621
16585 36365
16586 36111
16587 36623
16588 36367
16589 36110
16590 36366
16591 36622
16592 35853
16593 35854
16594 35855
16595 35084
16596 35340
16597 36108
16598 36364
16599 35852
16600 35596
16601 36620
16602 34825
16603 34827
16604 34829
16605 34830
16606 34828
16607 34831
16608 34826
16609 33032
16610 35848
16611 34824
16612 33544
16613 36104
16614 35080
16615 36616
16616 34312
16617 35336
16618 33288
16619 34056
16620 36360
16621 35592
16622 33800
16623 34568
16624 37120
16625 37121
16626 37632
16627 37633
16628 37376
16629 37377
16630 37123
16631 37635
16632 37379
16633 37122
16634 37378
16635 37634
16636 38144
16637 38145
16638 38656
16639 38657
16640 38400
16641 38401
16642 38147
16643 38659
16644 38403
16645 38146
16646 38402
16647 38658
16648 37888
16649 37889
16650 37890
16651 37891
16652 37125
16653 37637
16654 37381
16655 37127
16656 37639
16657 37383
16658 37126
16659 37382
16660 37638
16661 38149
16662 38661
16663 38405
16664 38151
16665 38663
16666 38407
16667 38150
16668 38406
16669 38662
16670 37893
16671 37894
16672 37895
16673 37124
16674 37380
16675 38148
16676 37636
16677 38404
16678 38660
16679 37892
16680 39168
16681 39169
16682 39680
16683 39681
16684 39424
16685 39425
16686 39171
16687 39683
16688 39427
16689 39170
16690 39426
16691 39682
16692 40192
16693 40193
16694 40704
16695 40705
16696 40448
16697 40449
16698 40195
16699 40707
16700 40451
16701 40194
16702 40450
16703 40706
16704 39936
16705 39937
16706 39938
16707 39939
16708 39173
16709 39685
16710 39429
16711 39175
16712 39687
16713 39431
16714 39174
16715 39430
16716 39686
16717 40197
16718 40709
16719 40453
16720 40199
16721 40711
16722 40455
16723 40198
16724 40454
16725 40710
16726 39941
16727 39942
16728 39943
16729 39428
16730 39940
16731 40196
16732 40452
16733 39684
16734 39172
16735 40708
16736 38912
16737 38914
16738 38917
16739 38918
16740 38916
16741 38913
16742 38915
16743 38919
16744 37129
16745 37641
16746 37385
16747 37131
16748 37643
16749 37387
16750 37130
16751 37386
16752 37642
16753 38153
16754 38665
16755 38409
16756 38155
16757 38667
16758 38411
16759 38154
16760 38410
16761 38666
16762 37897
16763 37898
16764 37899
16765 37133
16766 37645
16767 37389
16768 37135
16769 37647
16770 37391
16771 37134
16772 37390
16773 37646
16774 38157
16775 38669
16776 38413
16777 38159
16778 38671
16779 38415
16780 38158
16781 38414
16782 38670
16783 37901
16784 37902
16785 37903
16786 37132
16787 37388
16788 37900
16789 38156
16790 37644
16791 38412
16792 38668
16793 39177
16794 39689
16795 39433
16796 39179
16797 39691
16798 39435
16799 39178
16800 39434
16801 39690
16802 40201
16803 40713
16804 40457
16805 40203
16806 40715
16807 40459
16808 40202
16809 40458
16810 40714
16811 39945
16812 39946
16813 39947
16814 39181
16815 39693
16816 39437
16817 39183
16818 39695
16819 39439
16820 39182
16821 39438
16822 39694
16823 40205
16824 40717
16825 40461
16826 40207
16827 40719
16828 40463
16829 40206
16830 40462
16831 40718
16832 39949
16833 39950
16834 39951
16835 40716
16836 39436
16837 39692
16838 39180
16839 39948
16840 40204
16841 40460
16842 38922
16843 38921
16844 38923
16845 38925
16846 38924
16847 38926
16848 38927
16849 38408
16850 40200
16851 37128
16852 38152
16853 40456
16854 39176
16855 39688
16856 39944
16857 37640
16858 39432
16859 38664
16860 40712
16861 37384
16862 37896
16863 38920
16864 36877
16865 36864
16866 36870
16867 36867
16868 36874
16869 36865
16870 36873
16871 36875
16872 36878
16873 36872
16874 36871
16875 36879
16876 36868
16877 36876
16878 36866
16879 36869
16880 33041
16881 33553
16882 33297
16883 33043
16884 33555
16885 33299
16886 33042
16887 33298
16888 33554
16889 34065
16890 34577
16891 34321
16892 34067
16893 34579
16894 34323
16895 34066
16896 34322
16897 34578
16898 33809
16899 33810
16900 33811
16901 33045
16902 33557
16903 33301
16904 33047
16905 33559
16906 33303
16907 33046
16908 33302
16909 33558
16910 34069
16911 34581
16912 34325
16913 34071
16914 34583
16915 34327
16916 34070
16917 34326
16918 34582
16919 33813
16920 33814
16921 33815
16922 33044
16923 34580
16924 33556
16925 33300
16926 34068
16927 34324
16928 33812
16929 35089
16930 35601
16931 35345
16932 35091
16933 35603
16934 35347
16935 35090
16936 35346
16937 35602
16938 36113
16939 36625
16940 36369
16941 36115
16942 36627
16943 36371
16944 36114
16945 36370
16946 36626
16947 35857
16948 35858
16949 35859
16950 35093
16951 35605
16952 35349
16953 35095
16954 35607
16955 35351
16956 35094
16957 35350
16958 35606
16959 36117
16960 36629
16961 36373
16962 36119
16963 36631
16964 36375
16965 36118
16966 36374
16967 36630
16968 35861
16969 35862
16970 35863
16971 36116
16972 35348
16973 35092
16974 36372
16975 35860
16976 35604
16977 36628
16978 34838
16979 34833
16980 34834
16981 34837
16982 34835
16983 34836
16984 34839
16985 33049
16986 33561
16987 33305
16988 33051
16989 33563
16990 33307
16991 33050
16992 33306
16993 33562
16994 34073
16995 34585
16996 34329
16997 34075
16998 34587
16999 34331
17000 34074
17001 34330
17002 34586
17003 33817
17004 33818
17005 33819
17006 33053
17007 33565
17008 33309
17009 33055
17010 33567
17011 33311
17012 33054
17013 33310
17014 33566
17015 34077
17016 34589
17017 34333
17018 34079
17019 34591
17020 34335
17021 34078
17022 34334
17023 34590
17024 33821
17025 33822
17026 33823
17027 33820
17028 33308
17029 33564
17030 34588
17031 34076
17032 34332
17033 33052
17034 35097
17035 35609
17036 35353
17037 35099
17038 35611
17039 35355
17040 35098
17041 35354
17042 35610
17043 36121
17044 36633
17045 36377
17046 36123
17047 36635
17048 36379
17049 36122
17050 36378
17051 36634
17052 35865
17053 35866
17054 35867
17055 35101
17056 35613
17057 35357
17058 35103
17059 35615
17060 35359
17061 35102
17062 35358
17063 35614
17064 36125
17065 36637
17066 36381
17067 36127
17068 36639
17069 36383
17070 36126
17071 36382
17072 36638
17073 35869
17074 35870
17075 35871
17076 35356
17077 35612
17078 35868
17079 36636
17080 36124
17081 36380
17082 35100
17083 34841
17084 34843
17085 34844
17086 34842
17087 34845
17088 34846
17089 34847
17090 35096
17091 33048
17092 36120
17093 34328
17094 36376
17095 33304
17096 33560
17097 34072
17098 35352
17099 35608
17100 36632
17101 33816
17102 35864
17103 34840
17104 34584
17105 37137
17106 37649
17107 37393
17108 37139
17109 37651
17110 37395
17111 37138
17112 37394
17113 37650
17114 38161
17115 38673
17116 38417
17117 38163
17118 38675
17119 38419
17120 38162
17121 38418
17122 38674
17123 37905
17124 37906
17125 37907
17126 37141
17127 37653
17128 37397
17129 37143
17130 37655
17131 37399
17132 37142
17133 37398
17134 37654
17135 38165
17136 38677
17137 38421
17138 38167
17139 38679
17140 38423
17141 38166
17142 38422
17143 38678
17144 37909
17145 37910
17146 37911
17147 37140
17148 38164
17149 37652
17150 38420
17151 37396
17152 37908
17153 38676
17154 39185
17155 39697
17156 39441
17157 39187
17158 39699
17159 39443
17160 39186
17161 39442
17162 39698
17163 40209
17164 40721
17165 40465
17166 40211
17167 40723
17168 40467
17169 40210
17170 40466
17171 40722
17172 39953
17173 39954
17174 39955
17175 39189
17176 39701
17177 39445
17178 39191
17179 39703
17180 39447
17181 39190
17182 39446
17183 39702
17184 40213
17185 40725
17186 40469
17187 40215
17188 40727
17189 40471
17190 40214
17191 40470
17192 40726
17193 39957
17194 39958
17195 39959
17196 39188
17197 39956
17198 39444
17199 40212
17200 39700
17201 40468
17202 40724
17203 38931
17204 38929
17205 38930
17206 38933
17207 38935
17208 38934
17209 38932
17210 37145
17211 37657
17212 37401
17213 37147
17214 37659
17215 37403
17216 37146
17217 37402
17218 37658
17219 38169
17220 38681
17221 38425
17222 38171
17223 38683
17224 38427
17225 38170
17226 38426
17227 38682
17228 37913
17229 37914
17230 37915
17231 37149
17232 37661
17233 37405
17234 37151
17235 37663
17236 37407
17237 37150
17238 37406
17239 37662
17240 38173
17241 38685
17242 38429
17243 38175
17244 38687
17245 38431
17246 38174
17247 38430
17248 38686
17249 37917
17250 37918
17251 37919
17252 37148
17253 37404
17254 38172
17255 37916
17256 38428
17257 37660
17258 38684
17259 39193
17260 39705
17261 39449
17262 39195
17263 39707
17264 39451
17265 39194
17266 39450
17267 39706
17268 40217
17269 40729
17270 40473
17271 40219
17272 40731
17273 40475
17274 40218
17275 40474
17276 40730
17277 39961
17278 39962
17279 39963
17280 39197
17281 39709
17282 39453
17283 39199
17284 39711
17285 39455
17286 39198
17287 39454
17288 39710
17289 40221
17290 40733
17291 40477
17292 40223
17293 40735
17294 40479
17295 40222
17296 40478
17297 40734
17298 39965
17299 39966
17300 39967
17301 39196
17302 39708
17303 40476
17304 39452
17305 39964
17306 40220
17307 40732
17308 38938
17309 38942
17310 38940
17311 38939
17312 38941
17313 38937
17314 38943
17315 40472
17316 37144
17317 37400
17318 37656
17319 38424
17320 40216
17321 37912
17322 39704
17323 39960
17324 39448
17325 39192
17326 38680
17327 38936
17328 40728
17329 38168
17330 36881
17331 36895
17332 36886
17333 36892
17334 36889
17335 36887
17336 36882
17337 36890
17338 36885
17339 36884
17340 36894
17341 36891
17342 36893
17343 36883
17344 36888
17345 33808
17346 35344
17347 37136
17348 36624
17349 33040
17350 39696
17351 35088
17352 33552
17353 37392
17354 34576
17355 36112
17356 39440
17357 36880
17358 38928
17359 40464
17360 35600
17361 38160
17362 40208
17363 34320
17364 33296
17365 37904
17366 37648
17367 38416
17368 35856
17369 34832
17370 39952
17371 36368
17372 34064
17373 39184
17374 38672
17375 40720
17376 41216
17377 41217
17378 41728
17379 41729
17380 41472
17381 41473
17382 41219
17383 41731
17384 41475
17385 41218
17386 41474
17387 41730
17388 42240
17389 42241
17390 42752
17391 42753
17392 42496
17393 42497
17394 42243
17395 42755
17396 42499
17397 42242
17398 42498
17399 42754
17400 41984
17401 41985
17402 41986
17403 41987
17404 41221
17405 41733
17406 41477
17407 41223
17408 41735
17409 41479
17410 41222
17411 41478
17412 41734
17413 42245
17414 42757
17415 42501
17416 42247
17417 42759
17418 42503
17419 42246
17420 42502
17421 42758
17422 41989
17423 41990
17424 41991
17425 41220
17426 42244
17427 41988
17428 42500
17429 41732
17430 41476
17431 42756
17432 43264
17433 43265
17434 43776
17435 43777
17436 43520
17437 43521
17438 43267
17439 43779
17440 43523
17441 43266
17442 43522
17443 43778
17444 44288
17445 44289
17446 44800
17447 44801
17448 44544
17449 44545
17450 44291
17451 44803
17452 44547
17453 44290
17454 44546
17455 44802
17456 44032
17457 44033
17458 44034
17459 44035
17460 43269
17461 43781
17462 43525
17463 43271
17464 43783
17465 43527
17466 43270
17467 43526
17468 43782
17469 44293
17470 44805
17471 44549
17472 44295
17473 44807
17474 44551
17475 44294
17476 44550
17477 44806
17478 44037
17479 44038
17480 44039
17481 43268
17482 44292
17483 43780
17484 44036
17485 44804
17486 44548
17487 43524
17488 43008
17489 43015
17490 43013
17491 43009
17492 43011
17493 43014
17494 43012
17495 43010
17496 41225
17497 41737
17498 41481
17499 41227
17500 41739
17501 41483
17502 41226
17503 41482
17504 41738
17505 42249
17506 42761
17507 42505
17508 42251
17509 42763
17510 42507
17511 42250
17512 42506
17513 42762
17514 41993
17515 41994
17516 41995
17517 41229
17518 41741
17519 41485
17520 41231
17521 41743
17522 41487
17523 41230
17524 41486
17525 41742
17526 42253
17527 42765
17528 42509
17529 42255
17530 42767
17531 42511
17532 42254
17533 42510
17534 42766
17535 41997
17536 41998
17537 41999
17538 41228
17539 41484
17540 41996
17541 42252
17542 42508
17543 41740
17544 42764
17545 43273
17546 43785
17547 43529
17548 43275
17549 43787
17550 43531
17551 43274
17552 43530
17553 43786
17554 44297
17555 44809
17556 44553
17557 44299
17558 44811
17559 44555
17560 44298
17561 44554
17562 44810
17563 44041
17564 44042
17565 44043
17566 43277
17567 43789
17568 43533
17569 43279
17570 43791
17571 43535
17572 43278
17573 43534
17574 43790
17575 44301
17576 44813
17577 44557
17578 44303
17579 44815
17580 44559
17581 44302
17582 44558
17583 44814
17584 44045
17585 44046
17586 44047
17587 44556
17588 43788
17589 43276
17590 44044
17591 43532
17592 44812
17593 44300
17594 43017
17595 43020
17596 43021
17597 43023
17598 43022
17599 43018
17600 43019
17601 41992
17602 43016
17603 43272
17604 43528
17605 43784
17606 44040
17607 44296
17608 44552
17609 41224
17610 41480
17611 44808
17612 41736
17613 42248
17614 42504
17615 42760
17616 45312
17617 45313
17618 45824
17619 45825
17620 45568
17621 45569
17622 45315
17623 45827
17624 45571
17625 45314
17626 45570
17627 45826
17628 46336
17629 46337
17630 46848
17631 46849
17632 46592
17633 46593
17634 46339
17635 46851
17636 46595
17637 46338
17638 46594
17639 46850
17640 46080
17641 46081
17642 46082
17643 46083
17644 45317
17645 45829
17646 45573
17647 45319
17648 45831
17649 45575
17650 45318
17651 45574
17652 45830
17653 46341
17654 46853
17655 46597
17656 46343
17657 46855
17658 46599
17659 46342
17660 46598
17661 46854
17662 46085
17663 46086
17664 46087
17665 46084
17666 46852
17667 46340
17668 45316
17669 46596
17670 45828
17671 45572
17672 47360
17673 47361
17674 47872
17675 47873
17676 47616
17677 47617
17678 47363
17679 47875
17680 47619
17681 47362
17682 47618
17683 47874
17684 48384
17685 48385
17686 48896
17687 48897
17688 48640
17689 48641
17690 48387
17691 48899
17692 48643
17693 48386
17694 48642
17695 48898
17696 48128
17697 48129
17698 48130
17699 48131
17700 47365
17701 47877
17702 47621
17703 47367
17704 47879
17705 47623
17706 47366
17707 47622
17708 47878
17709 48389
17710 48901
17711 48645
17712 48391
17713 48903
17714 48647
17715 48390
17716 48646
17717 48902
17718 48133
17719 48134
17720 48135
17721 47364
17722 48132
17723 48388
17724 48644
17725 47620
17726 48900
17727 47876
17728 47109
17729 47107
17730 47104
17731 47110
17732 47106
17733 47105
17734 47111
17735 47108
17736 45321
17737 45833
17738 45577
17739 45323
17740 45835
17741 45579
17742 45322
17743 45578
17744 45834
17745 46345
17746 46857
17747 46601
17748 46347
17749 46859
17750 46603
17751 46346
17752 46602
17753 46858
17754 46089
17755 46090
17756 46091
17757 45325
17758 45837
17759 45581
17760 45327
17761 45839
17762 45583
17763 45326
17764 45582
17765 45838
17766 46349
17767 46861
17768 46605
17769 46351
17770 46863
17771 46607
17772 46350
17773 46606
17774 46862
17775 46093
17776 46094
17777 46095
17778 45324
17779 45580
17780 46092
17781 46860
17782 45836
17783 46348
17784 46604
17785 47369
17786 47881
17787 47625
17788 47371
17789 47883
17790 47627
17791 47370
17792 47626
17793 47882
17794 48393
17795 48905
17796 48649
17797 48395
17798 48907
17799 48651
17800 48394
17801 48650
17802 48906
17803 48137
17804 48138
17805 48139
17806 47373
17807 47885
17808 47629
17809 47375
17810 47887
17811 47631
17812 47374
17813 47630
17814 47886
17815 48397
17816 48909
17817 48653
17818 48399
17819 48911
17820 48655
17821 48398
17822 48654
17823 48910
17824 48141
17825 48142
17826 48143
17827 47372
17828 48908
17829 47628
17830 47884
17831 48396
17832 48140
17833 48652
17834 47113
17835 47119
17836 47115
17837 47117
17838 47118
17839 47114
17840 47116
17841 47624
17842 46856
17843 47880
17844 46344
17845 45320
17846 45832
17847 47112
17848 48904
17849 48136
17850 46600
17851 46088
17852 48392
17853 47368
17854 45576
17855 48648
17856 45056
17857 45070
17858 45066
17859 45063
17860 45067
17861 45057
17862 45058
17863 45064
17864 45062
17865 45068
17866 45060
17867 45065
17868 45071
17869 45061
17870 45059
17871 45069
17872 41233
17873 41745
17874 41489
17875 41235
17876 41747
17877 41491
17878 41234
17879 41490
17880 41746
17881 42257
17882 42769
17883 42513
17884 42259
17885 42771
17886 42515
17887 42258
17888 42514
17889 42770
17890 42001
17891 42002
17892 42003
17893 41237
17894 41749
17895 41493
17896 41239
17897 41751
17898 41495
17899 41238
17900 41494
17901 41750
17902 42261
17903 42773
17904 42517
17905 42263
17906 42775
17907 42519
17908 42262
17909 42518
17910 42774
17911 42005
17912 42006
17913 42007
17914 42772
17915 41236
17916 41492
17917 41748
17918 42004
17919 42260
17920 42516
17921 43281
17922 43793
17923 43537
17924 43283
17925 43795
17926 43539
17927 43282
17928 43538
17929 43794
17930 44305
17931 44817
17932 44561
17933 44307
17934 44819
17935 44563
17936 44306
17937 44562
17938 44818
17939 44049
17940 44050
17941 44051
17942 43285
17943 43797
17944 43541
17945 43287
17946 43799
17947 43543
17948 43286
17949 43542
17950 43798
17951 44309
17952 44821
17953 44565
17954 44311
17955 44823
17956 44567
17957 44310
17958 44566
17959 44822
17960 44053
17961 44054
17962 44055
17963 44820
17964 43540
17965 43796
17966 43284
17967 44308
17968 44564
17969 44052
17970 43025
17971 43030
17972 43027
17973 43026
17974 43029
17975 43028
17976 43031
17977 41241
17978 41753
17979 41497
17980 41243
17981 41755
17982 41499
17983 41242
17984 41498
17985 41754
17986 42265
17987 42777
17988 42521
17989 42267
17990 42779
17991 42523
17992 42266
17993 42522
17994 42778
17995 42009
17996 42010
17997 42011
17998 41245
17999 41757
18000 41501
18001 41247
18002 41759
18003 41503
18004 41246
18005 41502
18006 41758
18007 42269
18008 42781
18009 42525
18010 42271
18011 42783
18012 42527
18013 42270
18014 42526
18015 42782
18016 42013
18017 42014
18018 42015
18019 41500
18020 41756
18021 42012
18022 42268
18023 42524
18024 41244
18025 42780
18026 43289
18027 43801
18028 43545
18029 43291
18030 43803
18031 43547
18032 43290
18033 43546
18034 43802
18035 44313
18036 44825
18037 44569
18038 44315
18039 44827
18040 44571
18041 44314
18042 44570
18043 44826
18044 44057
18045 44058
18046 44059
18047 43293
18048 43805
18049 43549
18050 43295
18051 43807
18052 43551
18053 43294
18054 43550
18055 43806
18056 44317
18057 44829
18058 44573
18059 44319
18060 44831
18061 44575
18062 44318
18063 44574
18064 44830
18065 44061
18066 44062
18067 44063
18068 44316
18069 43292
18070 43548
18071 44060
18072 43804
18073 44572
18074 44828
18075 43033
18076 43034
18077 43035
18078 43038
18079 43039
18080 43036
18081 43037
18082 41496
18083 44824
18084 43288
18085 41240
18086 44056
18087 42264
18088 42008
18089 43800
18090 44312
18091 42776
18092 44568
18093 43544
18094 43032
18095 41752
18096 42520
18097 45329
18098 45841
18099 45585
18100 45331
18101 45843
18102 45587
18103 45330
18104 45586
18105 45842
18106 46353
18107 46865
18108 46609
18109 46355
18110 46867
18111 46611
18112 46354
18113 46610
18114 46866
18115 46097
18116 46098
18117 46099
18118 45333
18119 45845
18120 45589
18121 45335
18122 45847
18123 45591
18124 45334
18125 45590
18126 45846
18127 46357
18128 46869
18129 46613
18130 46359
18131 46871
18132 46615
18133 46358
18134 46614
18135 46870
18136 46101
18137 46102
18138 46103
18139 45332
18140 45588
18141 46100
18142 46356
18143 45844
18144 46612
18145 46868
18146 47377
18147 47889
18148 47633
18149 47379
18150 47891
18151 47635
18152 47378
18153 47634
18154 47890
18155 48401
18156 48913
18157 48657
18158 48403
18159 48915
18160 48659
18161 48402
18162 48658
18163 48914
18164 48145
18165 48146
18166 48147
18167 47381
18168 47893
18169 47637
18170 47383
18171 47895
18172 47639
18173 47382
18174 47638
18175 47894
18176 48405
18177 48917
18178 48661
18179 48407
18180 48919
18181 48663
18182 48406
18183 48662
18184 48918
18185 48149
18186 48150
18187 48151
18188 48404
18189 47892
18190 48660
18191 48148
18192 47636
18193 48916
18194 47380
18195 47121
18196 47123
18197 47122
18198 47124
18199 47127
18200 47125
18201 47126
18202 45337
18203 45849
18204 45593
18205 45339
18206 45851
18207 45595
18208 45338
18209 45594
18210 45850
18211 46361
18212 46873
18213 46617
18214 46363
18215 46875
18216 46619
18217 46362
18218 46618
18219 46874
18220 46105
18221 46106
18222 46107
18223 45341
18224 45853
18225 45597
18226 45343
18227 45855
18228 45599
18229 45342
18230 45598
18231 45854
18232 46365
18233 46877
18234 46621
18235 46367
18236 46879
18237 46623
18238 46366
18239 46622
18240 46878
18241 46109
18242 46110
18243 46111
18244 45340
18245 45596
18246 45852
18247 46364
18248 46108
18249 46620
18250 46876
18251 47385
18252 47897
18253 47641
18254 47387
18255 47899
18256 47643
18257 47386
18258 47642
18259 47898
18260 48409
18261 48921
18262 48665
18263 48411
18264 48923
18265 48667
18266 48410
18267 48666
18268 48922
18269 48153
18270 48154
18271 48155
18272 47389
18273 47901
18274 47645
18275 47391
18276 47903
18277 47647
18278 47390
18279 47646
18280 47902
18281 48413
18282 48925
18283 48669
18284 48415
18285 48927
18286 48671
18287 48414
18288 48670
18289 48926
18290 48157
18291 48158
18292 48159
18293 48668
18294 47388
18295 48924
18296 47644
18297 48412
18298 47900
18299 48156
18300 47132
18301 47134
18302 47130
18303 47129
18304 47131
18305 47133
18306 47135
18307 45336
18308 48152
18309 48920
18310 46360
18311 46616
18312 48664
18313 45848
18314 47384
18315 46104
18316 47896
18317 47640
18318 45592
18319 46872
18320 47128
18321 48408
18322 45077
18323 45085
18324 45073
18325 45079
18326 45081
18327 45080
18328 45082
18329 45086
18330 45078
18331 45083
18332 45087
18333 45084
18334 45076
18335 45075
18336 45074
18337 43024
18338 44816
18339 42000
18340 43792
18341 47120
18342 43536
18343 48144
18344 47888
18345 43280
18346 45584
18347 45328
18348 46864
18349 41744
18350 44560
18351 44304
18352 46096
18353 48400
18354 46352
18355 41232
18356 45840
18357 48656
18358 44048
18359 41488
18360 42256
18361 48912
18362 42768
18363 42512
18364 47632
18365 45072
18366 46608
18367 47376
18368 40967
18369 40961
18370 40973
18371 40976
18372 40962
18373 40966
18374 40974
18375 40981
18376 40989
18377 40971
18378 40963
18379 40986
18380 40990
18381 40965
18382 40964
18383 40975
18384 40980
18385 40972
18386 40985
18387 40969
18388 40977
18389 40983
18390 40970
18391 40979
18392 40978
18393 40984
18394 40991
18395 40988
18396 40960
18397 40987
18398 40968
18399 40982
18400 33057
18401 33569
18402 33313
18403 33059
18404 33571
18405 33315
18406 33058
18407 33314
18408 33570
18409 34081
18410 34593
18411 34337
18412 34083
18413 34595
18414 34339
18415 34082
18416 34338
18417 34594
18418 33825
18419 33826
18420 33827
18421 33061
18422 33573
18423 33317
18424 33063
18425 33575
18426 33319
18427 33062
18428 33318
18429 33574
18430 34085
18431 34597
18432 34341
18433 34087
18434 34599
18435 34343
18436 34086
18437 34342
18438 34598
18439 33829
18440 33830
18441 33831
18442 33060
18443 33572
18444 33828
18445 33316
18446 34084
18447 34340
18448 34596
18449 35105
18450 35617
18451 35361
18452 35107
18453 35619
18454 35363
18455 35106
18456 35362
18457 35618
18458 36129
18459 36641
18460 36385
18461 36131
18462 36643
18463 36387
18464 36130
18465 36386
18466 36642
18467 35873
18468 35874
18469 35875
18470 35109
18471 35621
18472 35365
18473 35111
18474 35623
18475 35367
18476 35110
18477 35366
18478 35622
18479 36133
18480 36645
18481 36389
18482 36135
18483 36647
18484 36391
18485 36134
18486 36390
18487 36646
18488 35877
18489 35878
18490 35879
18491 35108
18492 35620
18493 35364
18494 36132
18495 35876
18496 36388
18497 36644
18498 34849
18499 34851
18500 34852
18501 34855
18502 34850
18503 34853
18504 34854
18505 33065
18506 33577
18507 33321
18508 33067
18509 33579
18510 33323
18511 33066
18512 33322
18513 33578
18514 34089
18515 34601
18516 34345
18517 34091
18518 34603
18519 34347
18520 34090
18521 34346
18522 34602
18523 33833
18524 33834
18525 33835
18526 33069
18527 33581
18528 33325
18529 33071
18530 33583
18531 33327
18532 33070
18533 33326
18534 33582
18535 34093
18536 34605
18537 34349
18538 34095
18539 34607
18540 34351
18541 34094
18542 34350
18543 34606
18544 33837
18545 33838
18546 33839
18547 33068
18548 33324
18549 34092
18550 33580
18551 33836
18552 34348
18553 34604
18554 35113
18555 35625
18556 35369
18557 35115
18558 35627
18559 35371
18560 35114
18561 35370
18562 35626
18563 36137
18564 36649
18565 36393
18566 36139
18567 36651
18568 36395
18569 36138
18570 36394
18571 36650
18572 35881
18573 35882
18574 35883
18575 35117
18576 35629
18577 35373
18578 35119
18579 35631
18580 35375
18581 35118
18582 35374
18583 35630
18584 36141
18585 36653
18586 36397
18587 36143
18588 36655
18589 36399
18590 36142
18591 36398
18592 36654
18593 35885
18594 35886
18595 35887
18596 35116
18597 35372
18598 35628
18599 36140
18600 35884
18601 36396
18602 36652
18603 34857
18604 34861
18605 34860
18606 34859
18607 34858
18608 34862
18609 34863
18610 33576
18611 35368
18612 34344
18613 35112
18614 36392
18615 36136
18616 34600
18617 35624
18618 35880
18619 34856
18620 33832
18621 33064
18622 34088
18623 33320
18624 36648
18625 37153
18626 37665
18627 37409
18628 37155
18629 37667
18630 37411
18631 37154
18632 37410
18633 37666
18634 38177
18635 38689
18636 38433
18637 38179
18638 38691
18639 38435
18640 38178
18641 38434
18642 38690
18643 37921
18644 37922
18645 37923
18646 37157
18647 37669
18648 37413
18649 37159
18650 37671
18651 37415
18652 37158
18653 37414
18654 37670
18655 38181
18656 38693
18657 38437
18658 38183
18659 38695
18660 38439
18661 38182
18662 38438
18663 38694
18664 37925
18665 37926
18666 37927
18667 37156
18668 37924
18669 38180
18670 37668
18671 38436
18672 37412
18673 38692
18674 39201
18675 39713
18676 39457
18677 39203
18678 39715
18679 39459
18680 39202
18681 39458
18682 39714
18683 40225
18684 40737
18685 40481
18686 40227
18687 40739
18688 40483
18689 40226
18690 40482
18691 40738
18692 39969
18693 39970
18694 39971
18695 39205
18696 39717
18697 39461
18698 39207
18699 39719
18700 39463
18701 39206
18702 39462
18703 39718
18704 40229
18705 40741
18706 40485
18707 40231
18708 40743
18709 40487
18710 40230
18711 40486
18712 40742
18713 39973
18714 39974
18715 39975
18716 39204
18717 39972
18718 39460
18719 40228
18720 39716
18721 40484
18722 40740
18723 38945
18724 38951
18725 38947
18726 38946
18727 38949
18728 38950
18729 38948
18730 37161
18731 37673
18732 37417
18733 37163
18734 37675
18735 37419
18736 37162
18737 37418
18738 37674
18739 38185
18740 38697
18741 38441
18742 38187
18743 38699
18744 38443
18745 38186
18746 38442
18747 38698
18748 37929
18749 37930
18750 37931
18751 37165
18752 37677
18753 37421
18754 37167
18755 37679
18756 37423
18757 37166
18758 37422
18759 37678
18760 38189
18761 38701
18762 38445
18763 38191
18764 38703
18765 38447
18766 38190
18767 38446
18768 38702
18769 37933
18770 37934
18771 37935
18772 37164
18773 37420
18774 37676
18775 38188
18776 38444
18777 37932
18778 38700
18779 39209
18780 39721
18781 39465
18782 39211
18783 39723
18784 39467
18785 39210
18786 39466
18787 39722
18788 40233
18789 40745
18790 40489
18791 40235
18792 40747
18793 40491
18794 40234
18795 40490
18796 40746
18797 39977
18798 39978
18799 39979
18800 39213
18801 39725
18802 39469
18803 39215
18804 39727
18805 39471
18806 39214
18807 39470
18808 39726
18809 40237
18810 40749
18811 40493
18812 40239
18813 40751
18814 40495
18815 40238
18816 40494
18817 40750
18818 39981
18819 39982
18820 39983
18821 39212
18822 39468
18823 39980
18824 40236
18825 40492
18826 39724
18827 40748
18828 38953
18829 38956
18830 38957
18831 38955
18832 38954
18833 38959
18834 38958
18835 38184
18836 37160
18837 38952
18838 39208
18839 37416
18840 40488
18841 37672
18842 39976
18843 39464
18844 40232
18845 38440
18846 37928
18847 38696
18848 40744
18849 39720
18850 36908
18851 36909
18852 36900
18853 36901
18854 36907
18855 36899
18856 36911
18857 36906
18858 36903
18859 36898
18860 36902
18861 36905
18862 36897
18863 36904
18864 36910
18865 33073
18866 33585
18867 33329
18868 33075
18869 33587
18870 33331
18871 33074
18872 33330
18873 33586
18874 34097
18875 34609
18876 34353
18877 34099
18878 34611
18879 34355
18880 34098
18881 34354
18882 34610
18883 33841
18884 33842
18885 33843
18886 33077
18887 33589
18888 33333
18889 33079
18890 33591
18891 33335
18892 33078
18893 33334
18894 33590
18895 34101
18896 34613
18897 34357
18898 34103
18899 34615
18900 34359
18901 34102
18902 34358
18903 34614
18904 33845
18905 33846
18906 33847
18907 33076
18908 33332
18909 34100
18910 33588
18911 33844
18912 34356
18913 34612
18914 35121
18915 35633
18916 35377
18917 35123
18918 35635
18919 35379
18920 35122
18921 35378
18922 35634
18923 36145
18924 36657
18925 36401
18926 36147
18927 36659
18928 36403
18929 36146
18930 36402
18931 36658
18932 35889
18933 35890
18934 35891
18935 35125
18936 35637
18937 35381
18938 35127
18939 35639
18940 35383
18941 35126
18942 35382
18943 35638
18944 36149
18945 36661
18946 36405
18947 36151
18948 36663
18949 36407
18950 36150
18951 36406
18952 36662
18953 35893
18954 35894
18955 35895
18956 35124
18957 36660
18958 36148
18959 35380
18960 35636
18961 35892
18962 36404
18963 34865
18964 34866
18965 34871
18966 34868
18967 34869
18968 34870
18969 34867
18970 33081
18971 33593
18972 33337
18973 33083
18974 33595
18975 33339
18976 33082
18977 33338
18978 33594
18979 34105
18980 34617
18981 34361
18982 34107
18983 34619
18984 34363
18985 34106
18986 34362
18987 34618
18988 33849
18989 33850
18990 33851
18991 33085
18992 33597
18993 33341
18994 33087
18995 33599
18996 33343
18997 33086
18998 33342
18999 33598
19000 34109
19001 34621
19002 34365
19003 34111
19004 34623
19005 34367
19006 34110
19007 34366
19008 34622
19009 33853
19010 33854
19011 33855
19012 33084
19013 33596
19014 33340
19015 34108
19016 33852
19017 34364
19018 34620
19019 35129
19020 35641
19021 35385
19022 35131
19023 35643
19024 35387
19025 35130
19026 35386
19027 35642
19028 36153
19029 36665
19030 36409
19031 36155
19032 36667
19033 36411
19034 36154
19035 36410
19036 36666
19037 35897
19038 35898
19039 35899
19040 35133
19041 35645
19042 35389
19043 35135
19044 35647
19045 35391
19046 35134
19047 35390
19048 35646
19049 36157
19050 36669
19051 36413
19052 36159
19053 36671
19054 36415
19055 36158
19056 36414
19057 36670
19058 35901
19059 35902
19060 35903
19061 35132
19062 35388
19063 35644
19064 36412
19065 35900
19066 36156
19067 36668
19068 34875
19069 34877
19070 34878
19071 34876
19072 34879
19073 34873
19074 34874
19075 33336
19076 33592
19077 33848
19078 34104
19079 34360
19080 34616
19081 34872
19082 35896
19083 35128
19084 35384
19085 35640
19086 36152
19087 36408
19088 36664
19089 33080
19090 37169
19091 37681
19092 37425
19093 37171
19094 37683
19095 37427
19096 37170
19097 37426
19098 37682
19099 38193
19100 38705
19101 38449
19102 38195
19103 38707
19104 38451
19105 38194
19106 38450
19107 38706
19108 37937
19109 37938
19110 37939
19111 37173
19112 37685
19113 37429
19114 37175
19115 37687
19116 37431
19117 37174
19118 37430
19119 37686
19120 38197
19121 38709
19122 38453
19123 38199
19124 38711
19125 38455
19126 38198
19127 38454
19128 38710
19129 37941
19130 37942
19131 37943
19132 37172
19133 37428
19134 37684
19135 38196
19136 37940
19137 38452
19138 38708
19139 39217
19140 39729
19141 39473
19142 39219
19143 39731
19144 39475
19145 39218
19146 39474
19147 39730
19148 40241
19149 40753
19150 40497
19151 40243
19152 40755
19153 40499
19154 40242
19155 40498
19156 40754
19157 39985
19158 39986
19159 39987
19160 39221
19161 39733
19162 39477
19163 39223
19164 39735
19165 39479
19166 39222
19167 39478
19168 39734
19169 40245
19170 40757
19171 40501
19172 40247
19173 40759
19174 40503
19175 40246
19176 40502
19177 40758
19178 39989
19179 39990
19180 39991
19181 39220
19182 39476
19183 39988
19184 40500
19185 40244
19186 39732
19187 40756
19188 38961
19189 38963
19190 38966
19191 38967
19192 38962
19193 38964
19194 38965
19195 37177
19196 37689
19197 37433
19198 37179
19199 37691
19200 37435
19201 37178
19202 37434
19203 37690
19204 38201
19205 38713
19206 38457
19207 38203
19208 38715
19209 38459
19210 38202
19211 38458
19212 38714
19213 37945
19214 37946
19215 37947
19216 37181
19217 37693
19218 37437
19219 37183
19220 37695
19221 37439
19222 37182
19223 37438
19224 37694
19225 38205
19226 38717
19227 38461
19228 38207
19229 38719
19230 38463
19231 38206
19232 38462
19233 38718
19234 37949
19235 37950
19236 37951
19237 37180
19238 37948
19239 38204
19240 37692
19241 38460
19242 38716
19243 37436
19244 39225
19245 39737
19246 39481
19247 39227
19248 39739
19249 39483
19250 39226
19251 39482
19252 39738
19253 40249
19254 40761
19255 40505
19256 40251
19257 40763
19258 40507
19259 40250
19260 40506
19261 40762
19262 39993
19263 39994
19264 39995
19265 39229
19266 39741
19267 39485
19268 39231
19269 39743
19270 39487
19271 39230
19272 39486
19273 39742
19274 40253
19275 40765
19276 40509
19277 40255
19278 40767
19279 40511
19280 40254
19281 40510
19282 40766
19283 39997
19284 39998
19285 39999
19286 39228
19287 39484
19288 39996
19289 40252
19290 40508
19291 39740
19292 40764
19293 38971
19294 38973
19295 38974
19296 38969
19297 38970
19298 38975
19299 38972
19300 39736
19301 39480
19302 38712
19303 37688
19304 40760
19305 37944
19306 40248
19307 37432
19308 37176
19309 39224
19310 38456
19311 40504
19312 39992
19313 38968
19314 38200
19315 36927
19316 36914
19317 36915
19318 36921
19319 36919
19320 36923
19321 36926
19322 36922
19323 36913
19324 36925
19325 36916
19326 36918
19327 36924
19328 36917
19329 36920
19330 39984
19331 38704
19332 36400
19333 37936
19334 33328
19335 33072
19336 40752
19337 34096
19338 35376
19339 39728
19340 38448
19341 36144
19342 39472
19343 37680
19344 40496
19345 34352
19346 35120
19347 34864
19348 39216
19349 33584
19350 34608
19351 36912
19352 35632
19353 38960
19354 40240
19355 33840
19356 38192
19357 36656
19358 37424
19359 37168
19360 35888
19361 41249
19362 41761
19363 41505
19364 41251
19365 41763
19366 41507
19367 41250
19368 41506
19369 41762
19370 42273
19371 42785
19372 42529
19373 42275
19374 42787
19375 42531
19376 42274
19377 42530
19378 42786
19379 42017
19380 42018
19381 42019
19382 41253
19383 41765
19384 41509
19385 41255
19386 41767
19387 41511
19388 41254
19389 41510
19390 41766
19391 42277
19392 42789
19393 42533
19394 42279
19395 42791
19396 42535
19397 42278
19398 42534
19399 42790
19400 42021
19401 42022
19402 42023
19403 42276
19404 42788
19405 41252
19406 42532
19407 41508
19408 41764
19409 42020
19410 43297
19411 43809
19412 43553
19413 43299
19414 43811
19415 43555
19416 43298
19417 43554
19418 43810
19419 44321
19420 44833
19421 44577
19422 44323
19423 44835
19424 44579
19425 44322
19426 44578
19427 44834
19428 44065
19429 44066
19430 44067
19431 43301
19432 43813
19433 43557
19434 43303
19435 43815
19436 43559
19437 43302
19438 43558
19439 43814
19440 44325
19441 44837
19442 44581
19443 44327
19444 44839
19445 44583
19446 44326
19447 44582
19448 44838
19449 44069
19450 44070
19451 44071
19452 43300
19453 43556
19454 43812
19455 44836
19456 44068
19457 44324
19458 44580
19459 43041
19460 43042
19461 43046
19462 43045
19463 43043
19464 43047
19465 43044
19466 41257
19467 41769
19468 41513
19469 41259
19470 41771
19471 41515
19472 41258
19473 41514
19474 41770
19475 42281
19476 42793
19477 42537
19478 42283
19479 42795
19480 42539
19481 42282
19482 42538
19483 42794
19484 42025
19485 42026
19486 42027
19487 41261
19488 41773
19489 41517
19490 41263
19491 41775
19492 41519
19493 41262
19494 41518
19495 41774
19496 42285
19497 42797
19498 42541
19499 42287
19500 42799
19501 42543
19502 42286
19503 42542
19504 42798
19505 42029
19506 42030
19507 42031
19508 41260
19509 42028
19510 41516
19511 41772
19512 42284
19513 42540
19514 42796
19515 43305
19516 43817
19517 43561
19518 43307
19519 43819
19520 43563
19521 43306
19522 43562
19523 43818
19524 44329
19525 44841
19526 44585
19527 44331
19528 44843
19529 44587
19530 44330
19531 44586
19532 44842
19533 44073
19534 44074
19535 44075
19536 43309
19537 43821
19538 43565
19539 43311
19540 43823
19541 43567
19542 43310
19543 43566
19544 43822
19545 44333
19546 44845
19547 44589
19548 44335
19549 44847
19550 44591
19551 44334
19552 44590
19553 44846
19554 44077
19555 44078
19556 44079
19557 43308
19558 44844
19559 43564
19560 43820
19561 44076
19562 44332
19563 44588
19564 43051
19565 43049
19566 43054
19567 43052
19568 43053
19569 43055
19570 43050
19571 43560
19572 42280
19573 43304
19574 42536
19575 43048
19576 44328
19577 44584
19578 42024
19579 42792
19580 44072
19581 43816
19582 41256
19583 41768
19584 41512
19585 44840
19586 45345
19587 45857
19588 45601
19589 45347
19590 45859
19591 45603
19592 45346
19593 45602
19594 45858
19595 46369
19596 46881
19597 46625
19598 46371
19599 46883
19600 46627
19601 46370
19602 46626
19603 46882
19604 46113
19605 46114
19606 46115
19607 45349
19608 45861
19609 45605
19610 45351
19611 45863
19612 45607
19613 45350
19614 45606
19615 45862
19616 46373
19617 46885
19618 46629
19619 46375
19620 46887
19621 46631
19622 46374
19623 46630
19624 46886
19625 46117
19626 46118
19627 46119
19628 45348
19629 45604
19630 46116
19631 45860
19632 46372
19633 46628
19634 46884
19635 47393
19636 47905
19637 47649
19638 47395
19639 47907
19640 47651
19641 47394
19642 47650
19643 47906
19644 48417
19645 48929
19646 48673
19647 48419
19648 48931
19649 48675
19650 48418
19651 48674
19652 48930
19653 48161
19654 48162
19655 48163
19656 47397
19657 47909
19658 47653
19659 47399
19660 47911
19661 47655
19662 47398
19663 47654
19664 47910
19665 48421
19666 48933
19667 48677
19668 48423
19669 48935
19670 48679
19671 48422
19672 48678
19673 48934
19674 48165
19675 48166
19676 48167
19677 47396
19678 47908
19679 47652
19680 48420
19681 48164
19682 48676
19683 48932
19684 47141
19685 47139
19686 47143
19687 47142
19688 47140
19689 47138
19690 47137
19691 45353
19692 45865
19693 45609
19694 45355
19695 45867
19696 45611
19697 45354
19698 45610
19699 45866
19700 46377
19701 46889
19702 46633
19703 46379
19704 46891
19705 46635
19706 46378
19707 46634
19708 46890
19709 46121
19710 46122
19711 46123
19712 45357
19713 45869
19714 45613
19715 45359
19716 45871
19717 45615
19718 45358
19719 45614
19720 45870
19721 46381
19722 46893
19723 46637
19724 46383
19725 46895
19726 46639
19727 46382
19728 46638
19729 46894
19730 46125
19731 46126
19732 46127
19733 46124
19734 45612
19735 45868
19736 46892
19737 46380
19738 46636
19739 45356
19740 47401
19741 47913
19742 47657
19743 47403
19744 47915
19745 47659
19746 47402
19747 47658
19748 47914
19749 48425
19750 48937
19751 48681
19752 48427
19753 48939
19754 48683
19755 48426
19756 48682
19757 48938
19758 48169
19759 48170
19760 48171
19761 47405
19762 47917
19763 47661
19764 47407
19765 47919
19766 47663
19767 47406
19768 47662
19769 47918
19770 48429
19771 48941
19772 48685
19773 48431
19774 48943
19775 48687
19776 48430
19777 48686
19778 48942
19779 48173
19780 48174
19781 48175
19782 47404
19783 48684
19784 47660
19785 48428
19786 47916
19787 48172
19788 48940
19789 47150
19790 47146
19791 47147
19792 47149
19793 47148
19794 47151
19795 47145
19796 45864
19797 46888
19798 47912
19799 47656
19800 45608
19801 47400
19802 45352
19803 48936
19804 46376
19805 46120
19806 48680
19807 46632
19808 47144
19809 48168
19810 48424
19811 45097
19812 45099
19813 45100
19814 45093
19815 45096
19816 45102
19817 45089
19818 45092
19819 45091
19820 45103
19821 45098
19822 45101
19823 45094
19824 45090
19825 45095
19826 41265
19827 41777
19828 41521
19829 41267
19830 41779
19831 41523
19832 41266
19833 41522
19834 41778
19835 42289
19836 42801
19837 42545
19838 42291
19839 42803
19840 42547
19841 42290
19842 42546
19843 42802
19844 42033
19845 42034
19846 42035
19847 41269
19848 41781
19849 41525
19850 41271
19851 41783
19852 41527
19853 41270
19854 41526
19855 41782
19856 42293
19857 42805
19858 42549
19859 42295
19860 42807
19861 42551
19862 42294
19863 42550
19864 42806
19865 42037
19866 42038
19867 42039
19868 41268
19869 42036
19870 41780
19871 42292
19872 42548
19873 41524
19874 42804
19875 43313
19876 43825
19877 43569
19878 43315
19879 43827
19880 43571
19881 43314
19882 43570
19883 43826
19884 44337
19885 44849
19886 44593
19887 44339
19888 44851
19889 44595
19890 44338
19891 44594
19892 44850
19893 44081
19894 44082
19895 44083
19896 43317
19897 43829
19898 43573
19899 43319
19900 43831
19901 43575
19902 43318
19903 43574
19904 43830
19905 44341
19906 44853
19907 44597
19908 44343
19909 44855
19910 44599
19911 44342
19912 44598
19913 44854
19914 44085
19915 44086
19916 44087
19917 44596
19918 44084
19919 43828
19920 43316
19921 44340
19922 43572
19923 44852
19924 43060
19925 43057
19926 43061
19927 43062
19928 43063
19929 43058
19930 43059
19931 41273
19932 41785
19933 41529
19934 41275
19935 41787
19936 41531
19937 41274
19938 41530
19939 41786
19940 42297
19941 42809
19942 42553
19943 42299
19944 42811
19945 42555
19946 42298
19947 42554
19948 42810
19949 42041
19950 42042
19951 42043
19952 41277
19953 41789
19954 41533
19955 41279
19956 41791
19957 41535
19958 41278
19959 41534
19960 41790
19961 42301
19962 42813
19963 42557
19964 42303
19965 42815
19966 42559
19967 42302
19968 42558
19969 42814
19970 42045
19971 42046
19972 42047
19973 42300
19974 41788
19975 42044
19976 42812
19977 42556
19978 41276
19979 41532
19980 43321
19981 43833
19982 43577
19983 43323
19984 43835
19985 43579
19986 43322
19987 43578
19988 43834
19989 44345
19990 44857
19991 44601
19992 44347
19993 44859
19994 44603
19995 44346
19996 44602
19997 44858
19998 44089
19999 44090
20000 44091
20001 43325
20002 43837
20003 43581
20004 43327
20005 43839
20006 43583
20007 43326
20008 43582
20009 43838
20010 44349
20011 44861
20012 44605
20013 44351
20014 44863
20015 44607
20016 44350
20017 44606
20018 44862
20019 44093
20020 44094
20021 44095
20022 43324
20023 44348
20024 44092
20025 44604
20026 43836
20027 44860
20028 43580
20029 43070
20030 43065
20031 43066
20032 43068
20033 43069
20034 43067
20035 43071
20036 41528
20037 42296
20038 41272
20039 43064
20040 42552
20041 41784
20042 43320
20043 44600
20044 43576
20045 44856
20046 42808
20047 44088
20048 43832
20049 42040
20050 44344
20051 45361
20052 45873
20053 45617
20054 45363
20055 45875
20056 45619
20057 45362
20058 45618
20059 45874
20060 46385
20061 46897
20062 46641
20063 46387
20064 46899
20065 46643
20066 46386
20067 46642
20068 46898
20069 46129
20070 46130
20071 46131
20072 45365
20073 45877
20074 45621
20075 45367
20076 45879
20077 45623
20078 45366
20079 45622
20080 45878
20081 46389
20082 46901
20083 46645
20084 46391
20085 46903
20086 46647
20087 46390
20088 46646
20089 46902
20090 46133
20091 46134
20092 46135
20093 46900
20094 45620
20095 45876
20096 45364
20097 46132
20098 46388
20099 46644
20100 47409
20101 47921
20102 47665
20103 47411
20104 47923
20105 47667
20106 47410
20107 47666
20108 47922
20109 48433
20110 48945
20111 48689
20112 48435
20113 48947
20114 48691
20115 48434
20116 48690
20117 48946
20118 48177
20119 48178
20120 48179
20121 47413
20122 47925
20123 47669
20124 47415
20125 47927
20126 47671
20127 47414
20128 47670
20129 47926
20130 48437
20131 48949
20132 48693
20133 48439
20134 48951
20135 48695
20136 48438
20137 48694
20138 48950
20139 48181
20140 48182
20141 48183
20142 47412
20143 47668
20144 48692
20145 48948
20146 48436
20147 47924
20148 48180
20149 47153
20150 47155
20151 47156
20152 47158
20153 47157
20154 47154
20155 47159
20156 45369
20157 45881
20158 45625
20159 45371
20160 45883
20161 45627
20162 45370
20163 45626
20164 45882
20165 46393
20166 46905
20167 46649
20168 46395
20169 46907
20170 46651
20171 46394
20172 46650
20173 46906
20174 46137
20175 46138
20176 46139
20177 45373
20178 45885
20179 45629
20180 45375
20181 45887
20182 45631
20183 45374
20184 45630
20185 45886
20186 46397
20187 46909
20188 46653
20189 46399
20190 46911
20191 46655
20192 46398
20193 46654
20194 46910
20195 46141
20196 46142
20197 46143
20198 45628
20199 45884
20200 46140
20201 46396
20202 46652
20203 46908
20204 45372
20205 47417
20206 47929
20207 47673
20208 47419
20209 47931
20210 47675
20211 47418
20212 47674
20213 47930
20214 48441
20215 48953
20216 48697
20217 48443
20218 48955
20219 48699
20220 48442
20221 48698
20222 48954
20223 48185
20224 48186
20225 48187
20226 47421
20227 47933
20228 47677
20229 47423
20230 47935
20231 47679
20232 47422
20233 47678
20234 47934
20235 48445
20236 48957
20237 48701
20238 48447
20239 48959
20240 48703
20241 48446
20242 48702
20243 48958
20244 48189
20245 48190
20246 48191
20247 47420
20248 47676
20249 48444
20250 48188
20251 47932
20252 48700
20253 48956
20254 47161
20255 47166
20256 47163
20257 47164
20258 47165
20259 47162
20260 47167
20261 47672
20262 45368
20263 46136
20264 47928
20265 47416
20266 48952
20267 47160
20268 48184
20269 48696
20270 46392
20271 46904
20272 45624
20273 45880
20274 46648
20275 48440
20276 45116
20277 45117
20278 45109
20279 45105
20280 45118
20281 45113
20282 45108
20283 45110
20284 45119
20285 45111
20286 45115
20287 45114
20288 45112
20289 45107
20290 45106
20291 47408
20292 45872
20293 41520
20294 44336
20295 47152
20296 48176
20297 41264
20298 42032
20299 42800
20300 43312
20301 48432
20302 45360
20303 44080
20304 42288
20305 43568
20306 46384
20307 45616
20308 47920
20309 46640
20310 46128
20311 46896
20312 48688
20313 48944
20314 41776
20315 44592
20316 43824
20317 45104
20318 42544
20319 43056
20320 44848
20321 47664
20322 41002
20323 40994
20324 40993
20325 41011
20326 41000
20327 40996
20328 41019
20329 41012
20330 41016
20331 41008
20332 41007
20333 41015
20334 41010
20335 41023
20336 41014
20337 40999
20338 41003
20339 41022
20340 40998
20341 41009
20342 40995
20343 41001
20344 40997
20345 41005
20346 41020
20347 41017
20348 41006
20349 41013
20350 41021
20351 41004
20352 41018
20353 37408
20354 45600
20355 33056
20356 47648
20357 36896
20358 44832
20359 43808
20360 43296
20361 46624
20362 46368
20363 42272
20364 35872
20365 38688
20366 34848
20367 40992
20368 37664
20369 46112
20370 42784
20371 41504
20372 44576
20373 44320
20374 42016
20375 43040
20376 34592
20377 39712
20378 42528
20379 46880
20380 38432
20381 35616
20382 34336
20383 41760
20384 40224
20385 45088
20386 36640
20387 44064
20388 45344
20389 47904
20390 36384
20391 34080
20392 47136
20393 33824
20394 48160
20395 39456
20396 35104
20397 43552
20398 38944
20399 37920
20400 48416
20401 39200
20402 37152
20403 48672
20404 45856
20405 36128
20406 33568
20407 38176
20408 47392
20409 35360
20410 48928
20411 39968
20412 41248
20413 33312
20414 40480
20415 40736
20416 49408
20417 49409
20418 49920
20419 49921
20420 49664
20421 49665
20422 49411
20423 49923
20424 49667
20425 49410
20426 49666
20427 49922
20428 50432
20429 50433
20430 50944
20431 50945
20432 50688
20433 50689
20434 50435
20435 50947
20436 50691
20437 50434
20438 50690
20439 50946
20440 50176
20441 50177
20442 50178
20443 50179
20444 49413
20445 49925
20446 49669
20447 49415
20448 49927
20449 49671
20450 49414
20451 49670
20452 49926
20453 50437
20454 50949
20455 50693
20456 50439
20457 50951
20458 50695
20459 50438
20460 50694
20461 50950
20462 50181
20463 50182
20464 50183
20465 49412
20466 50436
20467 50180
20468 50948
20469 50692
20470 49668
20471 49924
20472 51456
20473 51457
20474 51968
20475 51969
20476 51712
20477 51713
20478 51459
20479 51971
20480 51715
20481 51458
20482 51714
20483 51970
20484 52480
20485 52481
20486 52992
20487 52993
20488 52736
20489 52737
20490 52483
20491 52995
20492 52739
20493 52482
20494 52738
20495 52994
20496 52224
20497 52225
20498 52226
20499 52227
20500 51461
20501 51973
20502 51717
20503 51463
20504 51975
20505 51719
20506 51462
20507 51718
20508 51974
20509 52485
20510 52997
20511 52741
20512 52487
20513 52999
20514 52743
20515 52486
20516 52742
20517 52998
20518 52229
20519 52230
20520 52231
20521 52228
20522 52484
20523 52740
20524 52996
20525 51460
20526 51716
20527 51972
20528 51202
20529 51206
20530 51203
20531 51200
20532 51201
20533 51205
20534 51207
20535 51204
20536 49417
20537 49929
20538 49673
20539 49419
20540 49931
20541 49675
20542 49418
20543 49674
20544 49930
20545 50441
20546 50953
20547 50697
20548 50443
20549 50955
20550 50699
20551 50442
20552 50698
20553 50954
20554 50185
20555 50186
20556 50187
20557 49421
20558 49933
20559 49677
20560 49423
20561 49935
20562 49679
20563 49422
20564 49678
20565 49934
20566 50445
20567 50957
20568 50701
20569 50447
20570 50959
20571 50703
20572 50446
20573 50702
20574 50958
20575 50189
20576 50190
20577 50191
20578 49420
20579 49676
20580 50444
20581 49932
20582 50188
20583 50700
20584 50956
20585 51465
20586 51977
20587 51721
20588 51467
20589 51979
20590 51723
20591 51466
20592 51722
20593 51978
20594 52489
20595 53001
20596 52745
20597 52491
20598 53003
20599 52747
20600 52490
20601 52746
20602 53002
20603 52233
20604 52234
20605 52235
20606 51469
20607 51981
20608 51725
20609 51471
20610 51983
20611 51727
20612 51470
20613 51726
20614 51982
20615 52493
20616 53005
20617 52749
20618 52495
20619 53007
20620 52751
20621 52494
20622 52750
20623 53006
20624 52237
20625 52238
20626 52239
20627 51468
20628 51724
20629 52492
20630 52748
20631 51980
20632 52236
20633 53004
20634 51209
20635 51215
20636 51214
20637 51211
20638 51212
20639 51210
20640 51213
20641 51208
20642 51464
20643 51720
20644 51976
20645 52232
20646 52488
20647 52744
20648 53000
20649 49416
20650 49672
20651 49928
20652 50184
20653 50440
20654 50696
20655 50952
20656 53504
20657 53505
20658 54016
20659 54017
20660 53760
20661 53761
20662 53507
20663 54019
20664 53763
20665 53506
20666 53762
20667 54018
20668 54528
20669 54529
20670 55040
20671 55041
20672 54784
20673 54785
20674 54531
20675 55043
20676 54787
20677 54530
20678 54786
20679 55042
20680 54272
20681 54273
20682 54274
20683 54275
20684 53509
20685 54021
20686 53765
20687 53511
20688 54023
20689 53767
20690 53510
20691 53766
20692 54022
20693 54533
20694 55045
20695 54789
20696 54535
20697 55047
20698 54791
20699 54534
20700 54790
20701 55046
20702 54277
20703 54278
20704 54279
20705 53508
20706 54276
20707 54532
20708 54020
20709 54788
20710 53764
20711 55044
20712 55552
20713 55553
20714 56064
20715 56065
20716 55808
20717 55809
20718 55555
20719 56067
20720 55811
20721 55554
20722 55810
20723 56066
20724 56576
20725 56577
20726 57088
20727 57089
20728 56832
20729 56833
20730 56579
20731 57091
20732 56835
20733 56578
20734 56834
20735 57090
20736 56320
20737 56321
20738 56322
20739 56323
20740 55557
20741 56069
20742 55813
20743 55559
20744 56071
20745 55815
20746 55558
20747 55814
20748 56070
20749 56581
20750 57093
20751 56837
20752 56583
20753 57095
20754 56839
20755 56582
20756 56838
20757 57094
20758 56325
20759 56326
20760 56327
20761 55556
20762 56580
20763 56836
20764 56324
20765 56068
20766 57092
20767 55812
20768 55297
20769 55298
20770 55296
20771 55299
20772 55300
20773 55302
20774 55301
20775 55303
20776 53513
20777 54025
20778 53769
20779 53515
20780 54027
20781 53771
20782 53514
20783 53770
20784 54026
20785 54537
20786 55049
20787 54793
20788 54539
20789 55051
20790 54795
20791 54538
20792 54794
20793 55050
20794 54281
20795 54282
20796 54283
20797 53517
20798 54029
20799 53773
20800 53519
20801 54031
20802 53775
20803 53518
20804 53774
20805 54030
20806 54541
20807 55053
20808 54797
20809 54543
20810 55055
20811 54799
20812 54542
20813 54798
20814 55054
20815 54285
20816 54286
20817 54287
20818 53772
20819 54284
20820 54540
20821 54796
20822 53516
20823 54028
20824 55052
20825 55561
20826 56073
20827 55817
20828 55563
20829 56075
20830 55819
20831 55562
20832 55818
20833 56074
20834 56585
20835 57097
20836 56841
20837 56587
20838 57099
20839 56843
20840 56586
20841 56842
20842 57098
20843 56329
20844 56330
20845 56331
20846 55565
20847 56077
20848 55821
20849 55567
20850 56079
20851 55823
20852 55566
20853 55822
20854 56078
20855 56589
20856 57101
20857 56845
20858 56591
20859 57103
20860 56847
20861 56590
20862 56846
20863 57102
20864 56333
20865 56334
20866 56335
20867 55820
20868 56588
20869 56332
20870 57100
20871 56844
20872 55564
20873 56076
20874 55308
20875 55306
20876 55305
20877 55310
20878 55309
20879 55307
20880 55311
20881 54024
20882 54792
20883 55304
20884 55048
20885 56584
20886 55560
20887 56840
20888 53768
20889 56072
20890 54536
20891 53512
20892 54280
20893 57096
20894 56328
20895 55816
20896 53248
20897 53262
20898 53259
20899 53258
20900 53255
20901 53260
20902 53253
20903 53249
20904 53254
20905 53256
20906 53251
20907 53257
20908 53252
20909 53263
20910 53261
20911 53250
20912 49425
20913 49937
20914 49681
20915 49427
20916 49939
20917 49683
20918 49426
20919 49682
20920 49938
20921 50449
20922 50961
20923 50705
20924 50451
20925 50963
20926 50707
20927 50450
20928 50706
20929 50962
20930 50193
20931 50194
20932 50195
20933 49429
20934 49941
20935 49685
20936 49431
20937 49943
20938 49687
20939 49430
20940 49686
20941 49942
20942 50453
20943 50965
20944 50709
20945 50455
20946 50967
20947 50711
20948 50454
20949 50710
20950 50966
20951 50197
20952 50198
20953 50199
20954 49428
20955 49684
20956 50196
20957 50452
20958 49940
20959 50708
20960 50964
20961 51473
20962 51985
20963 51729
20964 51475
20965 51987
20966 51731
20967 51474
20968 51730
20969 51986
20970 52497
20971 53009
20972 52753
20973 52499
20974 53011
20975 52755
20976 52498
20977 52754
20978 53010
20979 52241
20980 52242
20981 52243
20982 51477
20983 51989
20984 51733
20985 51479
20986 51991
20987 51735
20988 51478
20989 51734
20990 51990
20991 52501
20992 53013
20993 52757
20994 52503
20995 53015
20996 52759
20997 52502
20998 52758
20999 53014
21000 52245
21001 52246
21002 52247
21003 51476
21004 53012
21005 52500
21006 51732
21007 52756
21008 52244
21009 51988
21010 51221
21011 51217
21012 51218
21013 51222
21014 51219
21015 51223
21016 51220
21017 49433
21018 49945
21019 49689
21020 49435
21021 49947
21022 49691
21023 49434
21024 49690
21025 49946
21026 50457
21027 50969
21028 50713
21029 50459
21030 50971
21031 50715
21032 50458
21033 50714
21034 50970
21035 50201
21036 50202
21037 50203
21038 49437
21039 49949
21040 49693
21041 49439
21042 49951
21043 49695
21044 49438
21045 49694
21046 49950
21047 50461
21048 50973
21049 50717
21050 50463
21051 50975
21052 50719
21053 50462
21054 50718
21055 50974
21056 50205
21057 50206
21058 50207
21059 49692
21060 49436
21061 50460
21062 49948
21063 50204
21064 50716
21065 50972
21066 51481
21067 51993
21068 51737
21069 51483
21070 51995
21071 51739
21072 51482
21073 51738
21074 51994
21075 52505
21076 53017
21077 52761
21078 52507
21079 53019
21080 52763
21081 52506
21082 52762
21083 53018
21084 52249
21085 52250
21086 52251
21087 51485
21088 51997
21089 51741
21090 51487
21091 51999
21092 51743
21093 51486
21094 51742
21095 51998
21096 52509
21097 53021
21098 52765
21099 52511
21100 53023
21101 52767
21102 52510
21103 52766
21104 53022
21105 52253
21106 52254
21107 52255
21108 51484
21109 51996
21110 52252
21111 51740
21112 52508
21113 52764
21114 53020
21115 51225
21116 51231
21117 51226
21118 51230
21119 51227
21120 51229
21121 51228
21122 50456
21123 49432
21124 52504
21125 51992
21126 50712
21127 49688
21128 51736
21129 50968
21130 49944
21131 52248
21132 50200
21133 51224
21134 53016
21135 52760
21136 51480
21137 53521
21138 54033
21139 53777
21140 53523
21141 54035
21142 53779
21143 53522
21144 53778
21145 54034
21146 54545
21147 55057
21148 54801
21149 54547
21150 55059
21151 54803
21152 54546
21153 54802
21154 55058
21155 54289
21156 54290
21157 54291
21158 53525
21159 54037
21160 53781
21161 53527
21162 54039
21163 53783
21164 53526
21165 53782
21166 54038
21167 54549
21168 55061
21169 54805
21170 54551
21171 55063
21172 54807
21173 54550
21174 54806
21175 55062
21176 54293
21177 54294
21178 54295
21179 55060
21180 53524
21181 53780
21182 54036
21183 54292
21184 54548
21185 54804
21186 55569
21187 56081
21188 55825
21189 55571
21190 56083
21191 55827
21192 55570
21193 55826
21194 56082
21195 56593
21196 57105
21197 56849
21198 56595
21199 57107
21200 56851
21201 56594
21202 56850
21203 57106
21204 56337
21205 56338
21206 56339
21207 55573
21208 56085
21209 55829
21210 55575
21211 56087
21212 55831
21213 55574
21214 55830
21215 56086
21216 56597
21217 57109
21218 56853
21219 56599
21220 57111
21221 56855
21222 56598
21223 56854
21224 57110
21225 56341
21226 56342
21227 56343
21228 57108
21229 55572
21230 56084
21231 55828
21232 56340
21233 56596
21234 56852
21235 55313
21236 55314
21237 55317
21238 55318
21239 55315
21240 55316
21241 55319
21242 53529
21243 54041
21244 53785
21245 53531
21246 54043
21247 53787
21248 53530
21249 53786
21250 54042
21251 54553
21252 55065
21253 54809
21254 54555
21255 55067
21256 54811
21257 54554
21258 54810
21259 55066
21260 54297
21261 54298
21262 54299
21263 53533
21264 54045
21265 53789
21266 53535
21267 54047
21268 53791
21269 53534
21270 53790
21271 54046
21272 54557
21273 55069
21274 54813
21275 54559
21276 55071
21277 54815
21278 54558
21279 54814
21280 55070
21281 54301
21282 54302
21283 54303
21284 53532
21285 54812
21286 54556
21287 53788
21288 54044
21289 54300
21290 55068
21291 55577
21292 56089
21293 55833
21294 55579
21295 56091
21296 55835
21297 55578
21298 55834
21299 56090
21300 56601
21301 57113
21302 56857
21303 56603
21304 57115
21305 56859
21306 56602
21307 56858
21308 57114
21309 56345
21310 56346
21311 56347
21312 55581
21313 56093
21314 55837
21315 55583
21316 56095
21317 55839
21318 55582
21319 55838
21320 56094
21321 56605
21322 57117
21323 56861
21324 56607
21325 57119
21326 56863
21327 56606
21328 56862
21329 57118
21330 56349
21331 56350
21332 56351
21333 55836
21334 56604
21335 56092
21336 56348
21337 56860
21338 55580
21339 57116
21340 55324
21341 55322
21342 55321
21343 55326
21344 55325
21345 55323
21346 55327
21347 57112
21348 54040
21349 53528
21350 54296
21351 56088
21352 54808
21353 55576
21354 54552
21355 53784
21356 55064
21357 56856
21358 55320
21359 56600
21360 55832
21361 56344
21362 53279
21363 53273
21364 53265
21365 53267
21366 53272
21367 53278
21368 53276
21369 53270
21370 53275
21371 53277
21372 53271
21373 53269
21374 53268
21375 53266
21376 53274
21377 52496
21378 49424
21379 51728
21380 55824
21381 51984
21382 50960
21383 53776
21384 56080
21385 53520
21386 56336
21387 54544
21388 52752
21389 51472
21390 50704
21391 54032
21392 51216
21393 54288
21394 56592
21395 52240
21396 56848
21397 57104
21398 50448
21399 53008
21400 54800
21401 53264
21402 50192
21403 49936
21404 55312
21405 55056
21406 49680
21407 55568
21408 57600
21409 57601
21410 58112
21411 58113
21412 57856
21413 57857
21414 57603
21415 58115
21416 57859
21417 57602
21418 57858
21419 58114
21420 58624
21421 58625
21422 59136
21423 59137
21424 58880
21425 58881
21426 58627
21427 59139
21428 58883
21429 58626
21430 58882
21431 59138
21432 58368
21433 58369
21434 58370
21435 58371
21436 57605
21437 58117
21438 57861
21439 57607
21440 58119
21441 57863
21442 57606
21443 57862
21444 58118
21445 58629
21446 59141
21447 58885
21448 58631
21449 59143
21450 58887
21451 58630
21452 58886
21453 59142
21454 58373
21455 58374
21456 58375
21457 59140
21458 58372
21459 58628
21460 58884
21461 57604
21462 57860
21463 58116
21464 59648
21465 59649
21466 60160
21467 60161
21468 59904
21469 59905
21470 59651
21471 60163
21472 59907
21473 59650
21474 59906
21475 60162
21476 60672
21477 60673
21478 61184
21479 61185
21480 60928
21481 60929
21482 60675
21483 61187
21484 60931
21485 60674
21486 60930
21487 61186
21488 60416
21489 60417
21490 60418
21491 60419
21492 59653
21493 60165
21494 59909
21495 59655
21496 60167
21497 59911
21498 59654
21499 59910
21500 60166
21501 60677
21502 61189
21503 60933
21504 60679
21505 61191
21506 60935
21507 60678
21508 60934
21509 61190
21510 60421
21511 60422
21512 60423
21513 60164
21514 60676
21515 59908
21516 60420
21517 59652
21518 61188
21519 60932
21520 59392
21521 59393
21522 59394
21523 59395
21524 59398
21525 59396
21526 59397
21527 59399
21528 57609
21529 58121
21530 57865
21531 57611
21532 58123
21533 57867
21534 57610
21535 57866
21536 58122
21537 58633
21538 59145
21539 58889
21540 58635
21541 59147
21542 58891
21543 58634
21544 58890
21545 59146
21546 58377
21547 58378
21548 58379
21549 57613
21550 58125
21551 57869
21552 57615
21553 58127
21554 57871
21555 57614
21556 57870
21557 58126
21558 58637
21559 59149
21560 58893
21561 58639
21562 59151
21563 58895
21564 58638
21565 58894
21566 59150
21567 58381
21568 58382
21569 58383
21570 57612
21571 57868
21572 58124
21573 58892
21574 58380
21575 58636
21576 59148
21577 59657
21578 60169
21579 59913
21580 59659
21581 60171
21582 59915
21583 59658
21584 59914
21585 60170
21586 60681
21587 61193
21588 60937
21589 60683
21590 61195
21591 60939
21592 60682
21593 60938
21594 61194
21595 60425
21596 60426
21597 60427
21598 59661
21599 60173
21600 59917
21601 59663
21602 60175
21603 59919
21604 59662
21605 59918
21606 60174
21607 60685
21608 61197
21609 60941
21610 60687
21611 61199
21612 60943
21613 60686
21614 60942
21615 61198
21616 60429
21617 60430
21618 60431
21619 59660
21620 59916
21621 60684
21622 60428
21623 60172
21624 60940
21625 61196
21626 59401
21627 59407
21628 59406
21629 59403
21630 59402
21631 59405
21632 59404
21633 57864
21634 59400
21635 58632
21636 60424
21637 59144
21638 59656
21639 60680
21640 58376
21641 58888
21642 60936
21643 61192
21644 59912
21645 57608
21646 60168
21647 58120
21648 61696
21649 61697
21650 62208
21651 62209
21652 61952
21653 61953
21654 61699
21655 62211
21656 61955
21657 61698
21658 61954
21659 62210
21660 62720
21661 62721
21662 63232
21663 63233
21664 62976
21665 62977
21666 62723
21667 63235
21668 62979
21669 62722
21670 62978
21671 63234
21672 62464
21673 62465
21674 62466
21675 62467
21676 61701
21677 62213
21678 61957
21679 61703
21680 62215
21681 61959
21682 61702
21683 61958
21684 62214
21685 62725
21686 63237
21687 62981
21688 62727
21689 63239
21690 62983
21691 62726
21692 62982
21693 63238
21694 62469
21695 62470
21696 62471
21697 61700
21698 61956
21699 62468
21700 62724
21701 62212
21702 62980
21703 63236
21704 63744
21705 63745
21706 64256
21707 64257
21708 64000
21709 64001
21710 63747
21711 64259
21712 64003
21713 63746
21714 64002
21715 64258
21716 64768
21717 64769
21718 65280
21719 65281
21720 65024
21721 65025
21722 64771
21723 65283
21724 65027
21725 64770
21726 65026
21727 65282
21728 64512
21729 64513
21730 64514
21731 64515
21732 63749
21733 64261
21734 64005
21735 63751
21736 64263
21737 64007
21738 63750
21739 64006
21740 64262
21741 64773
21742 65285
21743 65029
21744 64775
21745 65287
21746 65031
21747 64774
21748 65030
21749 65286
21750 64517
21751 64518
21752 64519
21753 63748
21754 64004
21755 64772
21756 64260
21757 65028
21758 64516
21759 65284
21760 63488
21761 63494
21762 63490
21763 63492
21764 63489
21765 63491
21766 63493
21767 63495
21768 61705
21769 62217
21770 61961
21771 61707
21772 62219
21773 61963
21774 61706
21775 61962
21776 62218
21777 62729
21778 63241
21779 62985
21780 62731
21781 63243
21782 62987
21783 62730
21784 62986
21785 63242
21786 62473
21787 62474
21788 62475
21789 61709
21790 62221
21791 61965
21792 61711
21793 62223
21794 61967
21795 61710
21796 61966
21797 62222
21798 62733
21799 63245
21800 62989
21801 62735
21802 63247
21803 62991
21804 62734
21805 62990
21806 63246
21807 62477
21808 62478
21809 62479
21810 61708
21811 61964
21812 62732
21813 62220
21814 62988
21815 62476
21816 63244
21817 63753
21818 64265
21819 64009
21820 63755
21821 64267
21822 64011
21823 63754
21824 64010
21825 64266
21826 64777
21827 65289
21828 65033
21829 64779
21830 65291
21831 65035
21832 64778
21833 65034
21834 65290
21835 64521
21836 64522
21837 64523
21838 63757
21839 64269
21840 64013
21841 63759
21842 64271
21843 64015
21844 63758
21845 64014
21846 64270
21847 64781
21848 65293
21849 65037
21850 64783
21851 65295
21852 65039
21853 64782
21854 65038
21855 65294
21856 64525
21857 64526
21858 64527
21859 63756
21860 64012
21861 65036
21862 64268
21863 64524
21864 64780
21865 65292
21866 63499
21867 63498
21868 63500
21869 63497
21870 63501
21871 63502
21872 63503
21873 63240
21874 61704
21875 62472
21876 65032
21877 61960
21878 62216
21879 64008
21880 64776
21881 62728
21882 64520
21883 64264
21884 62984
21885 63752
21886 63496
21887 65288
21888 61442
21889 61452
21890 61453
21891 61447
21892 61444
21893 61454
21894 61443
21895 61441
21896 61455
21897 61446
21898 61450
21899 61451
21900 61448
21901 61445
21902 61449
21903 61440
21904 57617
21905 58129
21906 57873
21907 57619
21908 58131
21909 57875
21910 57618
21911 57874
21912 58130
21913 58641
21914 59153
21915 58897
21916 58643
21917 59155
21918 58899
21919 58642
21920 58898
21921 59154
21922 58385
21923 58386
21924 58387
21925 57621
21926 58133
21927 57877
21928 57623
21929 58135
21930 57879
21931 57622
21932 57878
21933 58134
21934 58645
21935 59157
21936 58901
21937 58647
21938 59159
21939 58903
21940 58646
21941 58902
21942 59158
21943 58389
21944 58390
21945 58391
21946 57620
21947 58388
21948 58132
21949 57876
21950 58900
21951 59156
21952 58644
21953 59665
21954 60177
21955 59921
21956 59667
21957 60179
21958 59923
21959 59666
21960 59922
21961 60178
21962 60689
21963 61201
21964 60945
21965 60691
21966 61203
21967 60947
21968 60690
21969 60946
21970 61202
21971 60433
21972 60434
21973 60435
21974 59669
21975 60181
21976 59925
21977 59671
21978 60183
21979 59927
21980 59670
21981 59926
21982 60182
21983 60693
21984 61205
21985 60949
21986 60695
21987 61207
21988 60951
21989 60694
21990 60950
21991 61206
21992 60437
21993 60438
21994 60439
21995 59668
21996 59924
21997 60436
21998 60180
21999 60692
22000 60948
22001 61204
22002 59414
22003 59411
22004 59413
22005 59412
22006 59415
22007 59410
22008 59409
22009 57625
22010 58137
22011 57881
22012 57627
22013 58139
22014 57883
22015 57626
22016 57882
22017 58138
22018 58649
22019 59161
22020 58905
22021 58651
22022 59163
22023 58907
22024 58650
22025 58906
22026 59162
22027 58393
22028 58394
22029 58395
22030 57629
22031 58141
22032 57885
22033 57631
22034 58143
22035 57887
22036 57630
22037 57886
22038 58142
22039 58653
22040 59165
22041 58909
22042 58655
22043 59167
22044 58911
22045 58654
22046 58910
22047 59166
22048 58397
22049 58398
22050 58399
22051 57628
22052 57884
22053 58652
22054 58396
22055 58140
22056 58908
22057 59164
22058 59673
22059 60185
22060 59929
22061 59675
22062 60187
22063 59931
22064 59674
22065 59930
22066 60186
22067 60697
22068 61209
22069 60953
22070 60699
22071 61211
22072 60955
22073 60698
22074 60954
22075 61210
22076 60441
22077 60442
22078 60443
22079 59677
22080 60189
22081 59933
22082 59679
22083 60191
22084 59935
22085 59678
22086 59934
22087 60190
22088 60701
22089 61213
22090 60957
22091 60703
22092 61215
22093 60959
22094 60702
22095 60958
22096 61214
22097 60445
22098 60446
22099 60447
22100 59676
22101 60444
22102 60700
22103 59932
22104 60188
22105 60956
22106 61212
22107 59422
22108 59417
22109 59420
22110 59418
22111 59419
22112 59423
22113 59421
22114 61208
22115 57624
22116 57880
22117 58136
22118 58648
22119 58904
22120 59160
22121 58392
22122 59416
22123 59672
22124 59928
22125 60184
22126 60440
22127 60696
22128 60952
22129 61713
22130 62225
22131 61969
22132 61715
22133 62227
22134 61971
22135 61714
22136 61970
22137 62226
22138 62737
22139 63249
22140 62993
22141 62739
22142 63251
22143 62995
22144 62738
22145 62994
22146 63250
22147 62481
22148 62482
22149 62483
22150 61717
22151 62229
22152 61973
22153 61719
22154 62231
22155 61975
22156 61718
22157 61974
22158 62230
22159 62741
22160 63253
22161 62997
22162 62743
22163 63255
22164 62999
22165 62742
22166 62998
22167 63254
22168 62485
22169 62486
22170 62487
22171 61716
22172 62228
22173 62484
22174 61972
22175 62740
22176 62996
22177 63252
22178 63761
22179 64273
22180 64017
22181 63763
22182 64275
22183 64019
22184 63762
22185 64018
22186 64274
22187 64785
22188 65297
22189 65041
22190 64787
22191 65299
22192 65043
22193 64786
22194 65042
22195 65298
22196 64529
22197 64530
22198 64531
22199 63765
22200 64277
22201 64021
22202 63767
22203 64279
22204 64023
22205 63766
22206 64022
22207 64278
22208 64789
22209 65301
22210 65045
22211 64791
22212 65303
22213 65047
22214 64790
22215 65046
22216 65302
22217 64533
22218 64534
22219 64535
22220 63764
22221 65044
22222 64532
22223 64788
22224 64020
22225 64276
22226 65300
22227 63505
22228 63506
22229 63508
22230 63507
22231 63509
22232 63511
22233 63510
22234 61721
22235 62233
22236 61977
22237 61723
22238 62235
22239 61979
22240 61722
22241 61978
22242 62234
22243 62745
22244 63257
22245 63001
22246 62747
22247 63259
22248 63003
22249 62746
22250 63002
22251 63258
22252 62489
22253 62490
22254 62491
22255 61725
22256 62237
22257 61981
22258 61727
22259 62239
22260 61983
22261 61726
22262 61982
22263 62238
22264 62749
22265 63261
22266 63005
22267 62751
22268 63263
22269 63007
22270 62750
22271 63006
22272 63262
22273 62493
22274 62494
22275 62495
22276 61980
22277 62236
22278 62492
22279 63004
22280 62748
22281 63260
22282 61724
22283 63769
22284 64281
22285 64025
22286 63771
22287 64283
22288 64027
22289 63770
22290 64026
22291 64282
22292 64793
22293 65305
22294 65049
22295 64795
22296 65307
22297 65051
22298 64794
22299 65050
22300 65306
22301 64537
22302 64538
22303 64539
22304 63773
22305 64285
22306 64029
22307 63775
22308 64287
22309 64031
22310 63774
22311 64030
22312 64286
22313 64797
22314 65309
22315 65053
22316 64799
22317 65311
22318 65055
22319 64798
22320 65054
22321 65310
22322 64541
22323 64542
22324 64543
22325 63772
22326 64028
22327 64284
22328 64796
22329 65052
22330 64540
22331 65308
22332 63514
22333 63516
22334 63518
22335 63513
22336 63515
22337 63519
22338 63517
22339 61720
22340 64536
22341 63256
22342 64024
22343 63000
22344 63512
22345 61976
22346 65304
22347 65048
22348 64792
22349 64280
22350 63768
22351 62232
22352 62744
22353 62488
22354 61469
22355 61459
22356 61460
22357 61467
22358 61458
22359 61466
22360 61470
22361 61468
22362 61463
22363 61465
22364 61462
22365 61464
22366 61471
22367 61457
22368 61461
22369 62224
22370 59152
22371 58640
22372 59408
22373 61712
22374 61200
22375 58128
22376 60176
22377 59664
22378 65296
22379 62736
22380 63504
22381 64528
22382 62992
22383 57616
22384 62480
22385 59920
22386 65040
22387 64016
22388 63760
22389 64272
22390 64784
22391 61456
22392 58896
22393 57872
22394 58384
22395 60688
22396 60432
22397 60944
22398 63248
22399 61968
22400 57355
22401 57358
22402 57348
22403 57361
22404 57375
22405 57370
22406 57346
22407 57353
22408 57372
22409 57354
22410 57347
22411 57362
22412 57356
22413 57374
22414 57360
22415 57365
22416 57351
22417 57368
22418 57369
22419 57363
22420 57366
22421 57350
22422 57359
22423 57345
22424 57364
22425 57357
22426 57367
22427 57371
22428 57352
22429 57373
22430 57344
22431 57349
22432 49441
22433 49953
22434 49697
22435 49443
22436 49955
22437 49699
22438 49442
22439 49698
22440 49954
22441 50465
22442 50977
22443 50721
22444 50467
22445 50979
22446 50723
22447 50466
22448 50722
22449 50978
22450 50209
22451 50210
22452 50211
22453 49445
22454 49957
22455 49701
22456 49447
22457 49959
22458 49703
22459 49446
22460 49702
22461 49958
22462 50469
22463 50981
22464 50725
22465 50471
22466 50983
22467 50727
22468 50470
22469 50726
22470 50982
22471 50213
22472 50214
22473 50215
22474 49700
22475 49444
22476 49956
22477 50468
22478 50212
22479 50724
22480 50980
22481 51489
22482 52001
22483 51745
22484 51491
22485 52003
22486 51747
22487 51490
22488 51746
22489 52002
22490 52513
22491 53025
22492 52769
22493 52515
22494 53027
22495 52771
22496 52514
22497 52770
22498 53026
22499 52257
22500 52258
22501 52259
22502 51493
22503 52005
22504 51749
22505 51495
22506 52007
22507 51751
22508 51494
22509 51750
22510 52006
22511 52517
22512 53029
22513 52773
22514 52519
22515 53031
22516 52775
22517 52518
22518 52774
22519 53030
22520 52261
22521 52262
22522 52263
22523 52260
22524 51492
22525 52772
22526 51748
22527 52516
22528 52004
22529 53028
22530 51236
22531 51237
22532 51234
22533 51235
22534 51238
22535 51233
22536 51239
22537 49449
22538 49961
22539 49705
22540 49451
22541 49963
22542 49707
22543 49450
22544 49706
22545 49962
22546 50473
22547 50985
22548 50729
22549 50475
22550 50987
22551 50731
22552 50474
22553 50730
22554 50986
22555 50217
22556 50218
22557 50219
22558 49453
22559 49965
22560 49709
22561 49455
22562 49967
22563 49711
22564 49454
22565 49710
22566 49966
22567 50477
22568 50989
22569 50733
22570 50479
22571 50991
22572 50735
22573 50478
22574 50734
22575 50990
22576 50221
22577 50222
22578 50223
22579 49452
22580 50732
22581 50220
22582 49964
22583 50988
22584 50476
22585 49708
22586 51497
22587 52009
22588 51753
22589 51499
22590 52011
22591 51755
22592 51498
22593 51754
22594 52010
22595 52521
22596 53033
22597 52777
22598 52523
22599 53035
22600 52779
22601 52522
22602 52778
22603 53034
22604 52265
22605 52266
22606 52267
22607 51501
22608 52013
22609 51757
22610 51503
22611 52015
22612 51759
22613 51502
22614 51758
22615 52014
22616 52525
22617 53037
22618 52781
22619 52527
22620 53039
22621 52783
22622 52526
22623 52782
22624 53038
22625 52269
22626 52270
22627 52271
22628 51756
22629 52524
22630 52012
22631 52780
22632 51500
22633 52268
22634 53036
22635 51244
22636 51241
22637 51245
22638 51247
22639 51243
22640 51242
22641 51246
22642 51496
22643 50728
22644 50472
22645 50216
22646 51752
22647 51240
22648 49704
22649 52520
22650 52008
22651 52776
22652 50984
22653 52264
22654 49960
22655 49448
22656 53032
22657 53537
22658 54049
22659 53793
22660 53539
22661 54051
22662 53795
22663 53538
22664 53794
22665 54050
22666 54561
22667 55073
22668 54817
22669 54563
22670 55075
22671 54819
22672 54562
22673 54818
22674 55074
22675 54305
22676 54306
22677 54307
22678 53541
22679 54053
22680 53797
22681 53543
22682 54055
22683 53799
22684 53542
22685 53798
22686 54054
22687 54565
22688 55077
22689 54821
22690 54567
22691 55079
22692 54823
22693 54566
22694 54822
22695 55078
22696 54309
22697 54310
22698 54311
22699 53540
22700 53796
22701 54564
22702 54820
22703 54052
22704 54308
22705 55076
22706 55585
22707 56097
22708 55841
22709 55587
22710 56099
22711 55843
22712 55586
22713 55842
22714 56098
22715 56609
22716 57121
22717 56865
22718 56611
22719 57123
22720 56867
22721 56610
22722 56866
22723 57122
22724 56353
22725 56354
22726 56355
22727 55589
22728 56101
22729 55845
22730 55591
22731 56103
22732 55847
22733 55590
22734 55846
22735 56102
22736 56613
22737 57125
22738 56869
22739 56615
22740 57127
22741 56871
22742 56614
22743 56870
22744 57126
22745 56357
22746 56358
22747 56359
22748 55588
22749 55844
22750 56100
22751 56356
22752 56612
22753 56868
22754 57124
22755 55331
22756 55334
22757 55329
22758 55330
22759 55333
22760 55335
22761 55332
22762 53545
22763 54057
22764 53801
22765 53547
22766 54059
22767 53803
22768 53546
22769 53802
22770 54058
22771 54569
22772 55081
22773 54825
22774 54571
22775 55083
22776 54827
22777 54570
22778 54826
22779 55082
22780 54313
22781 54314
22782 54315
22783 53549
22784 54061
22785 53805
22786 53551
22787 54063
22788 53807
22789 53550
22790 53806
22791 54062
22792 54573
22793 55085
22794 54829
22795 54575
22796 55087
22797 54831
22798 54574
22799 54830
22800 55086
22801 54317
22802 54318
22803 54319
22804 54316
22805 53548
22806 53804
22807 55084
22808 54828
22809 54572
22810 54060
22811 55593
22812 56105
22813 55849
22814 55595
22815 56107
22816 55851
22817 55594
22818 55850
22819 56106
22820 56617
22821 57129
22822 56873
22823 56619
22824 57131
22825 56875
22826 56618
22827 56874
22828 57130
22829 56361
22830 56362
22831 56363
22832 55597
22833 56109
22834 55853
22835 55599
22836 56111
22837 55855
22838 55598
22839 55854
22840 56110
22841 56621
22842 57133
22843 56877
22844 56623
22845 57135
22846 56879
22847 56622
22848 56878
22849 57134
22850 56365
22851 56366
22852 56367
22853 55596
22854 55852
22855 56364
22856 56620
22857 56108
22858 56876
22859 57132
22860 55342
22861 55339
22862 55338
22863 55341
22864 55337
22865 55343
22866 55340
22867 54824
22868 55848
22869 53544
22870 54312
22871 56104
22872 57128
22873 56872
22874 54056
22875 55592
22876 55336
22877 56616
22878 56360
22879 53800
22880 55080
22881 54568
22882 53282
22883 53283
22884 53284
22885 53285
22886 53286
22887 53287
22888 53288
22889 53290
22890 53289
22891 53291
22892 53292
22893 53293
22894 53294
22895 53295
22896 53281
22897 49457
22898 49969
22899 49713
22900 49459
22901 49971
22902 49715
22903 49458
22904 49714
22905 49970
22906 50481
22907 50993
22908 50737
22909 50483
22910 50995
22911 50739
22912 50482
22913 50738
22914 50994
22915 50225
22916 50226
22917 50227
22918 49461
22919 49973
22920 49717
22921 49463
22922 49975
22923 49719
22924 49462
22925 49718
22926 49974
22927 50485
22928 50997
22929 50741
22930 50487
22931 50999
22932 50743
22933 50486
22934 50742
22935 50998
22936 50229
22937 50230
22938 50231
22939 49716
22940 49460
22941 50484
22942 50228
22943 49972
22944 50996
22945 50740
22946 51505
22947 52017
22948 51761
22949 51507
22950 52019
22951 51763
22952 51506
22953 51762
22954 52018
22955 52529
22956 53041
22957 52785
22958 52531
22959 53043
22960 52787
22961 52530
22962 52786
22963 53042
22964 52273
22965 52274
22966 52275
22967 51509
22968 52021
22969 51765
22970 51511
22971 52023
22972 51767
22973 51510
22974 51766
22975 52022
22976 52533
22977 53045
22978 52789
22979 52535
22980 53047
22981 52791
22982 52534
22983 52790
22984 53046
22985 52277
22986 52278
22987 52279
22988 51508
22989 52788
22990 52020
22991 51764
22992 52276
22993 52532
22994 53044
22995 51249
22996 51253
22997 51252
22998 51250
22999 51254
23000 51255
23001 51251
23002 49465
23003 49977
23004 49721
23005 49467
23006 49979
23007 49723
23008 49466
23009 49722
23010 49978
23011 50489
23012 51001
23013 50745
23014 50491
23015 51003
23016 50747
23017 50490
23018 50746
23019 51002
23020 50233
23021 50234
23022 50235
23023 49469
23024 49981
23025 49725
23026 49471
23027 49983
23028 49727
23029 49470
23030 49726
23031 49982
23032 50493
23033 51005
23034 50749
23035 50495
23036 51007
23037 50751
23038 50494
23039 50750
23040 51006
23041 50237
23042 50238
23043 50239
23044 50748
23045 49468
23046 50236
23047 49724
23048 50492
23049 49980
23050 51004
23051 51513
23052 52025
23053 51769
23054 51515
23055 52027
23056 51771
23057 51514
23058 51770
23059 52026
23060 52537
23061 53049
23062 52793
23063 52539
23064 53051
23065 52795
23066 52538
23067 52794
23068 53050
23069 52281
23070 52282
23071 52283
23072 51517
23073 52029
23074 51773
23075 51519
23076 52031
23077 51775
23078 51518
23079 51774
23080 52030
23081 52541
23082 53053
23083 52797
23084 52543
23085 53055
23086 52799
23087 52542
23088 52798
23089 53054
23090 52285
23091 52286
23092 52287
23093 51516
23094 52540
23095 52284
23096 53052
23097 51772
23098 52796
23099 52028
23100 51261
23101 51259
23102 51258
23103 51260
23104 51257
23105 51263
23106 51262
23107 52792
23108 52024
23109 49464
23110 52280
23111 53048
23112 50744
23113 50232
23114 51256
23115 49720
23116 51000
23117 51768
23118 50488
23119 52536
23120 49976
23121 51512
23122 53553
23123 54065
23124 53809
23125 53555
23126 54067
23127 53811
23128 53554
23129 53810
23130 54066
23131 54577
23132 55089
23133 54833
23134 54579
23135 55091
23136 54835
23137 54578
23138 54834
23139 55090
23140 54321
23141 54322
23142 54323
23143 53557
23144 54069
23145 53813
23146 53559
23147 54071
23148 53815
23149 53558
23150 53814
23151 54070
23152 54581
23153 55093
23154 54837
23155 54583
23156 55095
23157 54839
23158 54582
23159 54838
23160 55094
23161 54325
23162 54326
23163 54327
23164 54580
23165 53556
23166 53812
23167 54324
23168 54068
23169 54836
23170 55092
23171 55601
23172 56113
23173 55857
23174 55603
23175 56115
23176 55859
23177 55602
23178 55858
23179 56114
23180 56625
23181 57137
23182 56881
23183 56627
23184 57139
23185 56883
23186 56626
23187 56882
23188 57138
23189 56369
23190 56370
23191 56371
23192 55605
23193 56117
23194 55861
23195 55607
23196 56119
23197 55863
23198 55606
23199 55862
23200 56118
23201 56629
23202 57141
23203 56885
23204 56631
23205 57143
23206 56887
23207 56630
23208 56886
23209 57142
23210 56373
23211 56374
23212 56375
23213 55604
23214 56884
23215 57140
23216 55860
23217 56116
23218 56628
23219 56372
23220 55345
23221 55350
23222 55347
23223 55349
23224 55346
23225 55351
23226 55348
23227 53561
23228 54073
23229 53817
23230 53563
23231 54075
23232 53819
23233 53562
23234 53818
23235 54074
23236 54585
23237 55097
23238 54841
23239 54587
23240 55099
23241 54843
23242 54586
23243 54842
23244 55098
23245 54329
23246 54330
23247 54331
23248 53565
23249 54077
23250 53821
23251 53567
23252 54079
23253 53823
23254 53566
23255 53822
23256 54078
23257 54589
23258 55101
23259 54845
23260 54591
23261 55103
23262 54847
23263 54590
23264 54846
23265 55102
23266 54333
23267 54334
23268 54335
23269 53564
23270 53820
23271 54076
23272 54332
23273 54588
23274 54844
23275 55100
23276 55609
23277 56121
23278 55865
23279 55611
23280 56123
23281 55867
23282 55610
23283 55866
23284 56122
23285 56633
23286 57145
23287 56889
23288 56635
23289 57147
23290 56891
23291 56634
23292 56890
23293 57146
23294 56377
23295 56378
23296 56379
23297 55613
23298 56125
23299 55869
23300 55615
23301 56127
23302 55871
23303 55614
23304 55870
23305 56126
23306 56637
23307 57149
23308 56893
23309 56639
23310 57151
23311 56895
23312 56638
23313 56894
23314 57150
23315 56381
23316 56382
23317 56383
23318 56636
23319 56380
23320 57148
23321 55868
23322 55612
23323 56892
23324 56124
23325 55357
23326 55353
23327 55355
23328 55359
23329 55358
23330 55354
23331 55356
23332 56376
23333 53560
23334 54584
23335 57144
23336 56632
23337 54840
23338 54072
23339 56888
23340 55864
23341 56120
23342 55608
23343 55352
23344 55096
23345 53816
23346 54328
23347 53300
23348 53308
23349 53298
23350 53311
23351 53302
23352 53305
23353 53306
23354 53303
23355 53304
23356 53297
23357 53301
23358 53307
23359 53309
23360 53299
23361 53310
23362 56368
23363 53808
23364 53296
23365 52528
23366 52016
23367 50992
23368 51760
23369 52784
23370 53040
23371 57136
23372 54832
23373 56624
23374 55088
23375 54576
23376 51504
23377 51248
23378 53552
23379 50736
23380 55856
23381 56112
23382 55344
23383 54064
23384 49456
23385 56880
23386 52272
23387 49712
23388 55600
23389 49968
23390 50224
23391 54320
23392 50480
23393 57633
23394 58145
23395 57889
23396 57635
23397 58147
23398 57891
23399 57634
23400 57890
23401 58146
23402 58657
23403 59169
23404 58913
23405 58659
23406 59171
23407 58915
23408 58658
23409 58914
23410 59170
23411 58401
23412 58402
23413 58403
23414 57637
23415 58149
23416 57893
23417 57639
23418 58151
23419 57895
23420 57638
23421 57894
23422 58150
23423 58661
23424 59173
23425 58917
23426 58663
23427 59175
23428 58919
23429 58662
23430 58918
23431 59174
23432 58405
23433 58406
23434 58407
23435 57636
23436 57892
23437 58660
23438 58148
23439 58404
23440 58916
23441 59172
23442 59681
23443 60193
23444 59937
23445 59683
23446 60195
23447 59939
23448 59682
23449 59938
23450 60194
23451 60705
23452 61217
23453 60961
23454 60707
23455 61219
23456 60963
23457 60706
23458 60962
23459 61218
23460 60449
23461 60450
23462 60451
23463 59685
23464 60197
23465 59941
23466 59687
23467 60199
23468 59943
23469 59686
23470 59942
23471 60198
23472 60709
23473 61221
23474 60965
23475 60711
23476 61223
23477 60967
23478 60710
23479 60966
23480 61222
23481 60453
23482 60454
23483 60455
23484 59684
23485 59940
23486 60708
23487 60452
23488 60964
23489 61220
23490 60196
23491 59430
23492 59428
23493 59425
23494 59426
23495 59429
23496 59427
23497 59431
23498 57641
23499 58153
23500 57897
23501 57643
23502 58155
23503 57899
23504 57642
23505 57898
23506 58154
23507 58665
23508 59177
23509 58921
23510 58667
23511 59179
23512 58923
23513 58666
23514 58922
23515 59178
23516 58409
23517 58410
23518 58411
23519 57645
23520 58157
23521 57901
23522 57647
23523 58159
23524 57903
23525 57646
23526 57902
23527 58158
23528 58669
23529 59181
23530 58925
23531 58671
23532 59183
23533 58927
23534 58670
23535 58926
23536 59182
23537 58413
23538 58414
23539 58415
23540 57644
23541 58412
23542 58668
23543 58156
23544 58924
23545 57900
23546 59180
23547 59689
23548 60201
23549 59945
23550 59691
23551 60203
23552 59947
23553 59690
23554 59946
23555 60202
23556 60713
23557 61225
23558 60969
23559 60715
23560 61227
23561 60971
23562 60714
23563 60970
23564 61226
23565 60457
23566 60458
23567 60459
23568 59693
23569 60205
23570 59949
23571 59695
23572 60207
23573 59951
23574 59694
23575 59950
23576 60206
23577 60717
23578 61229
23579 60973
23580 60719
23581 61231
23582 60975
23583 60718
23584 60974
23585 61230
23586 60461
23587 60462
23588 60463
23589 60204
23590 59692
23591 59948
23592 60716
23593 60460
23594 60972
23595 61228
23596 59438
23597 59435
23598 59434
23599 59436
23600 59437
23601 59433
23602 59439
23603 58152
23604 60456
23605 59176
23606 58408
23607 57896
23608 59432
23609 60968
23610 58920
23611 59688
23612 58664
23613 59944
23614 60200
23615 57640
23616 60712
23617 61224
23618 61729
23619 62241
23620 61985
23621 61731
23622 62243
23623 61987
23624 61730
23625 61986
23626 62242
23627 62753
23628 63265
23629 63009
23630 62755
23631 63267
23632 63011
23633 62754
23634 63010
23635 63266
23636 62497
23637 62498
23638 62499
23639 61733
23640 62245
23641 61989
23642 61735
23643 62247
23644 61991
23645 61734
23646 61990
23647 62246
23648 62757
23649 63269
23650 63013
23651 62759
23652 63271
23653 63015
23654 62758
23655 63014
23656 63270
23657 62501
23658 62502
23659 62503
23660 61732
23661 62756
23662 63012
23663 61988
23664 62244
23665 62500
23666 63268
23667 63777
23668 64289
23669 64033
23670 63779
23671 64291
23672 64035
23673 63778
23674 64034
23675 64290
23676 64801
23677 65313
23678 65057
23679 64803
23680 65315
23681 65059
23682 64802
23683 65058
23684 65314
23685 64545
23686 64546
23687 64547
23688 63781
23689 64293
23690 64037
23691 63783
23692 64295
23693 64039
23694 63782
23695 64038
23696 64294
23697 64805
23698 65317
23699 65061
23700 64807
23701 65319
23702 65063
23703 64806
23704 65062
23705 65318
23706 64549
23707 64550
23708 64551
23709 63780
23710 64036
23711 64804
23712 64292
23713 64548
23714 65060
23715 65316
23716 63526
23717 63522
23718 63525
23719 63523
23720 63521
23721 63527
23722 63524
23723 61737
23724 62249
23725 61993
23726 61739
23727 62251
23728 61995
23729 61738
23730 61994
23731 62250
23732 62761
23733 63273
23734 63017
23735 62763
23736 63275
23737 63019
23738 62762
23739 63018
23740 63274
23741 62505
23742 62506
23743 62507
23744 61741
23745 62253
23746 61997
23747 61743
23748 62255
23749 61999
23750 61742
23751 61998
23752 62254
23753 62765
23754 63277
23755 63021
23756 62767
23757 63279
23758 63023
23759 62766
23760 63022
23761 63278
23762 62509
23763 62510
23764 62511
23765 61740
23766 62252
23767 62764
23768 63020
23769 61996
23770 62508
23771 63276
23772 63785
23773 64297
23774 64041
23775 63787
23776 64299
23777 64043
23778 63786
23779 64042
23780 64298
23781 64809
23782 65321
23783 65065
23784 64811
23785 65323
23786 65067
23787 64810
23788 65066
23789 65322
23790 64553
23791 64554
23792 64555
23793 63789
23794 64301
23795 64045
23796 63791
23797 64303
23798 64047
23799 63790
23800 64046
23801 64302
23802 64813
23803 65325
23804 65069
23805 64815
23806 65327
23807 65071
23808 64814
23809 65070
23810 65326
23811 64557
23812 64558
23813 64559
23814 63788
23815 64044
23816 64300
23817 65068
23818 64556
23819 64812
23820 65324
23821 63530
23822 63529
23823 63531
23824 63532
23825 63533
23826 63534
23827 63535
23828 61736
23829 65064
23830 61992
23831 62248
23832 62760
23833 63016
23834 63272
23835 62504
23836 63528
23837 63784
23838 64040
23839 64296
23840 64808
23841 64552
23842 65320
23843 61478
23844 61479
23845 61483
23846 61486
23847 61480
23848 61475
23849 61477
23850 61482
23851 61485
23852 61487
23853 61473
23854 61476
23855 61481
23856 61474
23857 61484
23858 57649
23859 58161
23860 57905
23861 57651
23862 58163
23863 57907
23864 57650
23865 57906
23866 58162
23867 58673
23868 59185
23869 58929
23870 58675
23871 59187
23872 58931
23873 58674
23874 58930
23875 59186
23876 58417
23877 58418
23878 58419
23879 57653
23880 58165
23881 57909
23882 57655
23883 58167
23884 57911
23885 57654
23886 57910
23887 58166
23888 58677
23889 59189
23890 58933
23891 58679
23892 59191
23893 58935
23894 58678
23895 58934
23896 59190
23897 58421
23898 58422
23899 58423
23900 57652
23901 58676
23902 57908
23903 58420
23904 58164
23905 58932
23906 59188
23907 59697
23908 60209
23909 59953
23910 59699
23911 60211
23912 59955
23913 59698
23914 59954
23915 60210
23916 60721
23917 61233
23918 60977
23919 60723
23920 61235
23921 60979
23922 60722
23923 60978
23924 61234
23925 60465
23926 60466
23927 60467
23928 59701
23929 60213
23930 59957
23931 59703
23932 60215
23933 59959
23934 59702
23935 59958
23936 60214
23937 60725
23938 61237
23939 60981
23940 60727
23941 61239
23942 60983
23943 60726
23944 60982
23945 61238
23946 60469
23947 60470
23948 60471
23949 59700
23950 59956
23951 60212
23952 60724
23953 60468
23954 60980
23955 61236
23956 59446
23957 59442
23958 59444
23959 59441
23960 59443
23961 59445
23962 59447
23963 57657
23964 58169
23965 57913
23966 57659
23967 58171
23968 57915
23969 57658
23970 57914
23971 58170
23972 58681
23973 59193
23974 58937
23975 58683
23976 59195
23977 58939
23978 58682
23979 58938
23980 59194
23981 58425
23982 58426
23983 58427
23984 57661
23985 58173
23986 57917
23987 57663
23988 58175
23989 57919
23990 57662
23991 57918
23992 58174
23993 58685
23994 59197
23995 58941
23996 58687
23997 59199
23998 58943
23999 58686
24000 58942
24001 59198
24002 58429
24003 58430
24004 58431
24005 57660
24006 57916
24007 58172
24008 59196
24009 58428
24010 58684
24011 58940
24012 59705
24013 60217
24014 59961
24015 59707
24016 60219
24017 59963
24018 59706
24019 59962
24020 60218
24021 60729
24022 61241
24023 60985
24024 60731
24025 61243
24026 60987
24027 60730
24028 60986
24029 61242
24030 60473
24031 60474
24032 60475
24033 59709
24034 60221
24035 59965
24036 59711
24037 60223
24038 59967
24039 59710
24040 59966
24041 60222
24042 60733
24043 61245
24044 60989
24045 60735
24046 61247
24047 60991
24048 60734
24049 60990
24050 61246
24051 60477
24052 60478
24053 60479
24054 59708
24055 60988
24056 61244
24057 60732
24058 59964
24059 60220
24060 60476
24061 59449
24062 59455
24063 59454
24064 59450
24065 59453
24066 59452
24067 59451
24068 59960
24069 60984
24070 59704
24071 60728
24072 60216
24073 57912
24074 59448
24075 58424
24076 58168
24077 61240
24078 57656
24079 58936
24080 59192
24081 58680
24082 60472
24083 61745
24084 62257
24085 62001
24086 61747
24087 62259
24088 62003
24089 61746
24090 62002
24091 62258
24092 62769
24093 63281
24094 63025
24095 62771
24096 63283
24097 63027
24098 62770
24099 63026
24100 63282
24101 62513
24102 62514
24103 62515
24104 61749
24105 62261
24106 62005
24107 61751
24108 62263
24109 62007
24110 61750
24111 62006
24112 62262
24113 62773
24114 63285
24115 63029
24116 62775
24117 63287
24118 63031
24119 62774
24120 63030
24121 63286
24122 62517
24123 62518
24124 62519
24125 63028
24126 61748
24127 62004
24128 62260
24129 62772
24130 62516
24131 63284
24132 63793
24133 64305
24134 64049
24135 63795
24136 64307
24137 64051
24138 63794
24139 64050
24140 64306
24141 64817
24142 65329
24143 65073
24144 64819
24145 65331
24146 65075
24147 64818
24148 65074
24149 65330
24150 64561
24151 64562
24152 64563
24153 63797
24154 64309
24155 64053
24156 63799
24157 64311
24158 64055
24159 63798
24160 64054
24161 64310
24162 64821
24163 65333
24164 65077
24165 64823
24166 65335
24167 65079
24168 64822
24169 65078
24170 65334
24171 64565
24172 64566
24173 64567
24174 63796
24175 64052
24176 64564
24177 64820
24178 65076
24179 64308
24180 65332
24181 63537
24182 63540
24183 63542
24184 63543
24185 63538
24186 63541
24187 63539
24188 61753
24189 62265
24190 62009
24191 61755
24192 62267
24193 62011
24194 61754
24195 62010
24196 62266
24197 62777
24198 63289
24199 63033
24200 62779
24201 63291
24202 63035
24203 62778
24204 63034
24205 63290
24206 62521
24207 62522
24208 62523
24209 61757
24210 62269
24211 62013
24212 61759
24213 62271
24214 62015
24215 61758
24216 62014
24217 62270
24218 62781
24219 63293
24220 63037
24221 62783
24222 63295
24223 63039
24224 62782
24225 63038
24226 63294
24227 62525
24228 62526
24229 62527
24230 62012
24231 62268
24232 62524
24233 62780
24234 63292
24235 63036
24236 61756
24237 63801
24238 64313
24239 64057
24240 63803
24241 64315
24242 64059
24243 63802
24244 64058
24245 64314
24246 64825
24247 65337
24248 65081
24249 64827
24250 65339
24251 65083
24252 64826
24253 65082
24254 65338
24255 64569
24256 64570
24257 64571
24258 63805
24259 64317
24260 64061
24261 63807
24262 64319
24263 64063
24264 63806
24265 64062
24266 64318
24267 64829
24268 65341
24269 65085
24270 64831
24271 65343
24272 65087
24273 64830
24274 65086
24275 65342
24276 64573
24277 64574
24278 64575
24279 65340
24280 63804
24281 64060
24282 64828
24283 64572
24284 64316
24285 65084
24286 63545
24287 63549
24288 63547
24289 63550
24290 63546
24291 63551
24292 63548
24293 61752
24294 62520
24295 64056
24296 64824
24297 63288
24298 63800
24299 63544
24300 64312
24301 62264
24302 62776
24303 62008
24304 65336
24305 63032
24306 64568
24307 65080
24308 61490
24309 61492
24310 61494
24311 61499
24312 61501
24313 61500
24314 61498
24315 61502
24316 61493
24317 61491
24318 61503
24319 61495
24320 61497
24321 61489
24322 61496
24323 63024
24324 59184
24325 58928
24326 60464
24327 63280
24328 65328
24329 62512
24330 62768
24331 58160
24332 61488
24333 64560
24334 60976
24335 58672
24336 57904
24337 63536
24338 57648
24339 63792
24340 64048
24341 59952
24342 65072
24343 62256
24344 60720
24345 58416
24346 59696
24347 64304
24348 59440
24349 62000
24350 64816
24351 61232
24352 61744
24353 60208
24354 57407
24355 57396
24356 57377
24357 57401
24358 57394
24359 57388
24360 57399
24361 57379
24362 57404
24363 57391
24364 57381
24365 57405
24366 57386
24367 57403
24368 57390
24369 57387
24370 57402
24371 57384
24372 57406
24373 57383
24374 57382
24375 57395
24376 57385
24377 57380
24378 57378
24379 57393
24380 57400
24381 57398
24382 57389
24383 57397
24384 57392
24385 63776
24386 50976
24387 55328
24388 60192
24389 52768
24390 64544
24391 59936
24392 49440
24393 61472
24394 56864
24395 64800
24396 63520
24397 57120
24398 50720
24399 62240
24400 54304
24401 59680
24402 62752
24403 61728
24404 51488
24405 53024
24406 59424
24407 56352
24408 62496
24409 50464
24410 58912
24411 52512
24412 57376
24413 55072
24414 55840
24415 54048
24416 61216
24417 51232
24418 56608
24419 58656
24420 59168
24421 55584
24422 53536
24423 56096
24424 64032
24425 60704
24426 57888
24427 50208
24428 57632
24429 52256
24430 58400
24431 63008
24432 60448
24433 65056
24434 53280
24435 54560
24436 49696
24437 65312
24438 49952
24439 63264
24440 54816
24441 53792
24442 58144
24443 64288
24444 61984
24445 60960
24446 51744
24447 52000
24448 49166
24449 49209
24450 49198
24451 49204
24452 49171
24453 49156
24454 49186
24455 49182
24456 49185
24457 49208
24458 49167
24459 49157
24460 49215
24461 49173
24462 49192
24463 49195
24464 49168
24465 49158
24466 49214
24467 49159
24468 49211
24469 49213
24470 49170
24471 49183
24472 49179
24473 49212
24474 49160
24475 49188
24476 49169
24477 49207
24478 49184
24479 49161
24480 49176
24481 49152
24482 49155
24483 49162
24484 49181
24485 49203
24486 49174
24487 49189
24488 49197
24489 49199
24490 49175
24491 49177
24492 49163
24493 49206
24494 49154
24495 49164
24496 49210
24497 49200
24498 49194
24499 49153
24500 49196
24501 49172
24502 49165
24503 49191
24504 49180
24505 49202
24506 49190
24507 49205
24508 49201
24509 49178
24510 49187
24511 49193
24512 33089
24513 33601
24514 33345
24515 33091
24516 33603
24517 33347
24518 33090
24519 33346
24520 33602
24521 34113
24522 34625
24523 34369
24524 34115
24525 34627
24526 34371
24527 34114
24528 34370
24529 34626
24530 33857
24531 33858
24532 33859
24533 33093
24534 33605
24535 33349
24536 33095
24537 33607
24538 33351
24539 33094
24540 33350
24541 33606
24542 34117
24543 34629
24544 34373
24545 34119
24546 34631
24547 34375
24548 34118
24549 34374
24550 34630
24551 33861
24552 33862
24553 33863
24554 33092
24555 34372
24556 33604
24557 33348
24558 34116
24559 34628
24560 33860
24561 35137
24562 35649
24563 35393
24564 35139
24565 35651
24566 35395
24567 35138
24568 35394
24569 35650
24570 36161
24571 36673
24572 36417
24573 36163
24574 36675
24575 36419
24576 36162
24577 36418
24578 36674
24579 35905
24580 35906
24581 35907
24582 35141
24583 35653
24584 35397
24585 35143
24586 35655
24587 35399
24588 35142
24589 35398
24590 35654
24591 36165
24592 36677
24593 36421
24594 36167
24595 36679
24596 36423
24597 36166
24598 36422
24599 36678
24600 35909
24601 35910
24602 35911
24603 35140
24604 35396
24605 36164
24606 36420
24607 35908
24608 36676
24609 35652
24610 34881
24611 34884
24612 34882
24613 34883
24614 34887
24615 34885
24616 34886
24617 33097
24618 33609
24619 33353
24620 33099
24621 33611
24622 33355
24623 33098
24624 33354
24625 33610
24626 34121
24627 34633
24628 34377
24629 34123
24630 34635
24631 34379
24632 34122
24633 34378
24634 34634
24635 33865
24636 33866
24637 33867
24638 33101
24639 33613
24640 33357
24641 33103
24642 33615
24643 33359
24644 33102
24645 33358
24646 33614
24647 34125
24648 34637
24649 34381
24650 34127
24651 34639
24652 34383
24653 34126
24654 34382
24655 34638
24656 33869
24657 33870
24658 33871
24659 33100
24660 34124
24661 33868
24662 33356
24663 33612
24664 34380
24665 34636
24666 35145
24667 35657
24668 35401
24669 35147
24670 35659
24671 35403
24672 35146
24673 35402
24674 35658
24675 36169
24676 36681
24677 36425
24678 36171
24679 36683
24680 36427
24681 36170
24682 36426
24683 36682
24684 35913
24685 35914
24686 35915
24687 35149
24688 35661
24689 35405
24690 35151
24691 35663
24692 35407
24693 35150
24694 35406
24695 35662
24696 36173
24697 36685
24698 36429
24699 36175
24700 36687
24701 36431
24702 36174
24703 36430
24704 36686
24705 35917
24706 35918
24707 35919
24708 35404
24709 35660
24710 35916
24711 36684
24712 36172
24713 36428
24714 35148
24715 34890
24716 34894
24717 34893
24718 34892
24719 34891
24720 34895
24721 34889
24722 34888
24723 33864
24724 35400
24725 34120
24726 34376
24727 34632
24728 33096
24729 33352
24730 36168
24731 36680
24732 35656
24733 35912
24734 33608
24735 35144
24736 36424
24737 37185
24738 37697
24739 37441
24740 37187
24741 37699
24742 37443
24743 37186
24744 37442
24745 37698
24746 38209
24747 38721
24748 38465
24749 38211
24750 38723
24751 38467
24752 38210
24753 38466
24754 38722
24755 37953
24756 37954
24757 37955
24758 37189
24759 37701
24760 37445
24761 37191
24762 37703
24763 37447
24764 37190
24765 37446
24766 37702
24767 38213
24768 38725
24769 38469
24770 38215
24771 38727
24772 38471
24773 38214
24774 38470
24775 38726
24776 37957
24777 37958
24778 37959
24779 37188
24780 37444
24781 37700
24782 38724
24783 37956
24784 38212
24785 38468
24786 39233
24787 39745
24788 39489
24789 39235
24790 39747
24791 39491
24792 39234
24793 39490
24794 39746
24795 40257
24796 40769
24797 40513
24798 40259
24799 40771
24800 40515
24801 40258
24802 40514
24803 40770
24804 40001
24805 40002
24806 40003
24807 39237
24808 39749
24809 39493
24810 39239
24811 39751
24812 39495
24813 39238
24814 39494
24815 39750
24816 40261
24817 40773
24818 40517
24819 40263
24820 40775
24821 40519
24822 40262
24823 40518
24824 40774
24825 40005
24826 40006
24827 40007
24828 39236
24829 39492
24830 40260
24831 40004
24832 39748
24833 40516
24834 40772
24835 38977
24836 38979
24837 38980
24838 38978
24839 38981
24840 38982
24841 38983
24842 37193
24843 37705
24844 37449
24845 37195
24846 37707
24847 37451
24848 37194
24849 37450
24850 37706
24851 38217
24852 38729
24853 38473
24854 38219
24855 38731
24856 38475
24857 38218
24858 38474
24859 38730
24860 37961
24861 37962
24862 37963
24863 37197
24864 37709
24865 37453
24866 37199
24867 37711
24868 37455
24869 37198
24870 37454
24871 37710
24872 38221
24873 38733
24874 38477
24875 38223
24876 38735
24877 38479
24878 38222
24879 38478
24880 38734
24881 37965
24882 37966
24883 37967
24884 37196
24885 37452
24886 38220
24887 37708
24888 37964
24889 38476
24890 38732
24891 39241
24892 39753
24893 39497
24894 39243
24895 39755
24896 39499
24897 39242
24898 39498
24899 39754
24900 40265
24901 40777
24902 40521
24903 40267
24904 40779
24905 40523
24906 40266
24907 40522
24908 40778
24909 40009
24910 40010
24911 40011
24912 39245
24913 39757
24914 39501
24915 39247
24916 39759
24917 39503
24918 39246
24919 39502
24920 39758
24921 40269
24922 40781
24923 40525
24924 40271
24925 40783
24926 40527
24927 40270
24928 40526
24929 40782
24930 40013
24931 40014
24932 40015
24933 39244
24934 40268
24935 39500
24936 40012
24937 39756
24938 40524
24939 40780
24940 38985
24941 38986
24942 38990
24943 38988
24944 38987
24945 38991
24946 38989
24947 37704
24948 39240
24949 40008
24950 39496
24951 40264
24952 37960
24953 40520
24954 39752
24955 38472
24956 38216
24957 38728
24958 38984
24959 37448
24960 37192
24961 40776
24962 36935
24963 36942
24964 36932
24965 36936
24966 36937
24967 36941
24968 36933
24969 36929
24970 36938
24971 36934
24972 36939
24973 36930
24974 36940
24975 36943
24976 36931
24977 33105
24978 33617
24979 33361
24980 33107
24981 33619
24982 33363
24983 33106
24984 33362
24985 33618
24986 34129
24987 34641
24988 34385
24989 34131
24990 34643
24991 34387
24992 34130
24993 34386
24994 34642
24995 33873
24996 33874
24997 33875
24998 33109
24999 33621
25000 33365
25001 33111
25002 33623
25003 33367
25004 33110
25005 33366
25006 33622
25007 34133
25008 34645
25009 34389
25010 34135
25011 34647
25012 34391
25013 34134
25014 34390
25015 34646
25016 33877
25017 33878
25018 33879
25019 33364
25020 34388
25021 33620
25022 33876
25023 34132
25024 33108
25025 34644
25026 35153
25027 35665
25028 35409
25029 35155
25030 35667
25031 35411
25032 35154
25033 35410
25034 35666
25035 36177
25036 36689
25037 36433
25038 36179
25039 36691
25040 36435
25041 36178
25042 36434
25043 36690
25044 35921
25045 35922
25046 35923
25047 35157
25048 35669
25049 35413
25050 35159
25051 35671
25052 35415
25053 35158
25054 35414
25055 35670
25056 36181
25057 36693
25058 36437
25059 36183
25060 36695
25061 36439
25062 36182
25063 36438
25064 36694
25065 35925
25066 35926
25067 35927
25068 35156
25069 35412
25070 35924
25071 36180
25072 35668
25073 36436
25074 36692
25075 34897
25076 34901
25077 34899
25078 34900
25079 34903
25080 34898
25081 34902
25082 33113
25083 33625
25084 33369
25085 33115
25086 33627
25087 33371
25088 33114
25089 33370
25090 33626
25091 34137
25092 34649
25093 34393
25094 34139
25095 34651
25096 34395
25097 34138
25098 34394
25099 34650
25100 33881
25101 33882
25102 33883
25103 33117
25104 33629
25105 33373
25106 33119
25107 33631
25108 33375
25109 33118
25110 33374
25111 33630
25112 34141
25113 34653
25114 34397
25115 34143
25116 34655
25117 34399
25118 34142
25119 34398
25120 34654
25121 33885
25122 33886
25123 33887
25124 33116
25125 33628
25126 33372
25127 34652
25128 33884
25129 34140
25130 34396
25131 35161
25132 35673
25133 35417
25134 35163
25135 35675
25136 35419
25137 35162
25138 35418
25139 35674
25140 36185
25141 36697
25142 36441
25143 36187
25144 36699
25145 36443
25146 36186
25147 36442
25148 36698
25149 35929
25150 35930
25151 35931
25152 35165
25153 35677
25154 35421
25155 35167
25156 35679
25157 35423
25158 35166
25159 35422
25160 35678
25161 36189
25162 36701
25163 36445
25164 36191
25165 36703
25166 36447
25167 36190
25168 36446
25169 36702
25170 35933
25171 35934
25172 35935
25173 35164
25174 35420
25175 35676
25176 35932
25177 36444
25178 36188
25179 36700
25180 34905
25181 34911
25182 34907
25183 34910
25184 34906
25185 34909
25186 34908
25187 33368
25188 33624
25189 33880
25190 34136
25191 34392
25192 34648
25193 34904
25194 35928
25195 35160
25196 35416
25197 35672
25198 36184
25199 36696
25200 33112
25201 36440
25202 37201
25203 37713
25204 37457
25205 37203
25206 37715
25207 37459
25208 37202
25209 37458
25210 37714
25211 38225
25212 38737
25213 38481
25214 38227
25215 38739
25216 38483
25217 38226
25218 38482
25219 38738
25220 37969
25221 37970
25222 37971
25223 37205
25224 37717
25225 37461
25226 37207
25227 37719
25228 37463
25229 37206
25230 37462
25231 37718
25232 38229
25233 38741
25234 38485
25235 38231
25236 38743
25237 38487
25238 38230
25239 38486
25240 38742
25241 37973
25242 37974
25243 37975
25244 37716
25245 37204
25246 37460
25247 38228
25248 37972
25249 38484
25250 38740
25251 39249
25252 39761
25253 39505
25254 39251
25255 39763
25256 39507
25257 39250
25258 39506
25259 39762
25260 40273
25261 40785
25262 40529
25263 40275
25264 40787
25265 40531
25266 40274
25267 40530
25268 40786
25269 40017
25270 40018
25271 40019
25272 39253
25273 39765
25274 39509
25275 39255
25276 39767
25277 39511
25278 39254
25279 39510
25280 39766
25281 40277
25282 40789
25283 40533
25284 40279
25285 40791
25286 40535
25287 40278
25288 40534
25289 40790
25290 40021
25291 40022
25292 40023
25293 39252
25294 39508
25295 40276
25296 40020
25297 40532
25298 39764
25299 40788
25300 38995
25301 38996
25302 38997
25303 38994
25304 38993
25305 38998
25306 38999
25307 37209
25308 37721
25309 37465
25310 37211
25311 37723
25312 37467
25313 37210
25314 37466
25315 37722
25316 38233
25317 38745
25318 38489
25319 38235
25320 38747
25321 38491
25322 38234
25323 38490
25324 38746
25325 37977
25326 37978
25327 37979
25328 37213
25329 37725
25330 37469
25331 37215
25332 37727
25333 37471
25334 37214
25335 37470
25336 37726
25337 38237
25338 38749
25339 38493
25340 38239
25341 38751
25342 38495
25343 38238
25344 38494
25345 38750
25346 37981
25347 37982
25348 37983
25349 37468
25350 37212
25351 37980
25352 38236
25353 37724
25354 38492
25355 38748
25356 39257
25357 39769
25358 39513
25359 39259
25360 39771
25361 39515
25362 39258
25363 39514
25364 39770
25365 40281
25366 40793
25367 40537
25368 40283
25369 40795
25370 40539
25371 40282
25372 40538
25373 40794
25374 40025
25375 40026
25376 40027
25377 39261
25378 39773
25379 39517
25380 39263
25381 39775
25382 39519
25383 39262
25384 39518
25385 39774
25386 40285
25387 40797
25388 40541
25389 40287
25390 40799
25391 40543
25392 40286
25393 40542
25394 40798
25395 40029
25396 40030
25397 40031
25398 39260
25399 40028
25400 39516
25401 40284
25402 39772
25403 40540
25404 40796
25405 39006
25406 39001
25407 39003
25408 39005
25409 39004
25410 39002
25411 39007
25412 37208
25413 37464
25414 37720
25415 37976
25416 38232
25417 38488
25418 38744
25419 39000
25420 39256
25421 39512
25422 39768
25423 40024
25424 40280
25425 40536
25426 40792
25427 36945
25428 36955
25429 36959
25430 36950
25431 36947
25432 36956
25433 36954
25434 36952
25435 36958
25436 36953
25437 36957
25438 36951
25439 36946
25440 36948
25441 36949
25442 35152
25443 33104
25444 33872
25445 40272
25446 36944
25447 38736
25448 40528
25449 35920
25450 37968
25451 36432
25452 36176
25453 36688
25454 34896
25455 38992
25456 33616
25457 37200
25458 35408
25459 38480
25460 34384
25461 39760
25462 40784
25463 37712
25464 34128
25465 33360
25466 39504
25467 35664
25468 39248
25469 38224
25470 40016
25471 37456
25472 34640
25473 41281
25474 41793
25475 41537
25476 41283
25477 41795
25478 41539
25479 41282
25480 41538
25481 41794
25482 42305
25483 42817
25484 42561
25485 42307
25486 42819
25487 42563
25488 42306
25489 42562
25490 42818
25491 42049
25492 42050
25493 42051
25494 41285
25495 41797
25496 41541
25497 41287
25498 41799
25499 41543
25500 41286
25501 41542
25502 41798
25503 42309
25504 42821
25505 42565
25506 42311
25507 42823
25508 42567
25509 42310
25510 42566
25511 42822
25512 42053
25513 42054
25514 42055
25515 42820
25516 41540
25517 41796
25518 41284
25519 42052
25520 42308
25521 42564
25522 43329
25523 43841
25524 43585
25525 43331
25526 43843
25527 43587
25528 43330
25529 43586
25530 43842
25531 44353
25532 44865
25533 44609
25534 44355
25535 44867
25536 44611
25537 44354
25538 44610
25539 44866
25540 44097
25541 44098
25542 44099
25543 43333
25544 43845
25545 43589
25546 43335
25547 43847
25548 43591
25549 43334
25550 43590
25551 43846
25552 44357
25553 44869
25554 44613
25555 44359
25556 44871
25557 44615
25558 44358
25559 44614
25560 44870
25561 44101
25562 44102
25563 44103
25564 43588
25565 43332
25566 44356
25567 44100
25568 43844
25569 44612
25570 44868
25571 43074
25572 43075
25573 43073
25574 43078
25575 43076
25576 43077
25577 43079
25578 41289
25579 41801
25580 41545
25581 41291
25582 41803
25583 41547
25584 41290
25585 41546
25586 41802
25587 42313
25588 42825
25589 42569
25590 42315
25591 42827
25592 42571
25593 42314
25594 42570
25595 42826
25596 42057
25597 42058
25598 42059
25599 41293
25600 41805
25601 41549
25602 41295
25603 41807
25604 41551
25605 41294
25606 41550
25607 41806
25608 42317
25609 42829
25610 42573
25611 42319
25612 42831
25613 42575
25614 42318
25615 42574
25616 42830
25617 42061
25618 42062
25619 42063
25620 41292
25621 41548
25622 42060
25623 42316
25624 42572
25625 41804
25626 42828
25627 43337
25628 43849
25629 43593
25630 43339
25631 43851
25632 43595
25633 43338
25634 43594
25635 43850
25636 44361
25637 44873
25638 44617
25639 44363
25640 44875
25641 44619
25642 44362
25643 44618
25644 44874
25645 44105
25646 44106
25647 44107
25648 43341
25649 43853
25650 43597
25651 43343
25652 43855
25653 43599
25654 43342
25655 43598
25656 43854
25657 44365
25658 44877
25659 44621
25660 44367
25661 44879
25662 44623
25663 44366
25664 44622
25665 44878
25666 44109
25667 44110
25668 44111
25669 44364
25670 43852
25671 44108
25672 43596
25673 44620
25674 43340
25675 44876
25676 43086
25677 43085
25678 43081
25679 43082
25680 43084
25681 43083
25682 43087
25683 43080
25684 44104
25685 42824
25686 41800
25687 44360
25688 44616
25689 42568
25690 41288
25691 44872
25692 42312
25693 41544
25694 43336
25695 43592
25696 42056
25697 43848
25698 45377
25699 45889
25700 45633
25701 45379
25702 45891
25703 45635
25704 45378
25705 45634
25706 45890
25707 46401
25708 46913
25709 46657
25710 46403
25711 46915
25712 46659
25713 46402
25714 46658
25715 46914
25716 46145
25717 46146
25718 46147
25719 45381
25720 45893
25721 45637
25722 45383
25723 45895
25724 45639
25725 45382
25726 45638
25727 45894
25728 46405
25729 46917
25730 46661
25731 46407
25732 46919
25733 46663
25734 46406
25735 46662
25736 46918
25737 46149
25738 46150
25739 46151
25740 45380
25741 46404
25742 45636
25743 45892
25744 46148
25745 46660
25746 46916
25747 47425
25748 47937
25749 47681
25750 47427
25751 47939
25752 47683
25753 47426
25754 47682
25755 47938
25756 48449
25757 48961
25758 48705
25759 48451
25760 48963
25761 48707
25762 48450
25763 48706
25764 48962
25765 48193
25766 48194
25767 48195
25768 47429
25769 47941
25770 47685
25771 47431
25772 47943
25773 47687
25774 47430
25775 47686
25776 47942
25777 48453
25778 48965
25779 48709
25780 48455
25781 48967
25782 48711
25783 48454
25784 48710
25785 48966
25786 48197
25787 48198
25788 48199
25789 47684
25790 47940
25791 48196
25792 48708
25793 48452
25794 47428
25795 48964
25796 47169
25797 47174
25798 47175
25799 47170
25800 47172
25801 47171
25802 47173
25803 45385
25804 45897
25805 45641
25806 45387
25807 45899
25808 45643
25809 45386
25810 45642
25811 45898
25812 46409
25813 46921
25814 46665
25815 46411
25816 46923
25817 46667
25818 46410
25819 46666
25820 46922
25821 46153
25822 46154
25823 46155
25824 45389
25825 45901
25826 45645
25827 45391
25828 45903
25829 45647
25830 45390
25831 45646
25832 45902
25833 46413
25834 46925
25835 46669
25836 46415
25837 46927
25838 46671
25839 46414
25840 46670
25841 46926
25842 46157
25843 46158
25844 46159
25845 45388
25846 45644
25847 46412
25848 46156
25849 45900
25850 46668
25851 46924
25852 47433
25853 47945
25854 47689
25855 47435
25856 47947
25857 47691
25858 47434
25859 47690
25860 47946
25861 48457
25862 48969
25863 48713
25864 48459
25865 48971
25866 48715
25867 48458
25868 48714
25869 48970
25870 48201
25871 48202
25872 48203
25873 47437
25874 47949
25875 47693
25876 47439
25877 47951
25878 47695
25879 47438
25880 47694
25881 47950
25882 48461
25883 48973
25884 48717
25885 48463
25886 48975
25887 48719
25888 48462
25889 48718
25890 48974
25891 48205
25892 48206
25893 48207
25894 48716
25895 48460
25896 47436
25897 47692
25898 47948
25899 48204
25900 48972
25901 47177
25902 47183
25903 47178
25904 47181
25905 47180
25906 47179
25907 47182
25908 45384
25909 46664
25910 47432
25911 46408
25912 47176
25913 47688
25914 47944
25915 46920
25916 46152
25917 48968
25918 48712
25919 48200
25920 48456
25921 45896
25922 45640
25923 45121
25924 45132
25925 45123
25926 45126
25927 45135
25928 45125
25929 45130
25930 45133
25931 45127
25932 45122
25933 45134
25934 45129
25935 45131
25936 45124
25937 45128
25938 41297
25939 41809
25940 41553
25941 41299
25942 41811
25943 41555
25944 41298
25945 41554
25946 41810
25947 42321
25948 42833
25949 42577
25950 42323
25951 42835
25952 42579
25953 42322
25954 42578
25955 42834
25956 42065
25957 42066
25958 42067
25959 41301
25960 41813
25961 41557
25962 41303
25963 41815
25964 41559
25965 41302
25966 41558
25967 41814
25968 42325
25969 42837
25970 42581
25971 42327
25972 42839
25973 42583
25974 42326
25975 42582
25976 42838
25977 42069
25978 42070
25979 42071
25980 41300
25981 42068
25982 41556
25983 42324
25984 41812
25985 42580
25986 42836
25987 43345
25988 43857
25989 43601
25990 43347
25991 43859
25992 43603
25993 43346
25994 43602
25995 43858
25996 44369
25997 44881
25998 44625
25999 44371
26000 44883
26001 44627
26002 44370
26003 44626
26004 44882
26005 44113
26006 44114
26007 44115
26008 43349
26009 43861
26010 43605
26011 43351
26012 43863
26013 43607
26014 43350
26015 43606
26016 43862
26017 44373
26018 44885
26019 44629
26020 44375
26021 44887
26022 44631
26023 44374
26024 44630
26025 44886
26026 44117
26027 44118
26028 44119
26029 43348
26030 43604
26031 44372
26032 44116
26033 43860
26034 44628
26035 44884
26036 43092
26037 43091
26038 43090
26039 43095
26040 43094
26041 43093
26042 43089
26043 41305
26044 41817
26045 41561
26046 41307
26047 41819
26048 41563
26049 41306
26050 41562
26051 41818
26052 42329
26053 42841
26054 42585
26055 42331
26056 42843
26057 42587
26058 42330
26059 42586
26060 42842
26061 42073
26062 42074
26063 42075
26064 41309
26065 41821
26066 41565
26067 41311
26068 41823
26069 41567
26070 41310
26071 41566
26072 41822
26073 42333
26074 42845
26075 42589
26076 42335
26077 42847
26078 42591
26079 42334
26080 42590
26081 42846
26082 42077
26083 42078
26084 42079
26085 41308
26086 41564
26087 42844
26088 41820
26089 42076
26090 42332
26091 42588
26092 43353
26093 43865
26094 43609
26095 43355
26096 43867
26097 43611
26098 43354
26099 43610
26100 43866
26101 44377
26102 44889
26103 44633
26104 44379
26105 44891
26106 44635
26107 44378
26108 44634
26109 44890
26110 44121
26111 44122
26112 44123
26113 43357
26114 43869
26115 43613
26116 43359
26117 43871
26118 43615
26119 43358
26120 43614
26121 43870
26122 44381
26123 44893
26124 44637
26125 44383
26126 44895
26127 44639
26128 44382
26129 44638
26130 44894
26131 44125
26132 44126
26133 44127
26134 43356
26135 43868
26136 44124
26137 44892
26138 44380
26139 44636
26140 43612
26141 43098
26142 43097
26143 43100
26144 43099
26145 43101
26146 43102
26147 43103
26148 42584
26149 41304
26150 44120
26151 41560
26152 42072
26153 43352
26154 43608
26155 44376
26156 42328
26157 44632
26158 43096
26159 44888
26160 41816
26161 42840
26162 43864
26163 45393
26164 45905
26165 45649
26166 45395
26167 45907
26168 45651
26169 45394
26170 45650
26171 45906
26172 46417
26173 46929
26174 46673
26175 46419
26176 46931
26177 46675
26178 46418
26179 46674
26180 46930
26181 46161
26182 46162
26183 46163
26184 45397
26185 45909
26186 45653
26187 45399
26188 45911
26189 45655
26190 45398
26191 45654
26192 45910
26193 46421
26194 46933
26195 46677
26196 46423
26197 46935
26198 46679
26199 46422
26200 46678
26201 46934
26202 46165
26203 46166
26204 46167
26205 45396
26206 46676
26207 45652
26208 46420
26209 46164
26210 45908
26211 46932
26212 47441
26213 47953
26214 47697
26215 47443
26216 47955
26217 47699
26218 47442
26219 47698
26220 47954
26221 48465
26222 48977
26223 48721
26224 48467
26225 48979
26226 48723
26227 48466
26228 48722
26229 48978
26230 48209
26231 48210
26232 48211
26233 47445
26234 47957
26235 47701
26236 47447
26237 47959
26238 47703
26239 47446
26240 47702
26241 47958
26242 48469
26243 48981
26244 48725
26245 48471
26246 48983
26247 48727
26248 48470
26249 48726
26250 48982
26251 48213
26252 48214
26253 48215
26254 47700
26255 47444
26256 47956
26257 48468
26258 48724
26259 48212
26260 48980
26261 47185
26262 47186
26263 47187
26264 47188
26265 47189
26266 47190
26267 47191
26268 45401
26269 45913
26270 45657
26271 45403
26272 45915
26273 45659
26274 45402
26275 45658
26276 45914
26277 46425
26278 46937
26279 46681
26280 46427
26281 46939
26282 46683
26283 46426
26284 46682
26285 46938
26286 46169
26287 46170
26288 46171
26289 45405
26290 45917
26291 45661
26292 45407
26293 45919
26294 45663
26295 45406
26296 45662
26297 45918
26298 46429
26299 46941
26300 46685
26301 46431
26302 46943
26303 46687
26304 46430
26305 46686
26306 46942
26307 46173
26308 46174
26309 46175
26310 46428
26311 45404
26312 45660
26313 46940
26314 46172
26315 45916
26316 46684
26317 47449
26318 47961
26319 47705
26320 47451
26321 47963
26322 47707
26323 47450
26324 47706
26325 47962
26326 48473
26327 48985
26328 48729
26329 48475
26330 48987
26331 48731
26332 48474
26333 48730
26334 48986
26335 48217
26336 48218
26337 48219
26338 47453
26339 47965
26340 47709
26341 47455
26342 47967
26343 47711
26344 47454
26345 47710
26346 47966
26347 48477
26348 48989
26349 48733
26350 48479
26351 48991
26352 48735
26353 48478
26354 48734
26355 48990
26356 48221
26357 48222
26358 48223
26359 47452
26360 47708
26361 47964
26362 48476
26363 48732
26364 48220
26365 48988
26366 47198
26367 47199
26368 47194
26369 47193
26370 47196
26371 47195
26372 47197
26373 45400
26374 45656
26375 45912
26376 46168
26377 46424
26378 46680
26379 46936
26380 47192
26381 47448
26382 47704
26383 47960
26384 48216
26385 48472
26386 48728
26387 48984
26388 45143
26389 45141
26390 45140
26391 45145
26392 45148
26393 45137
26394 45149
26395 45144
26396 45139
26397 45147
26398 45146
26399 45151
26400 45142
26401 45150
26402 45138
26403 46160
26404 43600
26405 44624
26406 48720
26407 45136
26408 42832
26409 44112
26410 46928
26411 47952
26412 46416
26413 41296
26414 44880
26415 45392
26416 42064
26417 42320
26418 41552
26419 43088
26420 43856
26421 46672
26422 48976
26423 47184
26424 45904
26425 42576
26426 48464
26427 47696
26428 41808
26429 45648
26430 48208
26431 47440
26432 43344
26433 44368
26434 41042
26435 41036
26436 41048
26437 41037
26438 41045
26439 41034
26440 41049
26441 41047
26442 41046
26443 41032
26444 41053
26445 41044
26446 41025
26447 41027
26448 41052
26449 41028
26450 41031
26451 41035
26452 41033
26453 41050
26454 41040
26455 41026
26456 41038
26457 41055
26458 41043
26459 41051
26460 41041
26461 41030
26462 41029
26463 41054
26464 41039
26465 33121
26466 33633
26467 33377
26468 33123
26469 33635
26470 33379
26471 33122
26472 33378
26473 33634
26474 34145
26475 34657
26476 34401
26477 34147
26478 34659
26479 34403
26480 34146
26481 34402
26482 34658
26483 33889
26484 33890
26485 33891
26486 33125
26487 33637
26488 33381
26489 33127
26490 33639
26491 33383
26492 33126
26493 33382
26494 33638
26495 34149
26496 34661
26497 34405
26498 34151
26499 34663
26500 34407
26501 34150
26502 34406
26503 34662
26504 33893
26505 33894
26506 33895
26507 33636
26508 34404
26509 34660
26510 33380
26511 33124
26512 34148
26513 33892
26514 35169
26515 35681
26516 35425
26517 35171
26518 35683
26519 35427
26520 35170
26521 35426
26522 35682
26523 36193
26524 36705
26525 36449
26526 36195
26527 36707
26528 36451
26529 36194
26530 36450
26531 36706
26532 35937
26533 35938
26534 35939
26535 35173
26536 35685
26537 35429
26538 35175
26539 35687
26540 35431
26541 35174
26542 35430
26543 35686
26544 36197
26545 36709
26546 36453
26547 36199
26548 36711
26549 36455
26550 36198
26551 36454
26552 36710
26553 35941
26554 35942
26555 35943
26556 35172
26557 35428
26558 35940
26559 36196
26560 35684
26561 36452
26562 36708
26563 34913
26564 34919
26565 34916
26566 34914
26567 34918
26568 34915
26569 34917
26570 33129
26571 33641
26572 33385
26573 33131
26574 33643
26575 33387
26576 33130
26577 33386
26578 33642
26579 34153
26580 34665
26581 34409
26582 34155
26583 34667
26584 34411
26585 34154
26586 34410
26587 34666
26588 33897
26589 33898
26590 33899
26591 33133
26592 33645
26593 33389
26594 33135
26595 33647
26596 33391
26597 33134
26598 33390
26599 33646
26600 34157
26601 34669
26602 34413
26603 34159
26604 34671
26605 34415
26606 34158
26607 34414
26608 34670
26609 33901
26610 33902
26611 33903
26612 34412
26613 33132
26614 33388
26615 34668
26616 33900
26617 34156
26618 33644
26619 35177
26620 35689
26621 35433
26622 35179
26623 35691
26624 35435
26625 35178
26626 35434
26627 35690
26628 36201
26629 36713
26630 36457
26631 36203
26632 36715
26633 36459
26634 36202
26635 36458
26636 36714
26637 35945
26638 35946
26639 35947
26640 35181
26641 35693
26642 35437
26643 35183
26644 35695
26645 35439
26646 35182
26647 35438
26648 35694
26649 36205
26650 36717
26651 36461
26652 36207
26653 36719
26654 36463
26655 36206
26656 36462
26657 36718
26658 35949
26659 35950
26660 35951
26661 35948
26662 35692
26663 36204
26664 36460
26665 35180
26666 35436
26667 36716
26668 34921
26669 34924
26670 34923
26671 34925
26672 34926
26673 34922
26674 34927
26675 34408
26676 36712
26677 34152
26678 35944
26679 35432
26680 34920
26681 36456
26682 34664
26683 35688
26684 33128
26685 33384
26686 33640
26687 35176
26688 33896
26689 36200
26690 37217
26691 37729
26692 37473
26693 37219
26694 37731
26695 37475
26696 37218
26697 37474
26698 37730
26699 38241
26700 38753
26701 38497
26702 38243
26703 38755
26704 38499
26705 38242
26706 38498
26707 38754
26708 37985
26709 37986
26710 37987
26711 37221
26712 37733
26713 37477
26714 37223
26715 37735
26716 37479
26717 37222
26718 37478
26719 37734
26720 38245
26721 38757
26722 38501
26723 38247
26724 38759
26725 38503
26726 38246
26727 38502
26728 38758
26729 37989
26730 37990
26731 37991
26732 37988
26733 37220
26734 37476
26735 37732
26736 38244
26737 38500
26738 38756
26739 39265
26740 39777
26741 39521
26742 39267
26743 39779
26744 39523
26745 39266
26746 39522
26747 39778
26748 40289
26749 40801
26750 40545
26751 40291
26752 40803
26753 40547
26754 40290
26755 40546
26756 40802
26757 40033
26758 40034
26759 40035
26760 39269
26761 39781
26762 39525
26763 39271
26764 39783
26765 39527
26766 39270
26767 39526
26768 39782
26769 40293
26770 40805
26771 40549
26772 40295
26773 40807
26774 40551
26775 40294
26776 40550
26777 40806
26778 40037
26779 40038
26780 40039
26781 39268
26782 39524
26783 40036
26784 40292
26785 39780
26786 40804
26787 40548
26788 39009
26789 39010
26790 39011
26791 39012
26792 39013
26793 39014
26794 39015
26795 37225
26796 37737
26797 37481
26798 37227
26799 37739
26800 37483
26801 37226
26802 37482
26803 37738
26804 38249
26805 38761
26806 38505
26807 38251
26808 38763
26809 38507
26810 38250
26811 38506
26812 38762
26813 37993
26814 37994
26815 37995
26816 37229
26817 37741
26818 37485
26819 37231
26820 37743
26821 37487
26822 37230
26823 37486
26824 37742
26825 38253
26826 38765
26827 38509
26828 38255
26829 38767
26830 38511
26831 38254
26832 38510
26833 38766
26834 37997
26835 37998
26836 37999
26837 38508
26838 38764
26839 37740
26840 37484
26841 37996
26842 38252
26843 37228
26844 39273
26845 39785
26846 39529
26847 39275
26848 39787
26849 39531
26850 39274
26851 39530
26852 39786
26853 40297
26854 40809
26855 40553
26856 40299
26857 40811
26858 40555
26859 40298
26860 40554
26861 40810
26862 40041
26863 40042
26864 40043
26865 39277
26866 39789
26867 39533
26868 39279
26869 39791
26870 39535
26871 39278
26872 39534
26873 39790
26874 40301
26875 40813
26876 40557
26877 40303
26878 40815
26879 40559
26880 40302
26881 40558
26882 40814
26883 40045
26884 40046
26885 40047
26886 39276
26887 40300
26888 40556
26889 39788
26890 39532
26891 40044
26892 40812
26893 39018
26894 39019
26895 39020
26896 39017
26897 39021
26898 39022
26899 39023
26900 39016
26901 37992
26902 37224
26903 37480
26904 40040
26905 40296
26906 38504
26907 39528
26908 39272
26909 38248
26910 40808
26911 39784
26912 37736
26913 38760
26914 40552
26915 36966
26916 36970
26917 36971
26918 36973
26919 36968
26920 36961
26921 36974
26922 36963
26923 36964
26924 36975
26925 36965
26926 36972
26927 36967
26928 36969
26929 36962
26930 33137
26931 33649
26932 33393
26933 33139
26934 33651
26935 33395
26936 33138
26937 33394
26938 33650
26939 34161
26940 34673
26941 34417
26942 34163
26943 34675
26944 34419
26945 34162
26946 34418
26947 34674
26948 33905
26949 33906
26950 33907
26951 33141
26952 33653
26953 33397
26954 33143
26955 33655
26956 33399
26957 33142
26958 33398
26959 33654
26960 34165
26961 34677
26962 34421
26963 34167
26964 34679
26965 34423
26966 34166
26967 34422
26968 34678
26969 33909
26970 33910
26971 33911
26972 34164
26973 33140
26974 33396
26975 33652
26976 33908
26977 34420
26978 34676
26979 35185
26980 35697
26981 35441
26982 35187
26983 35699
26984 35443
26985 35186
26986 35442
26987 35698
26988 36209
26989 36721
26990 36465
26991 36211
26992 36723
26993 36467
26994 36210
26995 36466
26996 36722
26997 35953
26998 35954
26999 35955
27000 35189
27001 35701
27002 35445
27003 35191
27004 35703
27005 35447
27006 35190
27007 35446
27008 35702
27009 36213
27010 36725
27011 36469
27012 36215
27013 36727
27014 36471
27015 36214
27016 36470
27017 36726
27018 35957
27019 35958
27020 35959
27021 36212
27022 35700
27023 35444
27024 35188
27025 36468
27026 36724
27027 35956
27028 34932
27029 34933
27030 34930
27031 34934
27032 34929
27033 34931
27034 34935
27035 33145
27036 33657
27037 33401
27038 33147
27039 33659
27040 33403
27041 33146
27042 33402
27043 33658
27044 34169
27045 34681
27046 34425
27047 34171
27048 34683
27049 34427
27050 34170
27051 34426
27052 34682
27053 33913
27054 33914
27055 33915
27056 33149
27057 33661
27058 33405
27059 33151
27060 33663
27061 33407
27062 33150
27063 33406
27064 33662
27065 34173
27066 34685
27067 34429
27068 34175
27069 34687
27070 34431
27071 34174
27072 34430
27073 34686
27074 33917
27075 33918
27076 33919
27077 33404
27078 33148
27079 33660
27080 34172
27081 34428
27082 34684
27083 33916
27084 35193
27085 35705
27086 35449
27087 35195
27088 35707
27089 35451
27090 35194
27091 35450
27092 35706
27093 36217
27094 36729
27095 36473
27096 36219
27097 36731
27098 36475
27099 36218
27100 36474
27101 36730
27102 35961
27103 35962
27104 35963
27105 35197
27106 35709
27107 35453
27108 35199
27109 35711
27110 35455
27111 35198
27112 35454
27113 35710
27114 36221
27115 36733
27116 36477
27117 36223
27118 36735
27119 36479
27120 36222
27121 36478
27122 36734
27123 35965
27124 35966
27125 35967
27126 35452
27127 35708
27128 35964
27129 36476
27130 36220
27131 35196
27132 36732
27133 34941
27134 34938
27135 34942
27136 34940
27137 34939
27138 34943
27139 34937
27140 35192
27141 34936
27142 35448
27143 33144
27144 35704
27145 36216
27146 34424
27147 36728
27148 34168
27149 36472
27150 33656
27151 33400
27152 35960
27153 33912
27154 34680
27155 37233
27156 37745
27157 37489
27158 37235
27159 37747
27160 37491
27161 37234
27162 37490
27163 37746
27164 38257
27165 38769
27166 38513
27167 38259
27168 38771
27169 38515
27170 38258
27171 38514
27172 38770
27173 38001
27174 38002
27175 38003
27176 37237
27177 37749
27178 37493
27179 37239
27180 37751
27181 37495
27182 37238
27183 37494
27184 37750
27185 38261
27186 38773
27187 38517
27188 38263
27189 38775
27190 38519
27191 38262
27192 38518
27193 38774
27194 38005
27195 38006
27196 38007
27197 37236
27198 38004
27199 38260
27200 38516
27201 37748
27202 37492
27203 38772
27204 39281
27205 39793
27206 39537
27207 39283
27208 39795
27209 39539
27210 39282
27211 39538
27212 39794
27213 40305
27214 40817
27215 40561
27216 40307
27217 40819
27218 40563
27219 40306
27220 40562
27221 40818
27222 40049
27223 40050
27224 40051
27225 39285
27226 39797
27227 39541
27228 39287
27229 39799
27230 39543
27231 39286
27232 39542
27233 39798
27234 40309
27235 40821
27236 40565
27237 40311
27238 40823
27239 40567
27240 40310
27241 40566
27242 40822
27243 40053
27244 40054
27245 40055
27246 39284
27247 39540
27248 40308
27249 40052
27250 40564
27251 39796
27252 40820
27253 39030
27254 39027
27255 39026
27256 39029
27257 39025
27258 39031
27259 39028
27260 37241
27261 37753
27262 37497
27263 37243
27264 37755
27265 37499
27266 37242
27267 37498
27268 37754
27269 38265
27270 38777
27271 38521
27272 38267
27273 38779
27274 38523
27275 38266
27276 38522
27277 38778
27278 38009
27279 38010
27280 38011
27281 37245
27282 37757
27283 37501
27284 37247
27285 37759
27286 37503
27287 37246
27288 37502
27289 37758
27290 38269
27291 38781
27292 38525
27293 38271
27294 38783
27295 38527
27296 38270
27297 38526
27298 38782
27299 38013
27300 38014
27301 38015
27302 37244
27303 37500
27304 38268
27305 38012
27306 38524
27307 37756
27308 38780
27309 39289
27310 39801
27311 39545
27312 39291
27313 39803
27314 39547
27315 39290
27316 39546
27317 39802
27318 40313
27319 40825
27320 40569
27321 40315
27322 40827
27323 40571
27324 40314
27325 40570
27326 40826
27327 40057
27328 40058
27329 40059
27330 39293
27331 39805
27332 39549
27333 39295
27334 39807
27335 39551
27336 39294
27337 39550
27338 39806
27339 40317
27340 40829
27341 40573
27342 40319
27343 40831
27344 40575
27345 40318
27346 40574
27347 40830
27348 40061
27349 40062
27350 40063
27351 39292
27352 40060
27353 40316
27354 39804
27355 40572
27356 40828
27357 39548
27358 39033
27359 39039
27360 39038
27361 39037
27362 39036
27363 39034
27364 39035
27365 37240
27366 39032
27367 37752
27368 39800
27369 39288
27370 37496
27371 38776
27372 38520
27373 38008
27374 38264
27375 39544
27376 40056
27377 40568
27378 40824
27379 40312
27380 36977
27381 36978
27382 36979
27383 36980
27384 36981
27385 36982
27386 36983
27387 36986
27388 36984
27389 36985
27390 36987
27391 36988
27392 36989
27393 36990
27394 36991
27395 33392
27396 34928
27397 38000
27398 35440
27399 40304
27400 34672
27401 38768
27402 39280
27403 36464
27404 33648
27405 38256
27406 36976
27407 33136
27408 36720
27409 35184
27410 37232
27411 37744
27412 40048
27413 40560
27414 35952
27415 39792
27416 38512
27417 35696
27418 40816
27419 39536
27420 36208
27421 34416
27422 34160
27423 39024
27424 37488
27425 33904
27426 41313
27427 41825
27428 41569
27429 41315
27430 41827
27431 41571
27432 41314
27433 41570
27434 41826
27435 42337
27436 42849
27437 42593
27438 42339
27439 42851
27440 42595
27441 42338
27442 42594
27443 42850
27444 42081
27445 42082
27446 42083
27447 41317
27448 41829
27449 41573
27450 41319
27451 41831
27452 41575
27453 41318
27454 41574
27455 41830
27456 42341
27457 42853
27458 42597
27459 42343
27460 42855
27461 42599
27462 42342
27463 42598
27464 42854
27465 42085
27466 42086
27467 42087
27468 41316
27469 41572
27470 42084
27471 41828
27472 42340
27473 42596
27474 42852
27475 43361
27476 43873
27477 43617
27478 43363
27479 43875
27480 43619
27481 43362
27482 43618
27483 43874
27484 44385
27485 44897
27486 44641
27487 44387
27488 44899
27489 44643
27490 44386
27491 44642
27492 44898
27493 44129
27494 44130
27495 44131
27496 43365
27497 43877
27498 43621
27499 43367
27500 43879
27501 43623
27502 43366
27503 43622
27504 43878
27505 44389
27506 44901
27507 44645
27508 44391
27509 44903
27510 44647
27511 44390
27512 44646
27513 44902
27514 44133
27515 44134
27516 44135
27517 43364
27518 44644
27519 43620
27520 44388
27521 44132
27522 43876
27523 44900
27524 43107
27525 43106
27526 43109
27527 43110
27528 43108
27529 43105
27530 43111
27531 41321
27532 41833
27533 41577
27534 41323
27535 41835
27536 41579
27537 41322
27538 41578
27539 41834
27540 42345
27541 42857
27542 42601
27543 42347
27544 42859
27545 42603
27546 42346
27547 42602
27548 42858
27549 42089
27550 42090
27551 42091
27552 41325
27553 41837
27554 41581
27555 41327
27556 41839
27557 41583
27558 41326
27559 41582
27560 41838
27561 42349
27562 42861
27563 42605
27564 42351
27565 42863
27566 42607
27567 42350
27568 42606
27569 42862
27570 42093
27571 42094
27572 42095
27573 41324
27574 42092
27575 41580
27576 42348
27577 41836
27578 42604
27579 42860
27580 43369
27581 43881
27582 43625
27583 43371
27584 43883
27585 43627
27586 43370
27587 43626
27588 43882
27589 44393
27590 44905
27591 44649
27592 44395
27593 44907
27594 44651
27595 44394
27596 44650
27597 44906
27598 44137
27599 44138
27600 44139
27601 43373
27602 43885
27603 43629
27604 43375
27605 43887
27606 43631
27607 43374
27608 43630
27609 43886
27610 44397
27611 44909
27612 44653
27613 44399
27614 44911
27615 44655
27616 44398
27617 44654
27618 44910
27619 44141
27620 44142
27621 44143
27622 43372
27623 44652
27624 44908
27625 43884
27626 44396
27627 43628
27628 44140
27629 43114
27630 43117
27631 43113
27632 43116
27633 43115
27634 43118
27635 43119
27636 42600
27637 42344
27638 43112
27639 42856
27640 44648
27641 41320
27642 43880
27643 43368
27644 41576
27645 43624
27646 44136
27647 42088
27648 44392
27649 41832
27650 44904
27651 45409
27652 45921
27653 45665
27654 45411
27655 45923
27656 45667
27657 45410
27658 45666
27659 45922
27660 46433
27661 46945
27662 46689
27663 46435
27664 46947
27665 46691
27666 46434
27667 46690
27668 46946
27669 46177
27670 46178
27671 46179
27672 45413
27673 45925
27674 45669
27675 45415
27676 45927
27677 45671
27678 45414
27679 45670
27680 45926
27681 46437
27682 46949
27683 46693
27684 46439
27685 46951
27686 46695
27687 46438
27688 46694
27689 46950
27690 46181
27691 46182
27692 46183
27693 46436
27694 45412
27695 45668
27696 46180
27697 45924
27698 46692
27699 46948
27700 47457
27701 47969
27702 47713
27703 47459
27704 47971
27705 47715
27706 47458
27707 47714
27708 47970
27709 48481
27710 48993
27711 48737
27712 48483
27713 48995
27714 48739
27715 48482
27716 48738
27717 48994
27718 48225
27719 48226
27720 48227
27721 47461
27722 47973
27723 47717
27724 47463
27725 47975
27726 47719
27727 47462
27728 47718
27729 47974
27730 48485
27731 48997
27732 48741
27733 48487
27734 48999
27735 48743
27736 48486
27737 48742
27738 48998
27739 48229
27740 48230
27741 48231
27742 47460
27743 47716
27744 48484
27745 47972
27746 48228
27747 48996
27748 48740
27749 47207
27750 47201
27751 47202
27752 47203
27753 47204
27754 47205
27755 47206
27756 45417
27757 45929
27758 45673
27759 45419
27760 45931
27761 45675
27762 45418
27763 45674
27764 45930
27765 46441
27766 46953
27767 46697
27768 46443
27769 46955
27770 46699
27771 46442
27772 46698
27773 46954
27774 46185
27775 46186
27776 46187
27777 45421
27778 45933
27779 45677
27780 45423
27781 45935
27782 45679
27783 45422
27784 45678
27785 45934
27786 46445
27787 46957
27788 46701
27789 46447
27790 46959
27791 46703
27792 46446
27793 46702
27794 46958
27795 46189
27796 46190
27797 46191
27798 45420
27799 45676
27800 46188
27801 46700
27802 45932
27803 46444
27804 46956
27805 47465
27806 47977
27807 47721
27808 47467
27809 47979
27810 47723
27811 47466
27812 47722
27813 47978
27814 48489
27815 49001
27816 48745
27817 48491
27818 49003
27819 48747
27820 48490
27821 48746
27822 49002
27823 48233
27824 48234
27825 48235
27826 47469
27827 47981
27828 47725
27829 47471
27830 47983
27831 47727
27832 47470
27833 47726
27834 47982
27835 48493
27836 49005
27837 48749
27838 48495
27839 49007
27840 48751
27841 48494
27842 48750
27843 49006
27844 48237
27845 48238
27846 48239
27847 48236
27848 47980
27849 48492
27850 48748
27851 47468
27852 47724
27853 49004
27854 47213
27855 47211
27856 47210
27857 47214
27858 47209
27859 47215
27860 47212
27861 45416
27862 45928
27863 46184
27864 46440
27865 46696
27866 46952
27867 47208
27868 45672
27869 47464
27870 47720
27871 47976
27872 48232
27873 48488
27874 48744
27875 49000
27876 45160
27877 45159
27878 45161
27879 45162
27880 45163
27881 45165
27882 45157
27883 45164
27884 45153
27885 45158
27886 45154
27887 45167
27888 45155
27889 45166
27890 45156
27891 41329
27892 41841
27893 41585
27894 41331
27895 41843
27896 41587
27897 41330
27898 41586
27899 41842
27900 42353
27901 42865
27902 42609
27903 42355
27904 42867
27905 42611
27906 42354
27907 42610
27908 42866
27909 42097
27910 42098
27911 42099
27912 41333
27913 41845
27914 41589
27915 41335
27916 41847
27917 41591
27918 41334
27919 41590
27920 41846
27921 42357
27922 42869
27923 42613
27924 42359
27925 42871
27926 42615
27927 42358
27928 42614
27929 42870
27930 42101
27931 42102
27932 42103
27933 42868
27934 41588
27935 41844
27936 41332
27937 42100
27938 42356
27939 42612
27940 43377
27941 43889
27942 43633
27943 43379
27944 43891
27945 43635
27946 43378
27947 43634
27948 43890
27949 44401
27950 44913
27951 44657
27952 44403
27953 44915
27954 44659
27955 44402
27956 44658
27957 44914
27958 44145
27959 44146
27960 44147
27961 43381
27962 43893
27963 43637
27964 43383
27965 43895
27966 43639
27967 43382
27968 43638
27969 43894
27970 44405
27971 44917
27972 44661
27973 44407
27974 44919
27975 44663
27976 44406
27977 44662
27978 44918
27979 44149
27980 44150
27981 44151
27982 43380
27983 43636
27984 43892
27985 44404
27986 44148
27987 44660
27988 44916
27989 43123
27990 43121
27991 43126
27992 43127
27993 43124
27994 43122
27995 43125
27996 41337
27997 41849
27998 41593
27999 41339
28000 41851
28001 41595
28002 41338
28003 41594
28004 41850
28005 42361
28006 42873
28007 42617
28008 42363
28009 42875
28010 42619
28011 42362
28012 42618
28013 42874
28014 42105
28015 42106
28016 42107
28017 41341
28018 41853
28019 41597
28020 41343
28021 41855
28022 41599
28023 41342
28024 41598
28025 41854
28026 42365
28027 42877
28028 42621
28029 42367
28030 42879
28031 42623
28032 42366
28033 42622
28034 42878
28035 42109
28036 42110
28037 42111
28038 42620
28039 41596
28040 41852
28041 41340
28042 42108
28043 42364
28044 42876
28045 43385
28046 43897
28047 43641
28048 43387
28049 43899
28050 43643
28051 43386
28052 43642
28053 43898
28054 44409
28055 44921
28056 44665
28057 44411
28058 44923
28059 44667
28060 44410
28061 44666
28062 44922
28063 44153
28064 44154
28065 44155
28066 43389
28067 43901
28068 43645
28069 43391
28070 43903
28071 43647
28072 43390
28073 43646
28074 43902
28075 44413
28076 44925
28077 44669
28078 44415
28079 44927
28080 44671
28081 44414
28082 44670
28083 44926
28084 44157
28085 44158
28086 44159
28087 43644
28088 44412
28089 43900
28090 43388
28091 44924
28092 44156
28093 44668
28094 43129
28095 43135
28096 43131
28097 43130
28098 43132
28099 43133
28100 43134
28101 41336
28102 41592
28103 44408
28104 41848
28105 42872
28106 42104
28107 42360
28108 43896
28109 43640
28110 43384
28111 44152
28112 43128
28113 44664
28114 42616
28115 44920
28116 45425
28117 45937
28118 45681
28119 45427
28120 45939
28121 45683
28122 45426
28123 45682
28124 45938
28125 46449
28126 46961
28127 46705
28128 46451
28129 46963
28130 46707
28131 46450
28132 46706
28133 46962
28134 46193
28135 46194
28136 46195
28137 45429
28138 45941
28139 45685
28140 45431
28141 45943
28142 45687
28143 45430
28144 45686
28145 45942
28146 46453
28147 46965
28148 46709
28149 46455
28150 46967
28151 46711
28152 46454
28153 46710
28154 46966
28155 46197
28156 46198
28157 46199
28158 45940
28159 46452
28160 46708
28161 46196
28162 45684
28163 45428
28164 46964
28165 47473
28166 47985
28167 47729
28168 47475
28169 47987
28170 47731
28171 47474
28172 47730
28173 47986
28174 48497
28175 49009
28176 48753
28177 48499
28178 49011
28179 48755
28180 48498
28181 48754
28182 49010
28183 48241
28184 48242
28185 48243
28186 47477
28187 47989
28188 47733
28189 47479
28190 47991
28191 47735
28192 47478
28193 47734
28194 47990
28195 48501
28196 49013
28197 48757
28198 48503
28199 49015
28200 48759
28201 48502
28202 48758
28203 49014
28204 48245
28205 48246
28206 48247
28207 47476
28208 47732
28209 48500
28210 47988
28211 48756
28212 48244
28213 49012
28214 47217
28215 47219
28216 47223
28217 47218
28218 47220
28219 47221
28220 47222
28221 45433
28222 45945
28223 45689
28224 45435
28225 45947
28226 45691
28227 45434
28228 45690
28229 45946
28230 46457
28231 46969
28232 46713
28233 46459
28234 46971
28235 46715
28236 46458
28237 46714
28238 46970
28239 46201
28240 46202
28241 46203
28242 45437
28243 45949
28244 45693
28245 45439
28246 45951
28247 45695
28248 45438
28249 45694
28250 45950
28251 46461
28252 46973
28253 46717
28254 46463
28255 46975
28256 46719
28257 46462
28258 46718
28259 46974
28260 46205
28261 46206
28262 46207
28263 45436
28264 45692
28265 46204
28266 45948
28267 46460
28268 46716
28269 46972
28270 47481
28271 47993
28272 47737
28273 47483
28274 47995
28275 47739
28276 47482
28277 47738
28278 47994
28279 48505
28280 49017
28281 48761
28282 48507
28283 49019
28284 48763
28285 48506
28286 48762
28287 49018
28288 48249
28289 48250
28290 48251
28291 47485
28292 47997
28293 47741
28294 47487
28295 47999
28296 47743
28297 47486
28298 47742
28299 47998
28300 48509
28301 49021
28302 48765
28303 48511
28304 49023
28305 48767
28306 48510
28307 48766
28308 49022
28309 48253
28310 48254
28311 48255
28312 47484
28313 48508
28314 47740
28315 47996
28316 48252
28317 48764
28318 49020
28319 47225
28320 47227
28321 47229
28322 47226
28323 47228
28324 47230
28325 47231
28326 47224
28327 45432
28328 47480
28329 47992
28330 45688
28331 47736
28332 46968
28333 48504
28334 46200
28335 48760
28336 48248
28337 46712
28338 46456
28339 45944
28340 49016
28341 45171
28342 45169
28343 45172
28344 45175
28345 45182
28346 45179
28347 45178
28348 45170
28349 45176
28350 45180
28351 45174
28352 45177
28353 45183
28354 45181
28355 45173
28356 41328
28357 41584
28358 41840
28359 42096
28360 42352
28361 42608
28362 42864
28363 43120
28364 43376
28365 43632
28366 43888
28367 44144
28368 44400
28369 44656
28370 44912
28371 48240
28372 45168
28373 45424
28374 45680
28375 45936
28376 46192
28377 46448
28378 46704
28379 46960
28380 47216
28381 47472
28382 47728
28383 47984
28384 48496
28385 48752
28386 49008
28387 41067
28388 41073
28389 41066
28390 41068
28391 41085
28392 41079
28393 41064
28394 41057
28395 41087
28396 41074
28397 41083
28398 41078
28399 41069
28400 41082
28401 41080
28402 41063
28403 41058
28404 41060
28405 41071
28406 41061
28407 41065
28408 41075
28409 41076
28410 41086
28411 41062
28412 41077
28413 41070
28414 41072
28415 41084
28416 41059
28417 41081
28418 39264
28419 46432
28420 35680
28421 33120
28422 38240
28423 37472
28424 35168
28425 46176
28426 36192
28427 40032
28428 38752
28429 41824
28430 35424
28431 43872
28432 39520
28433 34656
28434 34144
28435 40800
28436 37984
28437 45152
28438 48224
28439 37728
28440 45920
28441 45408
28442 40288
28443 44640
28444 33632
28445 45664
28446 42848
28447 33376
28448 42080
28449 42336
28450 47456
28451 36960
28452 44384
28453 48736
28454 36448
28455 36704
28456 41056
28457 37216
28458 41312
28459 47712
28460 42592
28461 46944
28462 40544
28463 41568
28464 48992
28465 44896
28466 38496
28467 43360
28468 34400
28469 35936
28470 47200
28471 48480
28472 46688
28473 39008
28474 44128
28475 43104
28476 33888
28477 34912
28478 43616
28479 47968
28480 39776
28481 49473
28482 49985
28483 49729
28484 49475
28485 49987
28486 49731
28487 49474
28488 49730
28489 49986
28490 50497
28491 51009
28492 50753
28493 50499
28494 51011
28495 50755
28496 50498
28497 50754
28498 51010
28499 50241
28500 50242
28501 50243
28502 49477
28503 49989
28504 49733
28505 49479
28506 49991
28507 49735
28508 49478
28509 49734
28510 49990
28511 50501
28512 51013
28513 50757
28514 50503
28515 51015
28516 50759
28517 50502
28518 50758
28519 51014
28520 50245
28521 50246
28522 50247
28523 50244
28524 49988
28525 49476
28526 50500
28527 49732
28528 51012
28529 50756
28530 51521
28531 52033
28532 51777
28533 51523
28534 52035
28535 51779
28536 51522
28537 51778
28538 52034
28539 52545
28540 53057
28541 52801
28542 52547
28543 53059
28544 52803
28545 52546
28546 52802
28547 53058
28548 52289
28549 52290
28550 52291
28551 51525
28552 52037
28553 51781
28554 51527
28555 52039
28556 51783
28557 51526
28558 51782
28559 52038
28560 52549
28561 53061
28562 52805
28563 52551
28564 53063
28565 52807
28566 52550
28567 52806
28568 53062
28569 52293
28570 52294
28571 52295
28572 51780
28573 52036
28574 52292
28575 52548
28576 52804
28577 53060
28578 51524
28579 51269
28580 51267
28581 51270
28582 51266
28583 51268
28584 51271
28585 51265
28586 49481
28587 49993
28588 49737
28589 49483
28590 49995
28591 49739
28592 49482
28593 49738
28594 49994
28595 50505
28596 51017
28597 50761
28598 50507
28599 51019
28600 50763
28601 50506
28602 50762
28603 51018
28604 50249
28605 50250
28606 50251
28607 49485
28608 49997
28609 49741
28610 49487
28611 49999
28612 49743
28613 49486
28614 49742
28615 49998
28616 50509
28617 51021
28618 50765
28619 50511
28620 51023
28621 50767
28622 50510
28623 50766
28624 51022
28625 50253
28626 50254
28627 50255
28628 49484
28629 50252
28630 49740
28631 50508
28632 49996
28633 50764
28634 51020
28635 51529
28636 52041
28637 51785
28638 51531
28639 52043
28640 51787
28641 51530
28642 51786
28643 52042
28644 52553
28645 53065
28646 52809
28647 52555
28648 53067
28649 52811
28650 52554
28651 52810
28652 53066
28653 52297
28654 52298
28655 52299
28656 51533
28657 52045
28658 51789
28659 51535
28660 52047
28661 51791
28662 51534
28663 51790
28664 52046
28665 52557
28666 53069
28667 52813
28668 52559
28669 53071
28670 52815
28671 52558
28672 52814
28673 53070
28674 52301
28675 52302
28676 52303
28677 52300
28678 52556
28679 51532
28680 51788
28681 52044
28682 52812
28683 53068
28684 51277
28685 51275
28686 51273
28687 51278
28688 51279
28689 51274
28690 51276
28691 52808
28692 51016
28693 49480
28694 50760
28695 52552
28696 50504
28697 51528
28698 52040
28699 49736
28700 52296
28701 49992
28702 53064
28703 51272
28704 50248
28705 51784
28706 53569
28707 54081
28708 53825
28709 53571
28710 54083
28711 53827
28712 53570
28713 53826
28714 54082
28715 54593
28716 55105
28717 54849
28718 54595
28719 55107
28720 54851
28721 54594
28722 54850
28723 55106
28724 54337
28725 54338
28726 54339
28727 53573
28728 54085
28729 53829
28730 53575
28731 54087
28732 53831
28733 53574
28734 53830
28735 54086
28736 54597
28737 55109
28738 54853
28739 54599
28740 55111
28741 54855
28742 54598
28743 54854
28744 55110
28745 54341
28746 54342
28747 54343
28748 53828
28749 54340
28750 54084
28751 54596
28752 54852
28753 53572
28754 55108
28755 55617
28756 56129
28757 55873
28758 55619
28759 56131
28760 55875
28761 55618
28762 55874
28763 56130
28764 56641
28765 57153
28766 56897
28767 56643
28768 57155
28769 56899
28770 56642
28771 56898
28772 57154
28773 56385
28774 56386
28775 56387
28776 55621
28777 56133
28778 55877
28779 55623
28780 56135
28781 55879
28782 55622
28783 55878
28784 56134
28785 56645
28786 57157
28787 56901
28788 56647
28789 57159
28790 56903
28791 56646
28792 56902
28793 57158
28794 56389
28795 56390
28796 56391
28797 55620
28798 55876
28799 56644
28800 56388
28801 56900
28802 56132
28803 57156
28804 55361
28805 55362
28806 55367
28807 55365
28808 55364
28809 55363
28810 55366
28811 53577
28812 54089
28813 53833
28814 53579
28815 54091
28816 53835
28817 53578
28818 53834
28819 54090
28820 54601
28821 55113
28822 54857
28823 54603
28824 55115
28825 54859
28826 54602
28827 54858
28828 55114
28829 54345
28830 54346
28831 54347
28832 53581
28833 54093
28834 53837
28835 53583
28836 54095
28837 53839
28838 53582
28839 53838
28840 54094
28841 54605
28842 55117
28843 54861
28844 54607
28845 55119
28846 54863
28847 54606
28848 54862
28849 55118
28850 54349
28851 54350
28852 54351
28853 53836
28854 54092
28855 54604
28856 54860
28857 54348
28858 53580
28859 55116
28860 55625
28861 56137
28862 55881
28863 55627
28864 56139
28865 55883
28866 55626
28867 55882
28868 56138
28869 56649
28870 57161
28871 56905
28872 56651
28873 57163
28874 56907
28875 56650
28876 56906
28877 57162
28878 56393
28879 56394
28880 56395
28881 55629
28882 56141
28883 55885
28884 55631
28885 56143
28886 55887
28887 55630
28888 55886
28889 56142
28890 56653
28891 57165
28892 56909
28893 56655
28894 57167
28895 56911
28896 56654
28897 56910
28898 57166
28899 56397
28900 56398
28901 56399
28902 55628
28903 56652
28904 56140
28905 55884
28906 56396
28907 56908
28908 57164
28909 55369
28910 55371
28911 55374
28912 55372
28913 55375
28914 55373
28915 55370
28916 54088
28917 54344
28918 56136
28919 56392
28920 55624
28921 55112
28922 54856
28923 56904
28924 53832
28925 54600
28926 53576
28927 56648
28928 55368
28929 55880
28930 57160
28931 53314
28932 53316
28933 53318
28934 53317
28935 53320
28936 53326
28937 53315
28938 53319
28939 53327
28940 53321
28941 53325
28942 53324
28943 53322
28944 53313
28945 53323
28946 49489
28947 50001
28948 49745
28949 49491
28950 50003
28951 49747
28952 49490
28953 49746
28954 50002
28955 50513
28956 51025
28957 50769
28958 50515
28959 51027
28960 50771
28961 50514
28962 50770
28963 51026
28964 50257
28965 50258
28966 50259
28967 49493
28968 50005
28969 49749
28970 49495
28971 50007
28972 49751
28973 49494
28974 49750
28975 50006
28976 50517
28977 51029
28978 50773
28979 50519
28980 51031
28981 50775
28982 50518
28983 50774
28984 51030
28985 50261
28986 50262
28987 50263
28988 49492
28989 49748
28990 50516
28991 50004
28992 50260
28993 50772
28994 51028
28995 51537
28996 52049
28997 51793
28998 51539
28999 52051
29000 51795
29001 51538
29002 51794
29003 52050
29004 52561
29005 53073
29006 52817
29007 52563
29008 53075
29009 52819
29010 52562
29011 52818
29012 53074
29013 52305
29014 52306
29015 52307
29016 51541
29017 52053
29018 51797
29019 51543
29020 52055
29021 51799
29022 51542
29023 51798
29024 52054
29025 52565
29026 53077
29027 52821
29028 52567
29029 53079
29030 52823
29031 52566
29032 52822
29033 53078
29034 52309
29035 52310
29036 52311
29037 51540
29038 51796
29039 52308
29040 52564
29041 52052
29042 52820
29043 53076
29044 51281
29045 51282
29046 51286
29047 51285
29048 51284
29049 51283
29050 51287
29051 49497
29052 50009
29053 49753
29054 49499
29055 50011
29056 49755
29057 49498
29058 49754
29059 50010
29060 50521
29061 51033
29062 50777
29063 50523
29064 51035
29065 50779
29066 50522
29067 50778
29068 51034
29069 50265
29070 50266
29071 50267
29072 49501
29073 50013
29074 49757
29075 49503
29076 50015
29077 49759
29078 49502
29079 49758
29080 50014
29081 50525
29082 51037
29083 50781
29084 50527
29085 51039
29086 50783
29087 50526
29088 50782
29089 51038
29090 50269
29091 50270
29092 50271
29093 49756
29094 50524
29095 50012
29096 50780
29097 50268
29098 49500
29099 51036
29100 51545
29101 52057
29102 51801
29103 51547
29104 52059
29105 51803
29106 51546
29107 51802
29108 52058
29109 52569
29110 53081
29111 52825
29112 52571
29113 53083
29114 52827
29115 52570
29116 52826
29117 53082
29118 52313
29119 52314
29120 52315
29121 51549
29122 52061
29123 51805
29124 51551
29125 52063
29126 51807
29127 51550
29128 51806
29129 52062
29130 52573
29131 53085
29132 52829
29133 52575
29134 53087
29135 52831
29136 52574
29137 52830
29138 53086
29139 52317
29140 52318
29141 52319
29142 51548
29143 51804
29144 52316
29145 52828
29146 52572
29147 52060
29148 53084
29149 51295
29150 51289
29151 51293
29152 51294
29153 51291
29154 51292
29155 51290
29156 52312
29157 50008
29158 51800
29159 52056
29160 52568
29161 49496
29162 52824
29163 51288
29164 49752
29165 51544
29166 50776
29167 50520
29168 53080
29169 51032
29170 50264
29171 53585
29172 54097
29173 53841
29174 53587
29175 54099
29176 53843
29177 53586
29178 53842
29179 54098
29180 54609
29181 55121
29182 54865
29183 54611
29184 55123
29185 54867
29186 54610
29187 54866
29188 55122
29189 54353
29190 54354
29191 54355
29192 53589
29193 54101
29194 53845
29195 53591
29196 54103
29197 53847
29198 53590
29199 53846
29200 54102
29201 54613
29202 55125
29203 54869
29204 54615
29205 55127
29206 54871
29207 54614
29208 54870
29209 55126
29210 54357
29211 54358
29212 54359
29213 53588
29214 53844
29215 54612
29216 54100
29217 54356
29218 54868
29219 55124
29220 55633
29221 56145
29222 55889
29223 55635
29224 56147
29225 55891
29226 55634
29227 55890
29228 56146
29229 56657
29230 57169
29231 56913
29232 56659
29233 57171
29234 56915
29235 56658
29236 56914
29237 57170
29238 56401
29239 56402
29240 56403
29241 55637
29242 56149
29243 55893
29244 55639
29245 56151
29246 55895
29247 55638
29248 55894
29249 56150
29250 56661
29251 57173
29252 56917
29253 56663
29254 57175
29255 56919
29256 56662
29257 56918
29258 57174
29259 56405
29260 56406
29261 56407
29262 57172
29263 56404
29264 56660
29265 55892
29266 56916
29267 56148
29268 55636
29269 55377
29270 55383
29271 55382
29272 55380
29273 55379
29274 55381
29275 55378
29276 53593
29277 54105
29278 53849
29279 53595
29280 54107
29281 53851
29282 53594
29283 53850
29284 54106
29285 54617
29286 55129
29287 54873
29288 54619
29289 55131
29290 54875
29291 54618
29292 54874
29293 55130
29294 54361
29295 54362
29296 54363
29297 53597
29298 54109
29299 53853
29300 53599
29301 54111
29302 53855
29303 53598
29304 53854
29305 54110
29306 54621
29307 55133
29308 54877
29309 54623
29310 55135
29311 54879
29312 54622
29313 54878
29314 55134
29315 54365
29316 54366
29317 54367
29318 53596
29319 54620
29320 53852
29321 54108
29322 54364
29323 54876
29324 55132
29325 55641
29326 56153
29327 55897
29328 55643
29329 56155
29330 55899
29331 55642
29332 55898
29333 56154
29334 56665
29335 57177
29336 56921
29337 56667
29338 57179
29339 56923
29340 56666
29341 56922
29342 57178
29343 56409
29344 56410
29345 56411
29346 55645
29347 56157
29348 55901
29349 55647
29350 56159
29351 55903
29352 55646
29353 55902
29354 56158
29355 56669
29356 57181
29357 56925
29358 56671
29359 57183
29360 56927
29361 56670
29362 56926
29363 57182
29364 56413
29365 56414
29366 56415
29367 55900
29368 56412
29369 56156
29370 56668
29371 56924
29372 57180
29373 55644
29374 55387
29375 55389
29376 55390
29377 55388
29378 55391
29379 55386
29380 55385
29381 53848
29382 54104
29383 54360
29384 54616
29385 54872
29386 55128
29387 55384
29388 55896
29389 55640
29390 56152
29391 56408
29392 56664
29393 56920
29394 57176
29395 53592
29396 53336
29397 53332
29398 53341
29399 53330
29400 53333
29401 53338
29402 53340
29403 53339
29404 53334
29405 53331
29406 53335
29407 53342
29408 53337
29409 53329
29410 53343
29411 55120
29412 56400
29413 57168
29414 55376
29415 50768
29416 56912
29417 53840
29418 56656
29419 53584
29420 50256
29421 55888
29422 53072
29423 51536
29424 56144
29425 51280
29426 54864
29427 50512
29428 51792
29429 54608
29430 49488
29431 52560
29432 53328
29433 52048
29434 50000
29435 55632
29436 54096
29437 52816
29438 52304
29439 49744
29440 51024
29441 54352
29442 57665
29443 58177
29444 57921
29445 57667
29446 58179
29447 57923
29448 57666
29449 57922
29450 58178
29451 58689
29452 59201
29453 58945
29454 58691
29455 59203
29456 58947
29457 58690
29458 58946
29459 59202
29460 58433
29461 58434
29462 58435
29463 57669
29464 58181
29465 57925
29466 57671
29467 58183
29468 57927
29469 57670
29470 57926
29471 58182
29472 58693
29473 59205
29474 58949
29475 58695
29476 59207
29477 58951
29478 58694
29479 58950
29480 59206
29481 58437
29482 58438
29483 58439
29484 58180
29485 58436
29486 59204
29487 57668
29488 58692
29489 58948
29490 57924
29491 59713
29492 60225
29493 59969
29494 59715
29495 60227
29496 59971
29497 59714
29498 59970
29499 60226
29500 60737
29501 61249
29502 60993
29503 60739
29504 61251
29505 60995
29506 60738
29507 60994
29508 61250
29509 60481
29510 60482
29511 60483
29512 59717
29513 60229
29514 59973
29515 59719
29516 60231
29517 59975
29518 59718
29519 59974
29520 60230
29521 60741
29522 61253
29523 60997
29524 60743
29525 61255
29526 60999
29527 60742
29528 60998
29529 61254
29530 60485
29531 60486
29532 60487
29533 59716
29534 59972
29535 60228
29536 60740
29537 60484
29538 60996
29539 61252
29540 59463
29541 59458
29542 59459
29543 59457
29544 59460
29545 59461
29546 59462
29547 57673
29548 58185
29549 57929
29550 57675
29551 58187
29552 57931
29553 57674
29554 57930
29555 58186
29556 58697
29557 59209
29558 58953
29559 58699
29560 59211
29561 58955
29562 58698
29563 58954
29564 59210
29565 58441
29566 58442
29567 58443
29568 57677
29569 58189
29570 57933
29571 57679
29572 58191
29573 57935
29574 57678
29575 57934
29576 58190
29577 58701
29578 59213
29579 58957
29580 58703
29581 59215
29582 58959
29583 58702
29584 58958
29585 59214
29586 58445
29587 58446
29588 58447
29589 57676
29590 57932
29591 58188
29592 58700
29593 58444
29594 58956
29595 59212
29596 59721
29597 60233
29598 59977
29599 59723
29600 60235
29601 59979
29602 59722
29603 59978
29604 60234
29605 60745
29606 61257
29607 61001
29608 60747
29609 61259
29610 61003
29611 60746
29612 61002
29613 61258
29614 60489
29615 60490
29616 60491
29617 59725
29618 60237
29619 59981
29620 59727
29621 60239
29622 59983
29623 59726
29624 59982
29625 60238
29626 60749
29627 61261
29628 61005
29629 60751
29630 61263
29631 61007
29632 60750
29633 61006
29634 61262
29635 60493
29636 60494
29637 60495
29638 59724
29639 59980
29640 60748
29641 60492
29642 61004
29643 60236
29644 61260
29645 59468
29646 59471
29647 59470
29648 59467
29649 59465
29650 59466
29651 59469
29652 60232
29653 57928
29654 60488
29655 57672
29656 60744
29657 58440
29658 61256
29659 59720
29660 59976
29661 58952
29662 61000
29663 58696
29664 59464
29665 58184
29666 59208
29667 61761
29668 62273
29669 62017
29670 61763
29671 62275
29672 62019
29673 61762
29674 62018
29675 62274
29676 62785
29677 63297
29678 63041
29679 62787
29680 63299
29681 63043
29682 62786
29683 63042
29684 63298
29685 62529
29686 62530
29687 62531
29688 61765
29689 62277
29690 62021
29691 61767
29692 62279
29693 62023
29694 61766
29695 62022
29696 62278
29697 62789
29698 63301
29699 63045
29700 62791
29701 63303
29702 63047
29703 62790
29704 63046
29705 63302
29706 62533
29707 62534
29708 62535
29709 61764
29710 62020
29711 63044
29712 62532
29713 62276
29714 62788
29715 63300
29716 63809
29717 64321
29718 64065
29719 63811
29720 64323
29721 64067
29722 63810
29723 64066
29724 64322
29725 64833
29726 65345
29727 65089
29728 64835
29729 65347
29730 65091
29731 64834
29732 65090
29733 65346
29734 64577
29735 64578
29736 64579
29737 63813
29738 64325
29739 64069
29740 63815
29741 64327
29742 64071
29743 63814
29744 64070
29745 64326
29746 64837
29747 65349
29748 65093
29749 64839
29750 65351
29751 65095
29752 64838
29753 65094
29754 65350
29755 64581
29756 64582
29757 64583
29758 63812
29759 64068
29760 64324
29761 64836
29762 64580
29763 65092
29764 65348
29765 63556
29766 63558
29767 63559
29768 63555
29769 63557
29770 63553
29771 63554
29772 61769
29773 62281
29774 62025
29775 61771
29776 62283
29777 62027
29778 61770
29779 62026
29780 62282
29781 62793
29782 63305
29783 63049
29784 62795
29785 63307
29786 63051
29787 62794
29788 63050
29789 63306
29790 62537
29791 62538
29792 62539
29793 61773
29794 62285
29795 62029
29796 61775
29797 62287
29798 62031
29799 61774
29800 62030
29801 62286
29802 62797
29803 63309
29804 63053
29805 62799
29806 63311
29807 63055
29808 62798
29809 63054
29810 63310
29811 62541
29812 62542
29813 62543
29814 62028
29815 62540
29816 62796
29817 62284
29818 61772
29819 63308
29820 63052
29821 63817
29822 64329
29823 64073
29824 63819
29825 64331
29826 64075
29827 63818
29828 64074
29829 64330
29830 64841
29831 65353
29832 65097
29833 64843
29834 65355
29835 65099
29836 64842
29837 65098
29838 65354
29839 64585
29840 64586
29841 64587
29842 63821
29843 64333
29844 64077
29845 63823
29846 64335
29847 64079
29848 63822
29849 64078
29850 64334
29851 64845
29852 65357
29853 65101
29854 64847
29855 65359
29856 65103
29857 64846
29858 65102
29859 65358
29860 64589
29861 64590
29862 64591
29863 63820
29864 64076
29865 64332
29866 64588
29867 64844
29868 65100
29869 65356
29870 63561
29871 63562
29872 63565
29873 63564
29874 63563
29875 63566
29876 63567
29877 65096
29878 64072
29879 61768
29880 62024
29881 62280
29882 64840
29883 62536
29884 64584
29885 63048
29886 63816
29887 63304
29888 63560
29889 65352
29890 62792
29891 64328
29892 61516
29893 61515
29894 61509
29895 61510
29896 61514
29897 61511
29898 61512
29899 61506
29900 61517
29901 61518
29902 61505
29903 61519
29904 61513
29905 61508
29906 61507
29907 57681
29908 58193
29909 57937
29910 57683
29911 58195
29912 57939
29913 57682
29914 57938
29915 58194
29916 58705
29917 59217
29918 58961
29919 58707
29920 59219
29921 58963
29922 58706
29923 58962
29924 59218
29925 58449
29926 58450
29927 58451
29928 57685
29929 58197
29930 57941
29931 57687
29932 58199
29933 57943
29934 57686
29935 57942
29936 58198
29937 58709
29938 59221
29939 58965
29940 58711
29941 59223
29942 58967
29943 58710
29944 58966
29945 59222
29946 58453
29947 58454
29948 58455
29949 57684
29950 57940
29951 58452
29952 58708
29953 58964
29954 58196
29955 59220
29956 59729
29957 60241
29958 59985
29959 59731
29960 60243
29961 59987
29962 59730
29963 59986
29964 60242
29965 60753
29966 61265
29967 61009
29968 60755
29969 61267
29970 61011
29971 60754
29972 61010
29973 61266
29974 60497
29975 60498
29976 60499
29977 59733
29978 60245
29979 59989
29980 59735
29981 60247
29982 59991
29983 59734
29984 59990
29985 60246
29986 60757
29987 61269
29988 61013
29989 60759
29990 61271
29991 61015
29992 60758
29993 61014
29994 61270
29995 60501
29996 60502
29997 60503
29998 59988
29999 60244
30000 60500
30001 60756
30002 61012
30003 59732
30004 61268
30005 59474
30006 59475
30007 59476
30008 59479
30009 59477
30010 59478
30011 59473
30012 57689
30013 58201
30014 57945
30015 57691
30016 58203
30017 57947
30018 57690
30019 57946
30020 58202
30021 58713
30022 59225
30023 58969
30024 58715
30025 59227
30026 58971
30027 58714
30028 58970
30029 59226
30030 58457
30031 58458
30032 58459
30033 57693
30034 58205
30035 57949
30036 57695
30037 58207
30038 57951
30039 57694
30040 57950
30041 58206
30042 58717
30043 59229
30044 58973
30045 58719
30046 59231
30047 58975
30048 58718
30049 58974
30050 59230
30051 58461
30052 58462
30053 58463
30054 58972
30055 57692
30056 57948
30057 58460
30058 58204
30059 58716
30060 59228
30061 59737
30062 60249
30063 59993
30064 59739
30065 60251
30066 59995
30067 59738
30068 59994
30069 60250
30070 60761
30071 61273
30072 61017
30073 60763
30074 61275
30075 61019
30076 60762
30077 61018
30078 61274
30079 60505
30080 60506
30081 60507
30082 59741
30083 60253
30084 59997
30085 59743
30086 60255
30087 59999
30088 59742
30089 59998
30090 60254
30091 60765
30092 61277
30093 61021
30094 60767
30095 61279
30096 61023
30097 60766
30098 61022
30099 61278
30100 60509
30101 60510
30102 60511
30103 59740
30104 60764
30105 60252
30106 61020
30107 60508
30108 61276
30109 59996
30110 59484
30111 59482
30112 59483
30113 59487
30114 59486
30115 59481
30116 59485
30117 58712
30118 59480
30119 58200
30120 58968
30121 58456
30122 59224
30123 60248
30124 60760
30125 60504
30126 59736
30127 61016
30128 59992
30129 61272
30130 57688
30131 57944
30132 61777
30133 62289
30134 62033
30135 61779
30136 62291
30137 62035
30138 61778
30139 62034
30140 62290
30141 62801
30142 63313
30143 63057
30144 62803
30145 63315
30146 63059
30147 62802
30148 63058
30149 63314
30150 62545
30151 62546
30152 62547
30153 61781
30154 62293
30155 62037
30156 61783
30157 62295
30158 62039
30159 61782
30160 62038
30161 62294
30162 62805
30163 63317
30164 63061
30165 62807
30166 63319
30167 63063
30168 62806
30169 63062
30170 63318
30171 62549
30172 62550
30173 62551
30174 62292
30175 62804
30176 63060
30177 61780
30178 62036
30179 62548
30180 63316
30181 63825
30182 64337
30183 64081
30184 63827
30185 64339
30186 64083
30187 63826
30188 64082
30189 64338
30190 64849
30191 65361
30192 65105
30193 64851
30194 65363
30195 65107
30196 64850
30197 65106
30198 65362
30199 64593
30200 64594
30201 64595
30202 63829
30203 64341
30204 64085
30205 63831
30206 64343
30207 64087
30208 63830
30209 64086
30210 64342
30211 64853
30212 65365
30213 65109
30214 64855
30215 65367
30216 65111
30217 64854
30218 65110
30219 65366
30220 64597
30221 64598
30222 64599
30223 64084
30224 64340
30225 65108
30226 65364
30227 64596
30228 63828
30229 64852
30230 63572
30231 63569
30232 63575
30233 63573
30234 63571
30235 63574
30236 63570
30237 61785
30238 62297
30239 62041
30240 61787
30241 62299
30242 62043
30243 61786
30244 62042
30245 62298
30246 62809
30247 63321
30248 63065
30249 62811
30250 63323
30251 63067
30252 62810
30253 63066
30254 63322
30255 62553
30256 62554
30257 62555
30258 61789
30259 62301
30260 62045
30261 61791
30262 62303
30263 62047
30264 61790
30265 62046
30266 62302
30267 62813
30268 63325
30269 63069
30270 62815
30271 63327
30272 63071
30273 62814
30274 63070
30275 63326
30276 62557
30277 62558
30278 62559
30279 61788
30280 62044
30281 62300
30282 62556
30283 62812
30284 63068
30285 63324
30286 63833
30287 64345
30288 64089
30289 63835
30290 64347
30291 64091
30292 63834
30293 64090
30294 64346
30295 64857
30296 65369
30297 65113
30298 64859
30299 65371
30300 65115
30301 64858
30302 65114
30303 65370
30304 64601
30305 64602
30306 64603
30307 63837
30308 64349
30309 64093
30310 63839
30311 64351
30312 64095
30313 63838
30314 64094
30315 64350
30316 64861
30317 65373
30318 65117
30319 64863
30320 65375
30321 65119
30322 64862
30323 65118
30324 65374
30325 64605
30326 64606
30327 64607
30328 64604
30329 63836
30330 64860
30331 64348
30332 64092
30333 65116
30334 65372
30335 63583
30336 63582
30337 63580
30338 63577
30339 63581
30340 63578
30341 63579
30342 64600
30343 61784
30344 62296
30345 63832
30346 64856
30347 63064
30348 62040
30349 62552
30350 62808
30351 65112
30352 65368
30353 64344
30354 64088
30355 63320
30356 63576
30357 61521
30358 61532
30359 61533
30360 61534
30361 61535
30362 61524
30363 61527
30364 61531
30365 61522
30366 61526
30367 61523
30368 61529
30369 61525
30370 61530
30371 61528
30372 57936
30373 61008
30374 59472
30375 63568
30376 59216
30377 64336
30378 59728
30379 63312
30380 65104
30381 61264
30382 61776
30383 63056
30384 58192
30385 64848
30386 62032
30387 59984
30388 60752
30389 62800
30390 62288
30391 63824
30392 58960
30393 58448
30394 60496
30395 64080
30396 58704
30397 60240
30398 64592
30399 57680
30400 62544
30401 65360
30402 61520
30403 57415
30404 57437
30405 57414
30406 57426
30407 57432
30408 57436
30409 57418
30410 57422
30411 57433
30412 57427
30413 57438
30414 57411
30415 57425
30416 57424
30417 57428
30418 57412
30419 57435
30420 57413
30421 57419
30422 57420
30423 57431
30424 57429
30425 57434
30426 57423
30427 57416
30428 57410
30429 57409
30430 57430
30431 57417
30432 57421
30433 57439
30434 49505
30435 50017
30436 49761
30437 49507
30438 50019
30439 49763
30440 49506
30441 49762
30442 50018
30443 50529
30444 51041
30445 50785
30446 50531
30447 51043
30448 50787
30449 50530
30450 50786
30451 51042
30452 50273
30453 50274
30454 50275
30455 49509
30456 50021
30457 49765
30458 49511
30459 50023
30460 49767
30461 49510
30462 49766
30463 50022
30464 50533
30465 51045
30466 50789
30467 50535
30468 51047
30469 50791
30470 50534
30471 50790
30472 51046
30473 50277
30474 50278
30475 50279
30476 50276
30477 49508
30478 50532
30479 51044
30480 49764
30481 50020
30482 50788
30483 51553
30484 52065
30485 51809
30486 51555
30487 52067
30488 51811
30489 51554
30490 51810
30491 52066
30492 52577
30493 53089
30494 52833
30495 52579
30496 53091
30497 52835
30498 52578
30499 52834
30500 53090
30501 52321
30502 52322
30503 52323
30504 51557
30505 52069
30506 51813
30507 51559
30508 52071
30509 51815
30510 51558
30511 51814
30512 52070
30513 52581
30514 53093
30515 52837
30516 52583
30517 53095
30518 52839
30519 52582
30520 52838
30521 53094
30522 52325
30523 52326
30524 52327
30525 51556
30526 51812
30527 52324
30528 52068
30529 52580
30530 52836
30531 53092
30532 51297
30533 51302
30534 51300
30535 51298
30536 51299
30537 51301
30538 51303
30539 49513
30540 50025
30541 49769
30542 49515
30543 50027
30544 49771
30545 49514
30546 49770
30547 50026
30548 50537
30549 51049
30550 50793
30551 50539
30552 51051
30553 50795
30554 50538
30555 50794
30556 51050
30557 50281
30558 50282
30559 50283
30560 49517
30561 50029
30562 49773
30563 49519
30564 50031
30565 49775
30566 49518
30567 49774
30568 50030
30569 50541
30570 51053
30571 50797
30572 50543
30573 51055
30574 50799
30575 50542
30576 50798
30577 51054
30578 50285
30579 50286
30580 50287
30581 49516
30582 49772
30583 50284
30584 50540
30585 50796
30586 50028
30587 51052
30588 51561
30589 52073
30590 51817
30591 51563
30592 52075
30593 51819
30594 51562
30595 51818
30596 52074
30597 52585
30598 53097
30599 52841
30600 52587
30601 53099
30602 52843
30603 52586
30604 52842
30605 53098
30606 52329
30607 52330
30608 52331
30609 51565
30610 52077
30611 51821
30612 51567
30613 52079
30614 51823
30615 51566
30616 51822
30617 52078
30618 52589
30619 53101
30620 52845
30621 52591
30622 53103
30623 52847
30624 52590
30625 52846
30626 53102
30627 52333
30628 52334
30629 52335
30630 51564
30631 51820
30632 52588
30633 52332
30634 52844
30635 53100
30636 52076
30637 51311
30638 51305
30639 51308
30640 51306
30641 51310
30642 51307
30643 51309
30644 50792
30645 49512
30646 52328
30647 53096
30648 52072
30649 52584
30650 49768
30651 51560
30652 50280
30653 52840
30654 50024
30655 51048
30656 50536
30657 51816
30658 51304
30659 53601
30660 54113
30661 53857
30662 53603
30663 54115
30664 53859
30665 53602
30666 53858
30667 54114
30668 54625
30669 55137
30670 54881
30671 54627
30672 55139
30673 54883
30674 54626
30675 54882
30676 55138
30677 54369
30678 54370
30679 54371
30680 53605
30681 54117
30682 53861
30683 53607
30684 54119
30685 53863
30686 53606
30687 53862
30688 54118
30689 54629
30690 55141
30691 54885
30692 54631
30693 55143
30694 54887
30695 54630
30696 54886
30697 55142
30698 54373
30699 54374
30700 54375
30701 54628
30702 53604
30703 53860
30704 54116
30705 54372
30706 54884
30707 55140
30708 55649
30709 56161
30710 55905
30711 55651
30712 56163
30713 55907
30714 55650
30715 55906
30716 56162
30717 56673
30718 57185
30719 56929
30720 56675
30721 57187
30722 56931
30723 56674
30724 56930
30725 57186
30726 56417
30727 56418
30728 56419
30729 55653
30730 56165
30731 55909
30732 55655
30733 56167
30734 55911
30735 55654
30736 55910
30737 56166
30738 56677
30739 57189
30740 56933
30741 56679
30742 57191
30743 56935
30744 56678
30745 56934
30746 57190
30747 56421
30748 56422
30749 56423
30750 55652
30751 55908
30752 56420
30753 56676
30754 56164
30755 56932
30756 57188
30757 55393
30758 55398
30759 55395
30760 55396
30761 55394
30762 55397
30763 55399
30764 53609
30765 54121
30766 53865
30767 53611
30768 54123
30769 53867
30770 53610
30771 53866
30772 54122
30773 54633
30774 55145
30775 54889
30776 54635
30777 55147
30778 54891
30779 54634
30780 54890
30781 55146
30782 54377
30783 54378
30784 54379
30785 53613
30786 54125
30787 53869
30788 53615
30789 54127
30790 53871
30791 53614
30792 53870
30793 54126
30794 54637
30795 55149
30796 54893
30797 54639
30798 55151
30799 54895
30800 54638
30801 54894
30802 55150
30803 54381
30804 54382
30805 54383
30806 53612
30807 53868
30808 54380
30809 54124
30810 54636
30811 54892
30812 55148
30813 55657
30814 56169
30815 55913
30816 55659
30817 56171
30818 55915
30819 55658
30820 55914
30821 56170
30822 56681
30823 57193
30824 56937
30825 56683
30826 57195
30827 56939
30828 56682
30829 56938
30830 57194
30831 56425
30832 56426
30833 56427
30834 55661
30835 56173
30836 55917
30837 55663
30838 56175
30839 55919
30840 55662
30841 55918
30842 56174
30843 56685
30844 57197
30845 56941
30846 56687
30847 57199
30848 56943
30849 56686
30850 56942
30851 57198
30852 56429
30853 56430
30854 56431
30855 55916
30856 56172
30857 56428
30858 56940
30859 56684
30860 55660
30861 57196
30862 55403
30863 55402
30864 55404
30865 55407
30866 55406
30867 55401
30868 55405
30869 55656
30870 53864
30871 55400
30872 56424
30873 54632
30874 56680
30875 55912
30876 54376
30877 54120
30878 54888
30879 57192
30880 56168
30881 55144
30882 53608
30883 56936
30884 53359
30885 53349
30886 53354
30887 53350
30888 53353
30889 53346
30890 53351
30891 53345
30892 53347
30893 53357
30894 53355
30895 53358
30896 53348
30897 53352
30898 53356
30899 49521
30900 50033
30901 49777
30902 49523
30903 50035
30904 49779
30905 49522
30906 49778
30907 50034
30908 50545
30909 51057
30910 50801
30911 50547
30912 51059
30913 50803
30914 50546
30915 50802
30916 51058
30917 50289
30918 50290
30919 50291
30920 49525
30921 50037
30922 49781
30923 49527
30924 50039
30925 49783
30926 49526
30927 49782
30928 50038
30929 50549
30930 51061
30931 50805
30932 50551
30933 51063
30934 50807
30935 50550
30936 50806
30937 51062
30938 50293
30939 50294
30940 50295
30941 49524
30942 50548
30943 49780
30944 50036
30945 50292
30946 50804
30947 51060
30948 51569
30949 52081
30950 51825
30951 51571
30952 52083
30953 51827
30954 51570
30955 51826
30956 52082
30957 52593
30958 53105
30959 52849
30960 52595
30961 53107
30962 52851
30963 52594
30964 52850
30965 53106
30966 52337
30967 52338
30968 52339
30969 51573
30970 52085
30971 51829
30972 51575
30973 52087
30974 51831
30975 51574
30976 51830
30977 52086
30978 52597
30979 53109
30980 52853
30981 52599
30982 53111
30983 52855
30984 52598
30985 52854
30986 53110
30987 52341
30988 52342
30989 52343
30990 51828
30991 52852
30992 52084
30993 53108
30994 52340
30995 52596
30996 51572
30997 51313
30998 51314
30999 51315
31000 51319
31001 51316
31002 51317
31003 51318
31004 49529
31005 50041
31006 49785
31007 49531
31008 50043
31009 49787
31010 49530
31011 49786
31012 50042
31013 50553
31014 51065
31015 50809
31016 50555
31017 51067
31018 50811
31019 50554
31020 50810
31021 51066
31022 50297
31023 50298
31024 50299
31025 49533
31026 50045
31027 49789
31028 49535
31029 50047
31030 49791
31031 49534
31032 49790
31033 50046
31034 50557
31035 51069
31036 50813
31037 50559
31038 51071
31039 50815
31040 50558
31041 50814
31042 51070
31043 50301
31044 50302
31045 50303
31046 49532
31047 49788
31048 50300
31049 50556
31050 50812
31051 50044
31052 51068
31053 51577
31054 52089
31055 51833
31056 51579
31057 52091
31058 51835
31059 51578
31060 51834
31061 52090
31062 52601
31063 53113
31064 52857
31065 52603
31066 53115
31067 52859
31068 52602
31069 52858
31070 53114
31071 52345
31072 52346
31073 52347
31074 51581
31075 52093
31076 51837
31077 51583
31078 52095
31079 51839
31080 51582
31081 51838
31082 52094
31083 52605
31084 53117
31085 52861
31086 52607
31087 53119
31088 52863
31089 52606
31090 52862
31091 53118
31092 52349
31093 52350
31094 52351
31095 51836
31096 52092
31097 52348
31098 53116
31099 52604
31100 52860
31101 51580
31102 51321
31103 51325
31104 51322
31105 51323
31106 51326
31107 51324
31108 51327
31109 50040
31110 52344
31111 49528
31112 50296
31113 50808
31114 52088
31115 52856
31116 50552
31117 51320
31118 51064
31119 51576
31120 51832
31121 49784
31122 53112
31123 52600
31124 53617
31125 54129
31126 53873
31127 53619
31128 54131
31129 53875
31130 53618
31131 53874
31132 54130
31133 54641
31134 55153
31135 54897
31136 54643
31137 55155
31138 54899
31139 54642
31140 54898
31141 55154
31142 54385
31143 54386
31144 54387
31145 53621
31146 54133
31147 53877
31148 53623
31149 54135
31150 53879
31151 53622
31152 53878
31153 54134
31154 54645
31155 55157
31156 54901
31157 54647
31158 55159
31159 54903
31160 54646
31161 54902
31162 55158
31163 54389
31164 54390
31165 54391
31166 53620
31167 53876
31168 54388
31169 54644
31170 55156
31171 54900
31172 54132
31173 55665
31174 56177
31175 55921
31176 55667
31177 56179
31178 55923
31179 55666
31180 55922
31181 56178
31182 56689
31183 57201
31184 56945
31185 56691
31186 57203
31187 56947
31188 56690
31189 56946
31190 57202
31191 56433
31192 56434
31193 56435
31194 55669
31195 56181
31196 55925
31197 55671
31198 56183
31199 55927
31200 55670
31201 55926
31202 56182
31203 56693
31204 57205
31205 56949
31206 56695
31207 57207
31208 56951
31209 56694
31210 56950
31211 57206
31212 56437
31213 56438
31214 56439
31215 55668
31216 55924
31217 56692
31218 56180
31219 56436
31220 56948
31221 57204
31222 55411
31223 55413
31224 55409
31225 55415
31226 55414
31227 55410
31228 55412
31229 53625
31230 54137
31231 53881
31232 53627
31233 54139
31234 53883
31235 53626
31236 53882
31237 54138
31238 54649
31239 55161
31240 54905
31241 54651
31242 55163
31243 54907
31244 54650
31245 54906
31246 55162
31247 54393
31248 54394
31249 54395
31250 53629
31251 54141
31252 53885
31253 53631
31254 54143
31255 53887
31256 53630
31257 53886
31258 54142
31259 54653
31260 55165
31261 54909
31262 54655
31263 55167
31264 54911
31265 54654
31266 54910
31267 55166
31268 54397
31269 54398
31270 54399
31271 54908
31272 53884
31273 54140
31274 53628
31275 54396
31276 54652
31277 55164
31278 55673
31279 56185
31280 55929
31281 55675
31282 56187
31283 55931
31284 55674
31285 55930
31286 56186
31287 56697
31288 57209
31289 56953
31290 56699
31291 57211
31292 56955
31293 56698
31294 56954
31295 57210
31296 56441
31297 56442
31298 56443
31299 55677
31300 56189
31301 55933
31302 55679
31303 56191
31304 55935
31305 55678
31306 55934
31307 56190
31308 56701
31309 57213
31310 56957
31311 56703
31312 57215
31313 56959
31314 56702
31315 56958
31316 57214
31317 56445
31318 56446
31319 56447
31320 55676
31321 55932
31322 56700
31323 56188
31324 56444
31325 56956
31326 57212
31327 55418
31328 55419
31329 55420
31330 55417
31331 55421
31332 55423
31333 55422
31334 53624
31335 53880
31336 54392
31337 54136
31338 54648
31339 54904
31340 55160
31341 55928
31342 55416
31343 55672
31344 56184
31345 56440
31346 56696
31347 56952
31348 57208
31349 53365
31350 53362
31351 53366
31352 53375
31353 53372
31354 53369
31355 53373
31356 53361
31357 53368
31358 53364
31359 53363
31360 53371
31361 53367
31362 53374
31363 53370
31364 55152
31365 52336
31366 56944
31367 52080
31368 50288
31369 52848
31370 56432
31371 53872
31372 54640
31373 54128
31374 51312
31375 55408
31376 50032
31377 50544
31378 55664
31379 57200
31380 53616
31381 50800
31382 56688
31383 51568
31384 52592
31385 53360
31386 54384
31387 55920
31388 53104
31389 54896
31390 51056
31391 49520
31392 51824
31393 56176
31394 49776
31395 57697
31396 58209
31397 57953
31398 57699
31399 58211
31400 57955
31401 57698
31402 57954
31403 58210
31404 58721
31405 59233
31406 58977
31407 58723
31408 59235
31409 58979
31410 58722
31411 58978
31412 59234
31413 58465
31414 58466
31415 58467
31416 57701
31417 58213
31418 57957
31419 57703
31420 58215
31421 57959
31422 57702
31423 57958
31424 58214
31425 58725
31426 59237
31427 58981
31428 58727
31429 59239
31430 58983
31431 58726
31432 58982
31433 59238
31434 58469
31435 58470
31436 58471
31437 58724
31438 57956
31439 57700
31440 58212
31441 58980
31442 59236
31443 58468
31444 59745
31445 60257
31446 60001
31447 59747
31448 60259
31449 60003
31450 59746
31451 60002
31452 60258
31453 60769
31454 61281
31455 61025
31456 60771
31457 61283
31458 61027
31459 60770
31460 61026
31461 61282
31462 60513
31463 60514
31464 60515
31465 59749
31466 60261
31467 60005
31468 59751
31469 60263
31470 60007
31471 59750
31472 60006
31473 60262
31474 60773
31475 61285
31476 61029
31477 60775
31478 61287
31479 61031
31480 60774
31481 61030
31482 61286
31483 60517
31484 60518
31485 60519
31486 60772
31487 60004
31488 61028
31489 60516
31490 59748
31491 60260
31492 61284
31493 59489
31494 59495
31495 59490
31496 59492
31497 59491
31498 59494
31499 59493
31500 57705
31501 58217
31502 57961
31503 57707
31504 58219
31505 57963
31506 57706
31507 57962
31508 58218
31509 58729
31510 59241
31511 58985
31512 58731
31513 59243
31514 58987
31515 58730
31516 58986
31517 59242
31518 58473
31519 58474
31520 58475
31521 57709
31522 58221
31523 57965
31524 57711
31525 58223
31526 57967
31527 57710
31528 57966
31529 58222
31530 58733
31531 59245
31532 58989
31533 58735
31534 59247
31535 58991
31536 58734
31537 58990
31538 59246
31539 58477
31540 58478
31541 58479
31542 57708
31543 58476
31544 57964
31545 58220
31546 58732
31547 58988
31548 59244
31549 59753
31550 60265
31551 60009
31552 59755
31553 60267
31554 60011
31555 59754
31556 60010
31557 60266
31558 60777
31559 61289
31560 61033
31561 60779
31562 61291
31563 61035
31564 60778
31565 61034
31566 61290
31567 60521
31568 60522
31569 60523
31570 59757
31571 60269
31572 60013
31573 59759
31574 60271
31575 60015
31576 59758
31577 60014
31578 60270
31579 60781
31580 61293
31581 61037
31582 60783
31583 61295
31584 61039
31585 60782
31586 61038
31587 61294
31588 60525
31589 60526
31590 60527
31591 59756
31592 60012
31593 60268
31594 60524
31595 60780
31596 61036
31597 61292
31598 59497
31599 59500
31600 59499
31601 59502
31602 59498
31603 59501
31604 59503
31605 58216
31606 60776
31607 57704
31608 61032
31609 59496
31610 60520
31611 61288
31612 59752
31613 60264
31614 58728
31615 59240
31616 57960
31617 58984
31618 58472
31619 60008
31620 61793
31621 62305
31622 62049
31623 61795
31624 62307
31625 62051
31626 61794
31627 62050
31628 62306
31629 62817
31630 63329
31631 63073
31632 62819
31633 63331
31634 63075
31635 62818
31636 63074
31637 63330
31638 62561
31639 62562
31640 62563
31641 61797
31642 62309
31643 62053
31644 61799
31645 62311
31646 62055
31647 61798
31648 62054
31649 62310
31650 62821
31651 63333
31652 63077
31653 62823
31654 63335
31655 63079
31656 62822
31657 63078
31658 63334
31659 62565
31660 62566
31661 62567
31662 61796
31663 62564
31664 62052
31665 62308
31666 62820
31667 63076
31668 63332
31669 63841
31670 64353
31671 64097
31672 63843
31673 64355
31674 64099
31675 63842
31676 64098
31677 64354
31678 64865
31679 65377
31680 65121
31681 64867
31682 65379
31683 65123
31684 64866
31685 65122
31686 65378
31687 64609
31688 64610
31689 64611
31690 63845
31691 64357
31692 64101
31693 63847
31694 64359
31695 64103
31696 63846
31697 64102
31698 64358
31699 64869
31700 65381
31701 65125
31702 64871
31703 65383
31704 65127
31705 64870
31706 65126
31707 65382
31708 64613
31709 64614
31710 64615
31711 64100
31712 63844
31713 64868
31714 64356
31715 64612
31716 65124
31717 65380
31718 63589
31719 63585
31720 63586
31721 63591
31722 63590
31723 63587
31724 63588
31725 61801
31726 62313
31727 62057
31728 61803
31729 62315
31730 62059
31731 61802
31732 62058
31733 62314
31734 62825
31735 63337
31736 63081
31737 62827
31738 63339
31739 63083
31740 62826
31741 63082
31742 63338
31743 62569
31744 62570
31745 62571
31746 61805
31747 62317
31748 62061
31749 61807
31750 62319
31751 62063
31752 61806
31753 62062
31754 62318
31755 62829
31756 63341
31757 63085
31758 62831
31759 63343
31760 63087
31761 62830
31762 63086
31763 63342
31764 62573
31765 62574
31766 62575
31767 61804
31768 62316
31769 62572
31770 62060
31771 62828
31772 63084
31773 63340
31774 63849
31775 64361
31776 64105
31777 63851
31778 64363
31779 64107
31780 63850
31781 64106
31782 64362
31783 64873
31784 65385
31785 65129
31786 64875
31787 65387
31788 65131
31789 64874
31790 65130
31791 65386
31792 64617
31793 64618
31794 64619
31795 63853
31796 64365
31797 64109
31798 63855
31799 64367
31800 64111
31801 63854
31802 64110
31803 64366
31804 64877
31805 65389
31806 65133
31807 64879
31808 65391
31809 65135
31810 64878
31811 65134
31812 65390
31813 64621
31814 64622
31815 64623
31816 63852
31817 64108
31818 64364
31819 64876
31820 64620
31821 65132
31822 65388
31823 63598
31824 63597
31825 63596
31826 63595
31827 63593
31828 63594
31829 63599
31830 65128
31831 63592
31832 62824
31833 64616
31834 63080
31835 63336
31836 61800
31837 64872
31838 64360
31839 62056
31840 64104
31841 62312
31842 65384
31843 62568
31844 63848
31845 61537
31846 61547
31847 61548
31848 61545
31849 61540
31850 61538
31851 61550
31852 61539
31853 61549
31854 61544
31855 61542
31856 61541
31857 61546
31858 61551
31859 61543
31860 57713
31861 58225
31862 57969
31863 57715
31864 58227
31865 57971
31866 57714
31867 57970
31868 58226
31869 58737
31870 59249
31871 58993
31872 58739
31873 59251
31874 58995
31875 58738
31876 58994
31877 59250
31878 58481
31879 58482
31880 58483
31881 57717
31882 58229
31883 57973
31884 57719
31885 58231
31886 57975
31887 57718
31888 57974
31889 58230
31890 58741
31891 59253
31892 58997
31893 58743
31894 59255
31895 58999
31896 58742
31897 58998
31898 59254
31899 58485
31900 58486
31901 58487
31902 59252
31903 57972
31904 58228
31905 57716
31906 58484
31907 58740
31908 58996
31909 59761
31910 60273
31911 60017
31912 59763
31913 60275
31914 60019
31915 59762
31916 60018
31917 60274
31918 60785
31919 61297
31920 61041
31921 60787
31922 61299
31923 61043
31924 60786
31925 61042
31926 61298
31927 60529
31928 60530
31929 60531
31930 59765
31931 60277
31932 60021
31933 59767
31934 60279
31935 60023
31936 59766
31937 60022
31938 60278
31939 60789
31940 61301
31941 61045
31942 60791
31943 61303
31944 61047
31945 60790
31946 61046
31947 61302
31948 60533
31949 60534
31950 60535
31951 59764
31952 60020
31953 60276
31954 60532
31955 60788
31956 61044
31957 61300
31958 59511
31959 59505
31960 59508
31961 59507
31962 59506
31963 59510
31964 59509
31965 57721
31966 58233
31967 57977
31968 57723
31969 58235
31970 57979
31971 57722
31972 57978
31973 58234
31974 58745
31975 59257
31976 59001
31977 58747
31978 59259
31979 59003
31980 58746
31981 59002
31982 59258
31983 58489
31984 58490
31985 58491
31986 57725
31987 58237
31988 57981
31989 57727
31990 58239
31991 57983
31992 57726
31993 57982
31994 58238
31995 58749
31996 59261
31997 59005
31998 58751
31999 59263
32000 59007
32001 58750
32002 59006
32003 59262
32004 58493
32005 58494
32006 58495
32007 59260
32008 57980
32009 58236
32010 57724
32011 58492
32012 58748
32013 59004
32014 59769
32015 60281
32016 60025
32017 59771
32018 60283
32019 60027
32020 59770
32021 60026
32022 60282
32023 60793
32024 61305
32025 61049
32026 60795
32027 61307
32028 61051
32029 60794
32030 61050
32031 61306
32032 60537
32033 60538
32034 60539
32035 59773
32036 60285
32037 60029
32038 59775
32039 60287
32040 60031
32041 59774
32042 60030
32043 60286
32044 60797
32045 61309
32046 61053
32047 60799
32048 61311
32049 61055
32050 60798
32051 61054
32052 61310
32053 60541
32054 60542
32055 60543
32056 59772
32057 60028
32058 60284
32059 60796
32060 60540
32061 61052
32062 61308
32063 59517
32064 59513
32065 59519
32066 59518
32067 59514
32068 59516
32069 59515
32070 60024
32071 60792
32072 59768
32073 60280
32074 58488
32075 59000
32076 59512
32077 60536
32078 58232
32079 61304
32080 57720
32081 59256
32082 57976
32083 58744
32084 61048
32085 61809
32086 62321
32087 62065
32088 61811
32089 62323
32090 62067
32091 61810
32092 62066
32093 62322
32094 62833
32095 63345
32096 63089
32097 62835
32098 63347
32099 63091
32100 62834
32101 63090
32102 63346
32103 62577
32104 62578
32105 62579
32106 61813
32107 62325
32108 62069
32109 61815
32110 62327
32111 62071
32112 61814
32113 62070
32114 62326
32115 62837
32116 63349
32117 63093
32118 62839
32119 63351
32120 63095
32121 62838
32122 63094
32123 63350
32124 62581
32125 62582
32126 62583
32127 62068
32128 62580
32129 62836
32130 63092
32131 61812
32132 62324
32133 63348
32134 63857
32135 64369
32136 64113
32137 63859
32138 64371
32139 64115
32140 63858
32141 64114
32142 64370
32143 64881
32144 65393
32145 65137
32146 64883
32147 65395
32148 65139
32149 64882
32150 65138
32151 65394
32152 64625
32153 64626
32154 64627
32155 63861
32156 64373
32157 64117
32158 63863
32159 64375
32160 64119
32161 63862
32162 64118
32163 64374
32164 64885
32165 65397
32166 65141
32167 64887
32168 65399
32169 65143
32170 64886
32171 65142
32172 65398
32173 64629
32174 64630
32175 64631
32176 63860
32177 64884
32178 64116
32179 64628
32180 64372
32181 65140
32182 65396
32183 63602
32184 63604
32185 63603
32186 63601
32187 63606
32188 63607
32189 63605
32190 61817
32191 62329
32192 62073
32193 61819
32194 62331
32195 62075
32196 61818
32197 62074
32198 62330
32199 62841
32200 63353
32201 63097
32202 62843
32203 63355
32204 63099
32205 62842
32206 63098
32207 63354
32208 62585
32209 62586
32210 62587
32211 61821
32212 62333
32213 62077
32214 61823
32215 62335
32216 62079
32217 61822
32218 62078
32219 62334
32220 62845
32221 63357
32222 63101
32223 62847
32224 63359
32225 63103
32226 62846
32227 63102
32228 63358
32229 62589
32230 62590
32231 62591
32232 62076
32233 62332
32234 62844
32235 63100
32236 62588
32237 63356
32238 61820
32239 63865
32240 64377
32241 64121
32242 63867
32243 64379
32244 64123
32245 63866
32246 64122
32247 64378
32248 64889
32249 65401
32250 65145
32251 64891
32252 65403
32253 65147
32254 64890
32255 65146
32256 65402
32257 64633
32258 64634
32259 64635
32260 63869
32261 64381
32262 64125
32263 63871
32264 64383
32265 64127
32266 63870
32267 64126
32268 64382
32269 64893
32270 65405
32271 65149
32272 64895
32273 65407
32274 65151
32275 64894
32276 65150
32277 65406
32278 64637
32279 64638
32280 64639
32281 63868
32282 65148
32283 64124
32284 64892
32285 64636
32286 64380
32287 65404
32288 63611
32289 63613
32290 63614
32291 63610
32292 63612
32293 63609
32294 63615
32295 65144
32296 64888
32297 63352
32298 62328
32299 64376
32300 63608
32301 62840
32302 62584
32303 62072
32304 64120
32305 65400
32306 63864
32307 63096
32308 64632
32309 61816
32310 61560
32311 61566
32312 61555
32313 61562
32314 61559
32315 61556
32316 61554
32317 61567
32318 61553
32319 61561
32320 61558
32321 61557
32322 61563
32323 61565
32324 61564
32325 59504
32326 65136
32327 60272
32328 65392
32329 58992
32330 64112
32331 62320
32332 57712
32333 60784
32334 63344
32335 60016
32336 63600
32337 64624
32338 61552
32339 62576
32340 63856
32341 62832
32342 61808
32343 59760
32344 64368
32345 58480
32346 59248
32347 61296
32348 62064
32349 58736
32350 57968
32351 61040
32352 58224
32353 60528
32354 63088
32355 64880
32356 57471
32357 57441
32358 57454
32359 57448
32360 57457
32361 57459
32362 57455
32363 57462
32364 57447
32365 57456
32366 57445
32367 57466
32368 57451
32369 57446
32370 57443
32371 57449
32372 57452
32373 57467
32374 57450
32375 57461
32376 57463
32377 57460
32378 57468
32379 57464
32380 57444
32381 57469
32382 57470
32383 57442
32384 57458
32385 57453
32386 57465
32387 62816
32388 53088
32389 57696
32390 54624
32391 61024
32392 50272
32393 64864
32394 62560
32395 57184
32396 62304
32397 61280
32398 62048
32399 58464
32400 51808
32401 56160
32402 60000
32403 52576
32404 55392
32405 53344
32406 54368
32407 51040
32408 60768
32409 50528
32410 65120
32411 49504
32412 59232
32413 51552
32414 56416
32415 52832
32416 51296
32417 64352
32418 60256
32419 61536
32420 63840
32421 64096
32422 54112
32423 53856
32424 58720
32425 59488
32426 50784
32427 54880
32428 55648
32429 63072
32430 57952
32431 52320
32432 55904
32433 58208
32434 63328
32435 65376
32436 49760
32437 53600
32438 64608
32439 52064
32440 50016
32441 61792
32442 56928
32443 56672
32444 58976
32445 55136
32446 57440
32447 63584
32448 59744
32449 60512
32450 49247
32451 49274
32452 49267
32453 49241
32454 49268
32455 49225
32456 49227
32457 49253
32458 49239
32459 49224
32460 49217
32461 49226
32462 49244
32463 49222
32464 49260
32465 49237
32466 49275
32467 49254
32468 49278
32469 49273
32470 49242
32471 49245
32472 49234
32473 49231
32474 49220
32475 49256
32476 49262
32477 49252
32478 49246
32479 49270
32480 49279
32481 49265
32482 49258
32483 49263
32484 49232
32485 49223
32486 49221
32487 49272
32488 49228
32489 49229
32490 49233
32491 49249
32492 49218
32493 49255
32494 49236
32495 49261
32496 49219
32497 49248
32498 49243
32499 49277
32500 49259
32501 49251
32502 49269
32503 49257
32504 49264
32505 49230
32506 49276
32507 49238
32508 49250
32509 49240
32510 49271
32511 49235
32512 49266
32513 59712
32514 42048
32515 63296
32516 61504
32517 53056
32518 45632
32519 44864
32520 51008
32521 41792
32522 37952
32523 44608
32524 60224
32525 46912
32526 43328
32527 63552
32528 62784
32529 38464
32530 45376
32531 47168
32532 41536
32533 60736
32534 62528
32535 52544
32536 61760
32537 56640
32538 45120
32539 38976
32540 56384
32541 55872
32542 39744
32543 54080
32544 44096
32545 60992
32546 50496
32547 33088
32548 38208
32549 39232
32550 62272
32551 55104
32552 40512
32553 48704
32554 52032
32555 42816
32556 59968
32557 46656
32558 53312
32559 46144
32560 40000
32561 43840
32562 43584
32563 53824
32564 53568
32565 61248
32566 43072
32567 47936
32568 35392
32569 36672
32570 54336
32571 55360
32572 42304
32573 36160
32574 48192
32575 41024
32576 64832
32577 63808
32578 35136
32579 39488
32580 36416
32581 37440
32582 47680
32583 49216
32584 64576
32585 34880
32586 57408
32587 58432
32588 40768
32589 49728
32590 50752
32591 58688
32592 52800
32593 51264
32594 42560
32595 34624
32596 54592
32597 62016
32598 34368
32599 63040
32600 51520
32601 37696
32602 64320
32603 60480
32604 56896
32605 41280
32606 40256
32607 57664
32608 50240
32609 58944
32610 34112
32611 46400
32612 36928
32613 48448
32614 65088
32615 38720
32616 35904
32617 48960
32618 33856
32619 37184
32620 56128
32621 49984
32622 45888
32623 57152
32624 59200
32625 44352
32626 47424
32627 57920
32628 33344
32629 52288
32630 55616
32631 33600
32632 59456
32633 51776
32634 54848
32635 49472
32636 35648
32637 64064
32638 58176
32639 65344
32640 32803
32641 32858
32642 32849
32643 32893
32644 32789
32645 32813
32646 32798
32647 32776
32648 32792
32649 32836
32650 32853
32651 32783
32652 32839
32653 32801
32654 32850
32655 32782
32656 32811
32657 32895
32658 32859
32659 32876
32660 32870
32661 32886
32662 32791
32663 32772
32664 32874
32665 32847
32666 32828
32667 32790
32668 32838
32669 32820
32670 32788
32671 32878
32672 32778
32673 32872
32674 32786
32675 32873
32676 32882
32677 32825
32678 32875
32679 32831
32680 32880
32681 32892
32682 32795
32683 32774
32684 32821
32685 32780
32686 32884
32687 32781
32688 32809
32689 32851
32690 32816
32691 32867
32692 32775
32693 32881
32694 32800
32695 32854
32696 32845
32697 32769
32698 32879
32699 32779
32700 32799
32701 32805
32702 32807
32703 32894
32704 32824
32705 32829
32706 32871
32707 32785
32708 32856
32709 32887
32710 32818
32711 32891
32712 32864
32713 32868
32714 32817
32715 32796
32716 32768
32717 32846
32718 32844
32719 32815
32720 32848
32721 32863
32722 32842
32723 32802
32724 32808
32725 32771
32726 32857
32727 32877
32728 32865
32729 32794
32730 32890
32731 32804
32732 32841
32733 32784
32734 32843
32735 32814
32736 32827
32737 32797
32738 32830
32739 32822
32740 32810
32741 32885
32742 32833
32743 32866
32744 32777
32745 32889
32746 32773
32747 32826
32748 32852
32749 32832
32750 32806
32751 32770
32752 32861
32753 32869
32754 32793
32755 32862
32756 32860
32757 32855
32758 32840
32759 32883
32760 32787
32761 32834
32762 32812
32763 32837
32764 32835
32765 32819
32766 32823
32767 32888
32768 129
32769 385
32770 897
32771 641
32772 131
32773 387
32774 899
32775 643
32776 130
32777 386
32778 642
32779 898
32780 1409
32781 1921
32782 1665
32783 1411
32784 1923
32785 1667
32786 1410
32787 1666
32788 1922
32789 1153
32790 1154
32791 1155
32792 133
32793 389
32794 901
32795 645
32796 135
32797 391
32798 903
32799 647
32800 134
32801 390
32802 646
32803 902
32804 1413
32805 1925
32806 1669
32807 1415
32808 1927
32809 1671
32810 1414
32811 1670
32812 1926
32813 1157
32814 1158
32815 1159
32816 132
32817 900
32818 1412
32819 388
32820 1156
32821 644
32822 1668
32823 1924
32824 2433
32825 2945
32826 2689
32827 2435
32828 2947
32829 2691
32830 2434
32831 2690
32832 2946
32833 3457
32834 3969
32835 3713
32836 3459
32837 3971
32838 3715
32839 3458
32840 3714
32841 3970
32842 3201
32843 3202
32844 3203
32845 2437
32846 2949
32847 2693
32848 2439
32849 2951
32850 2695
32851 2438
32852 2694
32853 2950
32854 3461
32855 3973
32856 3717
32857 3463
32858 3975
32859 3719
32860 3462
32861 3718
32862 3974
32863 3205
32864 3206
32865 3207
32866 2436
32867 2692
32868 2948
32869 3716
32870 3204
32871 3460
32872 3972
32873 2180
32874 2181
32875 2177
32876 2179
32877 2182
32878 2178
32879 2183
32880 137
32881 393
32882 905
32883 649
32884 139
32885 395
32886 907
32887 651
32888 138
32889 394
32890 650
32891 906
32892 1417
32893 1929
32894 1673
32895 1419
32896 1931
32897 1675
32898 1418
32899 1674
32900 1930
32901 1161
32902 1162
32903 1163
32904 141
32905 397
32906 909
32907 653
32908 143
32909 399
32910 911
32911 655
32912 142
32913 398
32914 654
32915 910
32916 1421
32917 1933
32918 1677
32919 1423
32920 1935
32921 1679
32922 1422
32923 1678
32924 1934
32925 1165
32926 1166
32927 1167
32928 140
32929 396
32930 652
32931 908
32932 1932
32933 1164
32934 1420
32935 1676
32936 2441
32937 2953
32938 2697
32939 2443
32940 2955
32941 2699
32942 2442
32943 2698
32944 2954
32945 3465
32946 3977
32947 3721
32948 3467
32949 3979
32950 3723
32951 3466
32952 3722
32953 3978
32954 3209
32955 3210
32956 3211
32957 2445
32958 2957
32959 2701
32960 2447
32961 2959
32962 2703
32963 2446
32964 2702
32965 2958
32966 3469
32967 3981
32968 3725
32969 3471
32970 3983
32971 3727
32972 3470
32973 3726
32974 3982
32975 3213
32976 3214
32977 3215
32978 2444
32979 2700
32980 2956
32981 3468
32982 3724
32983 3212
32984 3980
32985 2185
32986 2190
32987 2186
32988 2188
32989 2187
32990 2191
32991 2189
32992 2184
32993 136
32994 2696
32995 1160
32996 1928
32997 1672
32998 3464
32999 392
33000 648
33001 1416
33002 3208
33003 904
33004 2952
33005 3976
33006 3720
33007 2440
33008 4481
33009 4993
33010 4737
33011 4483
33012 4995
33013 4739
33014 4482
33015 4738
33016 4994
33017 5505
33018 6017
33019 5761
33020 5507
33021 6019
33022 5763
33023 5506
33024 5762
33025 6018
33026 5249
33027 5250
33028 5251
33029 4485
33030 4997
33031 4741
33032 4487
33033 4999
33034 4743
33035 4486
33036 4742
33037 4998
33038 5509
33039 6021
33040 5765
33041 5511
33042 6023
33043 5767
33044 5510
33045 5766
33046 6022
33047 5253
33048 5254
33049 5255
33050 4484
33051 4740
33052 5508
33053 5252
33054 4996
33055 5764
33056 6020
33057 6529
33058 7041
33059 6785
33060 6531
33061 7043
33062 6787
33063 6530
33064 6786
33065 7042
33066 7553
33067 8065
33068 7809
33069 7555
33070 8067
33071 7811
33072 7554
33073 7810
33074 8066
33075 7297
33076 7298
33077 7299
33078 6533
33079 7045
33080 6789
33081 6535
33082 7047
33083 6791
33084 6534
33085 6790
33086 7046
33087 7557
33088 8069
33089 7813
33090 7559
33091 8071
33092 7815
33093 7558
33094 7814
33095 8070
33096 7301
33097 7302
33098 7303
33099 6532
33100 7556
33101 6788
33102 7044
33103 7812
33104 7300
33105 8068
33106 6276
33107 6277
33108 6275
33109 6274
33110 6278
33111 6273
33112 6279
33113 4489
33114 5001
33115 4745
33116 4491
33117 5003
33118 4747
33119 4490
33120 4746
33121 5002
33122 5513
33123 6025
33124 5769
33125 5515
33126 6027
33127 5771
33128 5514
33129 5770
33130 6026
33131 5257
33132 5258
33133 5259
33134 4493
33135 5005
33136 4749
33137 4495
33138 5007
33139 4751
33140 4494
33141 4750
33142 5006
33143 5517
33144 6029
33145 5773
33146 5519
33147 6031
33148 5775
33149 5518
33150 5774
33151 6030
33152 5261
33153 5262
33154 5263
33155 6028
33156 4748
33157 5004
33158 4492
33159 5260
33160 5516
33161 5772
33162 6537
33163 7049
33164 6793
33165 6539
33166 7051
33167 6795
33168 6538
33169 6794
33170 7050
33171 7561
33172 8073
33173 7817
33174 7563
33175 8075
33176 7819
33177 7562
33178 7818
33179 8074
33180 7305
33181 7306
33182 7307
33183 6541
33184 7053
33185 6797
33186 6543
33187 7055
33188 6799
33189 6542
33190 6798
33191 7054
33192 7565
33193 8077
33194 7821
33195 7567
33196 8079
33197 7823
33198 7566
33199 7822
33200 8078
33201 7309
33202 7310
33203 7311
33204 6540
33205 7308
33206 7564
33207 6796
33208 7052
33209 7820
33210 8076
33211 6282
33212 6283
33213 6284
33214 6285
33215 6286
33216 6287
33217 6281
33218 5512
33219 6280
33220 7048
33221 6536
33222 6024
33223 4488
33224 7560
33225 6792
33226 7816
33227 4744
33228 5000
33229 5768
33230 5256
33231 7304
33232 8072
33233 4230
33234 4232
33235 4235
33236 4226
33237 4233
33238 4227
33239 4238
33240 4234
33241 4237
33242 4239
33243 4229
33244 4231
33245 4236
33246 4225
33247 4228
33248 145
33249 401
33250 913
33251 657
33252 147
33253 403
33254 915
33255 659
33256 146
33257 402
33258 658
33259 914
33260 1425
33261 1937
33262 1681
33263 1427
33264 1939
33265 1683
33266 1426
33267 1682
33268 1938
33269 1169
33270 1170
33271 1171
33272 149
33273 405
33274 917
33275 661
33276 151
33277 407
33278 919
33279 663
33280 150
33281 406
33282 662
33283 918
33284 1429
33285 1941
33286 1685
33287 1431
33288 1943
33289 1687
33290 1430
33291 1686
33292 1942
33293 1173
33294 1174
33295 1175
33296 148
33297 404
33298 1428
33299 916
33300 660
33301 1172
33302 1684
33303 1940
33304 2449
33305 2961
33306 2705
33307 2451
33308 2963
33309 2707
33310 2450
33311 2706
33312 2962
33313 3473
33314 3985
33315 3729
33316 3475
33317 3987
33318 3731
33319 3474
33320 3730
33321 3986
33322 3217
33323 3218
33324 3219
33325 2453
33326 2965
33327 2709
33328 2455
33329 2967
33330 2711
33331 2454
33332 2710
33333 2966
33334 3477
33335 3989
33336 3733
33337 3479
33338 3991
33339 3735
33340 3478
33341 3734
33342 3990
33343 3221
33344 3222
33345 3223
33346 2452
33347 2708
33348 3476
33349 3220
33350 3732
33351 2964
33352 3988
33353 2193
33354 2199
33355 2194
33356 2196
33357 2198
33358 2195
33359 2197
33360 153
33361 409
33362 921
33363 665
33364 155
33365 411
33366 923
33367 667
33368 154
33369 410
33370 666
33371 922
33372 1433
33373 1945
33374 1689
33375 1435
33376 1947
33377 1691
33378 1434
33379 1690
33380 1946
33381 1177
33382 1178
33383 1179
33384 157
33385 413
33386 925
33387 669
33388 159
33389 415
33390 927
33391 671
33392 158
33393 414
33394 670
33395 926
33396 1437
33397 1949
33398 1693
33399 1439
33400 1951
33401 1695
33402 1438
33403 1694
33404 1950
33405 1181
33406 1182
33407 1183
33408 156
33409 412
33410 668
33411 924
33412 1436
33413 1180
33414 1692
33415 1948
33416 2457
33417 2969
33418 2713
33419 2459
33420 2971
33421 2715
33422 2458
33423 2714
33424 2970
33425 3481
33426 3993
33427 3737
33428 3483
33429 3995
33430 3739
33431 3482
33432 3738
33433 3994
33434 3225
33435 3226
33436 3227
33437 2461
33438 2973
33439 2717
33440 2463
33441 2975
33442 2719
33443 2462
33444 2718
33445 2974
33446 3485
33447 3997
33448 3741
33449 3487
33450 3999
33451 3743
33452 3486
33453 3742
33454 3998
33455 3229
33456 3230
33457 3231
33458 2460
33459 2716
33460 3228
33461 2972
33462 3484
33463 3740
33464 3996
33465 2206
33466 2201
33467 2204
33468 2205
33469 2207
33470 2202
33471 2203
33472 1432
33473 2200
33474 2456
33475 2968
33476 152
33477 3992
33478 3224
33479 3480
33480 408
33481 1688
33482 3736
33483 920
33484 2712
33485 664
33486 1176
33487 1944
33488 4497
33489 5009
33490 4753
33491 4499
33492 5011
33493 4755
33494 4498
33495 4754
33496 5010
33497 5521
33498 6033
33499 5777
33500 5523
33501 6035
33502 5779
33503 5522
33504 5778
33505 6034
33506 5265
33507 5266
33508 5267
33509 4501
33510 5013
33511 4757
33512 4503
33513 5015
33514 4759
33515 4502
33516 4758
33517 5014
33518 5525
33519 6037
33520 5781
33521 5527
33522 6039
33523 5783
33524 5526
33525 5782
33526 6038
33527 5269
33528 5270
33529 5271
33530 4756
33531 5012
33532 5268
33533 6036
33534 5524
33535 5780
33536 4500
33537 6545
33538 7057
33539 6801
33540 6547
33541 7059
33542 6803
33543 6546
33544 6802
33545 7058
33546 7569
33547 8081
33548 7825
33549 7571
33550 8083
33551 7827
33552 7570
33553 7826
33554 8082
33555 7313
33556 7314
33557 7315
33558 6549
33559 7061
33560 6805
33561 6551
33562 7063
33563 6807
33564 6550
33565 6806
33566 7062
33567 7573
33568 8085
33569 7829
33570 7575
33571 8087
33572 7831
33573 7574
33574 7830
33575 8086
33576 7317
33577 7318
33578 7319
33579 6548
33580 7572
33581 8084
33582 6804
33583 7060
33584 7316
33585 7828
33586 6291
33587 6294
33588 6292
33589 6295
33590 6289
33591 6293
33592 6290
33593 4505
33594 5017
33595 4761
33596 4507
33597 5019
33598 4763
33599 4506
33600 4762
33601 5018
33602 5529
33603 6041
33604 5785
33605 5531
33606 6043
33607 5787
33608 5530
33609 5786
33610 6042
33611 5273
33612 5274
33613 5275
33614 4509
33615 5021
33616 4765
33617 4511
33618 5023
33619 4767
33620 4510
33621 4766
33622 5022
33623 5533
33624 6045
33625 5789
33626 5535
33627 6047
33628 5791
33629 5534
33630 5790
33631 6046
33632 5277
33633 5278
33634 5279
33635 4508
33636 4764
33637 5020
33638 5276
33639 5788
33640 5532
33641 6044
33642 6553
33643 7065
33644 6809
33645 6555
33646 7067
33647 6811
33648 6554
33649 6810
33650 7066
33651 7577
33652 8089
33653 7833
33654 7579
33655 8091
33656 7835
33657 7578
33658 7834
33659 8090
33660 7321
33661 7322
33662 7323
33663 6557
33664 7069
33665 6813
33666 6559
33667 7071
33668 6815
33669 6558
33670 6814
33671 7070
33672 7581
33673 8093
33674 7837
33675 7583
33676 8095
33677 7839
33678 7582
33679 7838
33680 8094
33681 7325
33682 7326
33683 7327
33684 6812
33685 7068
33686 7580
33687 6556
33688 7836
33689 7324
33690 8092
33691 6303
33692 6297
33693 6299
33694 6298
33695 6300
33696 6301
33697 6302
33698 4504
33699 4760
33700 5016
33701 5272
33702 5528
33703 5784
33704 6040
33705 7320
33706 6296
33707 6552
33708 6808
33709 7064
33710 7576
33711 7832
33712 8088
33713 4252
33714 4249
33715 4250
33716 4251
33717 4253
33718 4254
33719 4241
33720 4255
33721 4242
33722 4243
33723 4244
33724 4245
33725 4246
33726 4247
33727 4248
33728 4752
33729 1936
33730 4496
33731 3216
33732 5520
33733 3472
33734 6288
33735 1680
33736 400
33737 1424
33738 2192
33739 2704
33740 3728
33741 1168
33742 3984
33743 5776
33744 6544
33745 4240
33746 6800
33747 912
33748 7824
33749 7056
33750 6032
33751 8080
33752 656
33753 7312
33754 5008
33755 7568
33756 2448
33757 144
33758 5264
33759 2960
33760 8577
33761 9089
33762 8833
33763 8579
33764 9091
33765 8835
33766 8578
33767 8834
33768 9090
33769 9601
33770 10113
33771 9857
33772 9603
33773 10115
33774 9859
33775 9602
33776 9858
33777 10114
33778 9345
33779 9346
33780 9347
33781 8581
33782 9093
33783 8837
33784 8583
33785 9095
33786 8839
33787 8582
33788 8838
33789 9094
33790 9605
33791 10117
33792 9861
33793 9607
33794 10119
33795 9863
33796 9606
33797 9862
33798 10118
33799 9349
33800 9350
33801 9351
33802 10116
33803 8836
33804 9604
33805 8580
33806 9860
33807 9092
33808 9348
33809 10625
33810 11137
33811 10881
33812 10627
33813 11139
33814 10883
33815 10626
33816 10882
33817 11138
33818 11649
33819 12161
33820 11905
33821 11651
33822 12163
33823 11907
33824 11650
33825 11906
33826 12162
33827 11393
33828 11394
33829 11395
33830 10629
33831 11141
33832 10885
33833 10631
33834 11143
33835 10887
33836 10630
33837 10886
33838 11142
33839 11653
33840 12165
33841 11909
33842 11655
33843 12167
33844 11911
33845 11654
33846 11910
33847 12166
33848 11397
33849 11398
33850 11399
33851 10628
33852 11396
33853 11652
33854 11908
33855 11140
33856 10884
33857 12164
33858 10370
33859 10369
33860 10374
33861 10375
33862 10371
33863 10373
33864 10372
33865 8585
33866 9097
33867 8841
33868 8587
33869 9099
33870 8843
33871 8586
33872 8842
33873 9098
33874 9609
33875 10121
33876 9865
33877 9611
33878 10123
33879 9867
33880 9610
33881 9866
33882 10122
33883 9353
33884 9354
33885 9355
33886 8589
33887 9101
33888 8845
33889 8591
33890 9103
33891 8847
33892 8590
33893 8846
33894 9102
33895 9613
33896 10125
33897 9869
33898 9615
33899 10127
33900 9871
33901 9614
33902 9870
33903 10126
33904 9357
33905 9358
33906 9359
33907 8588
33908 8844
33909 9356
33910 9100
33911 9612
33912 9868
33913 10124
33914 10633
33915 11145
33916 10889
33917 10635
33918 11147
33919 10891
33920 10634
33921 10890
33922 11146
33923 11657
33924 12169
33925 11913
33926 11659
33927 12171
33928 11915
33929 11658
33930 11914
33931 12170
33932 11401
33933 11402
33934 11403
33935 10637
33936 11149
33937 10893
33938 10639
33939 11151
33940 10895
33941 10638
33942 10894
33943 11150
33944 11661
33945 12173
33946 11917
33947 11663
33948 12175
33949 11919
33950 11662
33951 11918
33952 12174
33953 11405
33954 11406
33955 11407
33956 10892
33957 11148
33958 11404
33959 12172
33960 11660
33961 11916
33962 10636
33963 10377
33964 10382
33965 10383
33966 10378
33967 10379
33968 10381
33969 10380
33970 11912
33971 10120
33972 10888
33973 11656
33974 8584
33975 8840
33976 11400
33977 9864
33978 10376
33979 10632
33980 9096
33981 12168
33982 9352
33983 9608
33984 11144
33985 12673
33986 13185
33987 12929
33988 12675
33989 13187
33990 12931
33991 12674
33992 12930
33993 13186
33994 13697
33995 14209
33996 13953
33997 13699
33998 14211
33999 13955
34000 13698
34001 13954
34002 14210
34003 13441
34004 13442
34005 13443
34006 12677
34007 13189
34008 12933
34009 12679
34010 13191
34011 12935
34012 12678
34013 12934
34014 13190
34015 13701
34016 14213
34017 13957
34018 13703
34019 14215
34020 13959
34021 13702
34022 13958
34023 14214
34024 13445
34025 13446
34026 13447
34027 12676
34028 12932
34029 13700
34030 13444
34031 13956
34032 13188
34033 14212
34034 14721
34035 15233
34036 14977
34037 14723
34038 15235
34039 14979
34040 14722
34041 14978
34042 15234
34043 15745
34044 16257
34045 16001
34046 15747
34047 16259
34048 16003
34049 15746
34050 16002
34051 16258
34052 15489
34053 15490
34054 15491
34055 14725
34056 15237
34057 14981
34058 14727
34059 15239
34060 14983
34061 14726
34062 14982
34063 15238
34064 15749
34065 16261
34066 16005
34067 15751
34068 16263
34069 16007
34070 15750
34071 16006
34072 16262
34073 15493
34074 15494
34075 15495
34076 14980
34077 15236
34078 15492
34079 15748
34080 16004
34081 14724
34082 16260
34083 14467
34084 14470
34085 14469
34086 14466
34087 14471
34088 14468
34089 14465
34090 12681
34091 13193
34092 12937
34093 12683
34094 13195
34095 12939
34096 12682
34097 12938
34098 13194
34099 13705
34100 14217
34101 13961
34102 13707
34103 14219
34104 13963
34105 13706
34106 13962
34107 14218
34108 13449
34109 13450
34110 13451
34111 12685
34112 13197
34113 12941
34114 12687
34115 13199
34116 12943
34117 12686
34118 12942
34119 13198
34120 13709
34121 14221
34122 13965
34123 13711
34124 14223
34125 13967
34126 13710
34127 13966
34128 14222
34129 13453
34130 13454
34131 13455
34132 13708
34133 13452
34134 12684
34135 13964
34136 12940
34137 13196
34138 14220
34139 14729
34140 15241
34141 14985
34142 14731
34143 15243
34144 14987
34145 14730
34146 14986
34147 15242
34148 15753
34149 16265
34150 16009
34151 15755
34152 16267
34153 16011
34154 15754
34155 16010
34156 16266
34157 15497
34158 15498
34159 15499
34160 14733
34161 15245
34162 14989
34163 14735
34164 15247
34165 14991
34166 14734
34167 14990
34168 15246
34169 15757
34170 16269
34171 16013
34172 15759
34173 16271
34174 16015
34175 15758
34176 16014
34177 16270
34178 15501
34179 15502
34180 15503
34181 14732
34182 15756
34183 14988
34184 15244
34185 15500
34186 16268
34187 16012
34188 14473
34189 14476
34190 14479
34191 14477
34192 14475
34193 14474
34194 14478
34195 13704
34196 16008
34197 12680
34198 13960
34199 15240
34200 13448
34201 15496
34202 12936
34203 15752
34204 16264
34205 14216
34206 14472
34207 13192
34208 14984
34209 14728
34210 12431
34211 12423
34212 12426
34213 12420
34214 12419
34215 12418
34216 12424
34217 12428
34218 12421
34219 12429
34220 12427
34221 12417
34222 12430
34223 12425
34224 12422
34225 8593
34226 9105
34227 8849
34228 8595
34229 9107
34230 8851
34231 8594
34232 8850
34233 9106
34234 9617
34235 10129
34236 9873
34237 9619
34238 10131
34239 9875
34240 9618
34241 9874
34242 10130
34243 9361
34244 9362
34245 9363
34246 8597
34247 9109
34248 8853
34249 8599
34250 9111
34251 8855
34252 8598
34253 8854
34254 9110
34255 9621
34256 10133
34257 9877
34258 9623
34259 10135
34260 9879
34261 9622
34262 9878
34263 10134
34264 9365
34265 9366
34266 9367
34267 8852
34268 9108
34269 9364
34270 9620
34271 9876
34272 10132
34273 8596
34274 10641
34275 11153
34276 10897
34277 10643
34278 11155
34279 10899
34280 10642
34281 10898
34282 11154
34283 11665
34284 12177
34285 11921
34286 11667
34287 12179
34288 11923
34289 11666
34290 11922
34291 12178
34292 11409
34293 11410
34294 11411
34295 10645
34296 11157
34297 10901
34298 10647
34299 11159
34300 10903
34301 10646
34302 10902
34303 11158
34304 11669
34305 12181
34306 11925
34307 11671
34308 12183
34309 11927
34310 11670
34311 11926
34312 12182
34313 11413
34314 11414
34315 11415
34316 10900
34317 11156
34318 11412
34319 12180
34320 11668
34321 11924
34322 10644
34323 10386
34324 10387
34325 10388
34326 10391
34327 10389
34328 10390
34329 10385
34330 8601
34331 9113
34332 8857
34333 8603
34334 9115
34335 8859
34336 8602
34337 8858
34338 9114
34339 9625
34340 10137
34341 9881
34342 9627
34343 10139
34344 9883
34345 9626
34346 9882
34347 10138
34348 9369
34349 9370
34350 9371
34351 8605
34352 9117
34353 8861
34354 8607
34355 9119
34356 8863
34357 8606
34358 8862
34359 9118
34360 9629
34361 10141
34362 9885
34363 9631
34364 10143
34365 9887
34366 9630
34367 9886
34368 10142
34369 9373
34370 9374
34371 9375
34372 8604
34373 8860
34374 9116
34375 9372
34376 9628
34377 9884
34378 10140
34379 10649
34380 11161
34381 10905
34382 10651
34383 11163
34384 10907
34385 10650
34386 10906
34387 11162
34388 11673
34389 12185
34390 11929
34391 11675
34392 12187
34393 11931
34394 11674
34395 11930
34396 12186
34397 11417
34398 11418
34399 11419
34400 10653
34401 11165
34402 10909
34403 10655
34404 11167
34405 10911
34406 10654
34407 10910
34408 11166
34409 11677
34410 12189
34411 11933
34412 11679
34413 12191
34414 11935
34415 11678
34416 11934
34417 12190
34418 11421
34419 11422
34420 11423
34421 10652
34422 10908
34423 11676
34424 11932
34425 11420
34426 12188
34427 11164
34428 10394
34429 10393
34430 10398
34431 10395
34432 10397
34433 10399
34434 10396
34435 11416
34436 8600
34437 10648
34438 10392
34439 9368
34440 11160
34441 9112
34442 10136
34443 9624
34444 11672
34445 10904
34446 11928
34447 8856
34448 9880
34449 12184
34450 12689
34451 13201
34452 12945
34453 12691
34454 13203
34455 12947
34456 12690
34457 12946
34458 13202
34459 13713
34460 14225
34461 13969
34462 13715
34463 14227
34464 13971
34465 13714
34466 13970
34467 14226
34468 13457
34469 13458
34470 13459
34471 12693
34472 13205
34473 12949
34474 12695
34475 13207
34476 12951
34477 12694
34478 12950
34479 13206
34480 13717
34481 14229
34482 13973
34483 13719
34484 14231
34485 13975
34486 13718
34487 13974
34488 14230
34489 13461
34490 13462
34491 13463
34492 13716
34493 12692
34494 13204
34495 12948
34496 13460
34497 13972
34498 14228
34499 14737
34500 15249
34501 14993
34502 14739
34503 15251
34504 14995
34505 14738
34506 14994
34507 15250
34508 15761
34509 16273
34510 16017
34511 15763
34512 16275
34513 16019
34514 15762
34515 16018
34516 16274
34517 15505
34518 15506
34519 15507
34520 14741
34521 15253
34522 14997
34523 14743
34524 15255
34525 14999
34526 14742
34527 14998
34528 15254
34529 15765
34530 16277
34531 16021
34532 15767
34533 16279
34534 16023
34535 15766
34536 16022
34537 16278
34538 15509
34539 15510
34540 15511
34541 14740
34542 14996
34543 15764
34544 15508
34545 16020
34546 15252
34547 16276
34548 14483
34549 14486
34550 14482
34551 14485
34552 14481
34553 14484
34554 14487
34555 12697
34556 13209
34557 12953
34558 12699
34559 13211
34560 12955
34561 12698
34562 12954
34563 13210
34564 13721
34565 14233
34566 13977
34567 13723
34568 14235
34569 13979
34570 13722
34571 13978
34572 14234
34573 13465
34574 13466
34575 13467
34576 12701
34577 13213
34578 12957
34579 12703
34580 13215
34581 12959
34582 12702
34583 12958
34584 13214
34585 13725
34586 14237
34587 13981
34588 13727
34589 14239
34590 13983
34591 13726
34592 13982
34593 14238
34594 13469
34595 13470
34596 13471
34597 12700
34598 13724
34599 12956
34600 13212
34601 13468
34602 13980
34603 14236
34604 14745
34605 15257
34606 15001
34607 14747
34608 15259
34609 15003
34610 14746
34611 15002
34612 15258
34613 15769
34614 16281
34615 16025
34616 15771
34617 16283
34618 16027
34619 15770
34620 16026
34621 16282
34622 15513
34623 15514
34624 15515
34625 14749
34626 15261
34627 15005
34628 14751
34629 15263
34630 15007
34631 14750
34632 15006
34633 15262
34634 15773
34635 16285
34636 16029
34637 15775
34638 16287
34639 16031
34640 15774
34641 16030
34642 16286
34643 15517
34644 15518
34645 15519
34646 14748
34647 15260
34648 15516
34649 16284
34650 15772
34651 16028
34652 15004
34653 14491
34654 14489
34655 14492
34656 14490
34657 14494
34658 14493
34659 14495
34660 12696
34661 12952
34662 13208
34663 13464
34664 13720
34665 13976
34666 14232
34667 15000
34668 14488
34669 14744
34670 15256
34671 15512
34672 15768
34673 16024
34674 16280
34675 12443
34676 12436
34677 12441
34678 12442
34679 12438
34680 12437
34681 12447
34682 12439
34683 12440
34684 12445
34685 12433
34686 12444
34687 12434
34688 12446
34689 12435
34690 11152
34691 11664
34692 15760
34693 14992
34694 13200
34695 13968
34696 12688
34697 14736
34698 9616
34699 12176
34700 15248
34701 11920
34702 10896
34703 12432
34704 10128
34705 9104
34706 9360
34707 8592
34708 15504
34709 13456
34710 16016
34711 13712
34712 12944
34713 9872
34714 14224
34715 8848
34716 10640
34717 16272
34718 11408
34719 14480
34720 10384
34721 8334
34722 8348
34723 8332
34724 8350
34725 8345
34726 8344
34727 8321
34728 8351
34729 8322
34730 8323
34731 8324
34732 8335
34733 8343
34734 8338
34735 8325
34736 8346
34737 8336
34738 8342
34739 8326
34740 8327
34741 8341
34742 8340
34743 8347
34744 8329
34745 8328
34746 8333
34747 8330
34748 8331
34749 8337
34750 8339
34751 8349
34752 161
34753 417
34754 929
34755 673
34756 163
34757 419
34758 931
34759 675
34760 162
34761 418
34762 674
34763 930
34764 1441
34765 1953
34766 1697
34767 1443
34768 1955
34769 1699
34770 1442
34771 1698
34772 1954
34773 1185
34774 1186
34775 1187
34776 165
34777 421
34778 933
34779 677
34780 167
34781 423
34782 935
34783 679
34784 166
34785 422
34786 678
34787 934
34788 1445
34789 1957
34790 1701
34791 1447
34792 1959
34793 1703
34794 1446
34795 1702
34796 1958
34797 1189
34798 1190
34799 1191
34800 164
34801 676
34802 932
34803 1444
34804 1700
34805 1188
34806 420
34807 1956
34808 2465
34809 2977
34810 2721
34811 2467
34812 2979
34813 2723
34814 2466
34815 2722
34816 2978
34817 3489
34818 4001
34819 3745
34820 3491
34821 4003
34822 3747
34823 3490
34824 3746
34825 4002
34826 3233
34827 3234
34828 3235
34829 2469
34830 2981
34831 2725
34832 2471
34833 2983
34834 2727
34835 2470
34836 2726
34837 2982
34838 3493
34839 4005
34840 3749
34841 3495
34842 4007
34843 3751
34844 3494
34845 3750
34846 4006
34847 3237
34848 3238
34849 3239
34850 2468
34851 2724
34852 3236
34853 3492
34854 2980
34855 3748
34856 4004
34857 2213
34858 2209
34859 2214
34860 2212
34861 2211
34862 2210
34863 2215
34864 169
34865 425
34866 937
34867 681
34868 171
34869 427
34870 939
34871 683
34872 170
34873 426
34874 682
34875 938
34876 1449
34877 1961
34878 1705
34879 1451
34880 1963
34881 1707
34882 1450
34883 1706
34884 1962
34885 1193
34886 1194
34887 1195
34888 173
34889 429
34890 941
34891 685
34892 175
34893 431
34894 943
34895 687
34896 174
34897 430
34898 686
34899 942
34900 1453
34901 1965
34902 1709
34903 1455
34904 1967
34905 1711
34906 1454
34907 1710
34908 1966
34909 1197
34910 1198
34911 1199
34912 172
34913 428
34914 684
34915 940
34916 1452
34917 1196
34918 1708
34919 1964
34920 2473
34921 2985
34922 2729
34923 2475
34924 2987
34925 2731
34926 2474
34927 2730
34928 2986
34929 3497
34930 4009
34931 3753
34932 3499
34933 4011
34934 3755
34935 3498
34936 3754
34937 4010
34938 3241
34939 3242
34940 3243
34941 2477
34942 2989
34943 2733
34944 2479
34945 2991
34946 2735
34947 2478
34948 2734
34949 2990
34950 3501
34951 4013
34952 3757
34953 3503
34954 4015
34955 3759
34956 3502
34957 3758
34958 4014
34959 3245
34960 3246
34961 3247
34962 2732
34963 2476
34964 2988
34965 3500
34966 3244
34967 3756
34968 4012
34969 2220
34970 2217
34971 2222
34972 2221
34973 2219
34974 2223
34975 2218
34976 936
34977 1192
34978 680
34979 2216
34980 1960
34981 3240
34982 2472
34983 424
34984 1448
34985 168
34986 3496
34987 3752
34988 2984
34989 2728
34990 4008
34991 1704
34992 4513
34993 5025
34994 4769
34995 4515
34996 5027
34997 4771
34998 4514
34999 4770
35000 5026
35001 5537
35002 6049
35003 5793
35004 5539
35005 6051
35006 5795
35007 5538
35008 5794
35009 6050
35010 5281
35011 5282
35012 5283
35013 4517
35014 5029
35015 4773
35016 4519
35017 5031
35018 4775
35019 4518
35020 4774
35021 5030
35022 5541
35023 6053
35024 5797
35025 5543
35026 6055
35027 5799
35028 5542
35029 5798
35030 6054
35031 5285
35032 5286
35033 5287
35034 6052
35035 4772
35036 5028
35037 4516
35038 5284
35039 5540
35040 5796
35041 6561
35042 7073
35043 6817
35044 6563
35045 7075
35046 6819
35047 6562
35048 6818
35049 7074
35050 7585
35051 8097
35052 7841
35053 7587
35054 8099
35055 7843
35056 7586
35057 7842
35058 8098
35059 7329
35060 7330
35061 7331
35062 6565
35063 7077
35064 6821
35065 6567
35066 7079
35067 6823
35068 6566
35069 6822
35070 7078
35071 7589
35072 8101
35073 7845
35074 7591
35075 8103
35076 7847
35077 7590
35078 7846
35079 8102
35080 7333
35081 7334
35082 7335
35083 6564
35084 6820
35085 7588
35086 7844
35087 7332
35088 8100
35089 7076
35090 6309
35091 6306
35092 6307
35093 6310
35094 6305
35095 6308
35096 6311
35097 4521
35098 5033
35099 4777
35100 4523
35101 5035
35102 4779
35103 4522
35104 4778
35105 5034
35106 5545
35107 6057
35108 5801
35109 5547
35110 6059
35111 5803
35112 5546
35113 5802
35114 6058
35115 5289
35116 5290
35117 5291
35118 4525
35119 5037
35120 4781
35121 4527
35122 5039
35123 4783
35124 4526
35125 4782
35126 5038
35127 5549
35128 6061
35129 5805
35130 5551
35131 6063
35132 5807
35133 5550
35134 5806
35135 6062
35136 5293
35137 5294
35138 5295
35139 4524
35140 5548
35141 5804
35142 5292
35143 6060
35144 4780
35145 5036
35146 6569
35147 7081
35148 6825
35149 6571
35150 7083
35151 6827
35152 6570
35153 6826
35154 7082
35155 7593
35156 8105
35157 7849
35158 7595
35159 8107
35160 7851
35161 7594
35162 7850
35163 8106
35164 7337
35165 7338
35166 7339
35167 6573
35168 7085
35169 6829
35170 6575
35171 7087
35172 6831
35173 6574
35174 6830
35175 7086
35176 7597
35177 8109
35178 7853
35179 7599
35180 8111
35181 7855
35182 7598
35183 7854
35184 8110
35185 7341
35186 7342
35187 7343
35188 6572
35189 6828
35190 7340
35191 7084
35192 7596
35193 7852
35194 8108
35195 6313
35196 6314
35197 6315
35198 6316
35199 6317
35200 6318
35201 6319
35202 7080
35203 7336
35204 7592
35205 5032
35206 5544
35207 5288
35208 6824
35209 5800
35210 6568
35211 7848
35212 4776
35213 4520
35214 6312
35215 6056
35216 8104
35217 4268
35218 4265
35219 4263
35220 4264
35221 4269
35222 4262
35223 4258
35224 4267
35225 4266
35226 4270
35227 4260
35228 4259
35229 4261
35230 4271
35231 4257
35232 177
35233 433
35234 945
35235 689
35236 179
35237 435
35238 947
35239 691
35240 178
35241 434
35242 690
35243 946
35244 1457
35245 1969
35246 1713
35247 1459
35248 1971
35249 1715
35250 1458
35251 1714
35252 1970
35253 1201
35254 1202
35255 1203
35256 181
35257 437
35258 949
35259 693
35260 183
35261 439
35262 951
35263 695
35264 182
35265 438
35266 694
35267 950
35268 1461
35269 1973
35270 1717
35271 1463
35272 1975
35273 1719
35274 1462
35275 1718
35276 1974
35277 1205
35278 1206
35279 1207
35280 180
35281 436
35282 692
35283 1460
35284 1972
35285 948
35286 1716
35287 1204
35288 2481
35289 2993
35290 2737
35291 2483
35292 2995
35293 2739
35294 2482
35295 2738
35296 2994
35297 3505
35298 4017
35299 3761
35300 3507
35301 4019
35302 3763
35303 3506
35304 3762
35305 4018
35306 3249
35307 3250
35308 3251
35309 2485
35310 2997
35311 2741
35312 2487
35313 2999
35314 2743
35315 2486
35316 2742
35317 2998
35318 3509
35319 4021
35320 3765
35321 3511
35322 4023
35323 3767
35324 3510
35325 3766
35326 4022
35327 3253
35328 3254
35329 3255
35330 2484
35331 3764
35332 3252
35333 2740
35334 3508
35335 2996
35336 4020
35337 2230
35338 2226
35339 2231
35340 2227
35341 2228
35342 2229
35343 2225
35344 185
35345 441
35346 953
35347 697
35348 187
35349 443
35350 955
35351 699
35352 186
35353 442
35354 698
35355 954
35356 1465
35357 1977
35358 1721
35359 1467
35360 1979
35361 1723
35362 1466
35363 1722
35364 1978
35365 1209
35366 1210
35367 1211
35368 189
35369 445
35370 957
35371 701
35372 191
35373 447
35374 959
35375 703
35376 190
35377 446
35378 702
35379 958
35380 1469
35381 1981
35382 1725
35383 1471
35384 1983
35385 1727
35386 1470
35387 1726
35388 1982
35389 1213
35390 1214
35391 1215
35392 1980
35393 444
35394 700
35395 956
35396 188
35397 1212
35398 1468
35399 1724
35400 2489
35401 3001
35402 2745
35403 2491
35404 3003
35405 2747
35406 2490
35407 2746
35408 3002
35409 3513
35410 4025
35411 3769
35412 3515
35413 4027
35414 3771
35415 3514
35416 3770
35417 4026
35418 3257
35419 3258
35420 3259
35421 2493
35422 3005
35423 2749
35424 2495
35425 3007
35426 2751
35427 2494
35428 2750
35429 3006
35430 3517
35431 4029
35432 3773
35433 3519
35434 4031
35435 3775
35436 3518
35437 3774
35438 4030
35439 3261
35440 3262
35441 3263
35442 2748
35443 3004
35444 3260
35445 4028
35446 3516
35447 3772
35448 2492
35449 2236
35450 2237
35451 2238
35452 2239
35453 2233
35454 2234
35455 2235
35456 1720
35457 952
35458 3256
35459 696
35460 1464
35461 2744
35462 440
35463 3512
35464 1976
35465 3000
35466 3768
35467 1208
35468 2488
35469 184
35470 4024
35471 2232
35472 4529
35473 5041
35474 4785
35475 4531
35476 5043
35477 4787
35478 4530
35479 4786
35480 5042
35481 5553
35482 6065
35483 5809
35484 5555
35485 6067
35486 5811
35487 5554
35488 5810
35489 6066
35490 5297
35491 5298
35492 5299
35493 4533
35494 5045
35495 4789
35496 4535
35497 5047
35498 4791
35499 4534
35500 4790
35501 5046
35502 5557
35503 6069
35504 5813
35505 5559
35506 6071
35507 5815
35508 5558
35509 5814
35510 6070
35511 5301
35512 5302
35513 5303
35514 4532
35515 4788
35516 5556
35517 5300
35518 5044
35519 5812
35520 6068
35521 6577
35522 7089
35523 6833
35524 6579
35525 7091
35526 6835
35527 6578
35528 6834
35529 7090
35530 7601
35531 8113
35532 7857
35533 7603
35534 8115
35535 7859
35536 7602
35537 7858
35538 8114
35539 7345
35540 7346
35541 7347
35542 6581
35543 7093
35544 6837
35545 6583
35546 7095
35547 6839
35548 6582
35549 6838
35550 7094
35551 7605
35552 8117
35553 7861
35554 7607
35555 8119
35556 7863
35557 7606
35558 7862
35559 8118
35560 7349
35561 7350
35562 7351
35563 6580
35564 7092
35565 7348
35566 6836
35567 7604
35568 7860
35569 8116
35570 6325
35571 6327
35572 6324
35573 6323
35574 6321
35575 6326
35576 6322
35577 4537
35578 5049
35579 4793
35580 4539
35581 5051
35582 4795
35583 4538
35584 4794
35585 5050
35586 5561
35587 6073
35588 5817
35589 5563
35590 6075
35591 5819
35592 5562
35593 5818
35594 6074
35595 5305
35596 5306
35597 5307
35598 4541
35599 5053
35600 4797
35601 4543
35602 5055
35603 4799
35604 4542
35605 4798
35606 5054
35607 5565
35608 6077
35609 5821
35610 5567
35611 6079
35612 5823
35613 5566
35614 5822
35615 6078
35616 5309
35617 5310
35618 5311
35619 4796
35620 5052
35621 5308
35622 6076
35623 5564
35624 5820
35625 4540
35626 6585
35627 7097
35628 6841
35629 6587
35630 7099
35631 6843
35632 6586
35633 6842
35634 7098
35635 7609
35636 8121
35637 7865
35638 7611
35639 8123
35640 7867
35641 7610
35642 7866
35643 8122
35644 7353
35645 7354
35646 7355
35647 6589
35648 7101
35649 6845
35650 6591
35651 7103
35652 6847
35653 6590
35654 6846
35655 7102
35656 7613
35657 8125
35658 7869
35659 7615
35660 8127
35661 7871
35662 7614
35663 7870
35664 8126
35665 7357
35666 7358
35667 7359
35668 6588
35669 7868
35670 7612
35671 6844
35672 7100
35673 7356
35674 8124
35675 6329
35676 6335
35677 6333
35678 6330
35679 6332
35680 6334
35681 6331
35682 7096
35683 7352
35684 4792
35685 6840
35686 6584
35687 5048
35688 4536
35689 6328
35690 5816
35691 6072
35692 8120
35693 5304
35694 5560
35695 7608
35696 7864
35697 4285
35698 4283
35699 4282
35700 4275
35701 4286
35702 4281
35703 4280
35704 4284
35705 4274
35706 4273
35707 4279
35708 4278
35709 4276
35710 4277
35711 4287
35712 3504
35713 2224
35714 7600
35715 5808
35716 688
35717 2736
35718 7856
35719 4272
35720 4784
35721 944
35722 176
35723 4016
35724 6064
35725 5552
35726 6320
35727 3248
35728 2480
35729 3760
35730 5040
35731 1456
35732 1712
35733 432
35734 6576
35735 2992
35736 4528
35737 7088
35738 1200
35739 6832
35740 7344
35741 5296
35742 8112
35743 1968
35744 8609
35745 9121
35746 8865
35747 8611
35748 9123
35749 8867
35750 8610
35751 8866
35752 9122
35753 9633
35754 10145
35755 9889
35756 9635
35757 10147
35758 9891
35759 9634
35760 9890
35761 10146
35762 9377
35763 9378
35764 9379
35765 8613
35766 9125
35767 8869
35768 8615
35769 9127
35770 8871
35771 8614
35772 8870
35773 9126
35774 9637
35775 10149
35776 9893
35777 9639
35778 10151
35779 9895
35780 9638
35781 9894
35782 10150
35783 9381
35784 9382
35785 9383
35786 8612
35787 8868
35788 9380
35789 9636
35790 9892
35791 9124
35792 10148
35793 10657
35794 11169
35795 10913
35796 10659
35797 11171
35798 10915
35799 10658
35800 10914
35801 11170
35802 11681
35803 12193
35804 11937
35805 11683
35806 12195
35807 11939
35808 11682
35809 11938
35810 12194
35811 11425
35812 11426
35813 11427
35814 10661
35815 11173
35816 10917
35817 10663
35818 11175
35819 10919
35820 10662
35821 10918
35822 11174
35823 11685
35824 12197
35825 11941
35826 11687
35827 12199
35828 11943
35829 11686
35830 11942
35831 12198
35832 11429
35833 11430
35834 11431
35835 11428
35836 10660
35837 10916
35838 11684
35839 11172
35840 11940
35841 12196
35842 10407
35843 10404
35844 10406
35845 10402
35846 10403
35847 10405
35848 10401
35849 8617
35850 9129
35851 8873
35852 8619
35853 9131
35854 8875
35855 8618
35856 8874
35857 9130
35858 9641
35859 10153
35860 9897
35861 9643
35862 10155
35863 9899
35864 9642
35865 9898
35866 10154
35867 9385
35868 9386
35869 9387
35870 8621
35871 9133
35872 8877
35873 8623
35874 9135
35875 8879
35876 8622
35877 8878
35878 9134
35879 9645
35880 10157
35881 9901
35882 9647
35883 10159
35884 9903
35885 9646
35886 9902
35887 10158
35888 9389
35889 9390
35890 9391
35891 8620
35892 8876
35893 9644
35894 9388
35895 9132
35896 9900
35897 10156
35898 10665
35899 11177
35900 10921
35901 10667
35902 11179
35903 10923
35904 10666
35905 10922
35906 11178
35907 11689
35908 12201
35909 11945
35910 11691
35911 12203
35912 11947
35913 11690
35914 11946
35915 12202
35916 11433
35917 11434
35918 11435
35919 10669
35920 11181
35921 10925
35922 10671
35923 11183
35924 10927
35925 10670
35926 10926
35927 11182
35928 11693
35929 12205
35930 11949
35931 11695
35932 12207
35933 11951
35934 11694
35935 11950
35936 12206
35937 11437
35938 11438
35939 11439
35940 10668
35941 11436
35942 11692
35943 11948
35944 11180
35945 10924
35946 12204
35947 10415
35948 10414
35949 10413
35950 10409
35951 10412
35952 10411
35953 10410
35954 8872
35955 9128
35956 9384
35957 9640
35958 9896
35959 10152
35960 10408
35961 8616
35962 10664
35963 10920
35964 11176
35965 11432
35966 11688
35967 11944
35968 12200
35969 12705
35970 13217
35971 12961
35972 12707
35973 13219
35974 12963
35975 12706
35976 12962
35977 13218
35978 13729
35979 14241
35980 13985
35981 13731
35982 14243
35983 13987
35984 13730
35985 13986
35986 14242
35987 13473
35988 13474
35989 13475
35990 12709
35991 13221
35992 12965
35993 12711
35994 13223
35995 12967
35996 12710
35997 12966
35998 13222
35999 13733
36000 14245
36001 13989
36002 13735
36003 14247
36004 13991
36005 13734
36006 13990
36007 14246
36008 13477
36009 13478
36010 13479
36011 12708
36012 12964
36013 13732
36014 13476
36015 13220
36016 13988
36017 14244
36018 14753
36019 15265
36020 15009
36021 14755
36022 15267
36023 15011
36024 14754
36025 15010
36026 15266
36027 15777
36028 16289
36029 16033
36030 15779
36031 16291
36032 16035
36033 15778
36034 16034
36035 16290
36036 15521
36037 15522
36038 15523
36039 14757
36040 15269
36041 15013
36042 14759
36043 15271
36044 15015
36045 14758
36046 15014
36047 15270
36048 15781
36049 16293
36050 16037
36051 15783
36052 16295
36053 16039
36054 15782
36055 16038
36056 16294
36057 15525
36058 15526
36059 15527
36060 14756
36061 15268
36062 15524
36063 15012
36064 15780
36065 16036
36066 16292
36067 14497
36068 14502
36069 14500
36070 14499
36071 14501
36072 14498
36073 14503
36074 12713
36075 13225
36076 12969
36077 12715
36078 13227
36079 12971
36080 12714
36081 12970
36082 13226
36083 13737
36084 14249
36085 13993
36086 13739
36087 14251
36088 13995
36089 13738
36090 13994
36091 14250
36092 13481
36093 13482
36094 13483
36095 12717
36096 13229
36097 12973
36098 12719
36099 13231
36100 12975
36101 12718
36102 12974
36103 13230
36104 13741
36105 14253
36106 13997
36107 13743
36108 14255
36109 13999
36110 13742
36111 13998
36112 14254
36113 13485
36114 13486
36115 13487
36116 14252
36117 12972
36118 13228
36119 12716
36120 13484
36121 13740
36122 13996
36123 14761
36124 15273
36125 15017
36126 14763
36127 15275
36128 15019
36129 14762
36130 15018
36131 15274
36132 15785
36133 16297
36134 16041
36135 15787
36136 16299
36137 16043
36138 15786
36139 16042
36140 16298
36141 15529
36142 15530
36143 15531
36144 14765
36145 15277
36146 15021
36147 14767
36148 15279
36149 15023
36150 14766
36151 15022
36152 15278
36153 15789
36154 16301
36155 16045
36156 15791
36157 16303
36158 16047
36159 15790
36160 16046
36161 16302
36162 15533
36163 15534
36164 15535
36165 15020
36166 14764
36167 15788
36168 16044
36169 16300
36170 15276
36171 15532
36172 14505
36173 14509
36174 14506
36175 14508
36176 14507
36177 14510
36178 14511
36179 13736
36180 15272
36181 14760
36182 14248
36183 12712
36184 14504
36185 16040
36186 12968
36187 15784
36188 16296
36189 13992
36190 13224
36191 15528
36192 15016
36193 13480
36194 12461
36195 12449
36196 12458
36197 12460
36198 12459
36199 12450
36200 12462
36201 12454
36202 12453
36203 12456
36204 12463
36205 12451
36206 12452
36207 12457
36208 12455
36209 8625
36210 9137
36211 8881
36212 8627
36213 9139
36214 8883
36215 8626
36216 8882
36217 9138
36218 9649
36219 10161
36220 9905
36221 9651
36222 10163
36223 9907
36224 9650
36225 9906
36226 10162
36227 9393
36228 9394
36229 9395
36230 8629
36231 9141
36232 8885
36233 8631
36234 9143
36235 8887
36236 8630
36237 8886
36238 9142
36239 9653
36240 10165
36241 9909
36242 9655
36243 10167
36244 9911
36245 9654
36246 9910
36247 10166
36248 9397
36249 9398
36250 9399
36251 8628
36252 8884
36253 9396
36254 9140
36255 9908
36256 9652
36257 10164
36258 10673
36259 11185
36260 10929
36261 10675
36262 11187
36263 10931
36264 10674
36265 10930
36266 11186
36267 11697
36268 12209
36269 11953
36270 11699
36271 12211
36272 11955
36273 11698
36274 11954
36275 12210
36276 11441
36277 11442
36278 11443
36279 10677
36280 11189
36281 10933
36282 10679
36283 11191
36284 10935
36285 10678
36286 10934
36287 11190
36288 11701
36289 12213
36290 11957
36291 11703
36292 12215
36293 11959
36294 11702
36295 11958
36296 12214
36297 11445
36298 11446
36299 11447
36300 10676
36301 10932
36302 11188
36303 11444
36304 11700
36305 11956
36306 12212
36307 10418
36308 10419
36309 10420
36310 10417
36311 10421
36312 10422
36313 10423
36314 8633
36315 9145
36316 8889
36317 8635
36318 9147
36319 8891
36320 8634
36321 8890
36322 9146
36323 9657
36324 10169
36325 9913
36326 9659
36327 10171
36328 9915
36329 9658
36330 9914
36331 10170
36332 9401
36333 9402
36334 9403
36335 8637
36336 9149
36337 8893
36338 8639
36339 9151
36340 8895
36341 8638
36342 8894
36343 9150
36344 9661
36345 10173
36346 9917
36347 9663
36348 10175
36349 9919
36350 9662
36351 9918
36352 10174
36353 9405
36354 9406
36355 9407
36356 8636
36357 10172
36358 9148
36359 8892
36360 9660
36361 9916
36362 9404
36363 10681
36364 11193
36365 10937
36366 10683
36367 11195
36368 10939
36369 10682
36370 10938
36371 11194
36372 11705
36373 12217
36374 11961
36375 11707
36376 12219
36377 11963
36378 11706
36379 11962
36380 12218
36381 11449
36382 11450
36383 11451
36384 10685
36385 11197
36386 10941
36387 10687
36388 11199
36389 10943
36390 10686
36391 10942
36392 11198
36393 11709
36394 12221
36395 11965
36396 11711
36397 12223
36398 11967
36399 11710
36400 11966
36401 12222
36402 11453
36403 11454
36404 11455
36405 10684
36406 10940
36407 11196
36408 11452
36409 11708
36410 11964
36411 12220
36412 10425
36413 10426
36414 10427
36415 10430
36416 10429
36417 10428
36418 10431
36419 11448
36420 10680
36421 9400
36422 9912
36423 10168
36424 10936
36425 10424
36426 11704
36427 8632
36428 11960
36429 9656
36430 11192
36431 9144
36432 12216
36433 8888
36434 12721
36435 13233
36436 12977
36437 12723
36438 13235
36439 12979
36440 12722
36441 12978
36442 13234
36443 13745
36444 14257
36445 14001
36446 13747
36447 14259
36448 14003
36449 13746
36450 14002
36451 14258
36452 13489
36453 13490
36454 13491
36455 12725
36456 13237
36457 12981
36458 12727
36459 13239
36460 12983
36461 12726
36462 12982
36463 13238
36464 13749
36465 14261
36466 14005
36467 13751
36468 14263
36469 14007
36470 13750
36471 14006
36472 14262
36473 13493
36474 13494
36475 13495
36476 13748
36477 12724
36478 12980
36479 13236
36480 14004
36481 13492
36482 14260
36483 14769
36484 15281
36485 15025
36486 14771
36487 15283
36488 15027
36489 14770
36490 15026
36491 15282
36492 15793
36493 16305
36494 16049
36495 15795
36496 16307
36497 16051
36498 15794
36499 16050
36500 16306
36501 15537
36502 15538
36503 15539
36504 14773
36505 15285
36506 15029
36507 14775
36508 15287
36509 15031
36510 14774
36511 15030
36512 15286
36513 15797
36514 16309
36515 16053
36516 15799
36517 16311
36518 16055
36519 15798
36520 16054
36521 16310
36522 15541
36523 15542
36524 15543
36525 14772
36526 15028
36527 15284
36528 16308
36529 15540
36530 15796
36531 16052
36532 14513
36533 14514
36534 14515
36535 14516
36536 14517
36537 14518
36538 14519
36539 12729
36540 13241
36541 12985
36542 12731
36543 13243
36544 12987
36545 12730
36546 12986
36547 13242
36548 13753
36549 14265
36550 14009
36551 13755
36552 14267
36553 14011
36554 13754
36555 14010
36556 14266
36557 13497
36558 13498
36559 13499
36560 12733
36561 13245
36562 12989
36563 12735
36564 13247
36565 12991
36566 12734
36567 12990
36568 13246
36569 13757
36570 14269
36571 14013
36572 13759
36573 14271
36574 14015
36575 13758
36576 14014
36577 14270
36578 13501
36579 13502
36580 13503
36581 13756
36582 13244
36583 14012
36584 13500
36585 12988
36586 14268
36587 12732
36588 14777
36589 15289
36590 15033
36591 14779
36592 15291
36593 15035
36594 14778
36595 15034
36596 15290
36597 15801
36598 16313
36599 16057
36600 15803
36601 16315
36602 16059
36603 15802
36604 16058
36605 16314
36606 15545
36607 15546
36608 15547
36609 14781
36610 15293
36611 15037
36612 14783
36613 15295
36614 15039
36615 14782
36616 15038
36617 15294
36618 15805
36619 16317
36620 16061
36621 15807
36622 16319
36623 16063
36624 15806
36625 16062
36626 16318
36627 15549
36628 15550
36629 15551
36630 14780
36631 15036
36632 15292
36633 15548
36634 15804
36635 16316
36636 16060
36637 14521
36638 14523
36639 14525
36640 14526
36641 14522
36642 14524
36643 14527
36644 14520
36645 14008
36646 12984
36647 14776
36648 15032
36649 15544
36650 15800
36651 14264
36652 13496
36653 16056
36654 13240
36655 12728
36656 15288
36657 16312
36658 13752
36659 12478
36660 12465
36661 12472
36662 12473
36663 12467
36664 12479
36665 12468
36666 12469
36667 12475
36668 12476
36669 12474
36670 12470
36671 12466
36672 12477
36673 12471
36674 15792
36675 16048
36676 16304
36677 8624
36678 10416
36679 10672
36680 10928
36681 11184
36682 11440
36683 9648
36684 12720
36685 12976
36686 13232
36687 9136
36688 12464
36689 14256
36690 12208
36691 13488
36692 8880
36693 13744
36694 14000
36695 14512
36696 14768
36697 11952
36698 9392
36699 15024
36700 10160
36701 9904
36702 15280
36703 15536
36704 11696
36705 8364
36706 8373
36707 8379
36708 8382
36709 8376
36710 8372
36711 8359
36712 8367
36713 8365
36714 8358
36715 8362
36716 8353
36717 8374
36718 8360
36719 8375
36720 8380
36721 8363
36722 8377
36723 8355
36724 8366
36725 8356
36726 8381
36727 8371
36728 8368
36729 8354
36730 8357
36731 8378
36732 8370
36733 8369
36734 8383
36735 8361
36736 2976
36737 3488
36738 8096
36739 10400
36740 1184
36741 7328
36742 3232
36743 13216
36744 8864
36745 11680
36746 4256
36747 7072
36748 15008
36749 10912
36750 11168
36751 160
36752 14496
36753 2208
36754 12960
36755 11936
36756 5792
36757 13728
36758 4512
36759 15264
36760 9376
36761 9120
36762 15520
36763 6560
36764 4768
36765 10656
36766 928
36767 12704
36768 15776
36769 672
36770 16032
36771 416
36772 16288
36773 1696
36774 2720
36775 8352
36776 2464
36777 6048
36778 4000
36779 13472
36780 6816
36781 9632
36782 7840
36783 1440
36784 12448
36785 5024
36786 5536
36787 1952
36788 6304
36789 11424
36790 3744
36791 10144
36792 7584
36793 9888
36794 5280
36795 12192
36796 14752
36797 8608
36798 14240
36799 13984
36800 16769
36801 17281
36802 17025
36803 16771
36804 17283
36805 17027
36806 16770
36807 17026
36808 17282
36809 17793
36810 18305
36811 18049
36812 17795
36813 18307
36814 18051
36815 17794
36816 18050
36817 18306
36818 17537
36819 17538
36820 17539
36821 16773
36822 17285
36823 17029
36824 16775
36825 17287
36826 17031
36827 16774
36828 17030
36829 17286
36830 17797
36831 18309
36832 18053
36833 17799
36834 18311
36835 18055
36836 17798
36837 18054
36838 18310
36839 17541
36840 17542
36841 17543
36842 17028
36843 17796
36844 17284
36845 18052
36846 17540
36847 16772
36848 18308
36849 18817
36850 19329
36851 19073
36852 18819
36853 19331
36854 19075
36855 18818
36856 19074
36857 19330
36858 19841
36859 20353
36860 20097
36861 19843
36862 20355
36863 20099
36864 19842
36865 20098
36866 20354
36867 19585
36868 19586
36869 19587
36870 18821
36871 19333
36872 19077
36873 18823
36874 19335
36875 19079
36876 18822
36877 19078
36878 19334
36879 19845
36880 20357
36881 20101
36882 19847
36883 20359
36884 20103
36885 19846
36886 20102
36887 20358
36888 19589
36889 19590
36890 19591
36891 18820
36892 19588
36893 19076
36894 19844
36895 19332
36896 20100
36897 20356
36898 18565
36899 18562
36900 18561
36901 18566
36902 18564
36903 18567
36904 18563
36905 16777
36906 17289
36907 17033
36908 16779
36909 17291
36910 17035
36911 16778
36912 17034
36913 17290
36914 17801
36915 18313
36916 18057
36917 17803
36918 18315
36919 18059
36920 17802
36921 18058
36922 18314
36923 17545
36924 17546
36925 17547
36926 16781
36927 17293
36928 17037
36929 16783
36930 17295
36931 17039
36932 16782
36933 17038
36934 17294
36935 17805
36936 18317
36937 18061
36938 17807
36939 18319
36940 18063
36941 17806
36942 18062
36943 18318
36944 17549
36945 17550
36946 17551
36947 17036
36948 16780
36949 17804
36950 17292
36951 18060
36952 17548
36953 18316
36954 18825
36955 19337
36956 19081
36957 18827
36958 19339
36959 19083
36960 18826
36961 19082
36962 19338
36963 19849
36964 20361
36965 20105
36966 19851
36967 20363
36968 20107
36969 19850
36970 20106
36971 20362
36972 19593
36973 19594
36974 19595
36975 18829
36976 19341
36977 19085
36978 18831
36979 19343
36980 19087
36981 18830
36982 19086
36983 19342
36984 19853
36985 20365
36986 20109
36987 19855
36988 20367
36989 20111
36990 19854
36991 20110
36992 20366
36993 19597
36994 19598
36995 19599
36996 19852
36997 18828
36998 19084
36999 19596
37000 19340
37001 20108
37002 20364
37003 18574
37004 18569
37005 18573
37006 18575
37007 18570
37008 18571
37009 18572
37010 17032
37011 17288
37012 17544
37013 17800
37014 18056
37015 18312
37016 18568
37017 19592
37018 18824
37019 19080
37020 19336
37021 19848
37022 20104
37023 20360
37024 16776
37025 20865
37026 21377
37027 21121
37028 20867
37029 21379
37030 21123
37031 20866
37032 21122
37033 21378
37034 21889
37035 22401
37036 22145
37037 21891
37038 22403
37039 22147
37040 21890
37041 22146
37042 22402
37043 21633
37044 21634
37045 21635
37046 20869
37047 21381
37048 21125
37049 20871
37050 21383
37051 21127
37052 20870
37053 21126
37054 21382
37055 21893
37056 22405
37057 22149
37058 21895
37059 22407
37060 22151
37061 21894
37062 22150
37063 22406
37064 21637
37065 21638
37066 21639
37067 20868
37068 21892
37069 21636
37070 21124
37071 21380
37072 22148
37073 22404
37074 22913
37075 23425
37076 23169
37077 22915
37078 23427
37079 23171
37080 22914
37081 23170
37082 23426
37083 23937
37084 24449
37085 24193
37086 23939
37087 24451
37088 24195
37089 23938
37090 24194
37091 24450
37092 23681
37093 23682
37094 23683
37095 22917
37096 23429
37097 23173
37098 22919
37099 23431
37100 23175
37101 22918
37102 23174
37103 23430
37104 23941
37105 24453
37106 24197
37107 23943
37108 24455
37109 24199
37110 23942
37111 24198
37112 24454
37113 23685
37114 23686
37115 23687
37116 22916
37117 23172
37118 23684
37119 23940
37120 24196
37121 23428
37122 24452
37123 22660
37124 22657
37125 22663
37126 22659
37127 22662
37128 22658
37129 22661
37130 20873
37131 21385
37132 21129
37133 20875
37134 21387
37135 21131
37136 20874
37137 21130
37138 21386
37139 21897
37140 22409
37141 22153
37142 21899
37143 22411
37144 22155
37145 21898
37146 22154
37147 22410
37148 21641
37149 21642
37150 21643
37151 20877
37152 21389
37153 21133
37154 20879
37155 21391
37156 21135
37157 20878
37158 21134
37159 21390
37160 21901
37161 22413
37162 22157
37163 21903
37164 22415
37165 22159
37166 21902
37167 22158
37168 22414
37169 21645
37170 21646
37171 21647
37172 20876
37173 21132
37174 21388
37175 21644
37176 21900
37177 22156
37178 22412
37179 22921
37180 23433
37181 23177
37182 22923
37183 23435
37184 23179
37185 22922
37186 23178
37187 23434
37188 23945
37189 24457
37190 24201
37191 23947
37192 24459
37193 24203
37194 23946
37195 24202
37196 24458
37197 23689
37198 23690
37199 23691
37200 22925
37201 23437
37202 23181
37203 22927
37204 23439
37205 23183
37206 22926
37207 23182
37208 23438
37209 23949
37210 24461
37211 24205
37212 23951
37213 24463
37214 24207
37215 23950
37216 24206
37217 24462
37218 23693
37219 23694
37220 23695
37221 22924
37222 23180
37223 23692
37224 23436
37225 23948
37226 24204
37227 24460
37228 22665
37229 22666
37230 22667
37231 22671
37232 22668
37233 22669
37234 22670
37235 21384
37236 22664
37237 21640
37238 23944
37239 23432
37240 21128
37241 23688
37242 21896
37243 23176
37244 24456
37245 20872
37246 22920
37247 22152
37248 22408
37249 24200
37250 20613
37251 20615
37252 20610
37253 20621
37254 20612
37255 20619
37256 20614
37257 20620
37258 20611
37259 20609
37260 20622
37261 20617
37262 20616
37263 20618
37264 20623
37265 16785
37266 17297
37267 17041
37268 16787
37269 17299
37270 17043
37271 16786
37272 17042
37273 17298
37274 17809
37275 18321
37276 18065
37277 17811
37278 18323
37279 18067
37280 17810
37281 18066
37282 18322
37283 17553
37284 17554
37285 17555
37286 16789
37287 17301
37288 17045
37289 16791
37290 17303
37291 17047
37292 16790
37293 17046
37294 17302
37295 17813
37296 18325
37297 18069
37298 17815
37299 18327
37300 18071
37301 17814
37302 18070
37303 18326
37304 17557
37305 17558
37306 17559
37307 16788
37308 17044
37309 17556
37310 17812
37311 17300
37312 18068
37313 18324
37314 18833
37315 19345
37316 19089
37317 18835
37318 19347
37319 19091
37320 18834
37321 19090
37322 19346
37323 19857
37324 20369
37325 20113
37326 19859
37327 20371
37328 20115
37329 19858
37330 20114
37331 20370
37332 19601
37333 19602
37334 19603
37335 18837
37336 19349
37337 19093
37338 18839
37339 19351
37340 19095
37341 18838
37342 19094
37343 19350
37344 19861
37345 20373
37346 20117
37347 19863
37348 20375
37349 20119
37350 19862
37351 20118
37352 20374
37353 19605
37354 19606
37355 19607
37356 18836
37357 19092
37358 19348
37359 19604
37360 19860
37361 20116
37362 20372
37363 18580
37364 18577
37365 18579
37366 18582
37367 18578
37368 18581
37369 18583
37370 16793
37371 17305
37372 17049
37373 16795
37374 17307
37375 17051
37376 16794
37377 17050
37378 17306
37379 17817
37380 18329
37381 18073
37382 17819
37383 18331
37384 18075
37385 17818
37386 18074
37387 18330
37388 17561
37389 17562
37390 17563
37391 16797
37392 17309
37393 17053
37394 16799
37395 17311
37396 17055
37397 16798
37398 17054
37399 17310
37400 17821
37401 18333
37402 18077
37403 17823
37404 18335
37405 18079
37406 17822
37407 18078
37408 18334
37409 17565
37410 17566
37411 17567
37412 18332
37413 16796
37414 17308
37415 17052
37416 17564
37417 17820
37418 18076
37419 18841
37420 19353
37421 19097
37422 18843
37423 19355
37424 19099
37425 18842
37426 19098
37427 19354
37428 19865
37429 20377
37430 20121
37431 19867
37432 20379
37433 20123
37434 19866
37435 20122
37436 20378
37437 19609
37438 19610
37439 19611
37440 18845
37441 19357
37442 19101
37443 18847
37444 19359
37445 19103
37446 18846
37447 19102
37448 19358
37449 19869
37450 20381
37451 20125
37452 19871
37453 20383
37454 20127
37455 19870
37456 20126
37457 20382
37458 19613
37459 19614
37460 19615
37461 18844
37462 20124
37463 19100
37464 19868
37465 19356
37466 19612
37467 20380
37468 18588
37469 18589
37470 18586
37471 18590
37472 18587
37473 18585
37474 18591
37475 19352
37476 16792
37477 18072
37478 17560
37479 18584
37480 19608
37481 17048
37482 18840
37483 17304
37484 20376
37485 17816
37486 19864
37487 20120
37488 18328
37489 19096
37490 20881
37491 21393
37492 21137
37493 20883
37494 21395
37495 21139
37496 20882
37497 21138
37498 21394
37499 21905
37500 22417
37501 22161
37502 21907
37503 22419
37504 22163
37505 21906
37506 22162
37507 22418
37508 21649
37509 21650
37510 21651
37511 20885
37512 21397
37513 21141
37514 20887
37515 21399
37516 21143
37517 20886
37518 21142
37519 21398
37520 21909
37521 22421
37522 22165
37523 21911
37524 22423
37525 22167
37526 21910
37527 22166
37528 22422
37529 21653
37530 21654
37531 21655
37532 20884
37533 22420
37534 21140
37535 21396
37536 21652
37537 21908
37538 22164
37539 22929
37540 23441
37541 23185
37542 22931
37543 23443
37544 23187
37545 22930
37546 23186
37547 23442
37548 23953
37549 24465
37550 24209
37551 23955
37552 24467
37553 24211
37554 23954
37555 24210
37556 24466
37557 23697
37558 23698
37559 23699
37560 22933
37561 23445
37562 23189
37563 22935
37564 23447
37565 23191
37566 22934
37567 23190
37568 23446
37569 23957
37570 24469
37571 24213
37572 23959
37573 24471
37574 24215
37575 23958
37576 24214
37577 24470
37578 23701
37579 23702
37580 23703
37581 22932
37582 23188
37583 23956
37584 23700
37585 23444
37586 24212
37587 24468
37588 22676
37589 22679
37590 22677
37591 22674
37592 22675
37593 22678
37594 22673
37595 20889
37596 21401
37597 21145
37598 20891
37599 21403
37600 21147
37601 20890
37602 21146
37603 21402
37604 21913
37605 22425
37606 22169
37607 21915
37608 22427
37609 22171
37610 21914
37611 22170
37612 22426
37613 21657
37614 21658
37615 21659
37616 20893
37617 21405
37618 21149
37619 20895
37620 21407
37621 21151
37622 20894
37623 21150
37624 21406
37625 21917
37626 22429
37627 22173
37628 21919
37629 22431
37630 22175
37631 21918
37632 22174
37633 22430
37634 21661
37635 21662
37636 21663
37637 21148
37638 21916
37639 22172
37640 21404
37641 20892
37642 21660
37643 22428
37644 22937
37645 23449
37646 23193
37647 22939
37648 23451
37649 23195
37650 22938
37651 23194
37652 23450
37653 23961
37654 24473
37655 24217
37656 23963
37657 24475
37658 24219
37659 23962
37660 24218
37661 24474
37662 23705
37663 23706
37664 23707
37665 22941
37666 23453
37667 23197
37668 22943
37669 23455
37670 23199
37671 22942
37672 23198
37673 23454
37674 23965
37675 24477
37676 24221
37677 23967
37678 24479
37679 24223
37680 23966
37681 24222
37682 24478
37683 23709
37684 23710
37685 23711
37686 24476
37687 23196
37688 23452
37689 22940
37690 23708
37691 23964
37692 24220
37693 22681
37694 22686
37695 22685
37696 22684
37697 22683
37698 22682
37699 22687
37700 21144
37701 21400
37702 21656
37703 21912
37704 22168
37705 22424
37706 22680
37707 24216
37708 22936
37709 23192
37710 23448
37711 23704
37712 23960
37713 24472
37714 20888
37715 20632
37716 20639
37717 20635
37718 20636
37719 20629
37720 20627
37721 20626
37722 20628
37723 20637
37724 20634
37725 20630
37726 20638
37727 20625
37728 20633
37729 20631
37730 16784
37731 22160
37732 18576
37733 19088
37734 22416
37735 18320
37736 19856
37737 20112
37738 21904
37739 18064
37740 19344
37741 20368
37742 17552
37743 23696
37744 22928
37745 17296
37746 17808
37747 23952
37748 21392
37749 19600
37750 22672
37751 18832
37752 24208
37753 17040
37754 20880
37755 21648
37756 23184
37757 23440
37758 24464
37759 21136
37760 20624
37761 24961
37762 25473
37763 25217
37764 24963
37765 25475
37766 25219
37767 24962
37768 25218
37769 25474
37770 25985
37771 26497
37772 26241
37773 25987
37774 26499
37775 26243
37776 25986
37777 26242
37778 26498
37779 25729
37780 25730
37781 25731
37782 24965
37783 25477
37784 25221
37785 24967
37786 25479
37787 25223
37788 24966
37789 25222
37790 25478
37791 25989
37792 26501
37793 26245
37794 25991
37795 26503
37796 26247
37797 25990
37798 26246
37799 26502
37800 25733
37801 25734
37802 25735
37803 24964
37804 25732
37805 25988
37806 26244
37807 25220
37808 26500
37809 25476
37810 27009
37811 27521
37812 27265
37813 27011
37814 27523
37815 27267
37816 27010
37817 27266
37818 27522
37819 28033
37820 28545
37821 28289
37822 28035
37823 28547
37824 28291
37825 28034
37826 28290
37827 28546
37828 27777
37829 27778
37830 27779
37831 27013
37832 27525
37833 27269
37834 27015
37835 27527
37836 27271
37837 27014
37838 27270
37839 27526
37840 28037
37841 28549
37842 28293
37843 28039
37844 28551
37845 28295
37846 28038
37847 28294
37848 28550
37849 27781
37850 27782
37851 27783
37852 27012
37853 27780
37854 28036
37855 27268
37856 28292
37857 28548
37858 27524
37859 26757
37860 26759
37861 26755
37862 26758
37863 26754
37864 26753
37865 26756
37866 24969
37867 25481
37868 25225
37869 24971
37870 25483
37871 25227
37872 24970
37873 25226
37874 25482
37875 25993
37876 26505
37877 26249
37878 25995
37879 26507
37880 26251
37881 25994
37882 26250
37883 26506
37884 25737
37885 25738
37886 25739
37887 24973
37888 25485
37889 25229
37890 24975
37891 25487
37892 25231
37893 24974
37894 25230
37895 25486
37896 25997
37897 26509
37898 26253
37899 25999
37900 26511
37901 26255
37902 25998
37903 26254
37904 26510
37905 25741
37906 25742
37907 25743
37908 24972
37909 26508
37910 25740
37911 25484
37912 25228
37913 26252
37914 25996
37915 27017
37916 27529
37917 27273
37918 27019
37919 27531
37920 27275
37921 27018
37922 27274
37923 27530
37924 28041
37925 28553
37926 28297
37927 28043
37928 28555
37929 28299
37930 28042
37931 28298
37932 28554
37933 27785
37934 27786
37935 27787
37936 27021
37937 27533
37938 27277
37939 27023
37940 27535
37941 27279
37942 27022
37943 27278
37944 27534
37945 28045
37946 28557
37947 28301
37948 28047
37949 28559
37950 28303
37951 28046
37952 28302
37953 28558
37954 27789
37955 27790
37956 27791
37957 27788
37958 28044
37959 27532
37960 27276
37961 27020
37962 28300
37963 28556
37964 26762
37965 26763
37966 26766
37967 26764
37968 26767
37969 26761
37970 26765
37971 26248
37972 24968
37973 26504
37974 25224
37975 27016
37976 26760
37977 27272
37978 27528
37979 25992
37980 27784
37981 28040
37982 25736
37983 28296
37984 25480
37985 28552
37986 29057
37987 29569
37988 29313
37989 29059
37990 29571
37991 29315
37992 29058
37993 29314
37994 29570
37995 30081
37996 30593
37997 30337
37998 30083
37999 30595
38000 30339
38001 30082
38002 30338
38003 30594
38004 29825
38005 29826
38006 29827
38007 29061
38008 29573
38009 29317
38010 29063
38011 29575
38012 29319
38013 29062
38014 29318
38015 29574
38016 30085
38017 30597
38018 30341
38019 30087
38020 30599
38021 30343
38022 30086
38023 30342
38024 30598
38025 29829
38026 29830
38027 29831
38028 29316
38029 29572
38030 29828
38031 30084
38032 30340
38033 30596
38034 29060
38035 31105
38036 31617
38037 31361
38038 31107
38039 31619
38040 31363
38041 31106
38042 31362
38043 31618
38044 32129
38045 32641
38046 32385
38047 32131
38048 32643
38049 32387
38050 32130
38051 32386
38052 32642
38053 31873
38054 31874
38055 31875
38056 31109
38057 31621
38058 31365
38059 31111
38060 31623
38061 31367
38062 31110
38063 31366
38064 31622
38065 32133
38066 32645
38067 32389
38068 32135
38069 32647
38070 32391
38071 32134
38072 32390
38073 32646
38074 31877
38075 31878
38076 31879
38077 31108
38078 31620
38079 31876
38080 31364
38081 32132
38082 32388
38083 32644
38084 30850
38085 30855
38086 30853
38087 30849
38088 30852
38089 30854
38090 30851
38091 29065
38092 29577
38093 29321
38094 29067
38095 29579
38096 29323
38097 29066
38098 29322
38099 29578
38100 30089
38101 30601
38102 30345
38103 30091
38104 30603
38105 30347
38106 30090
38107 30346
38108 30602
38109 29833
38110 29834
38111 29835
38112 29069
38113 29581
38114 29325
38115 29071
38116 29583
38117 29327
38118 29070
38119 29326
38120 29582
38121 30093
38122 30605
38123 30349
38124 30095
38125 30607
38126 30351
38127 30094
38128 30350
38129 30606
38130 29837
38131 29838
38132 29839
38133 29068
38134 29836
38135 30348
38136 30092
38137 29324
38138 30604
38139 29580
38140 31113
38141 31625
38142 31369
38143 31115
38144 31627
38145 31371
38146 31114
38147 31370
38148 31626
38149 32137
38150 32649
38151 32393
38152 32139
38153 32651
38154 32395
38155 32138
38156 32394
38157 32650
38158 31881
38159 31882
38160 31883
38161 31117
38162 31629
38163 31373
38164 31119
38165 31631
38166 31375
38167 31118
38168 31374
38169 31630
38170 32141
38171 32653
38172 32397
38173 32143
38174 32655
38175 32399
38176 32142
38177 32398
38178 32654
38179 31885
38180 31886
38181 31887
38182 31116
38183 31884
38184 31372
38185 32140
38186 31628
38187 32396
38188 32652
38189 30858
38190 30857
38191 30859
38192 30860
38193 30862
38194 30863
38195 30861
38196 30088
38197 31112
38198 31624
38199 31368
38200 29832
38201 32136
38202 31880
38203 30856
38204 29576
38205 30600
38206 29064
38207 29320
38208 32392
38209 30344
38210 32648
38211 28811
38212 28813
38213 28807
38214 28810
38215 28802
38216 28812
38217 28805
38218 28801
38219 28814
38220 28815
38221 28804
38222 28806
38223 28808
38224 28803
38225 28809
38226 24977
38227 25489
38228 25233
38229 24979
38230 25491
38231 25235
38232 24978
38233 25234
38234 25490
38235 26001
38236 26513
38237 26257
38238 26003
38239 26515
38240 26259
38241 26002
38242 26258
38243 26514
38244 25745
38245 25746
38246 25747
38247 24981
38248 25493
38249 25237
38250 24983
38251 25495
38252 25239
38253 24982
38254 25238
38255 25494
38256 26005
38257 26517
38258 26261
38259 26007
38260 26519
38261 26263
38262 26006
38263 26262
38264 26518
38265 25749
38266 25750
38267 25751
38268 24980
38269 25236
38270 25492
38271 26004
38272 26260
38273 25748
38274 26516
38275 27025
38276 27537
38277 27281
38278 27027
38279 27539
38280 27283
38281 27026
38282 27282
38283 27538
38284 28049
38285 28561
38286 28305
38287 28051
38288 28563
38289 28307
38290 28050
38291 28306
38292 28562
38293 27793
38294 27794
38295 27795
38296 27029
38297 27541
38298 27285
38299 27031
38300 27543
38301 27287
38302 27030
38303 27286
38304 27542
38305 28053
38306 28565
38307 28309
38308 28055
38309 28567
38310 28311
38311 28054
38312 28310
38313 28566
38314 27797
38315 27798
38316 27799
38317 27284
38318 28308
38319 28052
38320 27028
38321 27540
38322 27796
38323 28564
38324 26769
38325 26770
38326 26771
38327 26772
38328 26773
38329 26774
38330 26775
38331 24985
38332 25497
38333 25241
38334 24987
38335 25499
38336 25243
38337 24986
38338 25242
38339 25498
38340 26009
38341 26521
38342 26265
38343 26011
38344 26523
38345 26267
38346 26010
38347 26266
38348 26522
38349 25753
38350 25754
38351 25755
38352 24989
38353 25501
38354 25245
38355 24991
38356 25503
38357 25247
38358 24990
38359 25246
38360 25502
38361 26013
38362 26525
38363 26269
38364 26015
38365 26527
38366 26271
38367 26014
38368 26270
38369 26526
38370 25757
38371 25758
38372 25759
38373 24988
38374 25500
38375 25756
38376 26012
38377 26268
38378 25244
38379 26524
38380 27033
38381 27545
38382 27289
38383 27035
38384 27547
38385 27291
38386 27034
38387 27290
38388 27546
38389 28057
38390 28569
38391 28313
38392 28059
38393 28571
38394 28315
38395 28058
38396 28314
38397 28570
38398 27801
38399 27802
38400 27803
38401 27037
38402 27549
38403 27293
38404 27039
38405 27551
38406 27295
38407 27038
38408 27294
38409 27550
38410 28061
38411 28573
38412 28317
38413 28063
38414 28575
38415 28319
38416 28062
38417 28318
38418 28574
38419 27805
38420 27806
38421 27807
38422 27036
38423 27804
38424 28060
38425 27292
38426 27548
38427 28572
38428 28316
38429 26781
38430 26779
38431 26777
38432 26780
38433 26783
38434 26778
38435 26782
38436 26264
38437 24984
38438 25240
38439 27544
38440 27288
38441 28056
38442 26776
38443 26008
38444 25752
38445 25496
38446 27032
38447 26520
38448 28312
38449 27800
38450 28568
38451 29073
38452 29585
38453 29329
38454 29075
38455 29587
38456 29331
38457 29074
38458 29330
38459 29586
38460 30097
38461 30609
38462 30353
38463 30099
38464 30611
38465 30355
38466 30098
38467 30354
38468 30610
38469 29841
38470 29842
38471 29843
38472 29077
38473 29589
38474 29333
38475 29079
38476 29591
38477 29335
38478 29078
38479 29334
38480 29590
38481 30101
38482 30613
38483 30357
38484 30103
38485 30615
38486 30359
38487 30102
38488 30358
38489 30614
38490 29845
38491 29846
38492 29847
38493 29076
38494 29332
38495 30100
38496 29844
38497 29588
38498 30356
38499 30612
38500 31121
38501 31633
38502 31377
38503 31123
38504 31635
38505 31379
38506 31122
38507 31378
38508 31634
38509 32145
38510 32657
38511 32401
38512 32147
38513 32659
38514 32403
38515 32146
38516 32402
38517 32658
38518 31889
38519 31890
38520 31891
38521 31125
38522 31637
38523 31381
38524 31127
38525 31639
38526 31383
38527 31126
38528 31382
38529 31638
38530 32149
38531 32661
38532 32405
38533 32151
38534 32663
38535 32407
38536 32150
38537 32406
38538 32662
38539 31893
38540 31894
38541 31895
38542 31892
38543 31636
38544 31124
38545 32660
38546 32148
38547 31380
38548 32404
38549 30871
38550 30869
38551 30866
38552 30868
38553 30867
38554 30870
38555 30865
38556 29081
38557 29593
38558 29337
38559 29083
38560 29595
38561 29339
38562 29082
38563 29338
38564 29594
38565 30105
38566 30617
38567 30361
38568 30107
38569 30619
38570 30363
38571 30106
38572 30362
38573 30618
38574 29849
38575 29850
38576 29851
38577 29085
38578 29597
38579 29341
38580 29087
38581 29599
38582 29343
38583 29086
38584 29342
38585 29598
38586 30109
38587 30621
38588 30365
38589 30111
38590 30623
38591 30367
38592 30110
38593 30366
38594 30622
38595 29853
38596 29854
38597 29855
38598 29084
38599 29852
38600 29596
38601 30364
38602 30108
38603 29340
38604 30620
38605 31129
38606 31641
38607 31385
38608 31131
38609 31643
38610 31387
38611 31130
38612 31386
38613 31642
38614 32153
38615 32665
38616 32409
38617 32155
38618 32667
38619 32411
38620 32154
38621 32410
38622 32666
38623 31897
38624 31898
38625 31899
38626 31133
38627 31645
38628 31389
38629 31135
38630 31647
38631 31391
38632 31134
38633 31390
38634 31646
38635 32157
38636 32669
38637 32413
38638 32159
38639 32671
38640 32415
38641 32158
38642 32414
38643 32670
38644 31901
38645 31902
38646 31903
38647 31132
38648 32412
38649 31388
38650 32156
38651 31644
38652 31900
38653 32668
38654 30873
38655 30878
38656 30875
38657 30877
38658 30874
38659 30879
38660 30876
38661 31640
38662 32152
38663 31896
38664 29080
38665 29848
38666 30616
38667 31384
38668 29592
38669 32408
38670 32664
38671 30360
38672 31128
38673 29336
38674 30104
38675 30872
38676 28821
38677 28817
38678 28823
38679 28827
38680 28831
38681 28818
38682 28819
38683 28825
38684 28830
38685 28828
38686 28820
38687 28829
38688 28824
38689 28826
38690 28822
38691 30352
38692 30864
38693 27792
38694 25744
38695 29840
38696 30096
38697 31376
38698 25488
38699 24976
38700 27024
38701 31888
38702 32144
38703 28048
38704 29072
38705 26256
38706 27280
38707 30608
38708 28304
38709 26768
38710 29584
38711 26512
38712 32656
38713 31632
38714 28560
38715 29328
38716 26000
38717 31120
38718 25232
38719 28816
38720 32400
38721 27536
38722 24730
38723 24721
38724 24710
38725 24723
38726 24718
38727 24712
38728 24722
38729 24727
38730 24724
38731 24706
38732 24713
38733 24729
38734 24715
38735 24709
38736 24716
38737 24726
38738 24719
38739 24711
38740 24732
38741 24731
38742 24733
38743 24735
38744 24725
38745 24734
38746 24720
38747 24717
38748 24728
38749 24714
38750 24705
38751 24707
38752 24708
38753 16801
38754 17313
38755 17057
38756 16803
38757 17315
38758 17059
38759 16802
38760 17058
38761 17314
38762 17825
38763 18337
38764 18081
38765 17827
38766 18339
38767 18083
38768 17826
38769 18082
38770 18338
38771 17569
38772 17570
38773 17571
38774 16805
38775 17317
38776 17061
38777 16807
38778 17319
38779 17063
38780 16806
38781 17062
38782 17318
38783 17829
38784 18341
38785 18085
38786 17831
38787 18343
38788 18087
38789 17830
38790 18086
38791 18342
38792 17573
38793 17574
38794 17575
38795 17572
38796 16804
38797 17060
38798 17828
38799 17316
38800 18084
38801 18340
38802 18849
38803 19361
38804 19105
38805 18851
38806 19363
38807 19107
38808 18850
38809 19106
38810 19362
38811 19873
38812 20385
38813 20129
38814 19875
38815 20387
38816 20131
38817 19874
38818 20130
38819 20386
38820 19617
38821 19618
38822 19619
38823 18853
38824 19365
38825 19109
38826 18855
38827 19367
38828 19111
38829 18854
38830 19110
38831 19366
38832 19877
38833 20389
38834 20133
38835 19879
38836 20391
38837 20135
38838 19878
38839 20134
38840 20390
38841 19621
38842 19622
38843 19623
38844 18852
38845 19876
38846 19364
38847 20132
38848 19620
38849 19108
38850 20388
38851 18597
38852 18593
38853 18598
38854 18599
38855 18594
38856 18595
38857 18596
38858 16809
38859 17321
38860 17065
38861 16811
38862 17323
38863 17067
38864 16810
38865 17066
38866 17322
38867 17833
38868 18345
38869 18089
38870 17835
38871 18347
38872 18091
38873 17834
38874 18090
38875 18346
38876 17577
38877 17578
38878 17579
38879 16813
38880 17325
38881 17069
38882 16815
38883 17327
38884 17071
38885 16814
38886 17070
38887 17326
38888 17837
38889 18349
38890 18093
38891 17839
38892 18351
38893 18095
38894 17838
38895 18094
38896 18350
38897 17581
38898 17582
38899 17583
38900 16812
38901 17068
38902 17836
38903 17580
38904 17324
38905 18092
38906 18348
38907 18857
38908 19369
38909 19113
38910 18859
38911 19371
38912 19115
38913 18858
38914 19114
38915 19370
38916 19881
38917 20393
38918 20137
38919 19883
38920 20395
38921 20139
38922 19882
38923 20138
38924 20394
38925 19625
38926 19626
38927 19627
38928 18861
38929 19373
38930 19117
38931 18863
38932 19375
38933 19119
38934 18862
38935 19118
38936 19374
38937 19885
38938 20397
38939 20141
38940 19887
38941 20399
38942 20143
38943 19886
38944 20142
38945 20398
38946 19629
38947 19630
38948 19631
38949 18860
38950 19628
38951 19116
38952 19884
38953 19372
38954 20140
38955 20396
38956 18601
38957 18606
38958 18602
38959 18604
38960 18605
38961 18607
38962 18603
38963 19624
38964 16808
38965 19368
38966 19112
38967 17320
38968 20136
38969 17064
38970 20392
38971 17832
38972 17576
38973 18600
38974 19880
38975 18344
38976 18856
38977 18088
38978 20897
38979 21409
38980 21153
38981 20899
38982 21411
38983 21155
38984 20898
38985 21154
38986 21410
38987 21921
38988 22433
38989 22177
38990 21923
38991 22435
38992 22179
38993 21922
38994 22178
38995 22434
38996 21665
38997 21666
38998 21667
38999 20901
39000 21413
39001 21157
39002 20903
39003 21415
39004 21159
39005 20902
39006 21158
39007 21414
39008 21925
39009 22437
39010 22181
39011 21927
39012 22439
39013 22183
39014 21926
39015 22182
39016 22438
39017 21669
39018 21670
39019 21671
39020 20900
39021 21668
39022 21156
39023 21924
39024 21412
39025 22180
39026 22436
39027 22945
39028 23457
39029 23201
39030 22947
39031 23459
39032 23203
39033 22946
39034 23202
39035 23458
39036 23969
39037 24481
39038 24225
39039 23971
39040 24483
39041 24227
39042 23970
39043 24226
39044 24482
39045 23713
39046 23714
39047 23715
39048 22949
39049 23461
39050 23205
39051 22951
39052 23463
39053 23207
39054 22950
39055 23206
39056 23462
39057 23973
39058 24485
39059 24229
39060 23975
39061 24487
39062 24231
39063 23974
39064 24230
39065 24486
39066 23717
39067 23718
39068 23719
39069 22948
39070 23460
39071 24484
39072 23972
39073 23204
39074 23716
39075 24228
39076 22689
39077 22692
39078 22693
39079 22691
39080 22694
39081 22690
39082 22695
39083 20905
39084 21417
39085 21161
39086 20907
39087 21419
39088 21163
39089 20906
39090 21162
39091 21418
39092 21929
39093 22441
39094 22185
39095 21931
39096 22443
39097 22187
39098 21930
39099 22186
39100 22442
39101 21673
39102 21674
39103 21675
39104 20909
39105 21421
39106 21165
39107 20911
39108 21423
39109 21167
39110 20910
39111 21166
39112 21422
39113 21933
39114 22445
39115 22189
39116 21935
39117 22447
39118 22191
39119 21934
39120 22190
39121 22446
39122 21677
39123 21678
39124 21679
39125 20908
39126 21164
39127 22188
39128 21420
39129 21932
39130 22444
39131 21676
39132 22953
39133 23465
39134 23209
39135 22955
39136 23467
39137 23211
39138 22954
39139 23210
39140 23466
39141 23977
39142 24489
39143 24233
39144 23979
39145 24491
39146 24235
39147 23978
39148 24234
39149 24490
39150 23721
39151 23722
39152 23723
39153 22957
39154 23469
39155 23213
39156 22959
39157 23471
39158 23215
39159 22958
39160 23214
39161 23470
39162 23981
39163 24493
39164 24237
39165 23983
39166 24495
39167 24239
39168 23982
39169 24238
39170 24494
39171 23725
39172 23726
39173 23727
39174 23212
39175 22956
39176 23980
39177 23724
39178 23468
39179 24492
39180 24236
39181 22698
39182 22697
39183 22699
39184 22701
39185 22703
39186 22702
39187 22700
39188 21928
39189 21672
39190 21416
39191 23464
39192 22440
39193 24232
39194 23720
39195 22952
39196 21160
39197 22184
39198 23208
39199 23976
39200 24488
39201 22696
39202 20904
39203 20653
39204 20651
39205 20641
39206 20648
39207 20646
39208 20642
39209 20647
39210 20652
39211 20654
39212 20645
39213 20644
39214 20649
39215 20655
39216 20650
39217 20643
39218 16817
39219 17329
39220 17073
39221 16819
39222 17331
39223 17075
39224 16818
39225 17074
39226 17330
39227 17841
39228 18353
39229 18097
39230 17843
39231 18355
39232 18099
39233 17842
39234 18098
39235 18354
39236 17585
39237 17586
39238 17587
39239 16821
39240 17333
39241 17077
39242 16823
39243 17335
39244 17079
39245 16822
39246 17078
39247 17334
39248 17845
39249 18357
39250 18101
39251 17847
39252 18359
39253 18103
39254 17846
39255 18102
39256 18358
39257 17589
39258 17590
39259 17591
39260 16820
39261 17844
39262 17588
39263 18356
39264 17332
39265 17076
39266 18100
39267 18865
39268 19377
39269 19121
39270 18867
39271 19379
39272 19123
39273 18866
39274 19122
39275 19378
39276 19889
39277 20401
39278 20145
39279 19891
39280 20403
39281 20147
39282 19890
39283 20146
39284 20402
39285 19633
39286 19634
39287 19635
39288 18869
39289 19381
39290 19125
39291 18871
39292 19383
39293 19127
39294 18870
39295 19126
39296 19382
39297 19893
39298 20405
39299 20149
39300 19895
39301 20407
39302 20151
39303 19894
39304 20150
39305 20406
39306 19637
39307 19638
39308 19639
39309 18868
39310 19124
39311 19892
39312 20148
39313 19380
39314 20404
39315 19636
39316 18613
39317 18611
39318 18612
39319 18609
39320 18610
39321 18615
39322 18614
39323 16825
39324 17337
39325 17081
39326 16827
39327 17339
39328 17083
39329 16826
39330 17082
39331 17338
39332 17849
39333 18361
39334 18105
39335 17851
39336 18363
39337 18107
39338 17850
39339 18106
39340 18362
39341 17593
39342 17594
39343 17595
39344 16829
39345 17341
39346 17085
39347 16831
39348 17343
39349 17087
39350 16830
39351 17086
39352 17342
39353 17853
39354 18365
39355 18109
39356 17855
39357 18367
39358 18111
39359 17854
39360 18110
39361 18366
39362 17597
39363 17598
39364 17599
39365 17596
39366 17084
39367 16828
39368 17340
39369 17852
39370 18108
39371 18364
39372 18873
39373 19385
39374 19129
39375 18875
39376 19387
39377 19131
39378 18874
39379 19130
39380 19386
39381 19897
39382 20409
39383 20153
39384 19899
39385 20411
39386 20155
39387 19898
39388 20154
39389 20410
39390 19641
39391 19642
39392 19643
39393 18877
39394 19389
39395 19133
39396 18879
39397 19391
39398 19135
39399 18878
39400 19134
39401 19390
39402 19901
39403 20413
39404 20157
39405 19903
39406 20415
39407 20159
39408 19902
39409 20158
39410 20414
39411 19645
39412 19646
39413 19647
39414 18876
39415 19644
39416 19900
39417 19388
39418 20156
39419 19132
39420 20412
39421 18618
39422 18622
39423 18617
39424 18623
39425 18620
39426 18619
39427 18621
39428 17848
39429 17592
39430 17336
39431 18616
39432 19128
39433 18104
39434 18360
39435 19640
39436 19384
39437 16824
39438 19896
39439 17080
39440 18872
39441 20152
39442 20408
39443 20913
39444 21425
39445 21169
39446 20915
39447 21427
39448 21171
39449 20914
39450 21170
39451 21426
39452 21937
39453 22449
39454 22193
39455 21939
39456 22451
39457 22195
39458 21938
39459 22194
39460 22450
39461 21681
39462 21682
39463 21683
39464 20917
39465 21429
39466 21173
39467 20919
39468 21431
39469 21175
39470 20918
39471 21174
39472 21430
39473 21941
39474 22453
39475 22197
39476 21943
39477 22455
39478 22199
39479 21942
39480 22198
39481 22454
39482 21685
39483 21686
39484 21687
39485 20916
39486 21172
39487 21940
39488 22196
39489 21428
39490 21684
39491 22452
39492 22961
39493 23473
39494 23217
39495 22963
39496 23475
39497 23219
39498 22962
39499 23218
39500 23474
39501 23985
39502 24497
39503 24241
39504 23987
39505 24499
39506 24243
39507 23986
39508 24242
39509 24498
39510 23729
39511 23730
39512 23731
39513 22965
39514 23477
39515 23221
39516 22967
39517 23479
39518 23223
39519 22966
39520 23222
39521 23478
39522 23989
39523 24501
39524 24245
39525 23991
39526 24503
39527 24247
39528 23990
39529 24246
39530 24502
39531 23733
39532 23734
39533 23735
39534 22964
39535 23220
39536 23988
39537 24244
39538 23476
39539 23732
39540 24500
39541 22708
39542 22705
39543 22710
39544 22709
39545 22707
39546 22706
39547 22711
39548 20921
39549 21433
39550 21177
39551 20923
39552 21435
39553 21179
39554 20922
39555 21178
39556 21434
39557 21945
39558 22457
39559 22201
39560 21947
39561 22459
39562 22203
39563 21946
39564 22202
39565 22458
39566 21689
39567 21690
39568 21691
39569 20925
39570 21437
39571 21181
39572 20927
39573 21439
39574 21183
39575 20926
39576 21182
39577 21438
39578 21949
39579 22461
39580 22205
39581 21951
39582 22463
39583 22207
39584 21950
39585 22206
39586 22462
39587 21693
39588 21694
39589 21695
39590 20924
39591 22204
39592 21948
39593 21180
39594 21692
39595 21436
39596 22460
39597 22969
39598 23481
39599 23225
39600 22971
39601 23483
39602 23227
39603 22970
39604 23226
39605 23482
39606 23993
39607 24505
39608 24249
39609 23995
39610 24507
39611 24251
39612 23994
39613 24250
39614 24506
39615 23737
39616 23738
39617 23739
39618 22973
39619 23485
39620 23229
39621 22975
39622 23487
39623 23231
39624 22974
39625 23230
39626 23486
39627 23997
39628 24509
39629 24253
39630 23999
39631 24511
39632 24255
39633 23998
39634 24254
39635 24510
39636 23741
39637 23742
39638 23743
39639 22972
39640 24508
39641 23228
39642 23484
39643 23740
39644 23996
39645 24252
39646 22717
39647 22715
39648 22718
39649 22714
39650 22719
39651 22716
39652 22713
39653 20920
39654 21176
39655 21432
39656 21688
39657 21944
39658 22200
39659 22456
39660 24248
39661 22712
39662 22968
39663 23224
39664 23480
39665 23736
39666 23992
39667 24504
39668 20665
39669 20657
39670 20670
39671 20671
39672 20661
39673 20660
39674 20669
39675 20666
39676 20659
39677 20658
39678 20663
39679 20668
39680 20664
39681 20662
39682 20667
39683 23728
39684 18096
39685 23472
39686 18352
39687 21168
39688 23216
39689 20912
39690 16816
39691 22960
39692 18608
39693 18864
39694 19120
39695 19888
39696 22704
39697 21424
39698 24496
39699 20144
39700 21680
39701 19376
39702 17072
39703 22192
39704 24240
39705 17328
39706 23984
39707 22448
39708 19632
39709 20400
39710 20656
39711 17584
39712 17840
39713 21936
39714 24993
39715 25505
39716 25249
39717 24995
39718 25507
39719 25251
39720 24994
39721 25250
39722 25506
39723 26017
39724 26529
39725 26273
39726 26019
39727 26531
39728 26275
39729 26018
39730 26274
39731 26530
39732 25761
39733 25762
39734 25763
39735 24997
39736 25509
39737 25253
39738 24999
39739 25511
39740 25255
39741 24998
39742 25254
39743 25510
39744 26021
39745 26533
39746 26277
39747 26023
39748 26535
39749 26279
39750 26022
39751 26278
39752 26534
39753 25765
39754 25766
39755 25767
39756 24996
39757 25508
39758 25764
39759 25252
39760 26020
39761 26276
39762 26532
39763 27041
39764 27553
39765 27297
39766 27043
39767 27555
39768 27299
39769 27042
39770 27298
39771 27554
39772 28065
39773 28577
39774 28321
39775 28067
39776 28579
39777 28323
39778 28066
39779 28322
39780 28578
39781 27809
39782 27810
39783 27811
39784 27045
39785 27557
39786 27301
39787 27047
39788 27559
39789 27303
39790 27046
39791 27302
39792 27558
39793 28069
39794 28581
39795 28325
39796 28071
39797 28583
39798 28327
39799 28070
39800 28326
39801 28582
39802 27813
39803 27814
39804 27815
39805 27044
39806 27300
39807 28068
39808 27812
39809 27556
39810 28324
39811 28580
39812 26786
39813 26788
39814 26785
39815 26790
39816 26789
39817 26787
39818 26791
39819 25001
39820 25513
39821 25257
39822 25003
39823 25515
39824 25259
39825 25002
39826 25258
39827 25514
39828 26025
39829 26537
39830 26281
39831 26027
39832 26539
39833 26283
39834 26026
39835 26282
39836 26538
39837 25769
39838 25770
39839 25771
39840 25005
39841 25517
39842 25261
39843 25007
39844 25519
39845 25263
39846 25006
39847 25262
39848 25518
39849 26029
39850 26541
39851 26285
39852 26031
39853 26543
39854 26287
39855 26030
39856 26286
39857 26542
39858 25773
39859 25774
39860 25775
39861 25004
39862 25260
39863 25516
39864 26284
39865 25772
39866 26028
39867 26540
39868 27049
39869 27561
39870 27305
39871 27051
39872 27563
39873 27307
39874 27050
39875 27306
39876 27562
39877 28073
39878 28585
39879 28329
39880 28075
39881 28587
39882 28331
39883 28074
39884 28330
39885 28586
39886 27817
39887 27818
39888 27819
39889 27053
39890 27565
39891 27309
39892 27055
39893 27567
39894 27311
39895 27054
39896 27310
39897 27566
39898 28077
39899 28589
39900 28333
39901 28079
39902 28591
39903 28335
39904 28078
39905 28334
39906 28590
39907 27821
39908 27822
39909 27823
39910 27308
39911 27564
39912 27820
39913 28076
39914 28332
39915 27052
39916 28588
39917 26793
39918 26794
39919 26799
39920 26795
39921 26796
39922 26797
39923 26798
39924 25000
39925 27816
39926 25512
39927 28072
39928 28328
39929 28584
39930 26024
39931 26280
39932 27048
39933 27304
39934 25256
39935 25768
39936 27560
39937 26792
39938 26536
39939 29089
39940 29601
39941 29345
39942 29091
39943 29603
39944 29347
39945 29090
39946 29346
39947 29602
39948 30113
39949 30625
39950 30369
39951 30115
39952 30627
39953 30371
39954 30114
39955 30370
39956 30626
39957 29857
39958 29858
39959 29859
39960 29093
39961 29605
39962 29349
39963 29095
39964 29607
39965 29351
39966 29094
39967 29350
39968 29606
39969 30117
39970 30629
39971 30373
39972 30119
39973 30631
39974 30375
39975 30118
39976 30374
39977 30630
39978 29861
39979 29862
39980 29863
39981 29092
39982 29348
39983 30116
39984 29860
39985 30372
39986 29604
39987 30628
39988 31137
39989 31649
39990 31393
39991 31139
39992 31651
39993 31395
39994 31138
39995 31394
39996 31650
39997 32161
39998 32673
39999 32417
40000 32163
40001 32675
40002 32419
40003 32162
40004 32418
40005 32674
40006 31905
40007 31906
40008 31907
40009 31141
40010 31653
40011 31397
40012 31143
40013 31655
40014 31399
40015 31142
40016 31398
40017 31654
40018 32165
40019 32677
40020 32421
40021 32167
40022 32679
40023 32423
40024 32166
40025 32422
40026 32678
40027 31909
40028 31910
40029 31911
40030 31140
40031 32420
40032 31396
40033 32164
40034 31652
40035 31908
40036 32676
40037 30884
40038 30886
40039 30881
40040 30887
40041 30882
40042 30885
40043 30883
40044 29097
40045 29609
40046 29353
40047 29099
40048 29611
40049 29355
40050 29098
40051 29354
40052 29610
40053 30121
40054 30633
40055 30377
40056 30123
40057 30635
40058 30379
40059 30122
40060 30378
40061 30634
40062 29865
40063 29866
40064 29867
40065 29101
40066 29613
40067 29357
40068 29103
40069 29615
40070 29359
40071 29102
40072 29358
40073 29614
40074 30125
40075 30637
40076 30381
40077 30127
40078 30639
40079 30383
40080 30126
40081 30382
40082 30638
40083 29869
40084 29870
40085 29871
40086 29612
40087 29100
40088 30380
40089 30124
40090 29356
40091 29868
40092 30636
40093 31145
40094 31657
40095 31401
40096 31147
40097 31659
40098 31403
40099 31146
40100 31402
40101 31658
40102 32169
40103 32681
40104 32425
40105 32171
40106 32683
40107 32427
40108 32170
40109 32426
40110 32682
40111 31913
40112 31914
40113 31915
40114 31149
40115 31661
40116 31405
40117 31151
40118 31663
40119 31407
40120 31150
40121 31406
40122 31662
40123 32173
40124 32685
40125 32429
40126 32175
40127 32687
40128 32431
40129 32174
40130 32430
40131 32686
40132 31917
40133 31918
40134 31919
40135 31148
40136 31404
40137 31660
40138 32172
40139 32428
40140 31916
40141 32684
40142 30891
40143 30892
40144 30894
40145 30890
40146 30889
40147 30895
40148 30893
40149 29096
40150 30120
40151 29608
40152 32168
40153 31400
40154 31144
40155 32424
40156 31912
40157 29864
40158 30888
40159 30376
40160 31656
40161 30632
40162 32680
40163 29352
40164 28835
40165 28839
40166 28844
40167 28840
40168 28842
40169 28837
40170 28838
40171 28836
40172 28833
40173 28834
40174 28845
40175 28847
40176 28843
40177 28846
40178 28841
40179 25009
40180 25521
40181 25265
40182 25011
40183 25523
40184 25267
40185 25010
40186 25266
40187 25522
40188 26033
40189 26545
40190 26289
40191 26035
40192 26547
40193 26291
40194 26034
40195 26290
40196 26546
40197 25777
40198 25778
40199 25779
40200 25013
40201 25525
40202 25269
40203 25015
40204 25527
40205 25271
40206 25014
40207 25270
40208 25526
40209 26037
40210 26549
40211 26293
40212 26039
40213 26551
40214 26295
40215 26038
40216 26294
40217 26550
40218 25781
40219 25782
40220 25783
40221 25012
40222 25268
40223 26036
40224 26548
40225 26292
40226 25780
40227 25524
40228 27057
40229 27569
40230 27313
40231 27059
40232 27571
40233 27315
40234 27058
40235 27314
40236 27570
40237 28081
40238 28593
40239 28337
40240 28083
40241 28595
40242 28339
40243 28082
40244 28338
40245 28594
40246 27825
40247 27826
40248 27827
40249 27061
40250 27573
40251 27317
40252 27063
40253 27575
40254 27319
40255 27062
40256 27318
40257 27574
40258 28085
40259 28597
40260 28341
40261 28087
40262 28599
40263 28343
40264 28086
40265 28342
40266 28598
40267 27829
40268 27830
40269 27831
40270 27316
40271 27060
40272 28084
40273 27828
40274 27572
40275 28340
40276 28596
40277 26805
40278 26801
40279 26803
40280 26806
40281 26804
40282 26802
40283 26807
40284 25017
40285 25529
40286 25273
40287 25019
40288 25531
40289 25275
40290 25018
40291 25274
40292 25530
40293 26041
40294 26553
40295 26297
40296 26043
40297 26555
40298 26299
40299 26042
40300 26298
40301 26554
40302 25785
40303 25786
40304 25787
40305 25021
40306 25533
40307 25277
40308 25023
40309 25535
40310 25279
40311 25022
40312 25278
40313 25534
40314 26045
40315 26557
40316 26301
40317 26047
40318 26559
40319 26303
40320 26046
40321 26302
40322 26558
40323 25789
40324 25790
40325 25791
40326 25020
40327 26044
40328 25532
40329 26300
40330 26556
40331 25276
40332 25788
40333 27065
40334 27577
40335 27321
40336 27067
40337 27579
40338 27323
40339 27066
40340 27322
40341 27578
40342 28089
40343 28601
40344 28345
40345 28091
40346 28603
40347 28347
40348 28090
40349 28346
40350 28602
40351 27833
40352 27834
40353 27835
40354 27069
40355 27581
40356 27325
40357 27071
40358 27583
40359 27327
40360 27070
40361 27326
40362 27582
40363 28093
40364 28605
40365 28349
40366 28095
40367 28607
40368 28351
40369 28094
40370 28350
40371 28606
40372 27837
40373 27838
40374 27839
40375 27068
40376 27324
40377 27580
40378 28092
40379 27836
40380 28348
40381 28604
40382 26810
40383 26811
40384 26812
40385 26815
40386 26813
40387 26814
40388 26809
40389 25016
40390 25272
40391 25528
40392 25784
40393 26040
40394 26296
40395 26552
40396 27832
40397 26808
40398 27064
40399 27320
40400 27576
40401 28088
40402 28344
40403 28600
40404 29105
40405 29617
40406 29361
40407 29107
40408 29619
40409 29363
40410 29106
40411 29362
40412 29618
40413 30129
40414 30641
40415 30385
40416 30131
40417 30643
40418 30387
40419 30130
40420 30386
40421 30642
40422 29873
40423 29874
40424 29875
40425 29109
40426 29621
40427 29365
40428 29111
40429 29623
40430 29367
40431 29110
40432 29366
40433 29622
40434 30133
40435 30645
40436 30389
40437 30135
40438 30647
40439 30391
40440 30134
40441 30390
40442 30646
40443 29877
40444 29878
40445 29879
40446 29108
40447 29876
40448 29364
40449 30132
40450 29620
40451 30388
40452 30644
40453 31153
40454 31665
40455 31409
40456 31155
40457 31667
40458 31411
40459 31154
40460 31410
40461 31666
40462 32177
40463 32689
40464 32433
40465 32179
40466 32691
40467 32435
40468 32178
40469 32434
40470 32690
40471 31921
40472 31922
40473 31923
40474 31157
40475 31669
40476 31413
40477 31159
40478 31671
40479 31415
40480 31158
40481 31414
40482 31670
40483 32181
40484 32693
40485 32437
40486 32183
40487 32695
40488 32439
40489 32182
40490 32438
40491 32694
40492 31925
40493 31926
40494 31927
40495 31156
40496 31412
40497 32180
40498 31668
40499 31924
40500 32436
40501 32692
40502 30898
40503 30899
40504 30900
40505 30903
40506 30901
40507 30902
40508 30897
40509 29113
40510 29625
40511 29369
40512 29115
40513 29627
40514 29371
40515 29114
40516 29370
40517 29626
40518 30137
40519 30649
40520 30393
40521 30139
40522 30651
40523 30395
40524 30138
40525 30394
40526 30650
40527 29881
40528 29882
40529 29883
40530 29117
40531 29629
40532 29373
40533 29119
40534 29631
40535 29375
40536 29118
40537 29374
40538 29630
40539 30141
40540 30653
40541 30397
40542 30143
40543 30655
40544 30399
40545 30142
40546 30398
40547 30654
40548 29885
40549 29886
40550 29887
40551 29116
40552 29372
40553 29884
40554 30140
40555 29628
40556 30396
40557 30652
40558 31161
40559 31673
40560 31417
40561 31163
40562 31675
40563 31419
40564 31162
40565 31418
40566 31674
40567 32185
40568 32697
40569 32441
40570 32187
40571 32699
40572 32443
40573 32186
40574 32442
40575 32698
40576 31929
40577 31930
40578 31931
40579 31165
40580 31677
40581 31421
40582 31167
40583 31679
40584 31423
40585 31166
40586 31422
40587 31678
40588 32189
40589 32701
40590 32445
40591 32191
40592 32703
40593 32447
40594 32190
40595 32446
40596 32702
40597 31933
40598 31934
40599 31935
40600 32700
40601 31164
40602 31420
40603 31676
40604 31932
40605 32188
40606 32444
40607 30905
40608 30906
40609 30907
40610 30908
40611 30909
40612 30910
40613 30911
40614 29112
40615 29368
40616 29624
40617 29880
40618 30136
40619 30392
40620 30648
40621 30904
40622 31160
40623 31416
40624 31672
40625 31928
40626 32184
40627 32440
40628 32696
40629 28855
40630 28852
40631 28857
40632 28856
40633 28853
40634 28851
40635 28862
40636 28850
40637 28849
40638 28858
40639 28860
40640 28854
40641 28861
40642 28859
40643 28863
40644 27824
40645 25008
40646 28848
40647 31152
40648 26288
40649 26544
40650 26032
40651 28080
40652 27568
40653 25776
40654 30640
40655 32432
40656 27312
40657 29872
40658 25264
40659 32688
40660 30384
40661 31920
40662 25520
40663 28336
40664 32176
40665 30896
40666 28592
40667 29360
40668 30128
40669 26800
40670 29616
40671 31664
40672 29104
40673 27056
40674 31408
40675 24749
40676 24750
40677 24762
40678 24753
40679 24752
40680 24757
40681 24758
40682 24764
40683 24759
40684 24737
40685 24738
40686 24756
40687 24739
40688 24740
40689 24741
40690 24761
40691 24755
40692 24742
40693 24743
40694 24744
40695 24765
40696 24760
40697 24754
40698 24745
40699 24763
40700 24746
40701 24747
40702 24766
40703 24767
40704 24748
40705 24751
40706 17056
40707 19104
40708 27040
40709 24480
40710 26272
40711 21408
40712 26784
40713 20640
40714 28064
40715 30880
40716 16800
40717 25248
40718 31392
40719 19616
40720 25504
40721 17824
40722 17568
40723 19872
40724 27808
40725 29856
40726 20896
40727 32160
40728 26016
40729 31904
40730 30368
40731 23456
40732 22944
40733 28832
40734 30112
40735 23968
40736 23712
40737 22432
40738 29344
40739 27552
40740 25760
40741 17312
40742 18336
40743 32416
40744 21152
40745 30624
40746 28320
40747 20128
40748 26528
40749 18848
40750 18080
40751 24736
40752 31136
40753 23200
40754 24224
40755 22176
40756 28576
40757 20384
40758 32672
40759 29088
40760 22688
40761 21920
40762 24992
40763 18592
40764 29600
40765 21664
40766 31648
40767 27296
40768 19360
40769 16513
40770 16563
40771 16530
40772 16556
40773 16518
40774 16527
40775 16522
40776 16539
40777 16551
40778 16521
40779 16569
40780 16523
40781 16547
40782 16541
40783 16567
40784 16571
40785 16548
40786 16526
40787 16566
40788 16524
40789 16516
40790 16552
40791 16558
40792 16543
40793 16519
40794 16570
40795 16560
40796 16540
40797 16546
40798 16557
40799 16561
40800 16535
40801 16564
40802 16554
40803 16550
40804 16545
40805 16520
40806 16517
40807 16562
40808 16538
40809 16572
40810 16532
40811 16573
40812 16536
40813 16525
40814 16542
40815 16514
40816 16531
40817 16568
40818 16549
40819 16565
40820 16537
40821 16559
40822 16553
40823 16515
40824 16574
40825 16528
40826 16533
40827 16529
40828 16575
40829 16555
40830 16544
40831 16534
40832 193
40833 449
40834 961
40835 705
40836 195
40837 451
40838 963
40839 707
40840 194
40841 450
40842 706
40843 962
40844 1473
40845 1985
40846 1729
40847 1475
40848 1987
40849 1731
40850 1474
40851 1730
40852 1986
40853 1217
40854 1218
40855 1219
40856 197
40857 453
40858 965
40859 709
40860 199
40861 455
40862 967
40863 711
40864 198
40865 454
40866 710
40867 966
40868 1477
40869 1989
40870 1733
40871 1479
40872 1991
40873 1735
40874 1478
40875 1734
40876 1990
40877 1221
40878 1222
40879 1223
40880 196
40881 1476
40882 964
40883 452
40884 1220
40885 708
40886 1732
40887 1988
40888 2497
40889 3009
40890 2753
40891 2499
40892 3011
40893 2755
40894 2498
40895 2754
40896 3010
40897 3521
40898 4033
40899 3777
40900 3523
40901 4035
40902 3779
40903 3522
40904 3778
40905 4034
40906 3265
40907 3266
40908 3267
40909 2501
40910 3013
40911 2757
40912 2503
40913 3015
40914 2759
40915 2502
40916 2758
40917 3014
40918 3525
40919 4037
40920 3781
40921 3527
40922 4039
40923 3783
40924 3526
40925 3782
40926 4038
40927 3269
40928 3270
40929 3271
40930 4036
40931 2756
40932 3268
40933 2500
40934 3524
40935 3012
40936 3780
40937 2246
40938 2241
40939 2245
40940 2242
40941 2247
40942 2243
40943 2244
40944 201
40945 457
40946 969
40947 713
40948 203
40949 459
40950 971
40951 715
40952 202
40953 458
40954 714
40955 970
40956 1481
40957 1993
40958 1737
40959 1483
40960 1995
40961 1739
40962 1482
40963 1738
40964 1994
40965 1225
40966 1226
40967 1227
40968 205
40969 461
40970 973
40971 717
40972 207
40973 463
40974 975
40975 719
40976 206
40977 462
40978 718
40979 974
40980 1485
40981 1997
40982 1741
40983 1487
40984 1999
40985 1743
40986 1486
40987 1742
40988 1998
40989 1229
40990 1230
40991 1231
40992 972
40993 716
40994 1740
40995 1228
40996 1484
40997 204
40998 460
40999 1996
41000 2505
41001 3017
41002 2761
41003 2507
41004 3019
41005 2763
41006 2506
41007 2762
41008 3018
41009 3529
41010 4041
41011 3785
41012 3531
41013 4043
41014 3787
41015 3530
41016 3786
41017 4042
41018 3273
41019 3274
41020 3275
41021 2509
41022 3021
41023 2765
41024 2511
41025 3023
41026 2767
41027 2510
41028 2766
41029 3022
41030 3533
41031 4045
41032 3789
41033 3535
41034 4047
41035 3791
41036 3534
41037 3790
41038 4046
41039 3277
41040 3278
41041 3279
41042 3020
41043 2508
41044 3276
41045 2764
41046 3532
41047 3788
41048 4044
41049 2254
41050 2250
41051 2251
41052 2252
41053 2249
41054 2255
41055 2253
41056 3784
41057 200
41058 2248
41059 2504
41060 2760
41061 3016
41062 3528
41063 3272
41064 4040
41065 456
41066 712
41067 968
41068 1224
41069 1480
41070 1736
41071 1992
41072 4545
41073 5057
41074 4801
41075 4547
41076 5059
41077 4803
41078 4546
41079 4802
41080 5058
41081 5569
41082 6081
41083 5825
41084 5571
41085 6083
41086 5827
41087 5570
41088 5826
41089 6082
41090 5313
41091 5314
41092 5315
41093 4549
41094 5061
41095 4805
41096 4551
41097 5063
41098 4807
41099 4550
41100 4806
41101 5062
41102 5573
41103 6085
41104 5829
41105 5575
41106 6087
41107 5831
41108 5574
41109 5830
41110 6086
41111 5317
41112 5318
41113 5319
41114 4548
41115 4804
41116 5316
41117 5060
41118 5572
41119 5828
41120 6084
41121 6593
41122 7105
41123 6849
41124 6595
41125 7107
41126 6851
41127 6594
41128 6850
41129 7106
41130 7617
41131 8129
41132 7873
41133 7619
41134 8131
41135 7875
41136 7618
41137 7874
41138 8130
41139 7361
41140 7362
41141 7363
41142 6597
41143 7109
41144 6853
41145 6599
41146 7111
41147 6855
41148 6598
41149 6854
41150 7110
41151 7621
41152 8133
41153 7877
41154 7623
41155 8135
41156 7879
41157 7622
41158 7878
41159 8134
41160 7365
41161 7366
41162 7367
41163 7364
41164 6596
41165 6852
41166 7620
41167 7108
41168 7876
41169 8132
41170 6341
41171 6338
41172 6337
41173 6342
41174 6340
41175 6339
41176 6343
41177 4553
41178 5065
41179 4809
41180 4555
41181 5067
41182 4811
41183 4554
41184 4810
41185 5066
41186 5577
41187 6089
41188 5833
41189 5579
41190 6091
41191 5835
41192 5578
41193 5834
41194 6090
41195 5321
41196 5322
41197 5323
41198 4557
41199 5069
41200 4813
41201 4559
41202 5071
41203 4815
41204 4558
41205 4814
41206 5070
41207 5581
41208 6093
41209 5837
41210 5583
41211 6095
41212 5839
41213 5582
41214 5838
41215 6094
41216 5325
41217 5326
41218 5327
41219 4556
41220 5836
41221 5068
41222 4812
41223 5324
41224 5580
41225 6092
41226 6601
41227 7113
41228 6857
41229 6603
41230 7115
41231 6859
41232 6602
41233 6858
41234 7114
41235 7625
41236 8137
41237 7881
41238 7627
41239 8139
41240 7883
41241 7626
41242 7882
41243 8138
41244 7369
41245 7370
41246 7371
41247 6605
41248 7117
41249 6861
41250 6607
41251 7119
41252 6863
41253 6606
41254 6862
41255 7118
41256 7629
41257 8141
41258 7885
41259 7631
41260 8143
41261 7887
41262 7630
41263 7886
41264 8142
41265 7373
41266 7374
41267 7375
41268 6604
41269 7116
41270 7372
41271 7628
41272 7884
41273 8140
41274 6860
41275 6347
41276 6351
41277 6345
41278 6346
41279 6348
41280 6350
41281 6349
41282 4808
41283 5064
41284 5320
41285 5576
41286 5832
41287 6088
41288 6344
41289 7368
41290 6600
41291 6856
41292 7112
41293 7624
41294 7880
41295 8136
41296 4552
41297 4301
41298 4289
41299 4302
41300 4291
41301 4299
41302 4297
41303 4292
41304 4300
41305 4303
41306 4295
41307 4296
41308 4294
41309 4293
41310 4298
41311 4290
41312 209
41313 465
41314 977
41315 721
41316 211
41317 467
41318 979
41319 723
41320 210
41321 466
41322 722
41323 978
41324 1489
41325 2001
41326 1745
41327 1491
41328 2003
41329 1747
41330 1490
41331 1746
41332 2002
41333 1233
41334 1234
41335 1235
41336 213
41337 469
41338 981
41339 725
41340 215
41341 471
41342 983
41343 727
41344 214
41345 470
41346 726
41347 982
41348 1493
41349 2005
41350 1749
41351 1495
41352 2007
41353 1751
41354 1494
41355 1750
41356 2006
41357 1237
41358 1238
41359 1239
41360 980
41361 2004
41362 468
41363 724
41364 212
41365 1236
41366 1492
41367 1748
41368 2513
41369 3025
41370 2769
41371 2515
41372 3027
41373 2771
41374 2514
41375 2770
41376 3026
41377 3537
41378 4049
41379 3793
41380 3539
41381 4051
41382 3795
41383 3538
41384 3794
41385 4050
41386 3281
41387 3282
41388 3283
41389 2517
41390 3029
41391 2773
41392 2519
41393 3031
41394 2775
41395 2518
41396 2774
41397 3030
41398 3541
41399 4053
41400 3797
41401 3543
41402 4055
41403 3799
41404 3542
41405 3798
41406 4054
41407 3285
41408 3286
41409 3287
41410 2516
41411 3284
41412 2772
41413 3540
41414 3028
41415 3796
41416 4052
41417 2257
41418 2263
41419 2261
41420 2258
41421 2259
41422 2262
41423 2260
41424 217
41425 473
41426 985
41427 729
41428 219
41429 475
41430 987
41431 731
41432 218
41433 474
41434 730
41435 986
41436 1497
41437 2009
41438 1753
41439 1499
41440 2011
41441 1755
41442 1498
41443 1754
41444 2010
41445 1241
41446 1242
41447 1243
41448 221
41449 477
41450 989
41451 733
41452 223
41453 479
41454 991
41455 735
41456 222
41457 478
41458 734
41459 990
41460 1501
41461 2013
41462 1757
41463 1503
41464 2015
41465 1759
41466 1502
41467 1758
41468 2014
41469 1245
41470 1246
41471 1247
41472 220
41473 476
41474 732
41475 988
41476 2012
41477 1244
41478 1500
41479 1756
41480 2521
41481 3033
41482 2777
41483 2523
41484 3035
41485 2779
41486 2522
41487 2778
41488 3034
41489 3545
41490 4057
41491 3801
41492 3547
41493 4059
41494 3803
41495 3546
41496 3802
41497 4058
41498 3289
41499 3290
41500 3291
41501 2525
41502 3037
41503 2781
41504 2527
41505 3039
41506 2783
41507 2526
41508 2782
41509 3038
41510 3549
41511 4061
41512 3805
41513 3551
41514 4063
41515 3807
41516 3550
41517 3806
41518 4062
41519 3293
41520 3294
41521 3295
41522 4060
41523 2524
41524 2780
41525 3036
41526 3292
41527 3548
41528 3804
41529 2271
41530 2268
41531 2270
41532 2265
41533 2266
41534 2269
41535 2267
41536 216
41537 2008
41538 3288
41539 472
41540 3032
41541 728
41542 3800
41543 984
41544 2264
41545 2520
41546 1752
41547 4056
41548 1496
41549 1240
41550 2776
41551 3544
41552 4561
41553 5073
41554 4817
41555 4563
41556 5075
41557 4819
41558 4562
41559 4818
41560 5074
41561 5585
41562 6097
41563 5841
41564 5587
41565 6099
41566 5843
41567 5586
41568 5842
41569 6098
41570 5329
41571 5330
41572 5331
41573 4565
41574 5077
41575 4821
41576 4567
41577 5079
41578 4823
41579 4566
41580 4822
41581 5078
41582 5589
41583 6101
41584 5845
41585 5591
41586 6103
41587 5847
41588 5590
41589 5846
41590 6102
41591 5333
41592 5334
41593 5335
41594 4564
41595 4820
41596 5588
41597 5076
41598 5844
41599 5332
41600 6100
41601 6609
41602 7121
41603 6865
41604 6611
41605 7123
41606 6867
41607 6610
41608 6866
41609 7122
41610 7633
41611 8145
41612 7889
41613 7635
41614 8147
41615 7891
41616 7634
41617 7890
41618 8146
41619 7377
41620 7378
41621 7379
41622 6613
41623 7125
41624 6869
41625 6615
41626 7127
41627 6871
41628 6614
41629 6870
41630 7126
41631 7637
41632 8149
41633 7893
41634 7639
41635 8151
41636 7895
41637 7638
41638 7894
41639 8150
41640 7381
41641 7382
41642 7383
41643 6612
41644 6868
41645 7636
41646 7892
41647 7380
41648 8148
41649 7124
41650 6355
41651 6353
41652 6359
41653 6354
41654 6358
41655 6356
41656 6357
41657 4569
41658 5081
41659 4825
41660 4571
41661 5083
41662 4827
41663 4570
41664 4826
41665 5082
41666 5593
41667 6105
41668 5849
41669 5595
41670 6107
41671 5851
41672 5594
41673 5850
41674 6106
41675 5337
41676 5338
41677 5339
41678 4573
41679 5085
41680 4829
41681 4575
41682 5087
41683 4831
41684 4574
41685 4830
41686 5086
41687 5597
41688 6109
41689 5853
41690 5599
41691 6111
41692 5855
41693 5598
41694 5854
41695 6110
41696 5341
41697 5342
41698 5343
41699 4572
41700 4828
41701 5084
41702 5340
41703 5596
41704 5852
41705 6108
41706 6617
41707 7129
41708 6873
41709 6619
41710 7131
41711 6875
41712 6618
41713 6874
41714 7130
41715 7641
41716 8153
41717 7897
41718 7643
41719 8155
41720 7899
41721 7642
41722 7898
41723 8154
41724 7385
41725 7386
41726 7387
41727 6621
41728 7133
41729 6877
41730 6623
41731 7135
41732 6879
41733 6622
41734 6878
41735 7134
41736 7645
41737 8157
41738 7901
41739 7647
41740 8159
41741 7903
41742 7646
41743 7902
41744 8158
41745 7389
41746 7390
41747 7391
41748 6876
41749 7132
41750 7388
41751 7900
41752 7644
41753 8156
41754 6620
41755 6362
41756 6366
41757 6363
41758 6367
41759 6361
41760 6364
41761 6365
41762 6616
41763 6872
41764 7384
41765 4824
41766 6104
41767 5080
41768 5848
41769 7128
41770 6360
41771 5336
41772 5592
41773 8152
41774 7640
41775 4568
41776 7896
41777 4317
41778 4316
41779 4305
41780 4308
41781 4309
41782 4312
41783 4310
41784 4306
41785 4319
41786 4307
41787 4315
41788 4314
41789 4318
41790 4313
41791 4311
41792 3536
41793 1488
41794 5328
41795 6352
41796 2256
41797 4560
41798 6096
41799 7888
41800 2512
41801 4304
41802 4816
41803 2000
41804 5840
41805 1744
41806 1232
41807 3280
41808 3024
41809 720
41810 5584
41811 6608
41812 3792
41813 4048
41814 7376
41815 976
41816 5072
41817 2768
41818 8144
41819 464
41820 7632
41821 7120
41822 6864
41823 208
41824 8641
41825 9153
41826 8897
41827 8643
41828 9155
41829 8899
41830 8642
41831 8898
41832 9154
41833 9665
41834 10177
41835 9921
41836 9667
41837 10179
41838 9923
41839 9666
41840 9922
41841 10178
41842 9409
41843 9410
41844 9411
41845 8645
41846 9157
41847 8901
41848 8647
41849 9159
41850 8903
41851 8646
41852 8902
41853 9158
41854 9669
41855 10181
41856 9925
41857 9671
41858 10183
41859 9927
41860 9670
41861 9926
41862 10182
41863 9413
41864 9414
41865 9415
41866 8900
41867 9156
41868 9412
41869 9924
41870 9668
41871 10180
41872 8644
41873 10689
41874 11201
41875 10945
41876 10691
41877 11203
41878 10947
41879 10690
41880 10946
41881 11202
41882 11713
41883 12225
41884 11969
41885 11715
41886 12227
41887 11971
41888 11714
41889 11970
41890 12226
41891 11457
41892 11458
41893 11459
41894 10693
41895 11205
41896 10949
41897 10695
41898 11207
41899 10951
41900 10694
41901 10950
41902 11206
41903 11717
41904 12229
41905 11973
41906 11719
41907 12231
41908 11975
41909 11718
41910 11974
41911 12230
41912 11461
41913 11462
41914 11463
41915 10692
41916 10948
41917 11716
41918 11460
41919 11972
41920 11204
41921 12228
41922 10433
41923 10434
41924 10436
41925 10439
41926 10438
41927 10435
41928 10437
41929 8649
41930 9161
41931 8905
41932 8651
41933 9163
41934 8907
41935 8650
41936 8906
41937 9162
41938 9673
41939 10185
41940 9929
41941 9675
41942 10187
41943 9931
41944 9674
41945 9930
41946 10186
41947 9417
41948 9418
41949 9419
41950 8653
41951 9165
41952 8909
41953 8655
41954 9167
41955 8911
41956 8654
41957 8910
41958 9166
41959 9677
41960 10189
41961 9933
41962 9679
41963 10191
41964 9935
41965 9678
41966 9934
41967 10190
41968 9421
41969 9422
41970 9423
41971 8908
41972 9164
41973 9420
41974 8652
41975 9676
41976 9932
41977 10188
41978 10697
41979 11209
41980 10953
41981 10699
41982 11211
41983 10955
41984 10698
41985 10954
41986 11210
41987 11721
41988 12233
41989 11977
41990 11723
41991 12235
41992 11979
41993 11722
41994 11978
41995 12234
41996 11465
41997 11466
41998 11467
41999 10701
42000 11213
42001 10957
42002 10703
42003 11215
42004 10959
42005 10702
42006 10958
42007 11214
42008 11725
42009 12237
42010 11981
42011 11727
42012 12239
42013 11983
42014 11726
42015 11982
42016 12238
42017 11469
42018 11470
42019 11471
42020 10700
42021 11468
42022 10956
42023 11724
42024 12236
42025 11980
42026 11212
42027 10446
42028 10441
42029 10445
42030 10447
42031 10442
42032 10444
42033 10443
42034 8648
42035 9928
42036 10440
42037 11720
42038 12232
42039 10696
42040 10952
42041 9672
42042 11976
42043 11208
42044 9416
42045 8904
42046 9160
42047 11464
42048 10184
42049 12737
42050 13249
42051 12993
42052 12739
42053 13251
42054 12995
42055 12738
42056 12994
42057 13250
42058 13761
42059 14273
42060 14017
42061 13763
42062 14275
42063 14019
42064 13762
42065 14018
42066 14274
42067 13505
42068 13506
42069 13507
42070 12741
42071 13253
42072 12997
42073 12743
42074 13255
42075 12999
42076 12742
42077 12998
42078 13254
42079 13765
42080 14277
42081 14021
42082 13767
42083 14279
42084 14023
42085 13766
42086 14022
42087 14278
42088 13509
42089 13510
42090 13511
42091 12740
42092 13764
42093 13252
42094 13508
42095 14020
42096 12996
42097 14276
42098 14785
42099 15297
42100 15041
42101 14787
42102 15299
42103 15043
42104 14786
42105 15042
42106 15298
42107 15809
42108 16321
42109 16065
42110 15811
42111 16323
42112 16067
42113 15810
42114 16066
42115 16322
42116 15553
42117 15554
42118 15555
42119 14789
42120 15301
42121 15045
42122 14791
42123 15303
42124 15047
42125 14790
42126 15046
42127 15302
42128 15813
42129 16325
42130 16069
42131 15815
42132 16327
42133 16071
42134 15814
42135 16070
42136 16326
42137 15557
42138 15558
42139 15559
42140 14788
42141 15300
42142 16324
42143 15556
42144 15044
42145 15812
42146 16068
42147 14529
42148 14531
42149 14532
42150 14530
42151 14533
42152 14534
42153 14535
42154 12745
42155 13257
42156 13001
42157 12747
42158 13259
42159 13003
42160 12746
42161 13002
42162 13258
42163 13769
42164 14281
42165 14025
42166 13771
42167 14283
42168 14027
42169 13770
42170 14026
42171 14282
42172 13513
42173 13514
42174 13515
42175 12749
42176 13261
42177 13005
42178 12751
42179 13263
42180 13007
42181 12750
42182 13006
42183 13262
42184 13773
42185 14285
42186 14029
42187 13775
42188 14287
42189 14031
42190 13774
42191 14030
42192 14286
42193 13517
42194 13518
42195 13519
42196 12748
42197 13004
42198 13516
42199 13772
42200 13260
42201 14028
42202 14284
42203 14793
42204 15305
42205 15049
42206 14795
42207 15307
42208 15051
42209 14794
42210 15050
42211 15306
42212 15817
42213 16329
42214 16073
42215 15819
42216 16331
42217 16075
42218 15818
42219 16074
42220 16330
42221 15561
42222 15562
42223 15563
42224 14797
42225 15309
42226 15053
42227 14799
42228 15311
42229 15055
42230 14798
42231 15054
42232 15310
42233 15821
42234 16333
42235 16077
42236 15823
42237 16335
42238 16079
42239 15822
42240 16078
42241 16334
42242 15565
42243 15566
42244 15567
42245 16332
42246 15052
42247 15308
42248 14796
42249 15564
42250 15820
42251 16076
42252 14537
42253 14541
42254 14540
42255 14542
42256 14538
42257 14543
42258 14539
42259 12744
42260 15048
42261 16072
42262 13512
42263 13000
42264 14280
42265 15560
42266 13768
42267 13256
42268 15304
42269 15816
42270 14536
42271 16328
42272 14024
42273 14792
42274 12494
42275 12486
42276 12483
42277 12495
42278 12482
42279 12485
42280 12489
42281 12490
42282 12488
42283 12493
42284 12491
42285 12484
42286 12481
42287 12487
42288 12492
42289 8657
42290 9169
42291 8913
42292 8659
42293 9171
42294 8915
42295 8658
42296 8914
42297 9170
42298 9681
42299 10193
42300 9937
42301 9683
42302 10195
42303 9939
42304 9682
42305 9938
42306 10194
42307 9425
42308 9426
42309 9427
42310 8661
42311 9173
42312 8917
42313 8663
42314 9175
42315 8919
42316 8662
42317 8918
42318 9174
42319 9685
42320 10197
42321 9941
42322 9687
42323 10199
42324 9943
42325 9686
42326 9942
42327 10198
42328 9429
42329 9430
42330 9431
42331 8660
42332 8916
42333 9172
42334 10196
42335 9684
42336 9428
42337 9940
42338 10705
42339 11217
42340 10961
42341 10707
42342 11219
42343 10963
42344 10706
42345 10962
42346 11218
42347 11729
42348 12241
42349 11985
42350 11731
42351 12243
42352 11987
42353 11730
42354 11986
42355 12242
42356 11473
42357 11474
42358 11475
42359 10709
42360 11221
42361 10965
42362 10711
42363 11223
42364 10967
42365 10710
42366 10966
42367 11222
42368 11733
42369 12245
42370 11989
42371 11735
42372 12247
42373 11991
42374 11734
42375 11990
42376 12246
42377 11477
42378 11478
42379 11479
42380 10964
42381 11220
42382 11476
42383 10708
42384 11732
42385 11988
42386 12244
42387 10449
42388 10450
42389 10452
42390 10451
42391 10453
42392 10454
42393 10455
42394 8665
42395 9177
42396 8921
42397 8667
42398 9179
42399 8923
42400 8666
42401 8922
42402 9178
42403 9689
42404 10201
42405 9945
42406 9691
42407 10203
42408 9947
42409 9690
42410 9946
42411 10202
42412 9433
42413 9434
42414 9435
42415 8669
42416 9181
42417 8925
42418 8671
42419 9183
42420 8927
42421 8670
42422 8926
42423 9182
42424 9693
42425 10205
42426 9949
42427 9695
42428 10207
42429 9951
42430 9694
42431 9950
42432 10206
42433 9437
42434 9438
42435 9439
42436 8668
42437 8924
42438 9436
42439 9692
42440 9180
42441 9948
42442 10204
42443 10713
42444 11225
42445 10969
42446 10715
42447 11227
42448 10971
42449 10714
42450 10970
42451 11226
42452 11737
42453 12249
42454 11993
42455 11739
42456 12251
42457 11995
42458 11738
42459 11994
42460 12250
42461 11481
42462 11482
42463 11483
42464 10717
42465 11229
42466 10973
42467 10719
42468 11231
42469 10975
42470 10718
42471 10974
42472 11230
42473 11741
42474 12253
42475 11997
42476 11743
42477 12255
42478 11999
42479 11742
42480 11998
42481 12254
42482 11485
42483 11486
42484 11487
42485 10972
42486 11228
42487 11484
42488 11996
42489 11740
42490 10716
42491 12252
42492 10458
42493 10462
42494 10460
42495 10461
42496 10457
42497 10459
42498 10463
42499 10712
42500 9688
42501 11224
42502 10968
42503 8920
42504 10200
42505 11480
42506 9176
42507 9944
42508 12248
42509 9432
42510 11736
42511 8664
42512 11992
42513 10456
42514 12753
42515 13265
42516 13009
42517 12755
42518 13267
42519 13011
42520 12754
42521 13010
42522 13266
42523 13777
42524 14289
42525 14033
42526 13779
42527 14291
42528 14035
42529 13778
42530 14034
42531 14290
42532 13521
42533 13522
42534 13523
42535 12757
42536 13269
42537 13013
42538 12759
42539 13271
42540 13015
42541 12758
42542 13014
42543 13270
42544 13781
42545 14293
42546 14037
42547 13783
42548 14295
42549 14039
42550 13782
42551 14038
42552 14294
42553 13525
42554 13526
42555 13527
42556 12756
42557 13780
42558 13524
42559 13012
42560 14036
42561 13268
42562 14292
42563 14801
42564 15313
42565 15057
42566 14803
42567 15315
42568 15059
42569 14802
42570 15058
42571 15314
42572 15825
42573 16337
42574 16081
42575 15827
42576 16339
42577 16083
42578 15826
42579 16082
42580 16338
42581 15569
42582 15570
42583 15571
42584 14805
42585 15317
42586 15061
42587 14807
42588 15319
42589 15063
42590 14806
42591 15062
42592 15318
42593 15829
42594 16341
42595 16085
42596 15831
42597 16343
42598 16087
42599 15830
42600 16086
42601 16342
42602 15573
42603 15574
42604 15575
42605 15828
42606 15060
42607 15316
42608 16084
42609 15572
42610 14804
42611 16340
42612 14545
42613 14548
42614 14549
42615 14547
42616 14546
42617 14550
42618 14551
42619 12761
42620 13273
42621 13017
42622 12763
42623 13275
42624 13019
42625 12762
42626 13018
42627 13274
42628 13785
42629 14297
42630 14041
42631 13787
42632 14299
42633 14043
42634 13786
42635 14042
42636 14298
42637 13529
42638 13530
42639 13531
42640 12765
42641 13277
42642 13021
42643 12767
42644 13279
42645 13023
42646 12766
42647 13022
42648 13278
42649 13789
42650 14301
42651 14045
42652 13791
42653 14303
42654 14047
42655 13790
42656 14046
42657 14302
42658 13533
42659 13534
42660 13535
42661 12764
42662 14044
42663 13788
42664 13020
42665 13276
42666 13532
42667 14300
42668 14809
42669 15321
42670 15065
42671 14811
42672 15323
42673 15067
42674 14810
42675 15066
42676 15322
42677 15833
42678 16345
42679 16089
42680 15835
42681 16347
42682 16091
42683 15834
42684 16090
42685 16346
42686 15577
42687 15578
42688 15579
42689 14813
42690 15325
42691 15069
42692 14815
42693 15327
42694 15071
42695 14814
42696 15070
42697 15326
42698 15837
42699 16349
42700 16093
42701 15839
42702 16351
42703 16095
42704 15838
42705 16094
42706 16350
42707 15581
42708 15582
42709 15583
42710 14812
42711 15068
42712 15324
42713 15836
42714 15580
42715 16348
42716 16092
42717 14555
42718 14553
42719 14556
42720 14554
42721 14557
42722 14558
42723 14559
42724 13784
42725 14808
42726 15320
42727 14552
42728 13528
42729 13016
42730 16088
42731 12760
42732 15576
42733 13272
42734 15064
42735 15832
42736 16344
42737 14296
42738 14040
42739 12497
42740 12508
42741 12504
42742 12501
42743 12503
42744 12505
42745 12506
42746 12500
42747 12498
42748 12509
42749 12510
42750 12502
42751 12511
42752 12499
42753 12507
42754 8912
42755 10192
42756 13776
42757 14544
42758 10448
42759 10704
42760 9680
42761 12496
42762 10960
42763 12752
42764 15056
42765 14032
42766 14288
42767 9936
42768 11728
42769 13008
42770 15824
42771 12240
42772 11472
42773 8656
42774 15312
42775 11216
42776 9424
42777 13264
42778 16336
42779 16080
42780 9168
42781 14800
42782 15568
42783 13520
42784 11984
42785 8392
42786 8406
42787 8405
42788 8407
42789 8387
42790 8389
42791 8391
42792 8409
42793 8415
42794 8396
42795 8401
42796 8404
42797 8393
42798 8402
42799 8400
42800 8399
42801 8414
42802 8408
42803 8386
42804 8388
42805 8394
42806 8398
42807 8403
42808 8395
42809 8413
42810 8385
42811 8397
42812 8390
42813 8412
42814 8411
42815 8410
42816 225
42817 481
42818 993
42819 737
42820 227
42821 483
42822 995
42823 739
42824 226
42825 482
42826 738
42827 994
42828 1505
42829 2017
42830 1761
42831 1507
42832 2019
42833 1763
42834 1506
42835 1762
42836 2018
42837 1249
42838 1250
42839 1251
42840 229
42841 485
42842 997
42843 741
42844 231
42845 487
42846 999
42847 743
42848 230
42849 486
42850 742
42851 998
42852 1509
42853 2021
42854 1765
42855 1511
42856 2023
42857 1767
42858 1510
42859 1766
42860 2022
42861 1253
42862 1254
42863 1255
42864 228
42865 484
42866 1508
42867 1252
42868 996
42869 740
42870 1764
42871 2020
42872 2529
42873 3041
42874 2785
42875 2531
42876 3043
42877 2787
42878 2530
42879 2786
42880 3042
42881 3553
42882 4065
42883 3809
42884 3555
42885 4067
42886 3811
42887 3554
42888 3810
42889 4066
42890 3297
42891 3298
42892 3299
42893 2533
42894 3045
42895 2789
42896 2535
42897 3047
42898 2791
42899 2534
42900 2790
42901 3046
42902 3557
42903 4069
42904 3813
42905 3559
42906 4071
42907 3815
42908 3558
42909 3814
42910 4070
42911 3301
42912 3302
42913 3303
42914 2532
42915 3556
42916 3812
42917 2788
42918 3044
42919 3300
42920 4068
42921 2274
42922 2273
42923 2279
42924 2275
42925 2276
42926 2277
42927 2278
42928 233
42929 489
42930 1001
42931 745
42932 235
42933 491
42934 1003
42935 747
42936 234
42937 490
42938 746
42939 1002
42940 1513
42941 2025
42942 1769
42943 1515
42944 2027
42945 1771
42946 1514
42947 1770
42948 2026
42949 1257
42950 1258
42951 1259
42952 237
42953 493
42954 1005
42955 749
42956 239
42957 495
42958 1007
42959 751
42960 238
42961 494
42962 750
42963 1006
42964 1517
42965 2029
42966 1773
42967 1519
42968 2031
42969 1775
42970 1518
42971 1774
42972 2030
42973 1261
42974 1262
42975 1263
42976 236
42977 1772
42978 492
42979 1004
42980 1260
42981 748
42982 1516
42983 2028
42984 2537
42985 3049
42986 2793
42987 2539
42988 3051
42989 2795
42990 2538
42991 2794
42992 3050
42993 3561
42994 4073
42995 3817
42996 3563
42997 4075
42998 3819
42999 3562
43000 3818
43001 4074
43002 3305
43003 3306
43004 3307
43005 2541
43006 3053
43007 2797
43008 2543
43009 3055
43010 2799
43011 2542
43012 2798
43013 3054
43014 3565
43015 4077
43016 3821
43017 3567
43018 4079
43019 3823
43020 3566
43021 3822
43022 4078
43023 3309
43024 3310
43025 3311
43026 2540
43027 2796
43028 3308
43029 3564
43030 3052
43031 3820
43032 4076
43033 2281
43034 2283
43035 2284
43036 2282
43037 2286
43038 2287
43039 2285
43040 744
43041 1768
43042 2280
43043 488
43044 3304
43045 2024
43046 2536
43047 1512
43048 232
43049 1000
43050 3560
43051 3816
43052 1256
43053 2792
43054 3048
43055 4072
43056 4577
43057 5089
43058 4833
43059 4579
43060 5091
43061 4835
43062 4578
43063 4834
43064 5090
43065 5601
43066 6113
43067 5857
43068 5603
43069 6115
43070 5859
43071 5602
43072 5858
43073 6114
43074 5345
43075 5346
43076 5347
43077 4581
43078 5093
43079 4837
43080 4583
43081 5095
43082 4839
43083 4582
43084 4838
43085 5094
43086 5605
43087 6117
43088 5861
43089 5607
43090 6119
43091 5863
43092 5606
43093 5862
43094 6118
43095 5349
43096 5350
43097 5351
43098 6116
43099 4836
43100 5092
43101 4580
43102 5348
43103 5604
43104 5860
43105 6625
43106 7137
43107 6881
43108 6627
43109 7139
43110 6883
43111 6626
43112 6882
43113 7138
43114 7649
43115 8161
43116 7905
43117 7651
43118 8163
43119 7907
43120 7650
43121 7906
43122 8162
43123 7393
43124 7394
43125 7395
43126 6629
43127 7141
43128 6885
43129 6631
43130 7143
43131 6887
43132 6630
43133 6886
43134 7142
43135 7653
43136 8165
43137 7909
43138 7655
43139 8167
43140 7911
43141 7654
43142 7910
43143 8166
43144 7397
43145 7398
43146 7399
43147 7652
43148 7140
43149 7396
43150 7908
43151 8164
43152 6884
43153 6628
43154 6369
43155 6375
43156 6374
43157 6372
43158 6370
43159 6373
43160 6371
43161 4585
43162 5097
43163 4841
43164 4587
43165 5099
43166 4843
43167 4586
43168 4842
43169 5098
43170 5609
43171 6121
43172 5865
43173 5611
43174 6123
43175 5867
43176 5610
43177 5866
43178 6122
43179 5353
43180 5354
43181 5355
43182 4589
43183 5101
43184 4845
43185 4591
43186 5103
43187 4847
43188 4590
43189 4846
43190 5102
43191 5613
43192 6125
43193 5869
43194 5615
43195 6127
43196 5871
43197 5614
43198 5870
43199 6126
43200 5357
43201 5358
43202 5359
43203 4588
43204 5868
43205 4844
43206 5612
43207 5100
43208 5356
43209 6124
43210 6633
43211 7145
43212 6889
43213 6635
43214 7147
43215 6891
43216 6634
43217 6890
43218 7146
43219 7657
43220 8169
43221 7913
43222 7659
43223 8171
43224 7915
43225 7658
43226 7914
43227 8170
43228 7401
43229 7402
43230 7403
43231 6637
43232 7149
43233 6893
43234 6639
43235 7151
43236 6895
43237 6638
43238 6894
43239 7150
43240 7661
43241 8173
43242 7917
43243 7663
43244 8175
43245 7919
43246 7662
43247 7918
43248 8174
43249 7405
43250 7406
43251 7407
43252 6636
43253 6892
43254 7148
43255 8172
43256 7404
43257 7660
43258 7916
43259 6381
43260 6382
43261 6377
43262 6379
43263 6383
43264 6378
43265 6380
43266 7400
43267 4840
43268 7912
43269 6632
43270 5608
43271 7144
43272 5352
43273 4584
43274 5096
43275 5864
43276 7656
43277 6376
43278 6120
43279 6888
43280 8168
43281 4322
43282 4333
43283 4332
43284 4328
43285 4331
43286 4323
43287 4329
43288 4335
43289 4330
43290 4325
43291 4327
43292 4324
43293 4334
43294 4321
43295 4326
43296 241
43297 497
43298 1009
43299 753
43300 243
43301 499
43302 1011
43303 755
43304 242
43305 498
43306 754
43307 1010
43308 1521
43309 2033
43310 1777
43311 1523
43312 2035
43313 1779
43314 1522
43315 1778
43316 2034
43317 1265
43318 1266
43319 1267
43320 245
43321 501
43322 1013
43323 757
43324 247
43325 503
43326 1015
43327 759
43328 246
43329 502
43330 758
43331 1014
43332 1525
43333 2037
43334 1781
43335 1527
43336 2039
43337 1783
43338 1526
43339 1782
43340 2038
43341 1269
43342 1270
43343 1271
43344 244
43345 500
43346 1012
43347 1268
43348 1524
43349 1780
43350 756
43351 2036
43352 2545
43353 3057
43354 2801
43355 2547
43356 3059
43357 2803
43358 2546
43359 2802
43360 3058
43361 3569
43362 4081
43363 3825
43364 3571
43365 4083
43366 3827
43367 3570
43368 3826
43369 4082
43370 3313
43371 3314
43372 3315
43373 2549
43374 3061
43375 2805
43376 2551
43377 3063
43378 2807
43379 2550
43380 2806
43381 3062
43382 3573
43383 4085
43384 3829
43385 3575
43386 4087
43387 3831
43388 3574
43389 3830
43390 4086
43391 3317
43392 3318
43393 3319
43394 3316
43395 2548
43396 2804
43397 3060
43398 3572
43399 3828
43400 4084
43401 2294
43402 2290
43403 2289
43404 2292
43405 2291
43406 2293
43407 2295
43408 249
43409 505
43410 1017
43411 761
43412 251
43413 507
43414 1019
43415 763
43416 250
43417 506
43418 762
43419 1018
43420 1529
43421 2041
43422 1785
43423 1531
43424 2043
43425 1787
43426 1530
43427 1786
43428 2042
43429 1273
43430 1274
43431 1275
43432 253
43433 509
43434 1021
43435 765
43436 255
43437 511
43438 1023
43439 767
43440 254
43441 510
43442 766
43443 1022
43444 1533
43445 2045
43446 1789
43447 1535
43448 2047
43449 1791
43450 1534
43451 1790
43452 2046
43453 1277
43454 1278
43455 1279
43456 252
43457 508
43458 1532
43459 1020
43460 1276
43461 1788
43462 764
43463 2044
43464 2553
43465 3065
43466 2809
43467 2555
43468 3067
43469 2811
43470 2554
43471 2810
43472 3066
43473 3577
43474 4089
43475 3833
43476 3579
43477 4091
43478 3835
43479 3578
43480 3834
43481 4090
43482 3321
43483 3322
43484 3323
43485 2557
43486 3069
43487 2813
43488 2559
43489 3071
43490 2815
43491 2558
43492 2814
43493 3070
43494 3581
43495 4093
43496 3837
43497 3583
43498 4095
43499 3839
43500 3582
43501 3838
43502 4094
43503 3325
43504 3326
43505 3327
43506 3836
43507 4092
43508 2556
43509 2812
43510 3324
43511 3068
43512 3580
43513 2298
43514 2301
43515 2300
43516 2303
43517 2299
43518 2297
43519 2302
43520 1784
43521 3576
43522 2040
43523 1272
43524 248
43525 3064
43526 504
43527 3320
43528 4088
43529 2296
43530 1528
43531 2808
43532 2552
43533 3832
43534 1016
43535 760
43536 4593
43537 5105
43538 4849
43539 4595
43540 5107
43541 4851
43542 4594
43543 4850
43544 5106
43545 5617
43546 6129
43547 5873
43548 5619
43549 6131
43550 5875
43551 5618
43552 5874
43553 6130
43554 5361
43555 5362
43556 5363
43557 4597
43558 5109
43559 4853
43560 4599
43561 5111
43562 4855
43563 4598
43564 4854
43565 5110
43566 5621
43567 6133
43568 5877
43569 5623
43570 6135
43571 5879
43572 5622
43573 5878
43574 6134
43575 5365
43576 5366
43577 5367
43578 4596
43579 4852
43580 5108
43581 6132
43582 5364
43583 5620
43584 5876
43585 6641
43586 7153
43587 6897
43588 6643
43589 7155
43590 6899
43591 6642
43592 6898
43593 7154
43594 7665
43595 8177
43596 7921
43597 7667
43598 8179
43599 7923
43600 7666
43601 7922
43602 8178
43603 7409
43604 7410
43605 7411
43606 6645
43607 7157
43608 6901
43609 6647
43610 7159
43611 6903
43612 6646
43613 6902
43614 7158
43615 7669
43616 8181
43617 7925
43618 7671
43619 8183
43620 7927
43621 7670
43622 7926
43623 8182
43624 7413
43625 7414
43626 7415
43627 6900
43628 7156
43629 7412
43630 8180
43631 7668
43632 7924
43633 6644
43634 6385
43635 6387
43636 6388
43637 6386
43638 6389
43639 6390
43640 6391
43641 4601
43642 5113
43643 4857
43644 4603
43645 5115
43646 4859
43647 4602
43648 4858
43649 5114
43650 5625
43651 6137
43652 5881
43653 5627
43654 6139
43655 5883
43656 5626
43657 5882
43658 6138
43659 5369
43660 5370
43661 5371
43662 4605
43663 5117
43664 4861
43665 4607
43666 5119
43667 4863
43668 4606
43669 4862
43670 5118
43671 5629
43672 6141
43673 5885
43674 5631
43675 6143
43676 5887
43677 5630
43678 5886
43679 6142
43680 5373
43681 5374
43682 5375
43683 4860
43684 4604
43685 5372
43686 5628
43687 5116
43688 5884
43689 6140
43690 6649
43691 7161
43692 6905
43693 6651
43694 7163
43695 6907
43696 6650
43697 6906
43698 7162
43699 7673
43700 8185
43701 7929
43702 7675
43703 8187
43704 7931
43705 7674
43706 7930
43707 8186
43708 7417
43709 7418
43710 7419
43711 6653
43712 7165
43713 6909
43714 6655
43715 7167
43716 6911
43717 6654
43718 6910
43719 7166
43720 7677
43721 8189
43722 7933
43723 7679
43724 8191
43725 7935
43726 7678
43727 7934
43728 8190
43729 7421
43730 7422
43731 7423
43732 6652
43733 8188
43734 7420
43735 6908
43736 7676
43737 7932
43738 7164
43739 6393
43740 6395
43741 6397
43742 6396
43743 6398
43744 6399
43745 6394
43746 6392
43747 7416
43748 4600
43749 7672
43750 5880
43751 5624
43752 6648
43753 5368
43754 6904
43755 6136
43756 5112
43757 7928
43758 7160
43759 4856
43760 8184
43761 4344
43762 4340
43763 4351
43764 4337
43765 4343
43766 4339
43767 4342
43768 4349
43769 4341
43770 4346
43771 4348
43772 4345
43773 4347
43774 4338
43775 4350
43776 240
43777 7152
43778 752
43779 5616
43780 7920
43781 6384
43782 1520
43783 8176
43784 2288
43785 5872
43786 496
43787 4848
43788 6896
43789 3056
43790 3312
43791 6128
43792 5104
43793 7408
43794 4080
43795 4336
43796 7664
43797 1008
43798 2800
43799 1264
43800 6640
43801 4592
43802 1776
43803 5360
43804 2032
43805 3824
43806 2544
43807 3568
43808 8673
43809 9185
43810 8929
43811 8675
43812 9187
43813 8931
43814 8674
43815 8930
43816 9186
43817 9697
43818 10209
43819 9953
43820 9699
43821 10211
43822 9955
43823 9698
43824 9954
43825 10210
43826 9441
43827 9442
43828 9443
43829 8677
43830 9189
43831 8933
43832 8679
43833 9191
43834 8935
43835 8678
43836 8934
43837 9190
43838 9701
43839 10213
43840 9957
43841 9703
43842 10215
43843 9959
43844 9702
43845 9958
43846 10214
43847 9445
43848 9446
43849 9447
43850 8676
43851 8932
43852 9188
43853 9444
43854 9700
43855 9956
43856 10212
43857 10721
43858 11233
43859 10977
43860 10723
43861 11235
43862 10979
43863 10722
43864 10978
43865 11234
43866 11745
43867 12257
43868 12001
43869 11747
43870 12259
43871 12003
43872 11746
43873 12002
43874 12258
43875 11489
43876 11490
43877 11491
43878 10725
43879 11237
43880 10981
43881 10727
43882 11239
43883 10983
43884 10726
43885 10982
43886 11238
43887 11749
43888 12261
43889 12005
43890 11751
43891 12263
43892 12007
43893 11750
43894 12006
43895 12262
43896 11493
43897 11494
43898 11495
43899 10980
43900 11492
43901 12004
43902 11748
43903 10724
43904 12260
43905 11236
43906 10470
43907 10465
43908 10467
43909 10468
43910 10466
43911 10469
43912 10471
43913 8681
43914 9193
43915 8937
43916 8683
43917 9195
43918 8939
43919 8682
43920 8938
43921 9194
43922 9705
43923 10217
43924 9961
43925 9707
43926 10219
43927 9963
43928 9706
43929 9962
43930 10218
43931 9449
43932 9450
43933 9451
43934 8685
43935 9197
43936 8941
43937 8687
43938 9199
43939 8943
43940 8686
43941 8942
43942 9198
43943 9709
43944 10221
43945 9965
43946 9711
43947 10223
43948 9967
43949 9710
43950 9966
43951 10222
43952 9453
43953 9454
43954 9455
43955 8684
43956 9196
43957 9452
43958 8940
43959 9708
43960 9964
43961 10220
43962 10729
43963 11241
43964 10985
43965 10731
43966 11243
43967 10987
43968 10730
43969 10986
43970 11242
43971 11753
43972 12265
43973 12009
43974 11755
43975 12267
43976 12011
43977 11754
43978 12010
43979 12266
43980 11497
43981 11498
43982 11499
43983 10733
43984 11245
43985 10989
43986 10735
43987 11247
43988 10991
43989 10734
43990 10990
43991 11246
43992 11757
43993 12269
43994 12013
43995 11759
43996 12271
43997 12015
43998 11758
43999 12014
44000 12270
44001 11501
44002 11502
44003 11503
44004 10732
44005 11500
44006 10988
44007 11756
44008 11244
44009 12012
44010 12268
44011 10476
44012 10478
44013 10477
44014 10475
44015 10474
44016 10473
44017 10479
44018 8680
44019 9960
44020 10728
44021 11752
44022 10472
44023 9704
44024 11240
44025 8936
44026 10984
44027 11496
44028 10216
44029 9192
44030 12264
44031 12008
44032 9448
44033 12769
44034 13281
44035 13025
44036 12771
44037 13283
44038 13027
44039 12770
44040 13026
44041 13282
44042 13793
44043 14305
44044 14049
44045 13795
44046 14307
44047 14051
44048 13794
44049 14050
44050 14306
44051 13537
44052 13538
44053 13539
44054 12773
44055 13285
44056 13029
44057 12775
44058 13287
44059 13031
44060 12774
44061 13030
44062 13286
44063 13797
44064 14309
44065 14053
44066 13799
44067 14311
44068 14055
44069 13798
44070 14054
44071 14310
44072 13541
44073 13542
44074 13543
44075 13028
44076 13284
44077 13540
44078 12772
44079 14052
44080 13796
44081 14308
44082 14817
44083 15329
44084 15073
44085 14819
44086 15331
44087 15075
44088 14818
44089 15074
44090 15330
44091 15841
44092 16353
44093 16097
44094 15843
44095 16355
44096 16099
44097 15842
44098 16098
44099 16354
44100 15585
44101 15586
44102 15587
44103 14821
44104 15333
44105 15077
44106 14823
44107 15335
44108 15079
44109 14822
44110 15078
44111 15334
44112 15845
44113 16357
44114 16101
44115 15847
44116 16359
44117 16103
44118 15846
44119 16102
44120 16358
44121 15589
44122 15590
44123 15591
44124 15332
44125 15076
44126 16100
44127 15588
44128 15844
44129 14820
44130 16356
44131 14564
44132 14563
44133 14561
44134 14566
44135 14565
44136 14567
44137 14562
44138 12777
44139 13289
44140 13033
44141 12779
44142 13291
44143 13035
44144 12778
44145 13034
44146 13290
44147 13801
44148 14313
44149 14057
44150 13803
44151 14315
44152 14059
44153 13802
44154 14058
44155 14314
44156 13545
44157 13546
44158 13547
44159 12781
44160 13293
44161 13037
44162 12783
44163 13295
44164 13039
44165 12782
44166 13038
44167 13294
44168 13805
44169 14317
44170 14061
44171 13807
44172 14319
44173 14063
44174 13806
44175 14062
44176 14318
44177 13549
44178 13550
44179 13551
44180 13548
44181 13292
44182 14316
44183 13036
44184 12780
44185 13804
44186 14060
44187 14825
44188 15337
44189 15081
44190 14827
44191 15339
44192 15083
44193 14826
44194 15082
44195 15338
44196 15849
44197 16361
44198 16105
44199 15851
44200 16363
44201 16107
44202 15850
44203 16106
44204 16362
44205 15593
44206 15594
44207 15595
44208 14829
44209 15341
44210 15085
44211 14831
44212 15343
44213 15087
44214 14830
44215 15086
44216 15342
44217 15853
44218 16365
44219 16109
44220 15855
44221 16367
44222 16111
44223 15854
44224 16110
44225 16366
44226 15597
44227 15598
44228 15599
44229 14828
44230 15084
44231 15596
44232 15340
44233 15852
44234 16108
44235 16364
44236 14571
44237 14570
44238 14573
44239 14572
44240 14574
44241 14569
44242 14575
44243 15336
44244 14312
44245 12776
44246 13032
44247 16360
44248 14568
44249 13800
44250 14824
44251 16104
44252 13544
44253 14056
44254 15592
44255 15080
44256 15848
44257 13288
44258 12525
44259 12524
44260 12518
44261 12520
44262 12527
44263 12521
44264 12523
44265 12513
44266 12519
44267 12515
44268 12522
44269 12516
44270 12526
44271 12517
44272 12514
44273 8689
44274 9201
44275 8945
44276 8691
44277 9203
44278 8947
44279 8690
44280 8946
44281 9202
44282 9713
44283 10225
44284 9969
44285 9715
44286 10227
44287 9971
44288 9714
44289 9970
44290 10226
44291 9457
44292 9458
44293 9459
44294 8693
44295 9205
44296 8949
44297 8695
44298 9207
44299 8951
44300 8694
44301 8950
44302 9206
44303 9717
44304 10229
44305 9973
44306 9719
44307 10231
44308 9975
44309 9718
44310 9974
44311 10230
44312 9461
44313 9462
44314 9463
44315 8692
44316 8948
44317 9204
44318 9460
44319 9716
44320 9972
44321 10228
44322 10737
44323 11249
44324 10993
44325 10739
44326 11251
44327 10995
44328 10738
44329 10994
44330 11250
44331 11761
44332 12273
44333 12017
44334 11763
44335 12275
44336 12019
44337 11762
44338 12018
44339 12274
44340 11505
44341 11506
44342 11507
44343 10741
44344 11253
44345 10997
44346 10743
44347 11255
44348 10999
44349 10742
44350 10998
44351 11254
44352 11765
44353 12277
44354 12021
44355 11767
44356 12279
44357 12023
44358 11766
44359 12022
44360 12278
44361 11509
44362 11510
44363 11511
44364 10740
44365 10996
44366 11764
44367 12020
44368 11252
44369 11508
44370 12276
44371 10484
44372 10482
44373 10483
44374 10481
44375 10485
44376 10486
44377 10487
44378 8697
44379 9209
44380 8953
44381 8699
44382 9211
44383 8955
44384 8698
44385 8954
44386 9210
44387 9721
44388 10233
44389 9977
44390 9723
44391 10235
44392 9979
44393 9722
44394 9978
44395 10234
44396 9465
44397 9466
44398 9467
44399 8701
44400 9213
44401 8957
44402 8703
44403 9215
44404 8959
44405 8702
44406 8958
44407 9214
44408 9725
44409 10237
44410 9981
44411 9727
44412 10239
44413 9983
44414 9726
44415 9982
44416 10238
44417 9469
44418 9470
44419 9471
44420 8700
44421 8956
44422 9468
44423 9724
44424 9212
44425 9980
44426 10236
44427 10745
44428 11257
44429 11001
44430 10747
44431 11259
44432 11003
44433 10746
44434 11002
44435 11258
44436 11769
44437 12281
44438 12025
44439 11771
44440 12283
44441 12027
44442 11770
44443 12026
44444 12282
44445 11513
44446 11514
44447 11515
44448 10749
44449 11261
44450 11005
44451 10751
44452 11263
44453 11007
44454 10750
44455 11006
44456 11262
44457 11773
44458 12285
44459 12029
44460 11775
44461 12287
44462 12031
44463 11774
44464 12030
44465 12286
44466 11517
44467 11518
44468 11519
44469 10748
44470 11260
44471 12284
44472 11004
44473 11516
44474 11772
44475 12028
44476 10490
44477 10491
44478 10489
44479 10492
44480 10494
44481 10495
44482 10493
44483 8696
44484 10488
44485 11768
44486 8952
44487 11000
44488 11256
44489 11512
44490 12280
44491 12024
44492 9208
44493 9464
44494 9976
44495 9720
44496 10232
44497 10744
44498 12785
44499 13297
44500 13041
44501 12787
44502 13299
44503 13043
44504 12786
44505 13042
44506 13298
44507 13809
44508 14321
44509 14065
44510 13811
44511 14323
44512 14067
44513 13810
44514 14066
44515 14322
44516 13553
44517 13554
44518 13555
44519 12789
44520 13301
44521 13045
44522 12791
44523 13303
44524 13047
44525 12790
44526 13046
44527 13302
44528 13813
44529 14325
44530 14069
44531 13815
44532 14327
44533 14071
44534 13814
44535 14070
44536 14326
44537 13557
44538 13558
44539 13559
44540 14324
44541 12788
44542 13044
44543 13300
44544 13812
44545 13556
44546 14068
44547 14833
44548 15345
44549 15089
44550 14835
44551 15347
44552 15091
44553 14834
44554 15090
44555 15346
44556 15857
44557 16369
44558 16113
44559 15859
44560 16371
44561 16115
44562 15858
44563 16114
44564 16370
44565 15601
44566 15602
44567 15603
44568 14837
44569 15349
44570 15093
44571 14839
44572 15351
44573 15095
44574 14838
44575 15094
44576 15350
44577 15861
44578 16373
44579 16117
44580 15863
44581 16375
44582 16119
44583 15862
44584 16118
44585 16374
44586 15605
44587 15606
44588 15607
44589 14836
44590 15348
44591 15604
44592 16116
44593 15860
44594 15092
44595 16372
44596 14581
44597 14578
44598 14582
44599 14579
44600 14577
44601 14580
44602 14583
44603 12793
44604 13305
44605 13049
44606 12795
44607 13307
44608 13051
44609 12794
44610 13050
44611 13306
44612 13817
44613 14329
44614 14073
44615 13819
44616 14331
44617 14075
44618 13818
44619 14074
44620 14330
44621 13561
44622 13562
44623 13563
44624 12797
44625 13309
44626 13053
44627 12799
44628 13311
44629 13055
44630 12798
44631 13054
44632 13310
44633 13821
44634 14333
44635 14077
44636 13823
44637 14335
44638 14079
44639 13822
44640 14078
44641 14334
44642 13565
44643 13566
44644 13567
44645 12796
44646 13052
44647 13564
44648 13308
44649 13820
44650 14076
44651 14332
44652 14841
44653 15353
44654 15097
44655 14843
44656 15355
44657 15099
44658 14842
44659 15098
44660 15354
44661 15865
44662 16377
44663 16121
44664 15867
44665 16379
44666 16123
44667 15866
44668 16122
44669 16378
44670 15609
44671 15610
44672 15611
44673 14845
44674 15357
44675 15101
44676 14847
44677 15359
44678 15103
44679 14846
44680 15102
44681 15358
44682 15869
44683 16381
44684 16125
44685 15871
44686 16383
44687 16127
44688 15870
44689 16126
44690 16382
44691 15613
44692 15614
44693 15615
44694 14844
44695 16124
44696 16380
44697 15356
44698 15868
44699 15100
44700 15612
44701 14589
44702 14585
44703 14590
44704 14587
44705 14586
44706 14591
44707 14588
44708 15096
44709 13816
44710 14328
44711 15608
44712 15352
44713 13560
44714 13304
44715 15864
44716 14584
44717 14840
44718 16120
44719 13048
44720 12792
44721 14072
44722 16376
44723 12538
44724 12533
44725 12540
44726 12535
44727 12532
44728 12531
44729 12530
44730 12534
44731 12536
44732 12542
44733 12529
44734 12537
44735 12541
44736 12539
44737 12543
44738 15088
44739 14832
44740 8944
44741 10992
44742 9712
44743 10736
44744 12016
44745 12528
44746 13040
44747 11504
44748 15344
44749 16368
44750 9968
44751 14576
44752 8688
44753 10480
44754 12272
44755 12784
44756 16112
44757 9456
44758 13296
44759 13808
44760 13552
44761 15600
44762 14064
44763 9200
44764 11248
44765 15856
44766 14320
44767 10224
44768 11760
44769 8429
44770 8428
44771 8418
44772 8430
44773 8447
44774 8446
44775 8436
44776 8426
44777 8435
44778 8419
44779 8445
44780 8423
44781 8440
44782 8432
44783 8425
44784 8439
44785 8431
44786 8443
44787 8420
44788 8437
44789 8427
44790 8433
44791 8442
44792 8421
44793 8422
44794 8438
44795 8441
44796 8434
44797 8444
44798 8424
44799 8417
44800 15840
44801 16352
44802 15072
44803 10208
44804 2016
44805 1248
44806 7904
44807 4576
44808 6624
44809 7648
44810 6112
44811 10464
44812 2528
44813 13024
44814 14560
44815 8160
44816 2784
44817 8928
44818 7392
44819 2272
44820 6880
44821 9952
44822 3040
44823 5600
44824 11488
44825 10720
44826 992
44827 15328
44828 12768
44829 4064
44830 5088
44831 8416
44832 11744
44833 14048
44834 6368
44835 5856
44836 4832
44837 8672
44838 16096
44839 9440
44840 5344
44841 13280
44842 12512
44843 4320
44844 736
44845 13792
44846 9184
44847 13536
44848 3808
44849 12000
44850 10976
44851 1504
44852 480
44853 14304
44854 7136
44855 3296
44856 14816
44857 11232
44858 3552
44859 9696
44860 12256
44861 1760
44862 15584
44863 224
44864 16833
44865 17345
44866 17089
44867 16835
44868 17347
44869 17091
44870 16834
44871 17090
44872 17346
44873 17857
44874 18369
44875 18113
44876 17859
44877 18371
44878 18115
44879 17858
44880 18114
44881 18370
44882 17601
44883 17602
44884 17603
44885 16837
44886 17349
44887 17093
44888 16839
44889 17351
44890 17095
44891 16838
44892 17094
44893 17350
44894 17861
44895 18373
44896 18117
44897 17863
44898 18375
44899 18119
44900 17862
44901 18118
44902 18374
44903 17605
44904 17606
44905 17607
44906 16836
44907 17092
44908 17860
44909 17348
44910 17604
44911 18116
44912 18372
44913 18881
44914 19393
44915 19137
44916 18883
44917 19395
44918 19139
44919 18882
44920 19138
44921 19394
44922 19905
44923 20417
44924 20161
44925 19907
44926 20419
44927 20163
44928 19906
44929 20162
44930 20418
44931 19649
44932 19650
44933 19651
44934 18885
44935 19397
44936 19141
44937 18887
44938 19399
44939 19143
44940 18886
44941 19142
44942 19398
44943 19909
44944 20421
44945 20165
44946 19911
44947 20423
44948 20167
44949 19910
44950 20166
44951 20422
44952 19653
44953 19654
44954 19655
44955 18884
44956 19140
44957 19652
44958 19396
44959 19908
44960 20164
44961 20420
44962 18625
44963 18631
44964 18630
44965 18626
44966 18629
44967 18628
44968 18627
44969 16841
44970 17353
44971 17097
44972 16843
44973 17355
44974 17099
44975 16842
44976 17098
44977 17354
44978 17865
44979 18377
44980 18121
44981 17867
44982 18379
44983 18123
44984 17866
44985 18122
44986 18378
44987 17609
44988 17610
44989 17611
44990 16845
44991 17357
44992 17101
44993 16847
44994 17359
44995 17103
44996 16846
44997 17102
44998 17358
44999 17869
45000 18381
45001 18125
45002 17871
45003 18383
45004 18127
45005 17870
45006 18126
45007 18382
45008 17613
45009 17614
45010 17615
45011 17100
45012 17868
45013 17612
45014 17356
45015 18124
45016 16844
45017 18380
45018 18889
45019 19401
45020 19145
45021 18891
45022 19403
45023 19147
45024 18890
45025 19146
45026 19402
45027 19913
45028 20425
45029 20169
45030 19915
45031 20427
45032 20171
45033 19914
45034 20170
45035 20426
45036 19657
45037 19658
45038 19659
45039 18893
45040 19405
45041 19149
45042 18895
45043 19407
45044 19151
45045 18894
45046 19150
45047 19406
45048 19917
45049 20429
45050 20173
45051 19919
45052 20431
45053 20175
45054 19918
45055 20174
45056 20430
45057 19661
45058 19662
45059 19663
45060 18892
45061 19148
45062 20172
45063 19660
45064 19404
45065 19916
45066 20428
45067 18634
45068 18635
45069 18636
45070 18639
45071 18637
45072 18638
45073 18633
45074 17864
45075 16840
45076 18632
45077 17096
45078 19912
45079 18376
45080 19144
45081 18120
45082 19656
45083 20424
45084 17608
45085 17352
45086 20168
45087 19400
45088 18888
45089 20929
45090 21441
45091 21185
45092 20931
45093 21443
45094 21187
45095 20930
45096 21186
45097 21442
45098 21953
45099 22465
45100 22209
45101 21955
45102 22467
45103 22211
45104 21954
45105 22210
45106 22466
45107 21697
45108 21698
45109 21699
45110 20933
45111 21445
45112 21189
45113 20935
45114 21447
45115 21191
45116 20934
45117 21190
45118 21446
45119 21957
45120 22469
45121 22213
45122 21959
45123 22471
45124 22215
45125 21958
45126 22214
45127 22470
45128 21701
45129 21702
45130 21703
45131 20932
45132 21188
45133 21444
45134 21700
45135 21956
45136 22212
45137 22468
45138 22977
45139 23489
45140 23233
45141 22979
45142 23491
45143 23235
45144 22978
45145 23234
45146 23490
45147 24001
45148 24513
45149 24257
45150 24003
45151 24515
45152 24259
45153 24002
45154 24258
45155 24514
45156 23745
45157 23746
45158 23747
45159 22981
45160 23493
45161 23237
45162 22983
45163 23495
45164 23239
45165 22982
45166 23238
45167 23494
45168 24005
45169 24517
45170 24261
45171 24007
45172 24519
45173 24263
45174 24006
45175 24262
45176 24518
45177 23749
45178 23750
45179 23751
45180 22980
45181 23236
45182 23748
45183 24004
45184 23492
45185 24260
45186 24516
45187 22725
45188 22726
45189 22723
45190 22724
45191 22727
45192 22722
45193 22721
45194 20937
45195 21449
45196 21193
45197 20939
45198 21451
45199 21195
45200 20938
45201 21194
45202 21450
45203 21961
45204 22473
45205 22217
45206 21963
45207 22475
45208 22219
45209 21962
45210 22218
45211 22474
45212 21705
45213 21706
45214 21707
45215 20941
45216 21453
45217 21197
45218 20943
45219 21455
45220 21199
45221 20942
45222 21198
45223 21454
45224 21965
45225 22477
45226 22221
45227 21967
45228 22479
45229 22223
45230 21966
45231 22222
45232 22478
45233 21709
45234 21710
45235 21711
45236 20940
45237 21196
45238 21452
45239 22476
45240 21708
45241 21964
45242 22220
45243 22985
45244 23497
45245 23241
45246 22987
45247 23499
45248 23243
45249 22986
45250 23242
45251 23498
45252 24009
45253 24521
45254 24265
45255 24011
45256 24523
45257 24267
45258 24010
45259 24266
45260 24522
45261 23753
45262 23754
45263 23755
45264 22989
45265 23501
45266 23245
45267 22991
45268 23503
45269 23247
45270 22990
45271 23246
45272 23502
45273 24013
45274 24525
45275 24269
45276 24015
45277 24527
45278 24271
45279 24014
45280 24270
45281 24526
45282 23757
45283 23758
45284 23759
45285 23244
45286 23500
45287 23756
45288 24012
45289 24268
45290 24524
45291 22988
45292 22730
45293 22731
45294 22732
45295 22735
45296 22733
45297 22734
45298 22729
45299 22984
45300 22216
45301 21704
45302 24264
45303 20936
45304 21192
45305 23752
45306 23240
45307 22728
45308 22472
45309 21448
45310 24520
45311 23496
45312 21960
45313 24008
45314 20675
45315 20687
45316 20684
45317 20680
45318 20676
45319 20673
45320 20682
45321 20683
45322 20686
45323 20679
45324 20674
45325 20678
45326 20685
45327 20681
45328 20677
45329 16849
45330 17361
45331 17105
45332 16851
45333 17363
45334 17107
45335 16850
45336 17106
45337 17362
45338 17873
45339 18385
45340 18129
45341 17875
45342 18387
45343 18131
45344 17874
45345 18130
45346 18386
45347 17617
45348 17618
45349 17619
45350 16853
45351 17365
45352 17109
45353 16855
45354 17367
45355 17111
45356 16854
45357 17110
45358 17366
45359 17877
45360 18389
45361 18133
45362 17879
45363 18391
45364 18135
45365 17878
45366 18134
45367 18390
45368 17621
45369 17622
45370 17623
45371 17108
45372 17876
45373 17620
45374 17364
45375 18132
45376 16852
45377 18388
45378 18897
45379 19409
45380 19153
45381 18899
45382 19411
45383 19155
45384 18898
45385 19154
45386 19410
45387 19921
45388 20433
45389 20177
45390 19923
45391 20435
45392 20179
45393 19922
45394 20178
45395 20434
45396 19665
45397 19666
45398 19667
45399 18901
45400 19413
45401 19157
45402 18903
45403 19415
45404 19159
45405 18902
45406 19158
45407 19414
45408 19925
45409 20437
45410 20181
45411 19927
45412 20439
45413 20183
45414 19926
45415 20182
45416 20438
45417 19669
45418 19670
45419 19671
45420 18900
45421 19412
45422 19668
45423 20436
45424 19924
45425 20180
45426 19156
45427 18641
45428 18647
45429 18643
45430 18642
45431 18644
45432 18645
45433 18646
45434 16857
45435 17369
45436 17113
45437 16859
45438 17371
45439 17115
45440 16858
45441 17114
45442 17370
45443 17881
45444 18393
45445 18137
45446 17883
45447 18395
45448 18139
45449 17882
45450 18138
45451 18394
45452 17625
45453 17626
45454 17627
45455 16861
45456 17373
45457 17117
45458 16863
45459 17375
45460 17119
45461 16862
45462 17118
45463 17374
45464 17885
45465 18397
45466 18141
45467 17887
45468 18399
45469 18143
45470 17886
45471 18142
45472 18398
45473 17629
45474 17630
45475 17631
45476 16860
45477 17884
45478 17116
45479 17372
45480 17628
45481 18140
45482 18396
45483 18905
45484 19417
45485 19161
45486 18907
45487 19419
45488 19163
45489 18906
45490 19162
45491 19418
45492 19929
45493 20441
45494 20185
45495 19931
45496 20443
45497 20187
45498 19930
45499 20186
45500 20442
45501 19673
45502 19674
45503 19675
45504 18909
45505 19421
45506 19165
45507 18911
45508 19423
45509 19167
45510 18910
45511 19166
45512 19422
45513 19933
45514 20445
45515 20189
45516 19935
45517 20447
45518 20191
45519 19934
45520 20190
45521 20446
45522 19677
45523 19678
45524 19679
45525 18908
45526 20188
45527 19676
45528 19164
45529 19932
45530 19420
45531 20444
45532 18655
45533 18649
45534 18651
45535 18650
45536 18652
45537 18653
45538 18654
45539 20184
45540 18392
45541 16856
45542 19928
45543 17112
45544 20440
45545 18904
45546 17624
45547 19672
45548 18648
45549 19416
45550 18136
45551 17368
45552 19160
45553 17880
45554 20945
45555 21457
45556 21201
45557 20947
45558 21459
45559 21203
45560 20946
45561 21202
45562 21458
45563 21969
45564 22481
45565 22225
45566 21971
45567 22483
45568 22227
45569 21970
45570 22226
45571 22482
45572 21713
45573 21714
45574 21715
45575 20949
45576 21461
45577 21205
45578 20951
45579 21463
45580 21207
45581 20950
45582 21206
45583 21462
45584 21973
45585 22485
45586 22229
45587 21975
45588 22487
45589 22231
45590 21974
45591 22230
45592 22486
45593 21717
45594 21718
45595 21719
45596 20948
45597 21204
45598 21460
45599 21716
45600 21972
45601 22484
45602 22228
45603 22993
45604 23505
45605 23249
45606 22995
45607 23507
45608 23251
45609 22994
45610 23250
45611 23506
45612 24017
45613 24529
45614 24273
45615 24019
45616 24531
45617 24275
45618 24018
45619 24274
45620 24530
45621 23761
45622 23762
45623 23763
45624 22997
45625 23509
45626 23253
45627 22999
45628 23511
45629 23255
45630 22998
45631 23254
45632 23510
45633 24021
45634 24533
45635 24277
45636 24023
45637 24535
45638 24279
45639 24022
45640 24278
45641 24534
45642 23765
45643 23766
45644 23767
45645 23252
45646 23508
45647 23764
45648 24276
45649 24532
45650 22996
45651 24020
45652 22737
45653 22740
45654 22741
45655 22743
45656 22738
45657 22739
45658 22742
45659 20953
45660 21465
45661 21209
45662 20955
45663 21467
45664 21211
45665 20954
45666 21210
45667 21466
45668 21977
45669 22489
45670 22233
45671 21979
45672 22491
45673 22235
45674 21978
45675 22234
45676 22490
45677 21721
45678 21722
45679 21723
45680 20957
45681 21469
45682 21213
45683 20959
45684 21471
45685 21215
45686 20958
45687 21214
45688 21470
45689 21981
45690 22493
45691 22237
45692 21983
45693 22495
45694 22239
45695 21982
45696 22238
45697 22494
45698 21725
45699 21726
45700 21727
45701 20956
45702 21212
45703 21468
45704 22492
45705 21724
45706 21980
45707 22236
45708 23001
45709 23513
45710 23257
45711 23003
45712 23515
45713 23259
45714 23002
45715 23258
45716 23514
45717 24025
45718 24537
45719 24281
45720 24027
45721 24539
45722 24283
45723 24026
45724 24282
45725 24538
45726 23769
45727 23770
45728 23771
45729 23005
45730 23517
45731 23261
45732 23007
45733 23519
45734 23263
45735 23006
45736 23262
45737 23518
45738 24029
45739 24541
45740 24285
45741 24031
45742 24543
45743 24287
45744 24030
45745 24286
45746 24542
45747 23773
45748 23774
45749 23775
45750 23004
45751 23260
45752 23772
45753 24028
45754 23516
45755 24284
45756 24540
45757 22750
45758 22749
45759 22745
45760 22748
45761 22746
45762 22747
45763 22751
45764 21208
45765 21464
45766 21720
45767 21976
45768 22232
45769 22488
45770 22744
45771 23256
45772 23000
45773 23512
45774 23768
45775 24024
45776 24280
45777 24536
45778 20952
45779 20695
45780 20697
45781 20696
45782 20689
45783 20693
45784 20698
45785 20702
45786 20699
45787 20700
45788 20691
45789 20694
45790 20692
45791 20701
45792 20690
45793 20703
45794 21968
45795 21456
45796 18896
45797 17360
45798 19152
45799 24272
45800 17616
45801 22736
45802 18640
45803 19664
45804 18384
45805 19920
45806 21200
45807 22224
45808 18128
45809 20944
45810 23760
45811 17872
45812 20176
45813 20432
45814 24528
45815 23504
45816 23248
45817 16848
45818 17104
45819 22992
45820 20688
45821 21712
45822 24016
45823 19408
45824 22480
45825 25025
45826 25537
45827 25281
45828 25027
45829 25539
45830 25283
45831 25026
45832 25282
45833 25538
45834 26049
45835 26561
45836 26305
45837 26051
45838 26563
45839 26307
45840 26050
45841 26306
45842 26562
45843 25793
45844 25794
45845 25795
45846 25029
45847 25541
45848 25285
45849 25031
45850 25543
45851 25287
45852 25030
45853 25286
45854 25542
45855 26053
45856 26565
45857 26309
45858 26055
45859 26567
45860 26311
45861 26054
45862 26310
45863 26566
45864 25797
45865 25798
45866 25799
45867 26564
45868 25028
45869 25540
45870 25284
45871 25796
45872 26052
45873 26308
45874 27073
45875 27585
45876 27329
45877 27075
45878 27587
45879 27331
45880 27074
45881 27330
45882 27586
45883 28097
45884 28609
45885 28353
45886 28099
45887 28611
45888 28355
45889 28098
45890 28354
45891 28610
45892 27841
45893 27842
45894 27843
45895 27077
45896 27589
45897 27333
45898 27079
45899 27591
45900 27335
45901 27078
45902 27334
45903 27590
45904 28101
45905 28613
45906 28357
45907 28103
45908 28615
45909 28359
45910 28102
45911 28358
45912 28614
45913 27845
45914 27846
45915 27847
45916 27076
45917 27332
45918 28100
45919 27588
45920 27844
45921 28356
45922 28612
45923 26817
45924 26820
45925 26822
45926 26821
45927 26819
45928 26818
45929 26823
45930 25033
45931 25545
45932 25289
45933 25035
45934 25547
45935 25291
45936 25034
45937 25290
45938 25546
45939 26057
45940 26569
45941 26313
45942 26059
45943 26571
45944 26315
45945 26058
45946 26314
45947 26570
45948 25801
45949 25802
45950 25803
45951 25037
45952 25549
45953 25293
45954 25039
45955 25551
45956 25295
45957 25038
45958 25294
45959 25550
45960 26061
45961 26573
45962 26317
45963 26063
45964 26575
45965 26319
45966 26062
45967 26318
45968 26574
45969 25805
45970 25806
45971 25807
45972 25036
45973 25292
45974 25548
45975 26060
45976 25804
45977 26316
45978 26572
45979 27081
45980 27593
45981 27337
45982 27083
45983 27595
45984 27339
45985 27082
45986 27338
45987 27594
45988 28105
45989 28617
45990 28361
45991 28107
45992 28619
45993 28363
45994 28106
45995 28362
45996 28618
45997 27849
45998 27850
45999 27851
46000 27085
46001 27597
46002 27341
46003 27087
46004 27599
46005 27343
46006 27086
46007 27342
46008 27598
46009 28109
46010 28621
46011 28365
46012 28111
46013 28623
46014 28367
46015 28110
46016 28366
46017 28622
46018 27853
46019 27854
46020 27855
46021 27084
46022 28108
46023 27852
46024 27596
46025 28364
46026 27340
46027 28620
46028 26825
46029 26827
46030 26828
46031 26826
46032 26831
46033 26830
46034 26829
46035 27336
46036 26312
46037 26824
46038 27080
46039 28104
46040 26568
46041 27592
46042 28360
46043 26056
46044 25288
46045 25544
46046 27848
46047 25800
46048 28616
46049 25032
46050 29121
46051 29633
46052 29377
46053 29123
46054 29635
46055 29379
46056 29122
46057 29378
46058 29634
46059 30145
46060 30657
46061 30401
46062 30147
46063 30659
46064 30403
46065 30146
46066 30402
46067 30658
46068 29889
46069 29890
46070 29891
46071 29125
46072 29637
46073 29381
46074 29127
46075 29639
46076 29383
46077 29126
46078 29382
46079 29638
46080 30149
46081 30661
46082 30405
46083 30151
46084 30663
46085 30407
46086 30150
46087 30406
46088 30662
46089 29893
46090 29894
46091 29895
46092 29124
46093 29380
46094 30148
46095 29636
46096 30404
46097 29892
46098 30660
46099 31169
46100 31681
46101 31425
46102 31171
46103 31683
46104 31427
46105 31170
46106 31426
46107 31682
46108 32193
46109 32705
46110 32449
46111 32195
46112 32707
46113 32451
46114 32194
46115 32450
46116 32706
46117 31937
46118 31938
46119 31939
46120 31173
46121 31685
46122 31429
46123 31175
46124 31687
46125 31431
46126 31174
46127 31430
46128 31686
46129 32197
46130 32709
46131 32453
46132 32199
46133 32711
46134 32455
46135 32198
46136 32454
46137 32710
46138 31941
46139 31942
46140 31943
46141 31172
46142 31428
46143 31684
46144 32196
46145 32452
46146 31940
46147 32708
46148 30913
46149 30918
46150 30917
46151 30916
46152 30915
46153 30914
46154 30919
46155 29129
46156 29641
46157 29385
46158 29131
46159 29643
46160 29387
46161 29130
46162 29386
46163 29642
46164 30153
46165 30665
46166 30409
46167 30155
46168 30667
46169 30411
46170 30154
46171 30410
46172 30666
46173 29897
46174 29898
46175 29899
46176 29133
46177 29645
46178 29389
46179 29135
46180 29647
46181 29391
46182 29134
46183 29390
46184 29646
46185 30157
46186 30669
46187 30413
46188 30159
46189 30671
46190 30415
46191 30158
46192 30414
46193 30670
46194 29901
46195 29902
46196 29903
46197 29132
46198 29644
46199 29900
46200 30156
46201 30412
46202 30668
46203 29388
46204 31177
46205 31689
46206 31433
46207 31179
46208 31691
46209 31435
46210 31178
46211 31434
46212 31690
46213 32201
46214 32713
46215 32457
46216 32203
46217 32715
46218 32459
46219 32202
46220 32458
46221 32714
46222 31945
46223 31946
46224 31947
46225 31181
46226 31693
46227 31437
46228 31183
46229 31695
46230 31439
46231 31182
46232 31438
46233 31694
46234 32205
46235 32717
46236 32461
46237 32207
46238 32719
46239 32463
46240 32206
46241 32462
46242 32718
46243 31949
46244 31950
46245 31951
46246 31180
46247 31436
46248 32204
46249 32460
46250 31948
46251 31692
46252 32716
46253 30927
46254 30921
46255 30925
46256 30924
46257 30922
46258 30926
46259 30923
46260 31432
46261 31944
46262 31688
46263 30152
46264 32712
46265 31176
46266 29128
46267 30920
46268 29896
46269 30408
46270 29384
46271 32456
46272 29640
46273 32200
46274 30664
46275 28869
46276 28865
46277 28873
46278 28867
46279 28870
46280 28875
46281 28878
46282 28877
46283 28872
46284 28871
46285 28876
46286 28874
46287 28868
46288 28866
46289 28879
46290 25041
46291 25553
46292 25297
46293 25043
46294 25555
46295 25299
46296 25042
46297 25298
46298 25554
46299 26065
46300 26577
46301 26321
46302 26067
46303 26579
46304 26323
46305 26066
46306 26322
46307 26578
46308 25809
46309 25810
46310 25811
46311 25045
46312 25557
46313 25301
46314 25047
46315 25559
46316 25303
46317 25046
46318 25302
46319 25558
46320 26069
46321 26581
46322 26325
46323 26071
46324 26583
46325 26327
46326 26070
46327 26326
46328 26582
46329 25813
46330 25814
46331 25815
46332 25300
46333 25556
46334 26068
46335 26580
46336 25812
46337 26324
46338 25044
46339 27089
46340 27601
46341 27345
46342 27091
46343 27603
46344 27347
46345 27090
46346 27346
46347 27602
46348 28113
46349 28625
46350 28369
46351 28115
46352 28627
46353 28371
46354 28114
46355 28370
46356 28626
46357 27857
46358 27858
46359 27859
46360 27093
46361 27605
46362 27349
46363 27095
46364 27607
46365 27351
46366 27094
46367 27350
46368 27606
46369 28117
46370 28629
46371 28373
46372 28119
46373 28631
46374 28375
46375 28118
46376 28374
46377 28630
46378 27861
46379 27862
46380 27863
46381 27092
46382 27348
46383 28116
46384 27860
46385 28372
46386 28628
46387 27604
46388 26835
46389 26833
46390 26839
46391 26834
46392 26836
46393 26837
46394 26838
46395 25049
46396 25561
46397 25305
46398 25051
46399 25563
46400 25307
46401 25050
46402 25306
46403 25562
46404 26073
46405 26585
46406 26329
46407 26075
46408 26587
46409 26331
46410 26074
46411 26330
46412 26586
46413 25817
46414 25818
46415 25819
46416 25053
46417 25565
46418 25309
46419 25055
46420 25567
46421 25311
46422 25054
46423 25310
46424 25566
46425 26077
46426 26589
46427 26333
46428 26079
46429 26591
46430 26335
46431 26078
46432 26334
46433 26590
46434 25821
46435 25822
46436 25823
46437 25308
46438 25052
46439 26076
46440 25820
46441 25564
46442 26332
46443 26588
46444 27097
46445 27609
46446 27353
46447 27099
46448 27611
46449 27355
46450 27098
46451 27354
46452 27610
46453 28121
46454 28633
46455 28377
46456 28123
46457 28635
46458 28379
46459 28122
46460 28378
46461 28634
46462 27865
46463 27866
46464 27867
46465 27101
46466 27613
46467 27357
46468 27103
46469 27615
46470 27359
46471 27102
46472 27358
46473 27614
46474 28125
46475 28637
46476 28381
46477 28127
46478 28639
46479 28383
46480 28126
46481 28382
46482 28638
46483 27869
46484 27870
46485 27871
46486 27100
46487 27356
46488 28124
46489 27612
46490 27868
46491 28380
46492 28636
46493 26842
46494 26844
46495 26845
46496 26846
46497 26841
46498 26843
46499 26847
46500 25304
46501 25560
46502 25816
46503 26072
46504 26328
46505 26584
46506 26840
46507 27864
46508 27096
46509 27352
46510 27608
46511 28120
46512 28376
46513 28632
46514 25048
46515 29137
46516 29649
46517 29393
46518 29139
46519 29651
46520 29395
46521 29138
46522 29394
46523 29650
46524 30161
46525 30673
46526 30417
46527 30163
46528 30675
46529 30419
46530 30162
46531 30418
46532 30674
46533 29905
46534 29906
46535 29907
46536 29141
46537 29653
46538 29397
46539 29143
46540 29655
46541 29399
46542 29142
46543 29398
46544 29654
46545 30165
46546 30677
46547 30421
46548 30167
46549 30679
46550 30423
46551 30166
46552 30422
46553 30678
46554 29909
46555 29910
46556 29911
46557 29140
46558 29396
46559 29908
46560 29652
46561 30164
46562 30420
46563 30676
46564 31185
46565 31697
46566 31441
46567 31187
46568 31699
46569 31443
46570 31186
46571 31442
46572 31698
46573 32209
46574 32721
46575 32465
46576 32211
46577 32723
46578 32467
46579 32210
46580 32466
46581 32722
46582 31953
46583 31954
46584 31955
46585 31189
46586 31701
46587 31445
46588 31191
46589 31703
46590 31447
46591 31190
46592 31446
46593 31702
46594 32213
46595 32725
46596 32469
46597 32215
46598 32727
46599 32471
46600 32214
46601 32470
46602 32726
46603 31957
46604 31958
46605 31959
46606 31188
46607 31444
46608 32212
46609 31700
46610 32468
46611 31956
46612 32724
46613 30929
46614 30934
46615 30932
46616 30931
46617 30933
46618 30930
46619 30935
46620 29145
46621 29657
46622 29401
46623 29147
46624 29659
46625 29403
46626 29146
46627 29402
46628 29658
46629 30169
46630 30681
46631 30425
46632 30171
46633 30683
46634 30427
46635 30170
46636 30426
46637 30682
46638 29913
46639 29914
46640 29915
46641 29149
46642 29661
46643 29405
46644 29151
46645 29663
46646 29407
46647 29150
46648 29406
46649 29662
46650 30173
46651 30685
46652 30429
46653 30175
46654 30687
46655 30431
46656 30174
46657 30430
46658 30686
46659 29917
46660 29918
46661 29919
46662 29148
46663 30172
46664 29916
46665 29404
46666 30428
46667 29660
46668 30684
46669 31193
46670 31705
46671 31449
46672 31195
46673 31707
46674 31451
46675 31194
46676 31450
46677 31706
46678 32217
46679 32729
46680 32473
46681 32219
46682 32731
46683 32475
46684 32218
46685 32474
46686 32730
46687 31961
46688 31962
46689 31963
46690 31197
46691 31709
46692 31453
46693 31199
46694 31711
46695 31455
46696 31198
46697 31454
46698 31710
46699 32221
46700 32733
46701 32477
46702 32223
46703 32735
46704 32479
46705 32222
46706 32478
46707 32734
46708 31965
46709 31966
46710 31967
46711 31196
46712 31964
46713 32220
46714 31452
46715 31708
46716 32476
46717 32732
46718 30937
46719 30941
46720 30940
46721 30939
46722 30938
46723 30942
46724 30943
46725 29144
46726 31960
46727 32728
46728 30936
46729 29656
46730 30424
46731 29400
46732 32216
46733 30680
46734 31704
46735 30168
46736 31448
46737 31192
46738 29912
46739 32472
46740 28886
46741 28893
46742 28887
46743 28883
46744 28882
46745 28890
46746 28889
46747 28885
46748 28891
46749 28895
46750 28881
46751 28884
46752 28892
46753 28888
46754 28894
46755 28880
46756 32720
46757 28368
46758 27344
46759 27088
46760 26064
46761 32464
46762 25040
46763 32208
46764 25296
46765 28624
46766 26832
46767 30928
46768 28112
46769 29392
46770 31440
46771 30416
46772 31696
46773 25552
46774 30160
46775 29904
46776 29648
46777 31184
46778 27856
46779 30672
46780 26576
46781 31952
46782 27600
46783 26320
46784 25808
46785 29136
46786 24776
46787 24798
46788 24773
46789 24780
46790 24796
46791 24778
46792 24790
46793 24775
46794 24787
46795 24783
46796 24797
46797 24791
46798 24784
46799 24781
46800 24771
46801 24770
46802 24792
46803 24788
46804 24795
46805 24782
46806 24769
46807 24793
46808 24774
46809 24785
46810 24789
46811 24799
46812 24772
46813 24779
46814 24786
46815 24777
46816 24794
46817 16865
46818 17377
46819 17121
46820 16867
46821 17379
46822 17123
46823 16866
46824 17122
46825 17378
46826 17889
46827 18401
46828 18145
46829 17891
46830 18403
46831 18147
46832 17890
46833 18146
46834 18402
46835 17633
46836 17634
46837 17635
46838 16869
46839 17381
46840 17125
46841 16871
46842 17383
46843 17127
46844 16870
46845 17126
46846 17382
46847 17893
46848 18405
46849 18149
46850 17895
46851 18407
46852 18151
46853 17894
46854 18150
46855 18406
46856 17637
46857 17638
46858 17639
46859 16868
46860 17124
46861 17380
46862 17636
46863 17892
46864 18148
46865 18404
46866 18913
46867 19425
46868 19169
46869 18915
46870 19427
46871 19171
46872 18914
46873 19170
46874 19426
46875 19937
46876 20449
46877 20193
46878 19939
46879 20451
46880 20195
46881 19938
46882 20194
46883 20450
46884 19681
46885 19682
46886 19683
46887 18917
46888 19429
46889 19173
46890 18919
46891 19431
46892 19175
46893 18918
46894 19174
46895 19430
46896 19941
46897 20453
46898 20197
46899 19943
46900 20455
46901 20199
46902 19942
46903 20198
46904 20454
46905 19685
46906 19686
46907 19687
46908 18916
46909 19172
46910 19428
46911 20452
46912 19684
46913 19940
46914 20196
46915 18657
46916 18661
46917 18659
46918 18658
46919 18660
46920 18662
46921 18663
46922 16873
46923 17385
46924 17129
46925 16875
46926 17387
46927 17131
46928 16874
46929 17130
46930 17386
46931 17897
46932 18409
46933 18153
46934 17899
46935 18411
46936 18155
46937 17898
46938 18154
46939 18410
46940 17641
46941 17642
46942 17643
46943 16877
46944 17389
46945 17133
46946 16879
46947 17391
46948 17135
46949 16878
46950 17134
46951 17390
46952 17901
46953 18413
46954 18157
46955 17903
46956 18415
46957 18159
46958 17902
46959 18158
46960 18414
46961 17645
46962 17646
46963 17647
46964 17132
46965 17388
46966 17644
46967 16876
46968 17900
46969 18156
46970 18412
46971 18921
46972 19433
46973 19177
46974 18923
46975 19435
46976 19179
46977 18922
46978 19178
46979 19434
46980 19945
46981 20457
46982 20201
46983 19947
46984 20459
46985 20203
46986 19946
46987 20202
46988 20458
46989 19689
46990 19690
46991 19691
46992 18925
46993 19437
46994 19181
46995 18927
46996 19439
46997 19183
46998 18926
46999 19182
47000 19438
47001 19949
47002 20461
47003 20205
47004 19951
47005 20463
47006 20207
47007 19950
47008 20206
47009 20462
47010 19693
47011 19694
47012 19695
47013 18924
47014 19180
47015 19692
47016 19948
47017 19436
47018 20204
47019 20460
47020 18665
47021 18667
47022 18668
47023 18671
47024 18670
47025 18669
47026 18666
47027 17128
47028 17384
47029 17640
47030 17896
47031 18152
47032 18408
47033 18664
47034 20200
47035 18920
47036 19176
47037 19432
47038 19688
47039 19944
47040 20456
47041 16872
47042 20961
47043 21473
47044 21217
47045 20963
47046 21475
47047 21219
47048 20962
47049 21218
47050 21474
47051 21985
47052 22497
47053 22241
47054 21987
47055 22499
47056 22243
47057 21986
47058 22242
47059 22498
47060 21729
47061 21730
47062 21731
47063 20965
47064 21477
47065 21221
47066 20967
47067 21479
47068 21223
47069 20966
47070 21222
47071 21478
47072 21989
47073 22501
47074 22245
47075 21991
47076 22503
47077 22247
47078 21990
47079 22246
47080 22502
47081 21733
47082 21734
47083 21735
47084 21220
47085 21732
47086 21476
47087 21988
47088 22244
47089 20964
47090 22500
47091 23009
47092 23521
47093 23265
47094 23011
47095 23523
47096 23267
47097 23010
47098 23266
47099 23522
47100 24033
47101 24545
47102 24289
47103 24035
47104 24547
47105 24291
47106 24034
47107 24290
47108 24546
47109 23777
47110 23778
47111 23779
47112 23013
47113 23525
47114 23269
47115 23015
47116 23527
47117 23271
47118 23014
47119 23270
47120 23526
47121 24037
47122 24549
47123 24293
47124 24039
47125 24551
47126 24295
47127 24038
47128 24294
47129 24550
47130 23781
47131 23782
47132 23783
47133 23012
47134 24036
47135 24292
47136 23780
47137 23268
47138 23524
47139 24548
47140 22753
47141 22758
47142 22755
47143 22754
47144 22757
47145 22756
47146 22759
47147 20969
47148 21481
47149 21225
47150 20971
47151 21483
47152 21227
47153 20970
47154 21226
47155 21482
47156 21993
47157 22505
47158 22249
47159 21995
47160 22507
47161 22251
47162 21994
47163 22250
47164 22506
47165 21737
47166 21738
47167 21739
47168 20973
47169 21485
47170 21229
47171 20975
47172 21487
47173 21231
47174 20974
47175 21230
47176 21486
47177 21997
47178 22509
47179 22253
47180 21999
47181 22511
47182 22255
47183 21998
47184 22254
47185 22510
47186 21741
47187 21742
47188 21743
47189 22252
47190 20972
47191 22508
47192 21484
47193 21996
47194 21228
47195 21740
47196 23017
47197 23529
47198 23273
47199 23019
47200 23531
47201 23275
47202 23018
47203 23274
47204 23530
47205 24041
47206 24553
47207 24297
47208 24043
47209 24555
47210 24299
47211 24042
47212 24298
47213 24554
47214 23785
47215 23786
47216 23787
47217 23021
47218 23533
47219 23277
47220 23023
47221 23535
47222 23279
47223 23022
47224 23278
47225 23534
47226 24045
47227 24557
47228 24301
47229 24047
47230 24559
47231 24303
47232 24046
47233 24302
47234 24558
47235 23789
47236 23790
47237 23791
47238 23020
47239 23788
47240 23276
47241 24044
47242 23532
47243 24300
47244 24556
47245 22761
47246 22766
47247 22763
47248 22764
47249 22762
47250 22765
47251 22767
47252 20968
47253 21224
47254 21480
47255 21736
47256 21992
47257 22248
47258 22504
47259 24296
47260 22760
47261 23016
47262 23272
47263 23528
47264 23784
47265 24040
47266 24552
47267 20719
47268 20705
47269 20706
47270 20707
47271 20709
47272 20710
47273 20711
47274 20708
47275 20712
47276 20713
47277 20714
47278 20715
47279 20716
47280 20717
47281 20718
47282 16881
47283 17393
47284 17137
47285 16883
47286 17395
47287 17139
47288 16882
47289 17138
47290 17394
47291 17905
47292 18417
47293 18161
47294 17907
47295 18419
47296 18163
47297 17906
47298 18162
47299 18418
47300 17649
47301 17650
47302 17651
47303 16885
47304 17397
47305 17141
47306 16887
47307 17399
47308 17143
47309 16886
47310 17142
47311 17398
47312 17909
47313 18421
47314 18165
47315 17911
47316 18423
47317 18167
47318 17910
47319 18166
47320 18422
47321 17653
47322 17654
47323 17655
47324 16884
47325 17140
47326 17396
47327 18164
47328 17908
47329 17652
47330 18420
47331 18929
47332 19441
47333 19185
47334 18931
47335 19443
47336 19187
47337 18930
47338 19186
47339 19442
47340 19953
47341 20465
47342 20209
47343 19955
47344 20467
47345 20211
47346 19954
47347 20210
47348 20466
47349 19697
47350 19698
47351 19699
47352 18933
47353 19445
47354 19189
47355 18935
47356 19447
47357 19191
47358 18934
47359 19190
47360 19446
47361 19957
47362 20469
47363 20213
47364 19959
47365 20471
47366 20215
47367 19958
47368 20214
47369 20470
47370 19701
47371 19702
47372 19703
47373 18932
47374 20212
47375 20468
47376 19188
47377 19956
47378 19444
47379 19700
47380 18679
47381 18673
47382 18674
47383 18677
47384 18678
47385 18676
47386 18675
47387 16889
47388 17401
47389 17145
47390 16891
47391 17403
47392 17147
47393 16890
47394 17146
47395 17402
47396 17913
47397 18425
47398 18169
47399 17915
47400 18427
47401 18171
47402 17914
47403 18170
47404 18426
47405 17657
47406 17658
47407 17659
47408 16893
47409 17405
47410 17149
47411 16895
47412 17407
47413 17151
47414 16894
47415 17150
47416 17406
47417 17917
47418 18429
47419 18173
47420 17919
47421 18431
47422 18175
47423 17918
47424 18174
47425 18430
47426 17661
47427 17662
47428 17663
47429 16892
47430 17148
47431 17660
47432 17916
47433 17404
47434 18172
47435 18428
47436 18937
47437 19449
47438 19193
47439 18939
47440 19451
47441 19195
47442 18938
47443 19194
47444 19450
47445 19961
47446 20473
47447 20217
47448 19963
47449 20475
47450 20219
47451 19962
47452 20218
47453 20474
47454 19705
47455 19706
47456 19707
47457 18941
47458 19453
47459 19197
47460 18943
47461 19455
47462 19199
47463 18942
47464 19198
47465 19454
47466 19965
47467 20477
47468 20221
47469 19967
47470 20479
47471 20223
47472 19966
47473 20222
47474 20478
47475 19709
47476 19710
47477 19711
47478 18940
47479 19196
47480 19452
47481 19708
47482 19964
47483 20220
47484 20476
47485 18683
47486 18684
47487 18682
47488 18685
47489 18686
47490 18681
47491 18687
47492 16888
47493 20472
47494 17144
47495 20216
47496 19960
47497 19704
47498 19192
47499 17656
47500 18680
47501 18424
47502 18168
47503 17912
47504 17400
47505 18936
47506 19448
47507 20977
47508 21489
47509 21233
47510 20979
47511 21491
47512 21235
47513 20978
47514 21234
47515 21490
47516 22001
47517 22513
47518 22257
47519 22003
47520 22515
47521 22259
47522 22002
47523 22258
47524 22514
47525 21745
47526 21746
47527 21747
47528 20981
47529 21493
47530 21237
47531 20983
47532 21495
47533 21239
47534 20982
47535 21238
47536 21494
47537 22005
47538 22517
47539 22261
47540 22007
47541 22519
47542 22263
47543 22006
47544 22262
47545 22518
47546 21749
47547 21750
47548 21751
47549 20980
47550 21236
47551 22004
47552 21492
47553 21748
47554 22260
47555 22516
47556 23025
47557 23537
47558 23281
47559 23027
47560 23539
47561 23283
47562 23026
47563 23282
47564 23538
47565 24049
47566 24561
47567 24305
47568 24051
47569 24563
47570 24307
47571 24050
47572 24306
47573 24562
47574 23793
47575 23794
47576 23795
47577 23029
47578 23541
47579 23285
47580 23031
47581 23543
47582 23287
47583 23030
47584 23286
47585 23542
47586 24053
47587 24565
47588 24309
47589 24055
47590 24567
47591 24311
47592 24054
47593 24310
47594 24566
47595 23797
47596 23798
47597 23799
47598 23028
47599 24564
47600 23284
47601 24052
47602 24308
47603 23540
47604 23796
47605 22769
47606 22773
47607 22772
47608 22770
47609 22771
47610 22774
47611 22775
47612 20985
47613 21497
47614 21241
47615 20987
47616 21499
47617 21243
47618 20986
47619 21242
47620 21498
47621 22009
47622 22521
47623 22265
47624 22011
47625 22523
47626 22267
47627 22010
47628 22266
47629 22522
47630 21753
47631 21754
47632 21755
47633 20989
47634 21501
47635 21245
47636 20991
47637 21503
47638 21247
47639 20990
47640 21246
47641 21502
47642 22013
47643 22525
47644 22269
47645 22015
47646 22527
47647 22271
47648 22014
47649 22270
47650 22526
47651 21757
47652 21758
47653 21759
47654 21244
47655 22012
47656 21500
47657 22268
47658 21756
47659 20988
47660 22524
47661 23033
47662 23545
47663 23289
47664 23035
47665 23547
47666 23291
47667 23034
47668 23290
47669 23546
47670 24057
47671 24569
47672 24313
47673 24059
47674 24571
47675 24315
47676 24058
47677 24314
47678 24570
47679 23801
47680 23802
47681 23803
47682 23037
47683 23549
47684 23293
47685 23039
47686 23551
47687 23295
47688 23038
47689 23294
47690 23550
47691 24061
47692 24573
47693 24317
47694 24063
47695 24575
47696 24319
47697 24062
47698 24318
47699 24574
47700 23805
47701 23806
47702 23807
47703 23036
47704 23292
47705 24060
47706 24316
47707 23804
47708 24572
47709 23548
47710 22779
47711 22780
47712 22778
47713 22782
47714 22781
47715 22777
47716 22783
47717 23800
47718 20984
47719 21240
47720 22776
47721 22264
47722 22008
47723 23288
47724 22520
47725 24056
47726 24312
47727 23032
47728 21752
47729 21496
47730 24568
47731 23544
47732 20732
47733 20726
47734 20731
47735 20722
47736 20735
47737 20730
47738 20728
47739 20721
47740 20725
47741 20724
47742 20729
47743 20727
47744 20723
47745 20733
47746 20734
47747 24560
47748 16880
47749 17136
47750 17392
47751 17648
47752 17904
47753 18160
47754 18416
47755 18672
47756 18928
47757 19184
47758 19440
47759 19952
47760 20208
47761 20464
47762 19696
47763 20720
47764 20976
47765 21232
47766 21488
47767 21744
47768 22000
47769 22256
47770 22512
47771 22768
47772 23024
47773 23280
47774 23536
47775 23792
47776 24048
47777 24304
47778 25057
47779 25569
47780 25313
47781 25059
47782 25571
47783 25315
47784 25058
47785 25314
47786 25570
47787 26081
47788 26593
47789 26337
47790 26083
47791 26595
47792 26339
47793 26082
47794 26338
47795 26594
47796 25825
47797 25826
47798 25827
47799 25061
47800 25573
47801 25317
47802 25063
47803 25575
47804 25319
47805 25062
47806 25318
47807 25574
47808 26085
47809 26597
47810 26341
47811 26087
47812 26599
47813 26343
47814 26086
47815 26342
47816 26598
47817 25829
47818 25830
47819 25831
47820 25060
47821 25316
47822 26084
47823 25828
47824 25572
47825 26340
47826 26596
47827 27105
47828 27617
47829 27361
47830 27107
47831 27619
47832 27363
47833 27106
47834 27362
47835 27618
47836 28129
47837 28641
47838 28385
47839 28131
47840 28643
47841 28387
47842 28130
47843 28386
47844 28642
47845 27873
47846 27874
47847 27875
47848 27109
47849 27621
47850 27365
47851 27111
47852 27623
47853 27367
47854 27110
47855 27366
47856 27622
47857 28133
47858 28645
47859 28389
47860 28135
47861 28647
47862 28391
47863 28134
47864 28390
47865 28646
47866 27877
47867 27878
47868 27879
47869 27108
47870 27620
47871 27364
47872 28132
47873 27876
47874 28388
47875 28644
47876 26849
47877 26852
47878 26855
47879 26850
47880 26851
47881 26854
47882 26853
47883 25065
47884 25577
47885 25321
47886 25067
47887 25579
47888 25323
47889 25066
47890 25322
47891 25578
47892 26089
47893 26601
47894 26345
47895 26091
47896 26603
47897 26347
47898 26090
47899 26346
47900 26602
47901 25833
47902 25834
47903 25835
47904 25069
47905 25581
47906 25325
47907 25071
47908 25583
47909 25327
47910 25070
47911 25326
47912 25582
47913 26093
47914 26605
47915 26349
47916 26095
47917 26607
47918 26351
47919 26094
47920 26350
47921 26606
47922 25837
47923 25838
47924 25839
47925 25068
47926 25324
47927 25580
47928 26092
47929 25836
47930 26348
47931 26604
47932 27113
47933 27625
47934 27369
47935 27115
47936 27627
47937 27371
47938 27114
47939 27370
47940 27626
47941 28137
47942 28649
47943 28393
47944 28139
47945 28651
47946 28395
47947 28138
47948 28394
47949 28650
47950 27881
47951 27882
47952 27883
47953 27117
47954 27629
47955 27373
47956 27119
47957 27631
47958 27375
47959 27118
47960 27374
47961 27630
47962 28141
47963 28653
47964 28397
47965 28143
47966 28655
47967 28399
47968 28142
47969 28398
47970 28654
47971 27885
47972 27886
47973 27887
47974 27116
47975 27884
47976 28140
47977 27372
47978 27628
47979 28396
47980 28652
47981 26861
47982 26857
47983 26860
47984 26862
47985 26859
47986 26858
47987 26863
47988 25832
47989 26856
47990 26088
47991 26344
47992 26600
47993 28392
47994 27368
47995 27112
47996 27624
47997 27880
47998 28136
47999 25064
48000 25320
48001 28648
48002 25576
48003 29153
48004 29665
48005 29409
48006 29155
48007 29667
48008 29411
48009 29154
48010 29410
48011 29666
48012 30177
48013 30689
48014 30433
48015 30179
48016 30691
48017 30435
48018 30178
48019 30434
48020 30690
48021 29921
48022 29922
48023 29923
48024 29157
48025 29669
48026 29413
48027 29159
48028 29671
48029 29415
48030 29158
48031 29414
48032 29670
48033 30181
48034 30693
48035 30437
48036 30183
48037 30695
48038 30439
48039 30182
48040 30438
48041 30694
48042 29925
48043 29926
48044 29927
48045 30436
48046 29668
48047 30692
48048 29156
48049 30180
48050 29924
48051 29412
48052 31201
48053 31713
48054 31457
48055 31203
48056 31715
48057 31459
48058 31202
48059 31458
48060 31714
48061 32225
48062 32737
48063 32481
48064 32227
48065 32739
48066 32483
48067 32226
48068 32482
48069 32738
48070 31969
48071 31970
48072 31971
48073 31205
48074 31717
48075 31461
48076 31207
48077 31719
48078 31463
48079 31206
48080 31462
48081 31718
48082 32229
48083 32741
48084 32485
48085 32231
48086 32743
48087 32487
48088 32230
48089 32486
48090 32742
48091 31973
48092 31974
48093 31975
48094 31204
48095 31716
48096 31972
48097 31460
48098 32228
48099 32484
48100 32740
48101 30946
48102 30947
48103 30948
48104 30945
48105 30949
48106 30950
48107 30951
48108 29161
48109 29673
48110 29417
48111 29163
48112 29675
48113 29419
48114 29162
48115 29418
48116 29674
48117 30185
48118 30697
48119 30441
48120 30187
48121 30699
48122 30443
48123 30186
48124 30442
48125 30698
48126 29929
48127 29930
48128 29931
48129 29165
48130 29677
48131 29421
48132 29167
48133 29679
48134 29423
48135 29166
48136 29422
48137 29678
48138 30189
48139 30701
48140 30445
48141 30191
48142 30703
48143 30447
48144 30190
48145 30446
48146 30702
48147 29933
48148 29934
48149 29935
48150 29420
48151 29932
48152 30188
48153 29676
48154 30444
48155 29164
48156 30700
48157 31209
48158 31721
48159 31465
48160 31211
48161 31723
48162 31467
48163 31210
48164 31466
48165 31722
48166 32233
48167 32745
48168 32489
48169 32235
48170 32747
48171 32491
48172 32234
48173 32490
48174 32746
48175 31977
48176 31978
48177 31979
48178 31213
48179 31725
48180 31469
48181 31215
48182 31727
48183 31471
48184 31214
48185 31470
48186 31726
48187 32237
48188 32749
48189 32493
48190 32239
48191 32751
48192 32495
48193 32238
48194 32494
48195 32750
48196 31981
48197 31982
48198 31983
48199 31212
48200 31468
48201 31724
48202 31980
48203 32236
48204 32492
48205 32748
48206 30955
48207 30956
48208 30957
48209 30958
48210 30953
48211 30959
48212 30954
48213 29672
48214 29160
48215 30184
48216 31976
48217 31720
48218 32488
48219 31464
48220 29416
48221 32232
48222 30696
48223 30440
48224 31208
48225 30952
48226 29928
48227 32744
48228 28906
48229 28905
48230 28910
48231 28904
48232 28909
48233 28908
48234 28903
48235 28899
48236 28897
48237 28902
48238 28911
48239 28901
48240 28900
48241 28898
48242 28907
48243 25073
48244 25585
48245 25329
48246 25075
48247 25587
48248 25331
48249 25074
48250 25330
48251 25586
48252 26097
48253 26609
48254 26353
48255 26099
48256 26611
48257 26355
48258 26098
48259 26354
48260 26610
48261 25841
48262 25842
48263 25843
48264 25077
48265 25589
48266 25333
48267 25079
48268 25591
48269 25335
48270 25078
48271 25334
48272 25590
48273 26101
48274 26613
48275 26357
48276 26103
48277 26615
48278 26359
48279 26102
48280 26358
48281 26614
48282 25845
48283 25846
48284 25847
48285 25076
48286 25332
48287 25844
48288 26100
48289 25588
48290 26356
48291 26612
48292 27121
48293 27633
48294 27377
48295 27123
48296 27635
48297 27379
48298 27122
48299 27378
48300 27634
48301 28145
48302 28657
48303 28401
48304 28147
48305 28659
48306 28403
48307 28146
48308 28402
48309 28658
48310 27889
48311 27890
48312 27891
48313 27125
48314 27637
48315 27381
48316 27127
48317 27639
48318 27383
48319 27126
48320 27382
48321 27638
48322 28149
48323 28661
48324 28405
48325 28151
48326 28663
48327 28407
48328 28150
48329 28406
48330 28662
48331 27893
48332 27894
48333 27895
48334 27124
48335 28148
48336 28404
48337 27892
48338 27380
48339 27636
48340 28660
48341 26870
48342 26865
48343 26869
48344 26866
48345 26868
48346 26867
48347 26871
48348 25081
48349 25593
48350 25337
48351 25083
48352 25595
48353 25339
48354 25082
48355 25338
48356 25594
48357 26105
48358 26617
48359 26361
48360 26107
48361 26619
48362 26363
48363 26106
48364 26362
48365 26618
48366 25849
48367 25850
48368 25851
48369 25085
48370 25597
48371 25341
48372 25087
48373 25599
48374 25343
48375 25086
48376 25342
48377 25598
48378 26109
48379 26621
48380 26365
48381 26111
48382 26623
48383 26367
48384 26110
48385 26366
48386 26622
48387 25853
48388 25854
48389 25855
48390 25084
48391 26108
48392 25340
48393 25852
48394 25596
48395 26364
48396 26620
48397 27129
48398 27641
48399 27385
48400 27131
48401 27643
48402 27387
48403 27130
48404 27386
48405 27642
48406 28153
48407 28665
48408 28409
48409 28155
48410 28667
48411 28411
48412 28154
48413 28410
48414 28666
48415 27897
48416 27898
48417 27899
48418 27133
48419 27645
48420 27389
48421 27135
48422 27647
48423 27391
48424 27134
48425 27390
48426 27646
48427 28157
48428 28669
48429 28413
48430 28159
48431 28671
48432 28415
48433 28158
48434 28414
48435 28670
48436 27901
48437 27902
48438 27903
48439 27132
48440 27388
48441 27644
48442 28412
48443 28156
48444 27900
48445 28668
48446 26873
48447 26879
48448 26878
48449 26877
48450 26876
48451 26874
48452 26875
48453 28664
48454 27896
48455 25080
48456 25336
48457 27384
48458 26616
48459 25848
48460 26360
48461 27128
48462 27640
48463 26872
48464 25592
48465 26104
48466 28152
48467 28408
48468 29169
48469 29681
48470 29425
48471 29171
48472 29683
48473 29427
48474 29170
48475 29426
48476 29682
48477 30193
48478 30705
48479 30449
48480 30195
48481 30707
48482 30451
48483 30194
48484 30450
48485 30706
48486 29937
48487 29938
48488 29939
48489 29173
48490 29685
48491 29429
48492 29175
48493 29687
48494 29431
48495 29174
48496 29430
48497 29686
48498 30197
48499 30709
48500 30453
48501 30199
48502 30711
48503 30455
48504 30198
48505 30454
48506 30710
48507 29941
48508 29942
48509 29943
48510 29172
48511 30196
48512 29428
48513 29684
48514 29940
48515 30452
48516 30708
48517 31217
48518 31729
48519 31473
48520 31219
48521 31731
48522 31475
48523 31218
48524 31474
48525 31730
48526 32241
48527 32753
48528 32497
48529 32243
48530 32755
48531 32499
48532 32242
48533 32498
48534 32754
48535 31985
48536 31986
48537 31987
48538 31221
48539 31733
48540 31477
48541 31223
48542 31735
48543 31479
48544 31222
48545 31478
48546 31734
48547 32245
48548 32757
48549 32501
48550 32247
48551 32759
48552 32503
48553 32246
48554 32502
48555 32758
48556 31989
48557 31990
48558 31991
48559 31220
48560 32244
48561 31732
48562 32500
48563 31988
48564 32756
48565 31476
48566 30961
48567 30962
48568 30966
48569 30964
48570 30963
48571 30967
48572 30965
48573 29177
48574 29689
48575 29433
48576 29179
48577 29691
48578 29435
48579 29178
48580 29434
48581 29690
48582 30201
48583 30713
48584 30457
48585 30203
48586 30715
48587 30459
48588 30202
48589 30458
48590 30714
48591 29945
48592 29946
48593 29947
48594 29181
48595 29693
48596 29437
48597 29183
48598 29695
48599 29439
48600 29182
48601 29438
48602 29694
48603 30205
48604 30717
48605 30461
48606 30207
48607 30719
48608 30463
48609 30206
48610 30462
48611 30718
48612 29949
48613 29950
48614 29951
48615 29180
48616 30204
48617 29436
48618 29948
48619 29692
48620 30460
48621 30716
48622 31225
48623 31737
48624 31481
48625 31227
48626 31739
48627 31483
48628 31226
48629 31482
48630 31738
48631 32249
48632 32761
48633 32505
48634 32251
48635 32763
48636 32507
48637 32250
48638 32506
48639 32762
48640 31993
48641 31994
48642 31995
48643 31229
48644 31741
48645 31485
48646 31231
48647 31743
48648 31487
48649 31230
48650 31486
48651 31742
48652 32253
48653 32765
48654 32509
48655 32255
48656 32767
48657 32511
48658 32254
48659 32510
48660 32766
48661 31997
48662 31998
48663 31999
48664 31228
48665 31484
48666 32252
48667 31996
48668 31740
48669 32508
48670 32764
48671 30969
48672 30974
48673 30973
48674 30970
48675 30975
48676 30972
48677 30971
48678 29176
48679 29432
48680 29688
48681 29944
48682 30200
48683 30456
48684 30712
48685 31480
48686 30968
48687 31224
48688 31736
48689 31992
48690 32248
48691 32504
48692 32760
48693 28927
48694 28914
48695 28915
48696 28916
48697 28917
48698 28918
48699 28919
48700 28913
48701 28920
48702 28921
48703 28922
48704 28923
48705 28924
48706 28925
48707 28926
48708 25328
48709 25584
48710 25840
48711 26096
48712 26352
48713 26608
48714 26864
48715 27120
48716 27376
48717 27632
48718 27888
48719 28144
48720 28400
48721 28656
48722 28912
48723 31984
48724 29168
48725 29424
48726 29680
48727 29936
48728 30192
48729 30448
48730 30704
48731 30960
48732 31216
48733 31472
48734 31728
48735 32240
48736 32496
48737 32752
48738 25072
48739 24809
48740 24815
48741 24817
48742 24829
48743 24825
48744 24804
48745 24812
48746 24813
48747 24808
48748 24802
48749 24830
48750 24821
48751 24819
48752 24826
48753 24803
48754 24801
48755 24820
48756 24811
48757 24822
48758 24823
48759 24824
48760 24818
48761 24806
48762 24827
48763 24814
48764 24816
48765 24810
48766 24828
48767 24805
48768 24807
48769 24831
48770 30432
48771 19168
48772 28384
48773 31200
48774 27872
48775 21984
48776 23776
48777 31456
48778 16864
48779 23264
48780 22496
48781 32224
48782 28896
48783 31968
48784 17632
48785 30176
48786 20960
48787 17888
48788 29152
48789 23008
48790 28128
48791 31712
48792 20704
48793 18144
48794 26848
48795 32480
48796 24032
48797 17120
48798 25056
48799 18656
48800 21472
48801 25568
48802 26336
48803 26592
48804 21216
48805 19936
48806 29408
48807 20448
48808 27616
48809 17376
48810 24288
48811 27104
48812 29664
48813 18400
48814 25824
48815 19424
48816 30688
48817 24544
48818 30944
48819 20192
48820 26080
48821 22752
48822 18912
48823 19680
48824 22240
48825 28640
48826 24800
48827 32736
48828 29920
48829 21728
48830 25312
48831 23520
48832 27360
48833 16621
48834 16594
48835 16595
48836 16588
48837 16620
48838 16639
48839 16632
48840 16614
48841 16591
48842 16634
48843 16627
48844 16608
48845 16579
48846 16622
48847 16615
48848 16606
48849 16624
48850 16589
48851 16625
48852 16586
48853 16605
48854 16630
48855 16592
48856 16582
48857 16600
48858 16638
48859 16578
48860 16635
48861 16583
48862 16611
48863 16626
48864 16637
48865 16599
48866 16628
48867 16617
48868 16612
48869 16610
48870 16631
48871 16598
48872 16619
48873 16585
48874 16593
48875 16590
48876 16581
48877 16601
48878 16613
48879 16636
48880 16609
48881 16604
48882 16607
48883 16603
48884 16602
48885 16597
48886 16587
48887 16623
48888 16596
48889 16616
48890 16577
48891 16580
48892 16584
48893 16633
48894 16629
48895 16618
48896 12736
48897 30912
48898 7360
48899 30656
48900 2752
48901 8640
48902 24512
48903 11968
48904 4032
48905 9152
48906 27072
48907 8128
48908 18880
48909 192
48910 18368
48911 3776
48912 11456
48913 5568
48914 31680
48915 8896
48916 3008
48917 3264
48918 23488
48919 16064
48920 1216
48921 6848
48922 16320
48923 32704
48924 21184
48925 12992
48926 30144
48927 13504
48928 10432
48929 17856
48930 32448
48931 4800
48932 1472
48933 28864
48934 704
48935 14272
48936 15040
48937 28096
48938 960
48939 7104
48940 2240
48941 27328
48942 7872
48943 14016
48944 32192
48945 18112
48946 23232
48947 18624
48948 1728
48949 15296
48950 27584
48951 5312
48952 20160
48953 14784
48954 29888
48955 3520
48956 17088
48957 6080
48958 26816
48959 11200
48960 31936
48961 5056
48962 4288
48963 1984
48964 30400
48965 19392
48966 28352
48967 16576
48968 448
48969 14528
48970 22976
48971 12480
48972 10944
48973 12224
48974 17600
48975 9664
48976 20672
48977 8384
48978 21952
48979 25024
48980 21696
48981 29632
48982 20416
48983 29120
48984 21440
48985 9408
48986 25536
48987 22208
48988 31424
48989 6336
48990 7616
48991 13760
48992 24000
48993 25792
48994 9920
48995 22464
48996 4544
48997 20928
48998 11712
48999 16832
49000 26560
49001 26048
49002 19648
49003 23744
49004 2496
49005 10176
49006 17344
49007 29376
49008 31168
49009 27840
49010 22720
49011 15808
49012 15552
49013 5824
49014 26304
49015 24256
49016 28608
49017 6592
49018 24768
49019 10688
49020 19904
49021 25280
49022 13248
49023 19136
49024 33153
49025 33665
49026 33409
49027 33155
49028 33667
49029 33411
49030 33154
49031 33410
49032 33666
49033 34177
49034 34689
49035 34433
49036 34179
49037 34691
49038 34435
49039 34178
49040 34434
49041 34690
49042 33921
49043 33922
49044 33923
49045 33157
49046 33669
49047 33413
49048 33159
49049 33671
49050 33415
49051 33158
49052 33414
49053 33670
49054 34181
49055 34693
49056 34437
49057 34183
49058 34695
49059 34439
49060 34182
49061 34438
49062 34694
49063 33925
49064 33926
49065 33927
49066 33156
49067 34436
49068 33924
49069 33412
49070 34180
49071 33668
49072 34692
49073 35201
49074 35713
49075 35457
49076 35203
49077 35715
49078 35459
49079 35202
49080 35458
49081 35714
49082 36225
49083 36737
49084 36481
49085 36227
49086 36739
49087 36483
49088 36226
49089 36482
49090 36738
49091 35969
49092 35970
49093 35971
49094 35205
49095 35717
49096 35461
49097 35207
49098 35719
49099 35463
49100 35206
49101 35462
49102 35718
49103 36229
49104 36741
49105 36485
49106 36231
49107 36743
49108 36487
49109 36230
49110 36486
49111 36742
49112 35973
49113 35974
49114 35975
49115 35460
49116 36228
49117 35204
49118 35716
49119 35972
49120 36484
49121 36740
49122 34945
49123 34948
49124 34950
49125 34947
49126 34949
49127 34946
49128 34951
49129 33161
49130 33673
49131 33417
49132 33163
49133 33675
49134 33419
49135 33162
49136 33418
49137 33674
49138 34185
49139 34697
49140 34441
49141 34187
49142 34699
49143 34443
49144 34186
49145 34442
49146 34698
49147 33929
49148 33930
49149 33931
49150 33165
49151 33677
49152 33421
49153 33167
49154 33679
49155 33423
49156 33166
49157 33422
49158 33678
49159 34189
49160 34701
49161 34445
49162 34191
49163 34703
49164 34447
49165 34190
49166 34446
49167 34702
49168 33933
49169 33934
49170 33935
49171 33164
49172 33420
49173 34188
49174 33932
49175 33676
49176 34444
49177 34700
49178 35209
49179 35721
49180 35465
49181 35211
49182 35723
49183 35467
49184 35210
49185 35466
49186 35722
49187 36233
49188 36745
49189 36489
49190 36235
49191 36747
49192 36491
49193 36234
49194 36490
49195 36746
49196 35977
49197 35978
49198 35979
49199 35213
49200 35725
49201 35469
49202 35215
49203 35727
49204 35471
49205 35214
49206 35470
49207 35726
49208 36237
49209 36749
49210 36493
49211 36239
49212 36751
49213 36495
49214 36238
49215 36494
49216 36750
49217 35981
49218 35982
49219 35983
49220 35212
49221 35980
49222 35724
49223 35468
49224 36236
49225 36492
49226 36748
49227 34957
49228 34955
49229 34954
49230 34959
49231 34958
49232 34953
49233 34956
49234 35976
49235 34184
49236 36232
49237 33160
49238 35208
49239 34952
49240 33928
49241 34440
49242 33672
49243 35720
49244 36744
49245 34696
49246 33416
49247 35464
49248 36488
49249 37249
49250 37761
49251 37505
49252 37251
49253 37763
49254 37507
49255 37250
49256 37506
49257 37762
49258 38273
49259 38785
49260 38529
49261 38275
49262 38787
49263 38531
49264 38274
49265 38530
49266 38786
49267 38017
49268 38018
49269 38019
49270 37253
49271 37765
49272 37509
49273 37255
49274 37767
49275 37511
49276 37254
49277 37510
49278 37766
49279 38277
49280 38789
49281 38533
49282 38279
49283 38791
49284 38535
49285 38278
49286 38534
49287 38790
49288 38021
49289 38022
49290 38023
49291 38020
49292 38276
49293 37252
49294 37508
49295 37764
49296 38532
49297 38788
49298 39297
49299 39809
49300 39553
49301 39299
49302 39811
49303 39555
49304 39298
49305 39554
49306 39810
49307 40321
49308 40833
49309 40577
49310 40323
49311 40835
49312 40579
49313 40322
49314 40578
49315 40834
49316 40065
49317 40066
49318 40067
49319 39301
49320 39813
49321 39557
49322 39303
49323 39815
49324 39559
49325 39302
49326 39558
49327 39814
49328 40325
49329 40837
49330 40581
49331 40327
49332 40839
49333 40583
49334 40326
49335 40582
49336 40838
49337 40069
49338 40070
49339 40071
49340 39300
49341 39556
49342 39812
49343 40580
49344 40068
49345 40324
49346 40836
49347 39043
49348 39046
49349 39044
49350 39041
49351 39047
49352 39042
49353 39045
49354 37257
49355 37769
49356 37513
49357 37259
49358 37771
49359 37515
49360 37258
49361 37514
49362 37770
49363 38281
49364 38793
49365 38537
49366 38283
49367 38795
49368 38539
49369 38282
49370 38538
49371 38794
49372 38025
49373 38026
49374 38027
49375 37261
49376 37773
49377 37517
49378 37263
49379 37775
49380 37519
49381 37262
49382 37518
49383 37774
49384 38285
49385 38797
49386 38541
49387 38287
49388 38799
49389 38543
49390 38286
49391 38542
49392 38798
49393 38029
49394 38030
49395 38031
49396 37516
49397 37260
49398 38028
49399 38284
49400 37772
49401 38540
49402 38796
49403 39305
49404 39817
49405 39561
49406 39307
49407 39819
49408 39563
49409 39306
49410 39562
49411 39818
49412 40329
49413 40841
49414 40585
49415 40331
49416 40843
49417 40587
49418 40330
49419 40586
49420 40842
49421 40073
49422 40074
49423 40075
49424 39309
49425 39821
49426 39565
49427 39311
49428 39823
49429 39567
49430 39310
49431 39566
49432 39822
49433 40333
49434 40845
49435 40589
49436 40335
49437 40847
49438 40591
49439 40334
49440 40590
49441 40846
49442 40077
49443 40078
49444 40079
49445 39564
49446 39820
49447 40076
49448 40844
49449 40332
49450 40588
49451 39308
49452 39055
49453 39049
49454 39051
49455 39050
49456 39052
49457 39053
49458 39054
49459 39560
49460 40584
49461 38024
49462 39816
49463 40328
49464 37512
49465 37256
49466 38792
49467 37768
49468 40840
49469 39304
49470 38536
49471 38280
49472 39048
49473 40072
49474 37003
49475 36999
49476 36993
49477 37002
49478 37005
49479 37006
49480 36995
49481 36996
49482 36998
49483 37000
49484 37001
49485 37004
49486 36997
49487 36994
49488 37007
49489 33169
49490 33681
49491 33425
49492 33171
49493 33683
49494 33427
49495 33170
49496 33426
49497 33682
49498 34193
49499 34705
49500 34449
49501 34195
49502 34707
49503 34451
49504 34194
49505 34450
49506 34706
49507 33937
49508 33938
49509 33939
49510 33173
49511 33685
49512 33429
49513 33175
49514 33687
49515 33431
49516 33174
49517 33430
49518 33686
49519 34197
49520 34709
49521 34453
49522 34199
49523 34711
49524 34455
49525 34198
49526 34454
49527 34710
49528 33941
49529 33942
49530 33943
49531 33428
49532 33684
49533 33940
49534 34196
49535 34452
49536 34708
49537 33172
49538 35217
49539 35729
49540 35473
49541 35219
49542 35731
49543 35475
49544 35218
49545 35474
49546 35730
49547 36241
49548 36753
49549 36497
49550 36243
49551 36755
49552 36499
49553 36242
49554 36498
49555 36754
49556 35985
49557 35986
49558 35987
49559 35221
49560 35733
49561 35477
49562 35223
49563 35735
49564 35479
49565 35222
49566 35478
49567 35734
49568 36245
49569 36757
49570 36501
49571 36247
49572 36759
49573 36503
49574 36246
49575 36502
49576 36758
49577 35989
49578 35990
49579 35991
49580 35220
49581 35476
49582 35732
49583 35988
49584 36244
49585 36500
49586 36756
49587 34965
49588 34963
49589 34966
49590 34964
49591 34961
49592 34962
49593 34967
49594 33177
49595 33689
49596 33433
49597 33179
49598 33691
49599 33435
49600 33178
49601 33434
49602 33690
49603 34201
49604 34713
49605 34457
49606 34203
49607 34715
49608 34459
49609 34202
49610 34458
49611 34714
49612 33945
49613 33946
49614 33947
49615 33181
49616 33693
49617 33437
49618 33183
49619 33695
49620 33439
49621 33182
49622 33438
49623 33694
49624 34205
49625 34717
49626 34461
49627 34207
49628 34719
49629 34463
49630 34206
49631 34462
49632 34718
49633 33949
49634 33950
49635 33951
49636 34716
49637 33180
49638 33692
49639 33436
49640 33948
49641 34204
49642 34460
49643 35225
49644 35737
49645 35481
49646 35227
49647 35739
49648 35483
49649 35226
49650 35482
49651 35738
49652 36249
49653 36761
49654 36505
49655 36251
49656 36763
49657 36507
49658 36250
49659 36506
49660 36762
49661 35993
49662 35994
49663 35995
49664 35229
49665 35741
49666 35485
49667 35231
49668 35743
49669 35487
49670 35230
49671 35486
49672 35742
49673 36253
49674 36765
49675 36509
49676 36255
49677 36767
49678 36511
49679 36254
49680 36510
49681 36766
49682 35997
49683 35998
49684 35999
49685 35484
49686 35740
49687 35996
49688 36252
49689 36508
49690 36764
49691 35228
49692 34969
49693 34970
49694 34973
49695 34971
49696 34974
49697 34975
49698 34972
49699 34712
49700 35736
49701 33176
49702 34200
49703 33944
49704 35992
49705 34968
49706 36248
49707 33432
49708 35480
49709 36504
49710 34456
49711 35224
49712 36760
49713 33688
49714 37265
49715 37777
49716 37521
49717 37267
49718 37779
49719 37523
49720 37266
49721 37522
49722 37778
49723 38289
49724 38801
49725 38545
49726 38291
49727 38803
49728 38547
49729 38290
49730 38546
49731 38802
49732 38033
49733 38034
49734 38035
49735 37269
49736 37781
49737 37525
49738 37271
49739 37783
49740 37527
49741 37270
49742 37526
49743 37782
49744 38293
49745 38805
49746 38549
49747 38295
49748 38807
49749 38551
49750 38294
49751 38550
49752 38806
49753 38037
49754 38038
49755 38039
49756 37268
49757 37524
49758 37780
49759 38548
49760 38036
49761 38292
49762 38804
49763 39313
49764 39825
49765 39569
49766 39315
49767 39827
49768 39571
49769 39314
49770 39570
49771 39826
49772 40337
49773 40849
49774 40593
49775 40339
49776 40851
49777 40595
49778 40338
49779 40594
49780 40850
49781 40081
49782 40082
49783 40083
49784 39317
49785 39829
49786 39573
49787 39319
49788 39831
49789 39575
49790 39318
49791 39574
49792 39830
49793 40341
49794 40853
49795 40597
49796 40343
49797 40855
49798 40599
49799 40342
49800 40598
49801 40854
49802 40085
49803 40086
49804 40087
49805 40596
49806 40340
49807 39572
49808 39316
49809 40084
49810 39828
49811 40852
49812 39060
49813 39057
49814 39061
49815 39062
49816 39058
49817 39059
49818 39063
49819 37273
49820 37785
49821 37529
49822 37275
49823 37787
49824 37531
49825 37274
49826 37530
49827 37786
49828 38297
49829 38809
49830 38553
49831 38299
49832 38811
49833 38555
49834 38298
49835 38554
49836 38810
49837 38041
49838 38042
49839 38043
49840 37277
49841 37789
49842 37533
49843 37279
49844 37791
49845 37535
49846 37278
49847 37534
49848 37790
49849 38301
49850 38813
49851 38557
49852 38303
49853 38815
49854 38559
49855 38302
49856 38558
49857 38814
49858 38045
49859 38046
49860 38047
49861 37276
49862 37788
49863 38044
49864 37532
49865 38300
49866 38812
49867 38556
49868 39321
49869 39833
49870 39577
49871 39323
49872 39835
49873 39579
49874 39322
49875 39578
49876 39834
49877 40345
49878 40857
49879 40601
49880 40347
49881 40859
49882 40603
49883 40346
49884 40602
49885 40858
49886 40089
49887 40090
49888 40091
49889 39325
49890 39837
49891 39581
49892 39327
49893 39839
49894 39583
49895 39326
49896 39582
49897 39838
49898 40349
49899 40861
49900 40605
49901 40351
49902 40863
49903 40607
49904 40350
49905 40606
49906 40862
49907 40093
49908 40094
49909 40095
49910 40860
49911 39324
49912 39580
49913 39836
49914 40092
49915 40348
49916 40604
49917 39070
49918 39071
49919 39065
49920 39069
49921 39068
49922 39066
49923 39067
49924 39064
49925 39320
49926 38040
49927 38552
49928 38296
49929 39576
49930 37784
49931 39832
49932 40088
49933 40856
49934 38808
49935 37272
49936 40600
49937 40344
49938 37528
49939 37009
49940 37011
49941 37012
49942 37013
49943 37014
49944 37015
49945 37016
49946 37010
49947 37017
49948 37018
49949 37019
49950 37020
49951 37021
49952 37022
49953 37023
49954 36752
49955 39824
49956 35216
49957 34704
49958 33680
49959 33424
49960 40592
49961 38288
49962 38032
49963 39568
49964 37776
49965 40848
49966 34960
49967 33168
49968 39312
49969 35472
49970 39056
49971 35728
49972 33936
49973 36240
49974 40336
49975 37264
49976 37008
49977 34192
49978 35984
49979 37520
49980 38544
49981 34448
49982 38800
49983 36496
49984 40080
49985 41345
49986 41857
49987 41601
49988 41347
49989 41859
49990 41603
49991 41346
49992 41602
49993 41858
49994 42369
49995 42881
49996 42625
49997 42371
49998 42883
49999 42627
50000 42370
50001 42626
50002 42882
50003 42113
50004 42114
50005 42115
50006 41349
50007 41861
50008 41605
50009 41351
50010 41863
50011 41607
50012 41350
50013 41606
50014 41862
50015 42373
50016 42885
50017 42629
50018 42375
50019 42887
50020 42631
50021 42374
50022 42630
50023 42886
50024 42117
50025 42118
50026 42119
50027 41860
50028 41348
50029 41604
50030 42116
50031 42372
50032 42628
50033 42884
50034 43393
50035 43905
50036 43649
50037 43395
50038 43907
50039 43651
50040 43394
50041 43650
50042 43906
50043 44417
50044 44929
50045 44673
50046 44419
50047 44931
50048 44675
50049 44418
50050 44674
50051 44930
50052 44161
50053 44162
50054 44163
50055 43397
50056 43909
50057 43653
50058 43399
50059 43911
50060 43655
50061 43398
50062 43654
50063 43910
50064 44421
50065 44933
50066 44677
50067 44423
50068 44935
50069 44679
50070 44422
50071 44678
50072 44934
50073 44165
50074 44166
50075 44167
50076 43396
50077 43908
50078 44420
50079 43652
50080 44164
50081 44676
50082 44932
50083 43142
50084 43141
50085 43137
50086 43143
50087 43140
50088 43139
50089 43138
50090 41353
50091 41865
50092 41609
50093 41355
50094 41867
50095 41611
50096 41354
50097 41610
50098 41866
50099 42377
50100 42889
50101 42633
50102 42379
50103 42891
50104 42635
50105 42378
50106 42634
50107 42890
50108 42121
50109 42122
50110 42123
50111 41357
50112 41869
50113 41613
50114 41359
50115 41871
50116 41615
50117 41358
50118 41614
50119 41870
50120 42381
50121 42893
50122 42637
50123 42383
50124 42895
50125 42639
50126 42382
50127 42638
50128 42894
50129 42125
50130 42126
50131 42127
50132 41356
50133 41612
50134 41868
50135 42124
50136 42380
50137 42892
50138 42636
50139 43401
50140 43913
50141 43657
50142 43403
50143 43915
50144 43659
50145 43402
50146 43658
50147 43914
50148 44425
50149 44937
50150 44681
50151 44427
50152 44939
50153 44683
50154 44426
50155 44682
50156 44938
50157 44169
50158 44170
50159 44171
50160 43405
50161 43917
50162 43661
50163 43407
50164 43919
50165 43663
50166 43406
50167 43662
50168 43918
50169 44429
50170 44941
50171 44685
50172 44431
50173 44943
50174 44687
50175 44430
50176 44686
50177 44942
50178 44173
50179 44174
50180 44175
50181 43660
50182 43916
50183 44172
50184 44940
50185 44428
50186 44684
50187 43404
50188 43145
50189 43146
50190 43147
50191 43149
50192 43148
50193 43150
50194 43151
50195 44424
50196 44680
50197 44936
50198 42632
50199 41864
50200 42376
50201 43400
50202 41608
50203 43656
50204 42888
50205 41352
50206 43144
50207 42120
50208 43912
50209 44168
50210 45441
50211 45953
50212 45697
50213 45443
50214 45955
50215 45699
50216 45442
50217 45698
50218 45954
50219 46465
50220 46977
50221 46721
50222 46467
50223 46979
50224 46723
50225 46466
50226 46722
50227 46978
50228 46209
50229 46210
50230 46211
50231 45445
50232 45957
50233 45701
50234 45447
50235 45959
50236 45703
50237 45446
50238 45702
50239 45958
50240 46469
50241 46981
50242 46725
50243 46471
50244 46983
50245 46727
50246 46470
50247 46726
50248 46982
50249 46213
50250 46214
50251 46215
50252 45444
50253 45956
50254 46212
50255 45700
50256 46468
50257 46724
50258 46980
50259 47489
50260 48001
50261 47745
50262 47491
50263 48003
50264 47747
50265 47490
50266 47746
50267 48002
50268 48513
50269 49025
50270 48769
50271 48515
50272 49027
50273 48771
50274 48514
50275 48770
50276 49026
50277 48257
50278 48258
50279 48259
50280 47493
50281 48005
50282 47749
50283 47495
50284 48007
50285 47751
50286 47494
50287 47750
50288 48006
50289 48517
50290 49029
50291 48773
50292 48519
50293 49031
50294 48775
50295 48518
50296 48774
50297 49030
50298 48261
50299 48262
50300 48263
50301 47492
50302 48004
50303 48516
50304 47748
50305 48260
50306 48772
50307 49028
50308 47235
50309 47233
50310 47236
50311 47239
50312 47234
50313 47238
50314 47237
50315 45449
50316 45961
50317 45705
50318 45451
50319 45963
50320 45707
50321 45450
50322 45706
50323 45962
50324 46473
50325 46985
50326 46729
50327 46475
50328 46987
50329 46731
50330 46474
50331 46730
50332 46986
50333 46217
50334 46218
50335 46219
50336 45453
50337 45965
50338 45709
50339 45455
50340 45967
50341 45711
50342 45454
50343 45710
50344 45966
50345 46477
50346 46989
50347 46733
50348 46479
50349 46991
50350 46735
50351 46478
50352 46734
50353 46990
50354 46221
50355 46222
50356 46223
50357 45452
50358 46220
50359 45708
50360 45964
50361 46476
50362 46732
50363 46988
50364 47497
50365 48009
50366 47753
50367 47499
50368 48011
50369 47755
50370 47498
50371 47754
50372 48010
50373 48521
50374 49033
50375 48777
50376 48523
50377 49035
50378 48779
50379 48522
50380 48778
50381 49034
50382 48265
50383 48266
50384 48267
50385 47501
50386 48013
50387 47757
50388 47503
50389 48015
50390 47759
50391 47502
50392 47758
50393 48014
50394 48525
50395 49037
50396 48781
50397 48527
50398 49039
50399 48783
50400 48526
50401 48782
50402 49038
50403 48269
50404 48270
50405 48271
50406 47500
50407 48012
50408 48524
50409 48268
50410 48780
50411 47756
50412 49036
50413 47241
50414 47242
50415 47247
50416 47245
50417 47243
50418 47246
50419 47244
50420 45960
50421 46728
50422 48520
50423 48008
50424 47752
50425 46216
50426 47496
50427 46984
50428 48264
50429 46472
50430 45448
50431 49032
50432 47240
50433 48776
50434 45704
50435 45187
50436 45189
50437 45190
50438 45185
50439 45196
50440 45195
50441 45188
50442 45194
50443 45198
50444 45193
50445 45197
50446 45192
50447 45199
50448 45191
50449 45186
50450 41361
50451 41873
50452 41617
50453 41363
50454 41875
50455 41619
50456 41362
50457 41618
50458 41874
50459 42385
50460 42897
50461 42641
50462 42387
50463 42899
50464 42643
50465 42386
50466 42642
50467 42898
50468 42129
50469 42130
50470 42131
50471 41365
50472 41877
50473 41621
50474 41367
50475 41879
50476 41623
50477 41366
50478 41622
50479 41878
50480 42389
50481 42901
50482 42645
50483 42391
50484 42903
50485 42647
50486 42390
50487 42646
50488 42902
50489 42133
50490 42134
50491 42135
50492 42900
50493 41364
50494 42388
50495 42644
50496 41620
50497 41876
50498 42132
50499 43409
50500 43921
50501 43665
50502 43411
50503 43923
50504 43667
50505 43410
50506 43666
50507 43922
50508 44433
50509 44945
50510 44689
50511 44435
50512 44947
50513 44691
50514 44434
50515 44690
50516 44946
50517 44177
50518 44178
50519 44179
50520 43413
50521 43925
50522 43669
50523 43415
50524 43927
50525 43671
50526 43414
50527 43670
50528 43926
50529 44437
50530 44949
50531 44693
50532 44439
50533 44951
50534 44695
50535 44438
50536 44694
50537 44950
50538 44181
50539 44182
50540 44183
50541 43668
50542 43924
50543 44180
50544 43412
50545 44436
50546 44692
50547 44948
50548 43159
50549 43154
50550 43155
50551 43153
50552 43156
50553 43157
50554 43158
50555 41369
50556 41881
50557 41625
50558 41371
50559 41883
50560 41627
50561 41370
50562 41626
50563 41882
50564 42393
50565 42905
50566 42649
50567 42395
50568 42907
50569 42651
50570 42394
50571 42650
50572 42906
50573 42137
50574 42138
50575 42139
50576 41373
50577 41885
50578 41629
50579 41375
50580 41887
50581 41631
50582 41374
50583 41630
50584 41886
50585 42397
50586 42909
50587 42653
50588 42399
50589 42911
50590 42655
50591 42398
50592 42654
50593 42910
50594 42141
50595 42142
50596 42143
50597 41628
50598 42140
50599 41884
50600 42396
50601 42652
50602 41372
50603 42908
50604 43417
50605 43929
50606 43673
50607 43419
50608 43931
50609 43675
50610 43418
50611 43674
50612 43930
50613 44441
50614 44953
50615 44697
50616 44443
50617 44955
50618 44699
50619 44442
50620 44698
50621 44954
50622 44185
50623 44186
50624 44187
50625 43421
50626 43933
50627 43677
50628 43423
50629 43935
50630 43679
50631 43422
50632 43678
50633 43934
50634 44445
50635 44957
50636 44701
50637 44447
50638 44959
50639 44703
50640 44446
50641 44702
50642 44958
50643 44189
50644 44190
50645 44191
50646 43420
50647 44956
50648 43932
50649 43676
50650 44444
50651 44700
50652 44188
50653 43166
50654 43164
50655 43162
50656 43161
50657 43163
50658 43165
50659 43167
50660 43928
50661 43672
50662 42904
50663 41624
50664 42648
50665 41368
50666 42392
50667 44184
50668 43416
50669 44440
50670 44952
50671 43160
50672 42136
50673 44696
50674 41880
50675 45457
50676 45969
50677 45713
50678 45459
50679 45971
50680 45715
50681 45458
50682 45714
50683 45970
50684 46481
50685 46993
50686 46737
50687 46483
50688 46995
50689 46739
50690 46482
50691 46738
50692 46994
50693 46225
50694 46226
50695 46227
50696 45461
50697 45973
50698 45717
50699 45463
50700 45975
50701 45719
50702 45462
50703 45718
50704 45974
50705 46485
50706 46997
50707 46741
50708 46487
50709 46999
50710 46743
50711 46486
50712 46742
50713 46998
50714 46229
50715 46230
50716 46231
50717 45460
50718 45716
50719 46228
50720 45972
50721 46484
50722 46740
50723 46996
50724 47505
50725 48017
50726 47761
50727 47507
50728 48019
50729 47763
50730 47506
50731 47762
50732 48018
50733 48529
50734 49041
50735 48785
50736 48531
50737 49043
50738 48787
50739 48530
50740 48786
50741 49042
50742 48273
50743 48274
50744 48275
50745 47509
50746 48021
50747 47765
50748 47511
50749 48023
50750 47767
50751 47510
50752 47766
50753 48022
50754 48533
50755 49045
50756 48789
50757 48535
50758 49047
50759 48791
50760 48534
50761 48790
50762 49046
50763 48277
50764 48278
50765 48279
50766 47508
50767 49044
50768 48020
50769 48276
50770 48532
50771 48788
50772 47764
50773 47249
50774 47252
50775 47254
50776 47255
50777 47250
50778 47251
50779 47253
50780 45465
50781 45977
50782 45721
50783 45467
50784 45979
50785 45723
50786 45466
50787 45722
50788 45978
50789 46489
50790 47001
50791 46745
50792 46491
50793 47003
50794 46747
50795 46490
50796 46746
50797 47002
50798 46233
50799 46234
50800 46235
50801 45469
50802 45981
50803 45725
50804 45471
50805 45983
50806 45727
50807 45470
50808 45726
50809 45982
50810 46493
50811 47005
50812 46749
50813 46495
50814 47007
50815 46751
50816 46494
50817 46750
50818 47006
50819 46237
50820 46238
50821 46239
50822 45468
50823 45724
50824 45980
50825 47004
50826 46236
50827 46492
50828 46748
50829 47513
50830 48025
50831 47769
50832 47515
50833 48027
50834 47771
50835 47514
50836 47770
50837 48026
50838 48537
50839 49049
50840 48793
50841 48539
50842 49051
50843 48795
50844 48538
50845 48794
50846 49050
50847 48281
50848 48282
50849 48283
50850 47517
50851 48029
50852 47773
50853 47519
50854 48031
50855 47775
50856 47518
50857 47774
50858 48030
50859 48541
50860 49053
50861 48797
50862 48543
50863 49055
50864 48799
50865 48542
50866 48798
50867 49054
50868 48285
50869 48286
50870 48287
50871 47516
50872 47772
50873 48028
50874 48284
50875 48540
50876 48796
50877 49052
50878 47262
50879 47259
50880 47263
50881 47260
50882 47258
50883 47261
50884 47257
50885 45464
50886 45976
50887 46232
50888 46488
50889 46744
50890 47000
50891 47256
50892 45720
50893 47512
50894 47768
50895 48024
50896 48280
50897 48536
50898 48792
50899 49048
50900 45213
50901 45203
50902 45214
50903 45210
50904 45212
50905 45208
50906 45209
50907 45207
50908 45204
50909 45215
50910 45206
50911 45205
50912 45201
50913 45211
50914 45202
50915 48784
50916 49040
50917 43408
50918 47504
50919 41360
50920 45456
50921 43152
50922 45712
50923 41616
50924 42384
50925 45200
50926 44944
50927 48016
50928 48272
50929 41872
50930 42896
50931 44432
50932 46992
50933 42640
50934 48528
50935 42128
50936 47760
50937 43920
50938 46736
50939 44176
50940 47248
50941 46224
50942 44688
50943 43664
50944 46480
50945 45968
50946 41105
50947 41098
50948 41089
50949 41107
50950 41097
50951 41110
50952 41096
50953 41092
50954 41091
50955 41106
50956 41118
50957 41119
50958 41111
50959 41093
50960 41099
50961 41115
50962 41090
50963 41113
50964 41103
50965 41102
50966 41114
50967 41094
50968 41108
50969 41104
50970 41101
50971 41117
50972 41109
50973 41112
50974 41116
50975 41095
50976 41100
50977 33185
50978 33697
50979 33441
50980 33187
50981 33699
50982 33443
50983 33186
50984 33442
50985 33698
50986 34209
50987 34721
50988 34465
50989 34211
50990 34723
50991 34467
50992 34210
50993 34466
50994 34722
50995 33953
50996 33954
50997 33955
50998 33189
50999 33701
51000 33445
51001 33191
51002 33703
51003 33447
51004 33190
51005 33446
51006 33702
51007 34213
51008 34725
51009 34469
51010 34215
51011 34727
51012 34471
51013 34214
51014 34470
51015 34726
51016 33957
51017 33958
51018 33959
51019 33444
51020 33700
51021 33956
51022 34724
51023 34212
51024 34468
51025 33188
51026 35233
51027 35745
51028 35489
51029 35235
51030 35747
51031 35491
51032 35234
51033 35490
51034 35746
51035 36257
51036 36769
51037 36513
51038 36259
51039 36771
51040 36515
51041 36258
51042 36514
51043 36770
51044 36001
51045 36002
51046 36003
51047 35237
51048 35749
51049 35493
51050 35239
51051 35751
51052 35495
51053 35238
51054 35494
51055 35750
51056 36261
51057 36773
51058 36517
51059 36263
51060 36775
51061 36519
51062 36262
51063 36518
51064 36774
51065 36005
51066 36006
51067 36007
51068 35236
51069 35492
51070 35748
51071 36004
51072 36260
51073 36516
51074 36772
51075 34983
51076 34982
51077 34977
51078 34978
51079 34979
51080 34980
51081 34981
51082 33193
51083 33705
51084 33449
51085 33195
51086 33707
51087 33451
51088 33194
51089 33450
51090 33706
51091 34217
51092 34729
51093 34473
51094 34219
51095 34731
51096 34475
51097 34218
51098 34474
51099 34730
51100 33961
51101 33962
51102 33963
51103 33197
51104 33709
51105 33453
51106 33199
51107 33711
51108 33455
51109 33198
51110 33454
51111 33710
51112 34221
51113 34733
51114 34477
51115 34223
51116 34735
51117 34479
51118 34222
51119 34478
51120 34734
51121 33965
51122 33966
51123 33967
51124 33196
51125 33452
51126 33708
51127 34732
51128 33964
51129 34220
51130 34476
51131 35241
51132 35753
51133 35497
51134 35243
51135 35755
51136 35499
51137 35242
51138 35498
51139 35754
51140 36265
51141 36777
51142 36521
51143 36267
51144 36779
51145 36523
51146 36266
51147 36522
51148 36778
51149 36009
51150 36010
51151 36011
51152 35245
51153 35757
51154 35501
51155 35247
51156 35759
51157 35503
51158 35246
51159 35502
51160 35758
51161 36269
51162 36781
51163 36525
51164 36271
51165 36783
51166 36527
51167 36270
51168 36526
51169 36782
51170 36013
51171 36014
51172 36015
51173 35244
51174 35500
51175 35756
51176 36780
51177 36012
51178 36268
51179 36524
51180 34986
51181 34987
51182 34988
51183 34985
51184 34989
51185 34990
51186 34991
51187 34728
51188 33704
51189 34216
51190 33960
51191 33192
51192 34984
51193 34472
51194 35496
51195 33448
51196 35240
51197 36776
51198 35752
51199 36008
51200 36520
51201 36264
51202 37281
51203 37793
51204 37537
51205 37283
51206 37795
51207 37539
51208 37282
51209 37538
51210 37794
51211 38305
51212 38817
51213 38561
51214 38307
51215 38819
51216 38563
51217 38306
51218 38562
51219 38818
51220 38049
51221 38050
51222 38051
51223 37285
51224 37797
51225 37541
51226 37287
51227 37799
51228 37543
51229 37286
51230 37542
51231 37798
51232 38309
51233 38821
51234 38565
51235 38311
51236 38823
51237 38567
51238 38310
51239 38566
51240 38822
51241 38053
51242 38054
51243 38055
51244 37284
51245 37540
51246 38052
51247 37796
51248 38308
51249 38564
51250 38820
51251 39329
51252 39841
51253 39585
51254 39331
51255 39843
51256 39587
51257 39330
51258 39586
51259 39842
51260 40353
51261 40865
51262 40609
51263 40355
51264 40867
51265 40611
51266 40354
51267 40610
51268 40866
51269 40097
51270 40098
51271 40099
51272 39333
51273 39845
51274 39589
51275 39335
51276 39847
51277 39591
51278 39334
51279 39590
51280 39846
51281 40357
51282 40869
51283 40613
51284 40359
51285 40871
51286 40615
51287 40358
51288 40614
51289 40870
51290 40101
51291 40102
51292 40103
51293 39332
51294 39588
51295 40356
51296 40868
51297 39844
51298 40612
51299 40100
51300 39078
51301 39079
51302 39075
51303 39074
51304 39073
51305 39077
51306 39076
51307 37289
51308 37801
51309 37545
51310 37291
51311 37803
51312 37547
51313 37290
51314 37546
51315 37802
51316 38313
51317 38825
51318 38569
51319 38315
51320 38827
51321 38571
51322 38314
51323 38570
51324 38826
51325 38057
51326 38058
51327 38059
51328 37293
51329 37805
51330 37549
51331 37295
51332 37807
51333 37551
51334 37294
51335 37550
51336 37806
51337 38317
51338 38829
51339 38573
51340 38319
51341 38831
51342 38575
51343 38318
51344 38574
51345 38830
51346 38061
51347 38062
51348 38063
51349 37292
51350 38060
51351 38316
51352 37804
51353 38572
51354 37548
51355 38828
51356 39337
51357 39849
51358 39593
51359 39339
51360 39851
51361 39595
51362 39338
51363 39594
51364 39850
51365 40361
51366 40873
51367 40617
51368 40363
51369 40875
51370 40619
51371 40362
51372 40618
51373 40874
51374 40105
51375 40106
51376 40107
51377 39341
51378 39853
51379 39597
51380 39343
51381 39855
51382 39599
51383 39342
51384 39598
51385 39854
51386 40365
51387 40877
51388 40621
51389 40367
51390 40879
51391 40623
51392 40366
51393 40622
51394 40878
51395 40109
51396 40110
51397 40111
51398 39340
51399 39596
51400 40364
51401 39852
51402 40108
51403 40620
51404 40876
51405 39085
51406 39081
51407 39083
51408 39082
51409 39084
51410 39086
51411 39087
51412 40872
51413 37288
51414 37800
51415 38312
51416 39080
51417 40616
51418 37544
51419 38568
51420 38824
51421 40360
51422 39336
51423 38056
51424 39848
51425 40104
51426 39592
51427 37031
51428 37029
51429 37035
51430 37033
51431 37032
51432 37030
51433 37038
51434 37037
51435 37036
51436 37039
51437 37026
51438 37027
51439 37028
51440 37025
51441 37034
51442 33201
51443 33713
51444 33457
51445 33203
51446 33715
51447 33459
51448 33202
51449 33458
51450 33714
51451 34225
51452 34737
51453 34481
51454 34227
51455 34739
51456 34483
51457 34226
51458 34482
51459 34738
51460 33969
51461 33970
51462 33971
51463 33205
51464 33717
51465 33461
51466 33207
51467 33719
51468 33463
51469 33206
51470 33462
51471 33718
51472 34229
51473 34741
51474 34485
51475 34231
51476 34743
51477 34487
51478 34230
51479 34486
51480 34742
51481 33973
51482 33974
51483 33975
51484 33204
51485 33460
51486 33972
51487 33716
51488 34228
51489 34484
51490 34740
51491 35249
51492 35761
51493 35505
51494 35251
51495 35763
51496 35507
51497 35250
51498 35506
51499 35762
51500 36273
51501 36785
51502 36529
51503 36275
51504 36787
51505 36531
51506 36274
51507 36530
51508 36786
51509 36017
51510 36018
51511 36019
51512 35253
51513 35765
51514 35509
51515 35255
51516 35767
51517 35511
51518 35254
51519 35510
51520 35766
51521 36277
51522 36789
51523 36533
51524 36279
51525 36791
51526 36535
51527 36278
51528 36534
51529 36790
51530 36021
51531 36022
51532 36023
51533 35252
51534 35508
51535 36020
51536 35764
51537 36276
51538 36532
51539 36788
51540 34996
51541 34998
51542 34993
51543 34994
51544 34999
51545 34995
51546 34997
51547 33209
51548 33721
51549 33465
51550 33211
51551 33723
51552 33467
51553 33210
51554 33466
51555 33722
51556 34233
51557 34745
51558 34489
51559 34235
51560 34747
51561 34491
51562 34234
51563 34490
51564 34746
51565 33977
51566 33978
51567 33979
51568 33213
51569 33725
51570 33469
51571 33215
51572 33727
51573 33471
51574 33214
51575 33470
51576 33726
51577 34237
51578 34749
51579 34493
51580 34239
51581 34751
51582 34495
51583 34238
51584 34494
51585 34750
51586 33981
51587 33982
51588 33983
51589 33212
51590 33468
51591 33724
51592 33980
51593 34236
51594 34492
51595 34748
51596 35257
51597 35769
51598 35513
51599 35259
51600 35771
51601 35515
51602 35258
51603 35514
51604 35770
51605 36281
51606 36793
51607 36537
51608 36283
51609 36795
51610 36539
51611 36282
51612 36538
51613 36794
51614 36025
51615 36026
51616 36027
51617 35261
51618 35773
51619 35517
51620 35263
51621 35775
51622 35519
51623 35262
51624 35518
51625 35774
51626 36285
51627 36797
51628 36541
51629 36287
51630 36799
51631 36543
51632 36286
51633 36542
51634 36798
51635 36029
51636 36030
51637 36031
51638 35516
51639 35772
51640 36028
51641 36796
51642 36284
51643 36540
51644 35260
51645 35001
51646 35007
51647 35004
51648 35002
51649 35005
51650 35006
51651 35003
51652 36024
51653 35256
51654 36280
51655 35512
51656 33976
51657 34488
51658 33720
51659 36536
51660 35000
51661 36792
51662 34744
51663 33208
51664 35768
51665 34232
51666 33464
51667 37297
51668 37809
51669 37553
51670 37299
51671 37811
51672 37555
51673 37298
51674 37554
51675 37810
51676 38321
51677 38833
51678 38577
51679 38323
51680 38835
51681 38579
51682 38322
51683 38578
51684 38834
51685 38065
51686 38066
51687 38067
51688 37301
51689 37813
51690 37557
51691 37303
51692 37815
51693 37559
51694 37302
51695 37558
51696 37814
51697 38325
51698 38837
51699 38581
51700 38327
51701 38839
51702 38583
51703 38326
51704 38582
51705 38838
51706 38069
51707 38070
51708 38071
51709 38836
51710 37300
51711 38068
51712 37556
51713 38580
51714 38324
51715 37812
51716 39345
51717 39857
51718 39601
51719 39347
51720 39859
51721 39603
51722 39346
51723 39602
51724 39858
51725 40369
51726 40881
51727 40625
51728 40371
51729 40883
51730 40627
51731 40370
51732 40626
51733 40882
51734 40113
51735 40114
51736 40115
51737 39349
51738 39861
51739 39605
51740 39351
51741 39863
51742 39607
51743 39350
51744 39606
51745 39862
51746 40373
51747 40885
51748 40629
51749 40375
51750 40887
51751 40631
51752 40374
51753 40630
51754 40886
51755 40117
51756 40118
51757 40119
51758 39348
51759 39604
51760 40116
51761 40372
51762 39860
51763 40884
51764 40628
51765 39094
51766 39089
51767 39093
51768 39091
51769 39090
51770 39095
51771 39092
51772 37305
51773 37817
51774 37561
51775 37307
51776 37819
51777 37563
51778 37306
51779 37562
51780 37818
51781 38329
51782 38841
51783 38585
51784 38331
51785 38843
51786 38587
51787 38330
51788 38586
51789 38842
51790 38073
51791 38074
51792 38075
51793 37309
51794 37821
51795 37565
51796 37311
51797 37823
51798 37567
51799 37310
51800 37566
51801 37822
51802 38333
51803 38845
51804 38589
51805 38335
51806 38847
51807 38591
51808 38334
51809 38590
51810 38846
51811 38077
51812 38078
51813 38079
51814 37308
51815 38076
51816 37564
51817 37820
51818 38332
51819 38588
51820 38844
51821 39353
51822 39865
51823 39609
51824 39355
51825 39867
51826 39611
51827 39354
51828 39610
51829 39866
51830 40377
51831 40889
51832 40633
51833 40379
51834 40891
51835 40635
51836 40378
51837 40634
51838 40890
51839 40121
51840 40122
51841 40123
51842 39357
51843 39869
51844 39613
51845 39359
51846 39871
51847 39615
51848 39358
51849 39614
51850 39870
51851 40381
51852 40893
51853 40637
51854 40383
51855 40895
51856 40639
51857 40382
51858 40638
51859 40894
51860 40125
51861 40126
51862 40127
51863 39356
51864 39612
51865 39868
51866 40380
51867 40124
51868 40636
51869 40892
51870 39100
51871 39101
51872 39097
51873 39103
51874 39098
51875 39102
51876 39099
51877 40376
51878 39352
51879 37304
51880 40632
51881 39096
51882 37816
51883 38328
51884 40888
51885 39608
51886 38072
51887 37560
51888 39864
51889 38840
51890 40120
51891 38584
51892 37041
51893 37042
51894 37043
51895 37044
51896 37045
51897 37046
51898 37047
51899 37050
51900 37048
51901 37049
51902 37051
51903 37052
51904 37053
51905 37054
51906 37055
51907 35504
51908 38320
51909 37040
51910 35760
51911 37552
51912 40368
51913 36016
51914 36272
51915 33200
51916 39856
51917 33456
51918 39600
51919 37296
51920 37808
51921 33712
51922 40624
51923 39344
51924 33968
51925 34224
51926 39088
51927 34480
51928 40880
51929 34736
51930 36784
51931 36528
51932 38064
51933 38832
51934 34992
51935 35248
51936 38576
51937 40112
51938 41377
51939 41889
51940 41633
51941 41379
51942 41891
51943 41635
51944 41378
51945 41634
51946 41890
51947 42401
51948 42913
51949 42657
51950 42403
51951 42915
51952 42659
51953 42402
51954 42658
51955 42914
51956 42145
51957 42146
51958 42147
51959 41381
51960 41893
51961 41637
51962 41383
51963 41895
51964 41639
51965 41382
51966 41638
51967 41894
51968 42405
51969 42917
51970 42661
51971 42407
51972 42919
51973 42663
51974 42406
51975 42662
51976 42918
51977 42149
51978 42150
51979 42151
51980 41380
51981 41892
51982 41636
51983 42148
51984 42404
51985 42660
51986 42916
51987 43425
51988 43937
51989 43681
51990 43427
51991 43939
51992 43683
51993 43426
51994 43682
51995 43938
51996 44449
51997 44961
51998 44705
51999 44451
52000 44963
52001 44707
52002 44450
52003 44706
52004 44962
52005 44193
52006 44194
52007 44195
52008 43429
52009 43941
52010 43685
52011 43431
52012 43943
52013 43687
52014 43430
52015 43686
52016 43942
52017 44453
52018 44965
52019 44709
52020 44455
52021 44967
52022 44711
52023 44454
52024 44710
52025 44966
52026 44197
52027 44198
52028 44199
52029 43684
52030 43940
52031 44452
52032 44708
52033 43428
52034 44964
52035 44196
52036 43173
52037 43174
52038 43171
52039 43169
52040 43172
52041 43170
52042 43175
52043 41385
52044 41897
52045 41641
52046 41387
52047 41899
52048 41643
52049 41386
52050 41642
52051 41898
52052 42409
52053 42921
52054 42665
52055 42411
52056 42923
52057 42667
52058 42410
52059 42666
52060 42922
52061 42153
52062 42154
52063 42155
52064 41389
52065 41901
52066 41645
52067 41391
52068 41903
52069 41647
52070 41390
52071 41646
52072 41902
52073 42413
52074 42925
52075 42669
52076 42415
52077 42927
52078 42671
52079 42414
52080 42670
52081 42926
52082 42157
52083 42158
52084 42159
52085 41644
52086 41900
52087 42156
52088 41388
52089 42412
52090 42668
52091 42924
52092 43433
52093 43945
52094 43689
52095 43435
52096 43947
52097 43691
52098 43434
52099 43690
52100 43946
52101 44457
52102 44969
52103 44713
52104 44459
52105 44971
52106 44715
52107 44458
52108 44714
52109 44970
52110 44201
52111 44202
52112 44203
52113 43437
52114 43949
52115 43693
52116 43439
52117 43951
52118 43695
52119 43438
52120 43694
52121 43950
52122 44461
52123 44973
52124 44717
52125 44463
52126 44975
52127 44719
52128 44462
52129 44718
52130 44974
52131 44205
52132 44206
52133 44207
52134 43692
52135 43436
52136 44460
52137 43948
52138 44716
52139 44204
52140 44972
52141 43177
52142 43180
52143 43179
52144 43178
52145 43182
52146 43181
52147 43183
52148 43176
52149 43688
52150 44456
52151 43432
52152 42408
52153 42152
52154 44200
52155 41384
52156 44712
52157 43944
52158 44968
52159 42664
52160 41896
52161 41640
52162 42920
52163 45473
52164 45985
52165 45729
52166 45475
52167 45987
52168 45731
52169 45474
52170 45730
52171 45986
52172 46497
52173 47009
52174 46753
52175 46499
52176 47011
52177 46755
52178 46498
52179 46754
52180 47010
52181 46241
52182 46242
52183 46243
52184 45477
52185 45989
52186 45733
52187 45479
52188 45991
52189 45735
52190 45478
52191 45734
52192 45990
52193 46501
52194 47013
52195 46757
52196 46503
52197 47015
52198 46759
52199 46502
52200 46758
52201 47014
52202 46245
52203 46246
52204 46247
52205 45732
52206 45988
52207 46244
52208 45476
52209 46500
52210 46756
52211 47012
52212 47521
52213 48033
52214 47777
52215 47523
52216 48035
52217 47779
52218 47522
52219 47778
52220 48034
52221 48545
52222 49057
52223 48801
52224 48547
52225 49059
52226 48803
52227 48546
52228 48802
52229 49058
52230 48289
52231 48290
52232 48291
52233 47525
52234 48037
52235 47781
52236 47527
52237 48039
52238 47783
52239 47526
52240 47782
52241 48038
52242 48549
52243 49061
52244 48805
52245 48551
52246 49063
52247 48807
52248 48550
52249 48806
52250 49062
52251 48293
52252 48294
52253 48295
52254 49060
52255 47524
52256 47780
52257 48036
52258 48292
52259 48548
52260 48804
52261 47267
52262 47271
52263 47270
52264 47265
52265 47268
52266 47269
52267 47266
52268 45481
52269 45993
52270 45737
52271 45483
52272 45995
52273 45739
52274 45482
52275 45738
52276 45994
52277 46505
52278 47017
52279 46761
52280 46507
52281 47019
52282 46763
52283 46506
52284 46762
52285 47018
52286 46249
52287 46250
52288 46251
52289 45485
52290 45997
52291 45741
52292 45487
52293 45999
52294 45743
52295 45486
52296 45742
52297 45998
52298 46509
52299 47021
52300 46765
52301 46511
52302 47023
52303 46767
52304 46510
52305 46766
52306 47022
52307 46253
52308 46254
52309 46255
52310 47020
52311 45484
52312 46508
52313 45740
52314 45996
52315 46252
52316 46764
52317 47529
52318 48041
52319 47785
52320 47531
52321 48043
52322 47787
52323 47530
52324 47786
52325 48042
52326 48553
52327 49065
52328 48809
52329 48555
52330 49067
52331 48811
52332 48554
52333 48810
52334 49066
52335 48297
52336 48298
52337 48299
52338 47533
52339 48045
52340 47789
52341 47535
52342 48047
52343 47791
52344 47534
52345 47790
52346 48046
52347 48557
52348 49069
52349 48813
52350 48559
52351 49071
52352 48815
52353 48558
52354 48814
52355 49070
52356 48301
52357 48302
52358 48303
52359 47532
52360 47788
52361 48556
52362 48300
52363 48044
52364 48812
52365 49068
52366 47274
52367 47279
52368 47275
52369 47278
52370 47273
52371 47277
52372 47276
52373 47528
52374 48040
52375 47272
52376 46760
52377 48296
52378 47784
52379 45736
52380 48552
52381 45992
52382 45480
52383 47016
52384 46248
52385 49064
52386 46504
52387 48808
52388 45231
52389 45217
52390 45218
52391 45219
52392 45221
52393 45222
52394 45223
52395 45220
52396 45224
52397 45225
52398 45226
52399 45227
52400 45228
52401 45229
52402 45230
52403 41393
52404 41905
52405 41649
52406 41395
52407 41907
52408 41651
52409 41394
52410 41650
52411 41906
52412 42417
52413 42929
52414 42673
52415 42419
52416 42931
52417 42675
52418 42418
52419 42674
52420 42930
52421 42161
52422 42162
52423 42163
52424 41397
52425 41909
52426 41653
52427 41399
52428 41911
52429 41655
52430 41398
52431 41654
52432 41910
52433 42421
52434 42933
52435 42677
52436 42423
52437 42935
52438 42679
52439 42422
52440 42678
52441 42934
52442 42165
52443 42166
52444 42167
52445 42932
52446 41396
52447 41908
52448 41652
52449 42164
52450 42420
52451 42676
52452 43441
52453 43953
52454 43697
52455 43443
52456 43955
52457 43699
52458 43442
52459 43698
52460 43954
52461 44465
52462 44977
52463 44721
52464 44467
52465 44979
52466 44723
52467 44466
52468 44722
52469 44978
52470 44209
52471 44210
52472 44211
52473 43445
52474 43957
52475 43701
52476 43447
52477 43959
52478 43703
52479 43446
52480 43702
52481 43958
52482 44469
52483 44981
52484 44725
52485 44471
52486 44983
52487 44727
52488 44470
52489 44726
52490 44982
52491 44213
52492 44214
52493 44215
52494 43444
52495 44468
52496 44212
52497 44724
52498 43956
52499 44980
52500 43700
52501 43191
52502 43185
52503 43187
52504 43189
52505 43186
52506 43190
52507 43188
52508 41401
52509 41913
52510 41657
52511 41403
52512 41915
52513 41659
52514 41402
52515 41658
52516 41914
52517 42425
52518 42937
52519 42681
52520 42427
52521 42939
52522 42683
52523 42426
52524 42682
52525 42938
52526 42169
52527 42170
52528 42171
52529 41405
52530 41917
52531 41661
52532 41407
52533 41919
52534 41663
52535 41406
52536 41662
52537 41918
52538 42429
52539 42941
52540 42685
52541 42431
52542 42943
52543 42687
52544 42430
52545 42686
52546 42942
52547 42173
52548 42174
52549 42175
52550 41404
52551 41660
52552 41916
52553 42940
52554 42172
52555 42428
52556 42684
52557 43449
52558 43961
52559 43705
52560 43451
52561 43963
52562 43707
52563 43450
52564 43706
52565 43962
52566 44473
52567 44985
52568 44729
52569 44475
52570 44987
52571 44731
52572 44474
52573 44730
52574 44986
52575 44217
52576 44218
52577 44219
52578 43453
52579 43965
52580 43709
52581 43455
52582 43967
52583 43711
52584 43454
52585 43710
52586 43966
52587 44477
52588 44989
52589 44733
52590 44479
52591 44991
52592 44735
52593 44478
52594 44734
52595 44990
52596 44221
52597 44222
52598 44223
52599 43452
52600 44220
52601 44988
52602 43964
52603 43708
52604 44476
52605 44732
52606 43193
52607 43194
52608 43195
52609 43196
52610 43197
52611 43198
52612 43199
52613 42424
52614 41912
52615 42936
52616 42680
52617 43960
52618 41656
52619 41400
52620 44472
52621 44216
52622 44728
52623 42168
52624 43448
52625 43192
52626 44984
52627 43704
52628 45489
52629 46001
52630 45745
52631 45491
52632 46003
52633 45747
52634 45490
52635 45746
52636 46002
52637 46513
52638 47025
52639 46769
52640 46515
52641 47027
52642 46771
52643 46514
52644 46770
52645 47026
52646 46257
52647 46258
52648 46259
52649 45493
52650 46005
52651 45749
52652 45495
52653 46007
52654 45751
52655 45494
52656 45750
52657 46006
52658 46517
52659 47029
52660 46773
52661 46519
52662 47031
52663 46775
52664 46518
52665 46774
52666 47030
52667 46261
52668 46262
52669 46263
52670 45492
52671 45748
52672 46260
52673 46772
52674 46004
52675 46516
52676 47028
52677 47537
52678 48049
52679 47793
52680 47539
52681 48051
52682 47795
52683 47538
52684 47794
52685 48050
52686 48561
52687 49073
52688 48817
52689 48563
52690 49075
52691 48819
52692 48562
52693 48818
52694 49074
52695 48305
52696 48306
52697 48307
52698 47541
52699 48053
52700 47797
52701 47543
52702 48055
52703 47799
52704 47542
52705 47798
52706 48054
52707 48565
52708 49077
52709 48821
52710 48567
52711 49079
52712 48823
52713 48566
52714 48822
52715 49078
52716 48309
52717 48310
52718 48311
52719 47540
52720 47796
52721 48308
52722 48564
52723 48820
52724 48052
52725 49076
52726 47281
52727 47285
52728 47284
52729 47286
52730 47283
52731 47282
52732 47287
52733 45497
52734 46009
52735 45753
52736 45499
52737 46011
52738 45755
52739 45498
52740 45754
52741 46010
52742 46521
52743 47033
52744 46777
52745 46523
52746 47035
52747 46779
52748 46522
52749 46778
52750 47034
52751 46265
52752 46266
52753 46267
52754 45501
52755 46013
52756 45757
52757 45503
52758 46015
52759 45759
52760 45502
52761 45758
52762 46014
52763 46525
52764 47037
52765 46781
52766 46527
52767 47039
52768 46783
52769 46526
52770 46782
52771 47038
52772 46269
52773 46270
52774 46271
52775 45500
52776 45756
52777 46524
52778 46012
52779 46268
52780 46780
52781 47036
52782 47545
52783 48057
52784 47801
52785 47547
52786 48059
52787 47803
52788 47546
52789 47802
52790 48058
52791 48569
52792 49081
52793 48825
52794 48571
52795 49083
52796 48827
52797 48570
52798 48826
52799 49082
52800 48313
52801 48314
52802 48315
52803 47549
52804 48061
52805 47805
52806 47551
52807 48063
52808 47807
52809 47550
52810 47806
52811 48062
52812 48573
52813 49085
52814 48829
52815 48575
52816 49087
52817 48831
52818 48574
52819 48830
52820 49086
52821 48317
52822 48318
52823 48319
52824 48572
52825 48316
52826 47548
52827 47804
52828 48060
52829 48828
52830 49084
52831 47289
52832 47290
52833 47291
52834 47292
52835 47293
52836 47294
52837 47295
52838 47544
52839 48056
52840 45752
52841 45496
52842 47032
52843 46776
52844 48312
52845 46008
52846 46264
52847 48824
52848 48568
52849 47288
52850 47800
52851 46520
52852 49080
52853 45233
52854 45242
52855 45234
52856 45243
52857 45246
52858 45239
52859 45237
52860 45244
52861 45235
52862 45245
52863 45241
52864 45236
52865 45240
52866 45247
52867 45238
52868 42672
52869 45232
52870 47024
52871 41392
52872 42416
52873 48560
52874 46000
52875 46256
52876 47536
52877 48304
52878 44720
52879 47280
52880 43952
52881 44464
52882 47792
52883 42928
52884 46512
52885 48048
52886 44976
52887 44208
52888 42160
52889 45744
52890 43440
52891 43184
52892 48816
52893 45488
52894 46768
52895 43696
52896 49072
52897 41904
52898 41648
52899 41121
52900 41122
52901 41123
52902 41124
52903 41125
52904 41126
52905 41127
52906 41128
52907 41129
52908 41130
52909 41131
52910 41132
52911 41133
52912 41134
52913 41135
52914 41140
52915 41136
52916 41137
52917 41138
52918 41139
52919 41141
52920 41142
52921 41143
52922 41144
52923 41145
52924 41146
52925 41147
52926 41148
52927 41149
52928 41150
52929 41151
52930 33440
52931 33696
52932 33952
52933 34208
52934 34464
52935 34720
52936 34976
52937 35232
52938 35488
52939 35744
52940 36000
52941 36256
52942 36512
52943 36768
52944 37024
52945 37280
52946 37536
52947 37792
52948 38048
52949 38304
52950 38560
52951 38816
52952 39072
52953 39328
52954 39584
52955 39840
52956 40096
52957 40352
52958 40608
52959 40864
52960 41120
52961 45216
52962 41376
52963 41632
52964 41888
52965 42144
52966 42400
52967 42656
52968 42912
52969 43168
52970 43424
52971 43680
52972 43936
52973 44192
52974 44448
52975 44704
52976 44960
52977 45472
52978 45728
52979 45984
52980 46240
52981 46496
52982 46752
52983 47008
52984 47264
52985 47520
52986 47776
52987 48032
52988 48288
52989 48544
52990 48800
52991 49056
52992 33184
52993 49537
52994 50049
52995 49793
52996 49539
52997 50051
52998 49795
52999 49538
53000 49794
53001 50050
53002 50561
53003 51073
53004 50817
53005 50563
53006 51075
53007 50819
53008 50562
53009 50818
53010 51074
53011 50305
53012 50306
53013 50307
53014 49541
53015 50053
53016 49797
53017 49543
53018 50055
53019 49799
53020 49542
53021 49798
53022 50054
53023 50565
53024 51077
53025 50821
53026 50567
53027 51079
53028 50823
53029 50566
53030 50822
53031 51078
53032 50309
53033 50310
53034 50311
53035 50308
53036 49796
53037 50052
53038 49540
53039 50564
53040 51076
53041 50820
53042 51585
53043 52097
53044 51841
53045 51587
53046 52099
53047 51843
53048 51586
53049 51842
53050 52098
53051 52609
53052 53121
53053 52865
53054 52611
53055 53123
53056 52867
53057 52610
53058 52866
53059 53122
53060 52353
53061 52354
53062 52355
53063 51589
53064 52101
53065 51845
53066 51591
53067 52103
53068 51847
53069 51590
53070 51846
53071 52102
53072 52613
53073 53125
53074 52869
53075 52615
53076 53127
53077 52871
53078 52614
53079 52870
53080 53126
53081 52357
53082 52358
53083 52359
53084 51588
53085 52356
53086 52612
53087 51844
53088 52100
53089 52868
53090 53124
53091 51334
53092 51332
53093 51329
53094 51331
53095 51333
53096 51335
53097 51330
53098 49545
53099 50057
53100 49801
53101 49547
53102 50059
53103 49803
53104 49546
53105 49802
53106 50058
53107 50569
53108 51081
53109 50825
53110 50571
53111 51083
53112 50827
53113 50570
53114 50826
53115 51082
53116 50313
53117 50314
53118 50315
53119 49549
53120 50061
53121 49805
53122 49551
53123 50063
53124 49807
53125 49550
53126 49806
53127 50062
53128 50573
53129 51085
53130 50829
53131 50575
53132 51087
53133 50831
53134 50574
53135 50830
53136 51086
53137 50317
53138 50318
53139 50319
53140 49548
53141 49804
53142 50060
53143 50316
53144 50572
53145 51084
53146 50828
53147 51593
53148 52105
53149 51849
53150 51595
53151 52107
53152 51851
53153 51594
53154 51850
53155 52106
53156 52617
53157 53129
53158 52873
53159 52619
53160 53131
53161 52875
53162 52618
53163 52874
53164 53130
53165 52361
53166 52362
53167 52363
53168 51597
53169 52109
53170 51853
53171 51599
53172 52111
53173 51855
53174 51598
53175 51854
53176 52110
53177 52621
53178 53133
53179 52877
53180 52623
53181 53135
53182 52879
53183 52622
53184 52878
53185 53134
53186 52365
53187 52366
53188 52367
53189 51852
53190 52108
53191 52364
53192 52876
53193 52620
53194 51596
53195 53132
53196 51338
53197 51339
53198 51340
53199 51337
53200 51341
53201 51342
53202 51343
53203 49544
53204 52872
53205 49800
53206 50056
53207 50824
53208 50312
53209 51848
53210 51080
53211 52616
53212 50568
53213 52360
53214 51592
53215 52104
53216 51336
53217 53128
53218 53633
53219 54145
53220 53889
53221 53635
53222 54147
53223 53891
53224 53634
53225 53890
53226 54146
53227 54657
53228 55169
53229 54913
53230 54659
53231 55171
53232 54915
53233 54658
53234 54914
53235 55170
53236 54401
53237 54402
53238 54403
53239 53637
53240 54149
53241 53893
53242 53639
53243 54151
53244 53895
53245 53638
53246 53894
53247 54150
53248 54661
53249 55173
53250 54917
53251 54663
53252 55175
53253 54919
53254 54662
53255 54918
53256 55174
53257 54405
53258 54406
53259 54407
53260 53636
53261 53892
53262 54404
53263 55172
53264 54148
53265 54660
53266 54916
53267 55681
53268 56193
53269 55937
53270 55683
53271 56195
53272 55939
53273 55682
53274 55938
53275 56194
53276 56705
53277 57217
53278 56961
53279 56707
53280 57219
53281 56963
53282 56706
53283 56962
53284 57218
53285 56449
53286 56450
53287 56451
53288 55685
53289 56197
53290 55941
53291 55687
53292 56199
53293 55943
53294 55686
53295 55942
53296 56198
53297 56709
53298 57221
53299 56965
53300 56711
53301 57223
53302 56967
53303 56710
53304 56966
53305 57222
53306 56453
53307 56454
53308 56455
53309 55684
53310 55940
53311 56452
53312 56708
53313 56196
53314 56964
53315 57220
53316 55425
53317 55429
53318 55431
53319 55426
53320 55428
53321 55430
53322 55427
53323 53641
53324 54153
53325 53897
53326 53643
53327 54155
53328 53899
53329 53642
53330 53898
53331 54154
53332 54665
53333 55177
53334 54921
53335 54667
53336 55179
53337 54923
53338 54666
53339 54922
53340 55178
53341 54409
53342 54410
53343 54411
53344 53645
53345 54157
53346 53901
53347 53647
53348 54159
53349 53903
53350 53646
53351 53902
53352 54158
53353 54669
53354 55181
53355 54925
53356 54671
53357 55183
53358 54927
53359 54670
53360 54926
53361 55182
53362 54413
53363 54414
53364 54415
53365 53644
53366 53900
53367 54412
53368 54668
53369 54156
53370 55180
53371 54924
53372 55689
53373 56201
53374 55945
53375 55691
53376 56203
53377 55947
53378 55690
53379 55946
53380 56202
53381 56713
53382 57225
53383 56969
53384 56715
53385 57227
53386 56971
53387 56714
53388 56970
53389 57226
53390 56457
53391 56458
53392 56459
53393 55693
53394 56205
53395 55949
53396 55695
53397 56207
53398 55951
53399 55694
53400 55950
53401 56206
53402 56717
53403 57229
53404 56973
53405 56719
53406 57231
53407 56975
53408 56718
53409 56974
53410 57230
53411 56461
53412 56462
53413 56463
53414 55692
53415 57228
53416 56716
53417 55948
53418 56204
53419 56460
53420 56972
53421 55435
53422 55433
53423 55436
53424 55438
53425 55437
53426 55439
53427 55434
53428 53640
53429 55176
53430 54920
53431 56712
53432 56200
53433 56968
53434 56456
53435 54408
53436 54664
53437 55944
53438 57224
53439 55432
53440 55688
53441 53896
53442 54152
53443 53387
53444 53386
53445 53383
53446 53390
53447 53384
53448 53380
53449 53381
53450 53385
53451 53382
53452 53378
53453 53391
53454 53379
53455 53377
53456 53389
53457 53388
53458 49553
53459 50065
53460 49809
53461 49555
53462 50067
53463 49811
53464 49554
53465 49810
53466 50066
53467 50577
53468 51089
53469 50833
53470 50579
53471 51091
53472 50835
53473 50578
53474 50834
53475 51090
53476 50321
53477 50322
53478 50323
53479 49557
53480 50069
53481 49813
53482 49559
53483 50071
53484 49815
53485 49558
53486 49814
53487 50070
53488 50581
53489 51093
53490 50837
53491 50583
53492 51095
53493 50839
53494 50582
53495 50838
53496 51094
53497 50325
53498 50326
53499 50327
53500 50836
53501 49556
53502 51092
53503 50068
53504 49812
53505 50580
53506 50324
53507 51601
53508 52113
53509 51857
53510 51603
53511 52115
53512 51859
53513 51602
53514 51858
53515 52114
53516 52625
53517 53137
53518 52881
53519 52627
53520 53139
53521 52883
53522 52626
53523 52882
53524 53138
53525 52369
53526 52370
53527 52371
53528 51605
53529 52117
53530 51861
53531 51607
53532 52119
53533 51863
53534 51606
53535 51862
53536 52118
53537 52629
53538 53141
53539 52885
53540 52631
53541 53143
53542 52887
53543 52630
53544 52886
53545 53142
53546 52373
53547 52374
53548 52375
53549 51604
53550 52884
53551 52372
53552 52628
53553 51860
53554 52116
53555 53140
53556 51349
53557 51345
53558 51350
53559 51346
53560 51351
53561 51347
53562 51348
53563 49561
53564 50073
53565 49817
53566 49563
53567 50075
53568 49819
53569 49562
53570 49818
53571 50074
53572 50585
53573 51097
53574 50841
53575 50587
53576 51099
53577 50843
53578 50586
53579 50842
53580 51098
53581 50329
53582 50330
53583 50331
53584 49565
53585 50077
53586 49821
53587 49567
53588 50079
53589 49823
53590 49566
53591 49822
53592 50078
53593 50589
53594 51101
53595 50845
53596 50591
53597 51103
53598 50847
53599 50590
53600 50846
53601 51102
53602 50333
53603 50334
53604 50335
53605 49564
53606 49820
53607 50076
53608 50588
53609 50332
53610 50844
53611 51100
53612 51609
53613 52121
53614 51865
53615 51611
53616 52123
53617 51867
53618 51610
53619 51866
53620 52122
53621 52633
53622 53145
53623 52889
53624 52635
53625 53147
53626 52891
53627 52634
53628 52890
53629 53146
53630 52377
53631 52378
53632 52379
53633 51613
53634 52125
53635 51869
53636 51615
53637 52127
53638 51871
53639 51614
53640 51870
53641 52126
53642 52637
53643 53149
53644 52893
53645 52639
53646 53151
53647 52895
53648 52638
53649 52894
53650 53150
53651 52381
53652 52382
53653 52383
53654 51612
53655 52124
53656 52380
53657 52636
53658 52892
53659 51868
53660 53148
53661 51357
53662 51353
53663 51354
53664 51358
53665 51355
53666 51356
53667 51359
53668 49560
53669 51608
53670 52120
53671 50840
53672 50584
53673 51352
53674 52888
53675 50328
53676 52376
53677 49816
53678 51864
53679 51096
53680 53144
53681 52632
53682 50072
53683 53649
53684 54161
53685 53905
53686 53651
53687 54163
53688 53907
53689 53650
53690 53906
53691 54162
53692 54673
53693 55185
53694 54929
53695 54675
53696 55187
53697 54931
53698 54674
53699 54930
53700 55186
53701 54417
53702 54418
53703 54419
53704 53653
53705 54165
53706 53909
53707 53655
53708 54167
53709 53911
53710 53654
53711 53910
53712 54166
53713 54677
53714 55189
53715 54933
53716 54679
53717 55191
53718 54935
53719 54678
53720 54934
53721 55190
53722 54421
53723 54422
53724 54423
53725 53652
53726 53908
53727 54164
53728 54420
53729 54676
53730 54932
53731 55188
53732 55697
53733 56209
53734 55953
53735 55699
53736 56211
53737 55955
53738 55698
53739 55954
53740 56210
53741 56721
53742 57233
53743 56977
53744 56723
53745 57235
53746 56979
53747 56722
53748 56978
53749 57234
53750 56465
53751 56466
53752 56467
53753 55701
53754 56213
53755 55957
53756 55703
53757 56215
53758 55959
53759 55702
53760 55958
53761 56214
53762 56725
53763 57237
53764 56981
53765 56727
53766 57239
53767 56983
53768 56726
53769 56982
53770 57238
53771 56469
53772 56470
53773 56471
53774 55956
53775 56212
53776 56468
53777 57236
53778 56724
53779 56980
53780 55700
53781 55445
53782 55441
53783 55447
53784 55446
53785 55444
53786 55442
53787 55443
53788 53657
53789 54169
53790 53913
53791 53659
53792 54171
53793 53915
53794 53658
53795 53914
53796 54170
53797 54681
53798 55193
53799 54937
53800 54683
53801 55195
53802 54939
53803 54682
53804 54938
53805 55194
53806 54425
53807 54426
53808 54427
53809 53661
53810 54173
53811 53917
53812 53663
53813 54175
53814 53919
53815 53662
53816 53918
53817 54174
53818 54685
53819 55197
53820 54941
53821 54687
53822 55199
53823 54943
53824 54686
53825 54942
53826 55198
53827 54429
53828 54430
53829 54431
53830 54684
53831 53660
53832 54172
53833 53916
53834 54428
53835 54940
53836 55196
53837 55705
53838 56217
53839 55961
53840 55707
53841 56219
53842 55963
53843 55706
53844 55962
53845 56218
53846 56729
53847 57241
53848 56985
53849 56731
53850 57243
53851 56987
53852 56730
53853 56986
53854 57242
53855 56473
53856 56474
53857 56475
53858 55709
53859 56221
53860 55965
53861 55711
53862 56223
53863 55967
53864 55710
53865 55966
53866 56222
53867 56733
53868 57245
53869 56989
53870 56735
53871 57247
53872 56991
53873 56734
53874 56990
53875 57246
53876 56477
53877 56478
53878 56479
53879 55708
53880 55964
53881 56476
53882 57244
53883 56732
53884 56220
53885 56988
53886 55454
53887 55449
53888 55453
53889 55451
53890 55452
53891 55455
53892 55450
53893 53656
53894 53912
53895 55704
53896 57240
53897 56984
53898 55960
53899 55448
53900 55192
53901 56216
53902 54680
53903 54424
53904 56728
53905 54168
53906 56472
53907 54936
53908 53394
53909 53407
53910 53395
53911 53401
53912 53402
53913 53404
53914 53405
53915 53396
53916 53399
53917 53406
53918 53397
53919 53398
53920 53400
53921 53403
53922 53393
53923 51600
53924 54416
53925 56464
53926 51856
53927 49808
53928 55952
53929 55696
53930 52112
53931 56720
53932 49552
53933 53648
53934 53392
53935 52624
53936 54672
53937 50064
53938 52368
53939 53136
53940 54928
53941 52880
53942 54160
53943 56208
53944 57232
53945 50832
53946 55440
53947 51088
53948 50320
53949 51344
53950 50576
53951 53904
53952 55184
53953 56976
53954 57729
53955 58241
53956 57985
53957 57731
53958 58243
53959 57987
53960 57730
53961 57986
53962 58242
53963 58753
53964 59265
53965 59009
53966 58755
53967 59267
53968 59011
53969 58754
53970 59010
53971 59266
53972 58497
53973 58498
53974 58499
53975 57733
53976 58245
53977 57989
53978 57735
53979 58247
53980 57991
53981 57734
53982 57990
53983 58246
53984 58757
53985 59269
53986 59013
53987 58759
53988 59271
53989 59015
53990 58758
53991 59014
53992 59270
53993 58501
53994 58502
53995 58503
53996 57732
53997 57988
53998 58756
53999 58244
54000 58500
54001 59012
54002 59268
54003 59777
54004 60289
54005 60033
54006 59779
54007 60291
54008 60035
54009 59778
54010 60034
54011 60290
54012 60801
54013 61313
54014 61057
54015 60803
54016 61315
54017 61059
54018 60802
54019 61058
54020 61314
54021 60545
54022 60546
54023 60547
54024 59781
54025 60293
54026 60037
54027 59783
54028 60295
54029 60039
54030 59782
54031 60038
54032 60294
54033 60805
54034 61317
54035 61061
54036 60807
54037 61319
54038 61063
54039 60806
54040 61062
54041 61318
54042 60549
54043 60550
54044 60551
54045 60036
54046 61060
54047 60548
54048 60292
54049 60804
54050 61316
54051 59780
54052 59527
54053 59524
54054 59522
54055 59526
54056 59523
54057 59525
54058 59521
54059 57737
54060 58249
54061 57993
54062 57739
54063 58251
54064 57995
54065 57738
54066 57994
54067 58250
54068 58761
54069 59273
54070 59017
54071 58763
54072 59275
54073 59019
54074 58762
54075 59018
54076 59274
54077 58505
54078 58506
54079 58507
54080 57741
54081 58253
54082 57997
54083 57743
54084 58255
54085 57999
54086 57742
54087 57998
54088 58254
54089 58765
54090 59277
54091 59021
54092 58767
54093 59279
54094 59023
54095 58766
54096 59022
54097 59278
54098 58509
54099 58510
54100 58511
54101 57740
54102 57996
54103 58252
54104 59020
54105 58764
54106 58508
54107 59276
54108 59785
54109 60297
54110 60041
54111 59787
54112 60299
54113 60043
54114 59786
54115 60042
54116 60298
54117 60809
54118 61321
54119 61065
54120 60811
54121 61323
54122 61067
54123 60810
54124 61066
54125 61322
54126 60553
54127 60554
54128 60555
54129 59789
54130 60301
54131 60045
54132 59791
54133 60303
54134 60047
54135 59790
54136 60046
54137 60302
54138 60813
54139 61325
54140 61069
54141 60815
54142 61327
54143 61071
54144 60814
54145 61070
54146 61326
54147 60557
54148 60558
54149 60559
54150 59788
54151 60300
54152 60556
54153 60044
54154 60812
54155 61068
54156 61324
54157 59529
54158 59531
54159 59534
54160 59530
54161 59533
54162 59532
54163 59535
54164 58760
54165 61064
54166 59016
54167 59272
54168 59528
54169 60040
54170 60808
54171 60296
54172 57736
54173 57992
54174 58248
54175 59784
54176 58504
54177 60552
54178 61320
54179 61825
54180 62337
54181 62081
54182 61827
54183 62339
54184 62083
54185 61826
54186 62082
54187 62338
54188 62849
54189 63361
54190 63105
54191 62851
54192 63363
54193 63107
54194 62850
54195 63106
54196 63362
54197 62593
54198 62594
54199 62595
54200 61829
54201 62341
54202 62085
54203 61831
54204 62343
54205 62087
54206 61830
54207 62086
54208 62342
54209 62853
54210 63365
54211 63109
54212 62855
54213 63367
54214 63111
54215 62854
54216 63110
54217 63366
54218 62597
54219 62598
54220 62599
54221 61828
54222 62852
54223 62084
54224 62596
54225 62340
54226 63108
54227 63364
54228 63873
54229 64385
54230 64129
54231 63875
54232 64387
54233 64131
54234 63874
54235 64130
54236 64386
54237 64897
54238 65409
54239 65153
54240 64899
54241 65411
54242 65155
54243 64898
54244 65154
54245 65410
54246 64641
54247 64642
54248 64643
54249 63877
54250 64389
54251 64133
54252 63879
54253 64391
54254 64135
54255 63878
54256 64134
54257 64390
54258 64901
54259 65413
54260 65157
54261 64903
54262 65415
54263 65159
54264 64902
54265 65158
54266 65414
54267 64645
54268 64646
54269 64647
54270 64644
54271 65156
54272 64132
54273 64388
54274 64900
54275 63876
54276 65412
54277 63618
54278 63620
54279 63619
54280 63622
54281 63621
54282 63617
54283 63623
54284 61833
54285 62345
54286 62089
54287 61835
54288 62347
54289 62091
54290 61834
54291 62090
54292 62346
54293 62857
54294 63369
54295 63113
54296 62859
54297 63371
54298 63115
54299 62858
54300 63114
54301 63370
54302 62601
54303 62602
54304 62603
54305 61837
54306 62349
54307 62093
54308 61839
54309 62351
54310 62095
54311 61838
54312 62094
54313 62350
54314 62861
54315 63373
54316 63117
54317 62863
54318 63375
54319 63119
54320 62862
54321 63118
54322 63374
54323 62605
54324 62606
54325 62607
54326 61836
54327 62860
54328 62092
54329 62604
54330 62348
54331 63116
54332 63372
54333 63881
54334 64393
54335 64137
54336 63883
54337 64395
54338 64139
54339 63882
54340 64138
54341 64394
54342 64905
54343 65417
54344 65161
54345 64907
54346 65419
54347 65163
54348 64906
54349 65162
54350 65418
54351 64649
54352 64650
54353 64651
54354 63885
54355 64397
54356 64141
54357 63887
54358 64399
54359 64143
54360 63886
54361 64142
54362 64398
54363 64909
54364 65421
54365 65165
54366 64911
54367 65423
54368 65167
54369 64910
54370 65166
54371 65422
54372 64653
54373 64654
54374 64655
54375 64652
54376 64140
54377 65164
54378 63884
54379 64908
54380 64396
54381 65420
54382 63626
54383 63627
54384 63628
54385 63631
54386 63629
54387 63630
54388 63625
54389 61832
54390 64648
54391 62600
54392 63624
54393 65416
54394 63112
54395 64904
54396 64136
54397 63368
54398 62344
54399 65160
54400 63880
54401 62088
54402 64392
54403 62856
54404 61580
54405 61577
54406 61570
54407 61578
54408 61582
54409 61571
54410 61572
54411 61574
54412 61573
54413 61576
54414 61575
54415 61583
54416 61581
54417 61579
54418 61569
54419 57745
54420 58257
54421 58001
54422 57747
54423 58259
54424 58003
54425 57746
54426 58002
54427 58258
54428 58769
54429 59281
54430 59025
54431 58771
54432 59283
54433 59027
54434 58770
54435 59026
54436 59282
54437 58513
54438 58514
54439 58515
54440 57749
54441 58261
54442 58005
54443 57751
54444 58263
54445 58007
54446 57750
54447 58006
54448 58262
54449 58773
54450 59285
54451 59029
54452 58775
54453 59287
54454 59031
54455 58774
54456 59030
54457 59286
54458 58517
54459 58518
54460 58519
54461 57748
54462 58004
54463 58516
54464 58772
54465 59028
54466 58260
54467 59284
54468 59793
54469 60305
54470 60049
54471 59795
54472 60307
54473 60051
54474 59794
54475 60050
54476 60306
54477 60817
54478 61329
54479 61073
54480 60819
54481 61331
54482 61075
54483 60818
54484 61074
54485 61330
54486 60561
54487 60562
54488 60563
54489 59797
54490 60309
54491 60053
54492 59799
54493 60311
54494 60055
54495 59798
54496 60054
54497 60310
54498 60821
54499 61333
54500 61077
54501 60823
54502 61335
54503 61079
54504 60822
54505 61078
54506 61334
54507 60565
54508 60566
54509 60567
54510 61332
54511 59796
54512 60564
54513 60820
54514 60052
54515 60308
54516 61076
54517 59540
54518 59539
54519 59542
54520 59541
54521 59538
54522 59543
54523 59537
54524 57753
54525 58265
54526 58009
54527 57755
54528 58267
54529 58011
54530 57754
54531 58010
54532 58266
54533 58777
54534 59289
54535 59033
54536 58779
54537 59291
54538 59035
54539 58778
54540 59034
54541 59290
54542 58521
54543 58522
54544 58523
54545 57757
54546 58269
54547 58013
54548 57759
54549 58271
54550 58015
54551 57758
54552 58014
54553 58270
54554 58781
54555 59293
54556 59037
54557 58783
54558 59295
54559 59039
54560 58782
54561 59038
54562 59294
54563 58525
54564 58526
54565 58527
54566 57756
54567 58012
54568 58268
54569 58780
54570 58524
54571 59036
54572 59292
54573 59801
54574 60313
54575 60057
54576 59803
54577 60315
54578 60059
54579 59802
54580 60058
54581 60314
54582 60825
54583 61337
54584 61081
54585 60827
54586 61339
54587 61083
54588 60826
54589 61082
54590 61338
54591 60569
54592 60570
54593 60571
54594 59805
54595 60317
54596 60061
54597 59807
54598 60319
54599 60063
54600 59806
54601 60062
54602 60318
54603 60829
54604 61341
54605 61085
54606 60831
54607 61343
54608 61087
54609 60830
54610 61086
54611 61342
54612 60573
54613 60574
54614 60575
54615 60828
54616 59804
54617 60572
54618 61084
54619 60060
54620 60316
54621 61340
54622 59551
54623 59545
54624 59547
54625 59546
54626 59548
54627 59549
54628 59550
54629 60056
54630 59032
54631 58776
54632 58520
54633 59288
54634 60824
54635 61080
54636 59544
54637 61336
54638 60568
54639 58008
54640 60312
54641 58264
54642 57752
54643 59800
54644 61841
54645 62353
54646 62097
54647 61843
54648 62355
54649 62099
54650 61842
54651 62098
54652 62354
54653 62865
54654 63377
54655 63121
54656 62867
54657 63379
54658 63123
54659 62866
54660 63122
54661 63378
54662 62609
54663 62610
54664 62611
54665 61845
54666 62357
54667 62101
54668 61847
54669 62359
54670 62103
54671 61846
54672 62102
54673 62358
54674 62869
54675 63381
54676 63125
54677 62871
54678 63383
54679 63127
54680 62870
54681 63126
54682 63382
54683 62613
54684 62614
54685 62615
54686 61844
54687 62100
54688 62612
54689 62868
54690 62356
54691 63124
54692 63380
54693 63889
54694 64401
54695 64145
54696 63891
54697 64403
54698 64147
54699 63890
54700 64146
54701 64402
54702 64913
54703 65425
54704 65169
54705 64915
54706 65427
54707 65171
54708 64914
54709 65170
54710 65426
54711 64657
54712 64658
54713 64659
54714 63893
54715 64405
54716 64149
54717 63895
54718 64407
54719 64151
54720 63894
54721 64150
54722 64406
54723 64917
54724 65429
54725 65173
54726 64919
54727 65431
54728 65175
54729 64918
54730 65174
54731 65430
54732 64661
54733 64662
54734 64663
54735 63892
54736 65172
54737 64148
54738 64916
54739 65428
54740 64660
54741 64404
54742 63634
54743 63633
54744 63638
54745 63637
54746 63636
54747 63639
54748 63635
54749 61849
54750 62361
54751 62105
54752 61851
54753 62363
54754 62107
54755 61850
54756 62106
54757 62362
54758 62873
54759 63385
54760 63129
54761 62875
54762 63387
54763 63131
54764 62874
54765 63130
54766 63386
54767 62617
54768 62618
54769 62619
54770 61853
54771 62365
54772 62109
54773 61855
54774 62367
54775 62111
54776 61854
54777 62110
54778 62366
54779 62877
54780 63389
54781 63133
54782 62879
54783 63391
54784 63135
54785 62878
54786 63134
54787 63390
54788 62621
54789 62622
54790 62623
54791 62108
54792 62364
54793 62620
54794 63132
54795 62876
54796 61852
54797 63388
54798 63897
54799 64409
54800 64153
54801 63899
54802 64411
54803 64155
54804 63898
54805 64154
54806 64410
54807 64921
54808 65433
54809 65177
54810 64923
54811 65435
54812 65179
54813 64922
54814 65178
54815 65434
54816 64665
54817 64666
54818 64667
54819 63901
54820 64413
54821 64157
54822 63903
54823 64415
54824 64159
54825 63902
54826 64158
54827 64414
54828 64925
54829 65437
54830 65181
54831 64927
54832 65439
54833 65183
54834 64926
54835 65182
54836 65438
54837 64669
54838 64670
54839 64671
54840 65436
54841 64156
54842 64412
54843 63900
54844 64924
54845 65180
54846 64668
54847 63644
54848 63647
54849 63641
54850 63645
54851 63642
54852 63646
54853 63643
54854 63640
54855 64920
54856 63896
54857 62872
54858 64152
54859 62616
54860 62360
54861 65432
54862 64408
54863 63128
54864 64664
54865 65176
54866 61848
54867 62104
54868 63384
54869 61585
54870 61586
54871 61587
54872 61589
54873 61590
54874 61591
54875 61592
54876 61588
54877 61593
54878 61594
54879 61595
54880 61596
54881 61597
54882 61598
54883 61599
54884 59024
54885 60816
54886 61840
54887 64400
54888 64144
54889 59792
54890 65168
54891 64912
54892 59536
54893 62096
54894 61584
54895 58768
54896 57744
54897 62864
54898 60304
54899 63632
54900 60560
54901 63120
54902 64656
54903 62608
54904 63376
54905 58000
54906 58512
54907 59280
54908 61072
54909 60048
54910 58256
54911 62352
54912 65424
54913 61328
54914 63888
54915 57497
54916 57477
54917 57483
54918 57488
54919 57489
54920 57481
54921 57496
54922 57490
54923 57478
54924 57501
54925 57485
54926 57499
54927 57480
54928 57494
54929 57486
54930 57484
54931 57476
54932 57503
54933 57502
54934 57498
54935 57482
54936 57475
54937 57492
54938 57500
54939 57495
54940 57479
54941 57493
54942 57487
54943 57473
54944 57474
54945 57491
54946 49569
54947 50081
54948 49825
54949 49571
54950 50083
54951 49827
54952 49570
54953 49826
54954 50082
54955 50593
54956 51105
54957 50849
54958 50595
54959 51107
54960 50851
54961 50594
54962 50850
54963 51106
54964 50337
54965 50338
54966 50339
54967 49573
54968 50085
54969 49829
54970 49575
54971 50087
54972 49831
54973 49574
54974 49830
54975 50086
54976 50597
54977 51109
54978 50853
54979 50599
54980 51111
54981 50855
54982 50598
54983 50854
54984 51110
54985 50341
54986 50342
54987 50343
54988 49828
54989 50084
54990 50340
54991 51108
54992 50596
54993 50852
54994 49572
54995 51617
54996 52129
54997 51873
54998 51619
54999 52131
55000 51875
55001 51618
55002 51874
55003 52130
55004 52641
55005 53153
55006 52897
55007 52643
55008 53155
55009 52899
55010 52642
55011 52898
55012 53154
55013 52385
55014 52386
55015 52387
55016 51621
55017 52133
55018 51877
55019 51623
55020 52135
55021 51879
55022 51622
55023 51878
55024 52134
55025 52645
55026 53157
55027 52901
55028 52647
55029 53159
55030 52903
55031 52646
55032 52902
55033 53158
55034 52389
55035 52390
55036 52391
55037 51876
55038 52132
55039 52388
55040 53156
55041 52644
55042 52900
55043 51620
55044 51361
55045 51362
55046 51363
55047 51365
55048 51364
55049 51366
55050 51367
55051 49577
55052 50089
55053 49833
55054 49579
55055 50091
55056 49835
55057 49578
55058 49834
55059 50090
55060 50601
55061 51113
55062 50857
55063 50603
55064 51115
55065 50859
55066 50602
55067 50858
55068 51114
55069 50345
55070 50346
55071 50347
55072 49581
55073 50093
55074 49837
55075 49583
55076 50095
55077 49839
55078 49582
55079 49838
55080 50094
55081 50605
55082 51117
55083 50861
55084 50607
55085 51119
55086 50863
55087 50606
55088 50862
55089 51118
55090 50349
55091 50350
55092 50351
55093 49580
55094 50348
55095 50604
55096 49836
55097 50092
55098 50860
55099 51116
55100 51625
55101 52137
55102 51881
55103 51627
55104 52139
55105 51883
55106 51626
55107 51882
55108 52138
55109 52649
55110 53161
55111 52905
55112 52651
55113 53163
55114 52907
55115 52650
55116 52906
55117 53162
55118 52393
55119 52394
55120 52395
55121 51629
55122 52141
55123 51885
55124 51631
55125 52143
55126 51887
55127 51630
55128 51886
55129 52142
55130 52653
55131 53165
55132 52909
55133 52655
55134 53167
55135 52911
55136 52654
55137 52910
55138 53166
55139 52397
55140 52398
55141 52399
55142 51628
55143 51884
55144 52140
55145 52396
55146 52652
55147 52908
55148 53164
55149 51375
55150 51369
55151 51371
55152 51370
55153 51374
55154 51372
55155 51373
55156 49576
55157 49832
55158 50088
55159 50344
55160 50600
55161 50856
55162 51112
55163 52392
55164 51368
55165 51624
55166 51880
55167 52136
55168 52648
55169 52904
55170 53160
55171 53665
55172 54177
55173 53921
55174 53667
55175 54179
55176 53923
55177 53666
55178 53922
55179 54178
55180 54689
55181 55201
55182 54945
55183 54691
55184 55203
55185 54947
55186 54690
55187 54946
55188 55202
55189 54433
55190 54434
55191 54435
55192 53669
55193 54181
55194 53925
55195 53671
55196 54183
55197 53927
55198 53670
55199 53926
55200 54182
55201 54693
55202 55205
55203 54949
55204 54695
55205 55207
55206 54951
55207 54694
55208 54950
55209 55206
55210 54437
55211 54438
55212 54439
55213 53924
55214 53668
55215 54180
55216 54436
55217 54692
55218 54948
55219 55204
55220 55713
55221 56225
55222 55969
55223 55715
55224 56227
55225 55971
55226 55714
55227 55970
55228 56226
55229 56737
55230 57249
55231 56993
55232 56739
55233 57251
55234 56995
55235 56738
55236 56994
55237 57250
55238 56481
55239 56482
55240 56483
55241 55717
55242 56229
55243 55973
55244 55719
55245 56231
55246 55975
55247 55718
55248 55974
55249 56230
55250 56741
55251 57253
55252 56997
55253 56743
55254 57255
55255 56999
55256 56742
55257 56998
55258 57254
55259 56485
55260 56486
55261 56487
55262 55716
55263 55972
55264 56484
55265 56228
55266 56740
55267 56996
55268 57252
55269 55458
55270 55462
55271 55459
55272 55461
55273 55457
55274 55460
55275 55463
55276 53673
55277 54185
55278 53929
55279 53675
55280 54187
55281 53931
55282 53674
55283 53930
55284 54186
55285 54697
55286 55209
55287 54953
55288 54699
55289 55211
55290 54955
55291 54698
55292 54954
55293 55210
55294 54441
55295 54442
55296 54443
55297 53677
55298 54189
55299 53933
55300 53679
55301 54191
55302 53935
55303 53678
55304 53934
55305 54190
55306 54701
55307 55213
55308 54957
55309 54703
55310 55215
55311 54959
55312 54702
55313 54958
55314 55214
55315 54445
55316 54446
55317 54447
55318 53932
55319 54188
55320 54444
55321 55212
55322 54700
55323 54956
55324 53676
55325 55721
55326 56233
55327 55977
55328 55723
55329 56235
55330 55979
55331 55722
55332 55978
55333 56234
55334 56745
55335 57257
55336 57001
55337 56747
55338 57259
55339 57003
55340 56746
55341 57002
55342 57258
55343 56489
55344 56490
55345 56491
55346 55725
55347 56237
55348 55981
55349 55727
55350 56239
55351 55983
55352 55726
55353 55982
55354 56238
55355 56749
55356 57261
55357 57005
55358 56751
55359 57263
55360 57007
55361 56750
55362 57006
55363 57262
55364 56493
55365 56494
55366 56495
55367 55724
55368 55980
55369 56492
55370 56748
55371 56236
55372 57004
55373 57260
55374 55466
55375 55467
55376 55468
55377 55469
55378 55470
55379 55465
55380 55471
55381 53928
55382 53672
55383 56488
55384 55976
55385 57256
55386 57000
55387 54952
55388 55464
55389 54184
55390 55720
55391 56744
55392 56232
55393 54440
55394 55208
55395 54696
55396 53412
55397 53414
55398 53418
55399 53415
55400 53411
55401 53421
55402 53410
55403 53409
55404 53413
55405 53419
55406 53416
55407 53422
55408 53420
55409 53417
55410 53423
55411 49585
55412 50097
55413 49841
55414 49587
55415 50099
55416 49843
55417 49586
55418 49842
55419 50098
55420 50609
55421 51121
55422 50865
55423 50611
55424 51123
55425 50867
55426 50610
55427 50866
55428 51122
55429 50353
55430 50354
55431 50355
55432 49589
55433 50101
55434 49845
55435 49591
55436 50103
55437 49847
55438 49590
55439 49846
55440 50102
55441 50613
55442 51125
55443 50869
55444 50615
55445 51127
55446 50871
55447 50614
55448 50870
55449 51126
55450 50357
55451 50358
55452 50359
55453 49588
55454 49844
55455 50612
55456 50356
55457 50868
55458 51124
55459 50100
55460 51633
55461 52145
55462 51889
55463 51635
55464 52147
55465 51891
55466 51634
55467 51890
55468 52146
55469 52657
55470 53169
55471 52913
55472 52659
55473 53171
55474 52915
55475 52658
55476 52914
55477 53170
55478 52401
55479 52402
55480 52403
55481 51637
55482 52149
55483 51893
55484 51639
55485 52151
55486 51895
55487 51638
55488 51894
55489 52150
55490 52661
55491 53173
55492 52917
55493 52663
55494 53175
55495 52919
55496 52662
55497 52918
55498 53174
55499 52405
55500 52406
55501 52407
55502 51636
55503 51892
55504 52660
55505 52404
55506 52148
55507 52916
55508 53172
55509 51379
55510 51380
55511 51382
55512 51377
55513 51378
55514 51381
55515 51383
55516 49593
55517 50105
55518 49849
55519 49595
55520 50107
55521 49851
55522 49594
55523 49850
55524 50106
55525 50617
55526 51129
55527 50873
55528 50619
55529 51131
55530 50875
55531 50618
55532 50874
55533 51130
55534 50361
55535 50362
55536 50363
55537 49597
55538 50109
55539 49853
55540 49599
55541 50111
55542 49855
55543 49598
55544 49854
55545 50110
55546 50621
55547 51133
55548 50877
55549 50623
55550 51135
55551 50879
55552 50622
55553 50878
55554 51134
55555 50365
55556 50366
55557 50367
55558 49596
55559 49852
55560 50108
55561 50364
55562 50620
55563 50876
55564 51132
55565 51641
55566 52153
55567 51897
55568 51643
55569 52155
55570 51899
55571 51642
55572 51898
55573 52154
55574 52665
55575 53177
55576 52921
55577 52667
55578 53179
55579 52923
55580 52666
55581 52922
55582 53178
55583 52409
55584 52410
55585 52411
55586 51645
55587 52157
55588 51901
55589 51647
55590 52159
55591 51903
55592 51646
55593 51902
55594 52158
55595 52669
55596 53181
55597 52925
55598 52671
55599 53183
55600 52927
55601 52670
55602 52926
55603 53182
55604 52413
55605 52414
55606 52415
55607 51644
55608 51900
55609 52412
55610 52668
55611 52924
55612 52156
55613 53180
55614 51387
55615 51389
55616 51391
55617 51388
55618 51390
55619 51386
55620 51385
55621 49592
55622 49848
55623 50104
55624 50360
55625 50616
55626 50872
55627 51128
55628 52408
55629 51384
55630 51640
55631 51896
55632 52152
55633 52664
55634 52920
55635 53176
55636 53681
55637 54193
55638 53937
55639 53683
55640 54195
55641 53939
55642 53682
55643 53938
55644 54194
55645 54705
55646 55217
55647 54961
55648 54707
55649 55219
55650 54963
55651 54706
55652 54962
55653 55218
55654 54449
55655 54450
55656 54451
55657 53685
55658 54197
55659 53941
55660 53687
55661 54199
55662 53943
55663 53686
55664 53942
55665 54198
55666 54709
55667 55221
55668 54965
55669 54711
55670 55223
55671 54967
55672 54710
55673 54966
55674 55222
55675 54453
55676 54454
55677 54455
55678 53684
55679 53940
55680 54196
55681 54708
55682 54452
55683 55220
55684 54964
55685 55729
55686 56241
55687 55985
55688 55731
55689 56243
55690 55987
55691 55730
55692 55986
55693 56242
55694 56753
55695 57265
55696 57009
55697 56755
55698 57267
55699 57011
55700 56754
55701 57010
55702 57266
55703 56497
55704 56498
55705 56499
55706 55733
55707 56245
55708 55989
55709 55735
55710 56247
55711 55991
55712 55734
55713 55990
55714 56246
55715 56757
55716 57269
55717 57013
55718 56759
55719 57271
55720 57015
55721 56758
55722 57014
55723 57270
55724 56501
55725 56502
55726 56503
55727 55988
55728 56244
55729 56500
55730 55732
55731 56756
55732 57012
55733 57268
55734 55473
55735 55474
55736 55479
55737 55476
55738 55475
55739 55477
55740 55478
55741 53689
55742 54201
55743 53945
55744 53691
55745 54203
55746 53947
55747 53690
55748 53946
55749 54202
55750 54713
55751 55225
55752 54969
55753 54715
55754 55227
55755 54971
55756 54714
55757 54970
55758 55226
55759 54457
55760 54458
55761 54459
55762 53693
55763 54205
55764 53949
55765 53695
55766 54207
55767 53951
55768 53694
55769 53950
55770 54206
55771 54717
55772 55229
55773 54973
55774 54719
55775 55231
55776 54975
55777 54718
55778 54974
55779 55230
55780 54461
55781 54462
55782 54463
55783 55228
55784 53692
55785 53948
55786 54204
55787 54460
55788 54716
55789 54972
55790 55737
55791 56249
55792 55993
55793 55739
55794 56251
55795 55995
55796 55738
55797 55994
55798 56250
55799 56761
55800 57273
55801 57017
55802 56763
55803 57275
55804 57019
55805 56762
55806 57018
55807 57274
55808 56505
55809 56506
55810 56507
55811 55741
55812 56253
55813 55997
55814 55743
55815 56255
55816 55999
55817 55742
55818 55998
55819 56254
55820 56765
55821 57277
55822 57021
55823 56767
55824 57279
55825 57023
55826 56766
55827 57022
55828 57278
55829 56509
55830 56510
55831 56511
55832 55740
55833 56764
55834 55996
55835 57276
55836 56508
55837 57020
55838 56252
55839 55485
55840 55482
55841 55486
55842 55484
55843 55481
55844 55483
55845 55487
55846 54712
55847 55480
55848 53688
55849 55992
55850 55224
55851 54200
55852 53944
55853 57272
55854 54456
55855 57016
55856 56504
55857 54968
55858 56248
55859 55736
55860 56760
55861 53429
55862 53438
55863 53431
55864 53432
55865 53439
55866 53433
55867 53436
55868 53430
55869 53425
55870 53434
55871 53435
55872 53426
55873 53427
55874 53428
55875 53437
55876 54448
55877 52912
55878 50864
55879 51632
55880 55472
55881 55728
55882 52144
55883 54960
55884 52400
55885 51376
55886 53936
55887 56240
55888 52656
55889 49584
55890 53680
55891 56496
55892 49840
55893 51120
55894 54704
55895 53168
55896 50352
55897 56752
55898 55984
55899 50608
55900 57264
55901 50096
55902 54192
55903 55216
55904 57008
55905 51888
55906 53424
55907 57761
55908 58273
55909 58017
55910 57763
55911 58275
55912 58019
55913 57762
55914 58018
55915 58274
55916 58785
55917 59297
55918 59041
55919 58787
55920 59299
55921 59043
55922 58786
55923 59042
55924 59298
55925 58529
55926 58530
55927 58531
55928 57765
55929 58277
55930 58021
55931 57767
55932 58279
55933 58023
55934 57766
55935 58022
55936 58278
55937 58789
55938 59301
55939 59045
55940 58791
55941 59303
55942 59047
55943 58790
55944 59046
55945 59302
55946 58533
55947 58534
55948 58535
55949 57764
55950 58020
55951 58532
55952 58276
55953 58788
55954 59044
55955 59300
55956 59809
55957 60321
55958 60065
55959 59811
55960 60323
55961 60067
55962 59810
55963 60066
55964 60322
55965 60833
55966 61345
55967 61089
55968 60835
55969 61347
55970 61091
55971 60834
55972 61090
55973 61346
55974 60577
55975 60578
55976 60579
55977 59813
55978 60325
55979 60069
55980 59815
55981 60327
55982 60071
55983 59814
55984 60070
55985 60326
55986 60837
55987 61349
55988 61093
55989 60839
55990 61351
55991 61095
55992 60838
55993 61094
55994 61350
55995 60581
55996 60582
55997 60583
55998 61348
55999 59812
56000 60068
56001 60836
56002 60324
56003 60580
56004 61092
56005 59556
56006 59558
56007 59555
56008 59557
56009 59554
56010 59553
56011 59559
56012 57769
56013 58281
56014 58025
56015 57771
56016 58283
56017 58027
56018 57770
56019 58026
56020 58282
56021 58793
56022 59305
56023 59049
56024 58795
56025 59307
56026 59051
56027 58794
56028 59050
56029 59306
56030 58537
56031 58538
56032 58539
56033 57773
56034 58285
56035 58029
56036 57775
56037 58287
56038 58031
56039 57774
56040 58030
56041 58286
56042 58797
56043 59309
56044 59053
56045 58799
56046 59311
56047 59055
56048 58798
56049 59054
56050 59310
56051 58541
56052 58542
56053 58543
56054 57772
56055 58028
56056 58540
56057 58284
56058 58796
56059 59052
56060 59308
56061 59817
56062 60329
56063 60073
56064 59819
56065 60331
56066 60075
56067 59818
56068 60074
56069 60330
56070 60841
56071 61353
56072 61097
56073 60843
56074 61355
56075 61099
56076 60842
56077 61098
56078 61354
56079 60585
56080 60586
56081 60587
56082 59821
56083 60333
56084 60077
56085 59823
56086 60335
56087 60079
56088 59822
56089 60078
56090 60334
56091 60845
56092 61357
56093 61101
56094 60847
56095 61359
56096 61103
56097 60846
56098 61102
56099 61358
56100 60589
56101 60590
56102 60591
56103 60076
56104 60588
56105 60332
56106 61356
56107 60844
56108 61100
56109 59820
56110 59564
56111 59566
56112 59562
56113 59563
56114 59565
56115 59561
56116 59567
56117 61352
56118 57768
56119 58024
56120 58280
56121 58536
56122 58792
56123 59304
56124 59048
56125 59560
56126 59816
56127 60072
56128 60328
56129 60584
56130 60840
56131 61096
56132 61857
56133 62369
56134 62113
56135 61859
56136 62371
56137 62115
56138 61858
56139 62114
56140 62370
56141 62881
56142 63393
56143 63137
56144 62883
56145 63395
56146 63139
56147 62882
56148 63138
56149 63394
56150 62625
56151 62626
56152 62627
56153 61861
56154 62373
56155 62117
56156 61863
56157 62375
56158 62119
56159 61862
56160 62118
56161 62374
56162 62885
56163 63397
56164 63141
56165 62887
56166 63399
56167 63143
56168 62886
56169 63142
56170 63398
56171 62629
56172 62630
56173 62631
56174 61860
56175 62116
56176 62628
56177 62884
56178 63140
56179 62372
56180 63396
56181 63905
56182 64417
56183 64161
56184 63907
56185 64419
56186 64163
56187 63906
56188 64162
56189 64418
56190 64929
56191 65441
56192 65185
56193 64931
56194 65443
56195 65187
56196 64930
56197 65186
56198 65442
56199 64673
56200 64674
56201 64675
56202 63909
56203 64421
56204 64165
56205 63911
56206 64423
56207 64167
56208 63910
56209 64166
56210 64422
56211 64933
56212 65445
56213 65189
56214 64935
56215 65447
56216 65191
56217 64934
56218 65190
56219 65446
56220 64677
56221 64678
56222 64679
56223 63908
56224 64164
56225 64932
56226 64420
56227 65188
56228 64676
56229 65444
56230 63652
56231 63651
56232 63653
56233 63655
56234 63649
56235 63654
56236 63650
56237 61865
56238 62377
56239 62121
56240 61867
56241 62379
56242 62123
56243 61866
56244 62122
56245 62378
56246 62889
56247 63401
56248 63145
56249 62891
56250 63403
56251 63147
56252 62890
56253 63146
56254 63402
56255 62633
56256 62634
56257 62635
56258 61869
56259 62381
56260 62125
56261 61871
56262 62383
56263 62127
56264 61870
56265 62126
56266 62382
56267 62893
56268 63405
56269 63149
56270 62895
56271 63407
56272 63151
56273 62894
56274 63150
56275 63406
56276 62637
56277 62638
56278 62639
56279 62124
56280 62892
56281 62380
56282 61868
56283 63148
56284 62636
56285 63404
56286 63913
56287 64425
56288 64169
56289 63915
56290 64427
56291 64171
56292 63914
56293 64170
56294 64426
56295 64937
56296 65449
56297 65193
56298 64939
56299 65451
56300 65195
56301 64938
56302 65194
56303 65450
56304 64681
56305 64682
56306 64683
56307 63917
56308 64429
56309 64173
56310 63919
56311 64431
56312 64175
56313 63918
56314 64174
56315 64430
56316 64941
56317 65453
56318 65197
56319 64943
56320 65455
56321 65199
56322 64942
56323 65198
56324 65454
56325 64685
56326 64686
56327 64687
56328 64940
56329 64684
56330 64428
56331 64172
56332 65452
56333 63916
56334 65196
56335 63657
56336 63662
56337 63660
56338 63661
56339 63658
56340 63659
56341 63663
56342 63656
56343 64936
56344 62632
56345 64168
56346 63144
56347 65192
56348 64680
56349 64424
56350 61864
56351 62120
56352 63912
56353 62888
56354 65448
56355 62376
56356 63400
56357 61609
56358 61610
56359 61606
56360 61613
56361 61607
56362 61601
56363 61608
56364 61612
56365 61611
56366 61604
56367 61614
56368 61603
56369 61615
56370 61602
56371 61605
56372 57777
56373 58289
56374 58033
56375 57779
56376 58291
56377 58035
56378 57778
56379 58034
56380 58290
56381 58801
56382 59313
56383 59057
56384 58803
56385 59315
56386 59059
56387 58802
56388 59058
56389 59314
56390 58545
56391 58546
56392 58547
56393 57781
56394 58293
56395 58037
56396 57783
56397 58295
56398 58039
56399 57782
56400 58038
56401 58294
56402 58805
56403 59317
56404 59061
56405 58807
56406 59319
56407 59063
56408 58806
56409 59062
56410 59318
56411 58549
56412 58550
56413 58551
56414 57780
56415 58036
56416 58292
56417 59316
56418 58548
56419 58804
56420 59060
56421 59825
56422 60337
56423 60081
56424 59827
56425 60339
56426 60083
56427 59826
56428 60082
56429 60338
56430 60849
56431 61361
56432 61105
56433 60851
56434 61363
56435 61107
56436 60850
56437 61106
56438 61362
56439 60593
56440 60594
56441 60595
56442 59829
56443 60341
56444 60085
56445 59831
56446 60343
56447 60087
56448 59830
56449 60086
56450 60342
56451 60853
56452 61365
56453 61109
56454 60855
56455 61367
56456 61111
56457 60854
56458 61110
56459 61366
56460 60597
56461 60598
56462 60599
56463 61108
56464 59828
56465 60084
56466 60596
56467 60340
56468 60852
56469 61364
56470 59572
56471 59569
56472 59570
56473 59573
56474 59571
56475 59574
56476 59575
56477 57785
56478 58297
56479 58041
56480 57787
56481 58299
56482 58043
56483 57786
56484 58042
56485 58298
56486 58809
56487 59321
56488 59065
56489 58811
56490 59323
56491 59067
56492 58810
56493 59066
56494 59322
56495 58553
56496 58554
56497 58555
56498 57789
56499 58301
56500 58045
56501 57791
56502 58303
56503 58047
56504 57790
56505 58046
56506 58302
56507 58813
56508 59325
56509 59069
56510 58815
56511 59327
56512 59071
56513 58814
56514 59070
56515 59326
56516 58557
56517 58558
56518 58559
56519 57788
56520 59324
56521 58044
56522 58812
56523 58556
56524 58300
56525 59068
56526 59833
56527 60345
56528 60089
56529 59835
56530 60347
56531 60091
56532 59834
56533 60090
56534 60346
56535 60857
56536 61369
56537 61113
56538 60859
56539 61371
56540 61115
56541 60858
56542 61114
56543 61370
56544 60601
56545 60602
56546 60603
56547 59837
56548 60349
56549 60093
56550 59839
56551 60351
56552 60095
56553 59838
56554 60094
56555 60350
56556 60861
56557 61373
56558 61117
56559 60863
56560 61375
56561 61119
56562 60862
56563 61118
56564 61374
56565 60605
56566 60606
56567 60607
56568 60092
56569 60348
56570 60604
56571 61372
56572 60860
56573 61116
56574 59836
56575 59578
56576 59582
56577 59583
56578 59580
56579 59577
56580 59579
56581 59581
56582 61368
56583 57784
56584 61112
56585 58040
56586 59320
56587 59832
56588 58296
56589 60344
56590 58808
56591 59576
56592 60600
56593 59064
56594 60856
56595 60088
56596 58552
56597 61873
56598 62385
56599 62129
56600 61875
56601 62387
56602 62131
56603 61874
56604 62130
56605 62386
56606 62897
56607 63409
56608 63153
56609 62899
56610 63411
56611 63155
56612 62898
56613 63154
56614 63410
56615 62641
56616 62642
56617 62643
56618 61877
56619 62389
56620 62133
56621 61879
56622 62391
56623 62135
56624 61878
56625 62134
56626 62390
56627 62901
56628 63413
56629 63157
56630 62903
56631 63415
56632 63159
56633 62902
56634 63158
56635 63414
56636 62645
56637 62646
56638 62647
56639 61876
56640 62132
56641 62900
56642 62644
56643 62388
56644 63156
56645 63412
56646 63921
56647 64433
56648 64177
56649 63923
56650 64435
56651 64179
56652 63922
56653 64178
56654 64434
56655 64945
56656 65457
56657 65201
56658 64947
56659 65459
56660 65203
56661 64946
56662 65202
56663 65458
56664 64689
56665 64690
56666 64691
56667 63925
56668 64437
56669 64181
56670 63927
56671 64439
56672 64183
56673 63926
56674 64182
56675 64438
56676 64949
56677 65461
56678 65205
56679 64951
56680 65463
56681 65207
56682 64950
56683 65206
56684 65462
56685 64693
56686 64694
56687 64695
56688 64180
56689 63924
56690 64948
56691 64692
56692 65204
56693 64436
56694 65460
56695 63666
56696 63668
56697 63669
56698 63667
56699 63665
56700 63670
56701 63671
56702 61881
56703 62393
56704 62137
56705 61883
56706 62395
56707 62139
56708 61882
56709 62138
56710 62394
56711 62905
56712 63417
56713 63161
56714 62907
56715 63419
56716 63163
56717 62906
56718 63162
56719 63418
56720 62649
56721 62650
56722 62651
56723 61885
56724 62397
56725 62141
56726 61887
56727 62399
56728 62143
56729 61886
56730 62142
56731 62398
56732 62909
56733 63421
56734 63165
56735 62911
56736 63423
56737 63167
56738 62910
56739 63166
56740 63422
56741 62653
56742 62654
56743 62655
56744 62140
56745 62652
56746 62396
56747 62908
56748 63164
56749 61884
56750 63420
56751 63929
56752 64441
56753 64185
56754 63931
56755 64443
56756 64187
56757 63930
56758 64186
56759 64442
56760 64953
56761 65465
56762 65209
56763 64955
56764 65467
56765 65211
56766 64954
56767 65210
56768 65466
56769 64697
56770 64698
56771 64699
56772 63933
56773 64445
56774 64189
56775 63935
56776 64447
56777 64191
56778 63934
56779 64190
56780 64446
56781 64957
56782 65469
56783 65213
56784 64959
56785 65471
56786 65215
56787 64958
56788 65214
56789 65470
56790 64701
56791 64702
56792 64703
56793 63932
56794 64188
56795 64444
56796 64956
56797 64700
56798 65212
56799 65468
56800 63675
56801 63674
56802 63673
56803 63678
56804 63676
56805 63677
56806 63679
56807 64184
56808 61880
56809 65464
56810 64440
56811 63160
56812 64696
56813 63416
56814 62392
56815 62136
56816 64952
56817 63928
56818 62904
56819 65208
56820 63672
56821 62648
56822 61625
56823 61627
56824 61619
56825 61624
56826 61620
56827 61621
56828 61623
56829 61628
56830 61629
56831 61622
56832 61630
56833 61626
56834 61631
56835 61617
56836 61618
56837 64944
56838 65200
56839 58800
56840 57776
56841 59056
56842 62128
56843 58032
56844 59312
56845 64688
56846 61104
56847 64432
56848 59568
56849 64176
56850 63152
56851 61616
56852 58288
56853 60080
56854 60336
56855 63408
56856 58544
56857 62384
56858 63920
56859 62640
56860 59824
56861 63664
56862 60848
56863 61360
56864 61872
56865 60592
56866 62896
56867 65456
56868 57516
56869 57525
56870 57534
56871 57531
56872 57523
56873 57518
56874 57528
56875 57521
56876 57526
56877 57510
56878 57520
56879 57512
56880 57511
56881 57507
56882 57522
56883 57514
56884 57515
56885 57517
56886 57527
56887 57530
56888 57506
56889 57524
56890 57532
56891 57513
56892 57529
56893 57519
56894 57509
56895 57508
56896 57505
56897 57533
56898 57535
56899 54432
56900 50848
56901 52384
56902 64416
56903 63904
56904 55712
56905 49568
56906 52128
56907 50080
56908 52640
56909 62368
56910 60576
56911 61856
56912 56736
56913 58272
56914 53664
56915 63648
56916 61600
56917 56480
56918 63136
56919 57760
56920 55456
56921 60832
56922 53408
56923 51872
56924 59552
56925 61344
56926 62880
56927 58784
56928 58016
56929 51104
56930 58528
56931 60064
56932 50592
56933 59040
56934 56992
56935 59808
56936 56224
56937 49824
56938 57248
56939 54688
56940 55200
56941 50336
56942 53920
56943 64928
56944 62112
56945 54176
56946 55968
56947 64160
56948 62624
56949 63392
56950 60320
56951 54944
56952 53152
56953 52896
56954 51616
56955 57504
56956 64672
56957 65440
56958 51360
56959 59296
56960 65184
56961 61088
56962 49315
56963 49319
56964 49317
56965 49306
56966 49318
56967 49336
56968 49339
56969 49323
56970 49314
56971 49281
56972 49324
56973 49307
56974 49337
56975 49309
56976 49286
56977 49326
56978 49334
56979 49302
56980 49311
56981 49316
56982 49322
56983 49301
56984 49290
56985 49333
56986 49313
56987 49295
56988 49310
56989 49299
56990 49303
56991 49289
56992 49343
56993 49283
56994 49321
56995 49330
56996 49338
56997 49340
56998 49284
56999 49325
57000 49292
57001 49308
57002 49327
57003 49320
57004 49297
57005 49329
57006 49305
57007 49288
57008 49335
57009 49304
57010 49300
57011 49293
57012 49282
57013 49331
57014 49294
57015 49332
57016 49287
57017 49341
57018 49296
57019 49285
57020 49342
57021 49291
57022 49312
57023 49298
57024 49328
57025 33217
57026 33729
57027 33473
57028 33219
57029 33731
57030 33475
57031 33218
57032 33474
57033 33730
57034 34241
57035 34753
57036 34497
57037 34243
57038 34755
57039 34499
57040 34242
57041 34498
57042 34754
57043 33985
57044 33986
57045 33987
57046 33221
57047 33733
57048 33477
57049 33223
57050 33735
57051 33479
57052 33222
57053 33478
57054 33734
57055 34245
57056 34757
57057 34501
57058 34247
57059 34759
57060 34503
57061 34246
57062 34502
57063 34758
57064 33989
57065 33990
57066 33991
57067 33220
57068 34244
57069 33476
57070 33988
57071 33732
57072 34500
57073 34756
57074 35265
57075 35777
57076 35521
57077 35267
57078 35779
57079 35523
57080 35266
57081 35522
57082 35778
57083 36289
57084 36801
57085 36545
57086 36291
57087 36803
57088 36547
57089 36290
57090 36546
57091 36802
57092 36033
57093 36034
57094 36035
57095 35269
57096 35781
57097 35525
57098 35271
57099 35783
57100 35527
57101 35270
57102 35526
57103 35782
57104 36293
57105 36805
57106 36549
57107 36295
57108 36807
57109 36551
57110 36294
57111 36550
57112 36806
57113 36037
57114 36038
57115 36039
57116 35268
57117 36292
57118 35524
57119 35780
57120 36036
57121 36548
57122 36804
57123 35013
57124 35011
57125 35009
57126 35014
57127 35012
57128 35015
57129 35010
57130 33225
57131 33737
57132 33481
57133 33227
57134 33739
57135 33483
57136 33226
57137 33482
57138 33738
57139 34249
57140 34761
57141 34505
57142 34251
57143 34763
57144 34507
57145 34250
57146 34506
57147 34762
57148 33993
57149 33994
57150 33995
57151 33229
57152 33741
57153 33485
57154 33231
57155 33743
57156 33487
57157 33230
57158 33486
57159 33742
57160 34253
57161 34765
57162 34509
57163 34255
57164 34767
57165 34511
57166 34254
57167 34510
57168 34766
57169 33997
57170 33998
57171 33999
57172 33484
57173 33228
57174 33996
57175 34508
57176 33740
57177 34764
57178 34252
57179 35273
57180 35785
57181 35529
57182 35275
57183 35787
57184 35531
57185 35274
57186 35530
57187 35786
57188 36297
57189 36809
57190 36553
57191 36299
57192 36811
57193 36555
57194 36298
57195 36554
57196 36810
57197 36041
57198 36042
57199 36043
57200 35277
57201 35789
57202 35533
57203 35279
57204 35791
57205 35535
57206 35278
57207 35534
57208 35790
57209 36301
57210 36813
57211 36557
57212 36303
57213 36815
57214 36559
57215 36302
57216 36558
57217 36814
57218 36045
57219 36046
57220 36047
57221 35276
57222 35532
57223 35788
57224 36300
57225 36044
57226 36556
57227 36812
57228 35017
57229 35022
57230 35018
57231 35020
57232 35021
57233 35023
57234 35019
57235 33224
57236 33480
57237 33736
57238 33992
57239 34248
57240 34504
57241 34760
57242 35016
57243 35272
57244 35528
57245 35784
57246 36040
57247 36296
57248 36552
57249 36808
57250 37313
57251 37825
57252 37569
57253 37315
57254 37827
57255 37571
57256 37314
57257 37570
57258 37826
57259 38337
57260 38849
57261 38593
57262 38339
57263 38851
57264 38595
57265 38338
57266 38594
57267 38850
57268 38081
57269 38082
57270 38083
57271 37317
57272 37829
57273 37573
57274 37319
57275 37831
57276 37575
57277 37318
57278 37574
57279 37830
57280 38341
57281 38853
57282 38597
57283 38343
57284 38855
57285 38599
57286 38342
57287 38598
57288 38854
57289 38085
57290 38086
57291 38087
57292 37316
57293 37572
57294 38084
57295 38340
57296 38596
57297 37828
57298 38852
57299 39361
57300 39873
57301 39617
57302 39363
57303 39875
57304 39619
57305 39362
57306 39618
57307 39874
57308 40385
57309 40897
57310 40641
57311 40387
57312 40899
57313 40643
57314 40386
57315 40642
57316 40898
57317 40129
57318 40130
57319 40131
57320 39365
57321 39877
57322 39621
57323 39367
57324 39879
57325 39623
57326 39366
57327 39622
57328 39878
57329 40389
57330 40901
57331 40645
57332 40391
57333 40903
57334 40647
57335 40390
57336 40646
57337 40902
57338 40133
57339 40134
57340 40135
57341 39364
57342 39620
57343 40132
57344 40388
57345 39876
57346 40644
57347 40900
57348 39110
57349 39105
57350 39107
57351 39109
57352 39106
57353 39108
57354 39111
57355 37321
57356 37833
57357 37577
57358 37323
57359 37835
57360 37579
57361 37322
57362 37578
57363 37834
57364 38345
57365 38857
57366 38601
57367 38347
57368 38859
57369 38603
57370 38346
57371 38602
57372 38858
57373 38089
57374 38090
57375 38091
57376 37325
57377 37837
57378 37581
57379 37327
57380 37839
57381 37583
57382 37326
57383 37582
57384 37838
57385 38349
57386 38861
57387 38605
57388 38351
57389 38863
57390 38607
57391 38350
57392 38606
57393 38862
57394 38093
57395 38094
57396 38095
57397 37580
57398 38092
57399 38348
57400 38860
57401 38604
57402 37324
57403 37836
57404 39369
57405 39881
57406 39625
57407 39371
57408 39883
57409 39627
57410 39370
57411 39626
57412 39882
57413 40393
57414 40905
57415 40649
57416 40395
57417 40907
57418 40651
57419 40394
57420 40650
57421 40906
57422 40137
57423 40138
57424 40139
57425 39373
57426 39885
57427 39629
57428 39375
57429 39887
57430 39631
57431 39374
57432 39630
57433 39886
57434 40397
57435 40909
57436 40653
57437 40399
57438 40911
57439 40655
57440 40398
57441 40654
57442 40910
57443 40141
57444 40142
57445 40143
57446 40652
57447 39884
57448 40140
57449 40908
57450 40396
57451 39372
57452 39628
57453 39118
57454 39116
57455 39115
57456 39113
57457 39117
57458 39119
57459 39114
57460 37320
57461 40136
57462 38088
57463 39368
57464 37576
57465 38600
57466 39112
57467 37832
57468 40392
57469 39624
57470 38856
57471 39880
57472 38344
57473 40904
57474 40648
57475 37059
57476 37058
57477 37071
57478 37066
57479 37060
57480 37070
57481 37067
57482 37062
57483 37068
57484 37061
57485 37063
57486 37065
57487 37057
57488 37069
57489 37064
57490 33233
57491 33745
57492 33489
57493 33235
57494 33747
57495 33491
57496 33234
57497 33490
57498 33746
57499 34257
57500 34769
57501 34513
57502 34259
57503 34771
57504 34515
57505 34258
57506 34514
57507 34770
57508 34001
57509 34002
57510 34003
57511 33237
57512 33749
57513 33493
57514 33239
57515 33751
57516 33495
57517 33238
57518 33494
57519 33750
57520 34261
57521 34773
57522 34517
57523 34263
57524 34775
57525 34519
57526 34262
57527 34518
57528 34774
57529 34005
57530 34006
57531 34007
57532 33492
57533 33236
57534 34260
57535 33748
57536 34004
57537 34516
57538 34772
57539 35281
57540 35793
57541 35537
57542 35283
57543 35795
57544 35539
57545 35282
57546 35538
57547 35794
57548 36305
57549 36817
57550 36561
57551 36307
57552 36819
57553 36563
57554 36306
57555 36562
57556 36818
57557 36049
57558 36050
57559 36051
57560 35285
57561 35797
57562 35541
57563 35287
57564 35799
57565 35543
57566 35286
57567 35542
57568 35798
57569 36309
57570 36821
57571 36565
57572 36311
57573 36823
57574 36567
57575 36310
57576 36566
57577 36822
57578 36053
57579 36054
57580 36055
57581 35284
57582 35540
57583 35796
57584 36052
57585 36308
57586 36564
57587 36820
57588 35025
57589 35029
57590 35031
57591 35030
57592 35026
57593 35028
57594 35027
57595 33241
57596 33753
57597 33497
57598 33243
57599 33755
57600 33499
57601 33242
57602 33498
57603 33754
57604 34265
57605 34777
57606 34521
57607 34267
57608 34779
57609 34523
57610 34266
57611 34522
57612 34778
57613 34009
57614 34010
57615 34011
57616 33245
57617 33757
57618 33501
57619 33247
57620 33759
57621 33503
57622 33246
57623 33502
57624 33758
57625 34269
57626 34781
57627 34525
57628 34271
57629 34783
57630 34527
57631 34270
57632 34526
57633 34782
57634 34013
57635 34014
57636 34015
57637 33244
57638 33500
57639 33756
57640 34012
57641 34268
57642 34524
57643 34780
57644 35289
57645 35801
57646 35545
57647 35291
57648 35803
57649 35547
57650 35290
57651 35546
57652 35802
57653 36313
57654 36825
57655 36569
57656 36315
57657 36827
57658 36571
57659 36314
57660 36570
57661 36826
57662 36057
57663 36058
57664 36059
57665 35293
57666 35805
57667 35549
57668 35295
57669 35807
57670 35551
57671 35294
57672 35550
57673 35806
57674 36317
57675 36829
57676 36573
57677 36319
57678 36831
57679 36575
57680 36318
57681 36574
57682 36830
57683 36061
57684 36062
57685 36063
57686 35292
57687 35548
57688 35804
57689 36060
57690 36316
57691 36572
57692 36828
57693 35033
57694 35037
57695 35038
57696 35036
57697 35035
57698 35034
57699 35039
57700 33240
57701 35032
57702 36056
57703 36312
57704 34520
57705 33496
57706 35288
57707 33752
57708 35800
57709 36568
57710 34008
57711 34264
57712 34776
57713 36824
57714 35544
57715 37329
57716 37841
57717 37585
57718 37331
57719 37843
57720 37587
57721 37330
57722 37586
57723 37842
57724 38353
57725 38865
57726 38609
57727 38355
57728 38867
57729 38611
57730 38354
57731 38610
57732 38866
57733 38097
57734 38098
57735 38099
57736 37333
57737 37845
57738 37589
57739 37335
57740 37847
57741 37591
57742 37334
57743 37590
57744 37846
57745 38357
57746 38869
57747 38613
57748 38359
57749 38871
57750 38615
57751 38358
57752 38614
57753 38870
57754 38101
57755 38102
57756 38103
57757 37588
57758 38100
57759 38356
57760 37844
57761 38612
57762 37332
57763 38868
57764 39377
57765 39889
57766 39633
57767 39379
57768 39891
57769 39635
57770 39378
57771 39634
57772 39890
57773 40401
57774 40913
57775 40657
57776 40403
57777 40915
57778 40659
57779 40402
57780 40658
57781 40914
57782 40145
57783 40146
57784 40147
57785 39381
57786 39893
57787 39637
57788 39383
57789 39895
57790 39639
57791 39382
57792 39638
57793 39894
57794 40405
57795 40917
57796 40661
57797 40407
57798 40919
57799 40663
57800 40406
57801 40662
57802 40918
57803 40149
57804 40150
57805 40151
57806 39636
57807 39380
57808 39892
57809 40404
57810 40660
57811 40148
57812 40916
57813 39122
57814 39123
57815 39124
57816 39126
57817 39125
57818 39127
57819 39121
57820 37337
57821 37849
57822 37593
57823 37339
57824 37851
57825 37595
57826 37338
57827 37594
57828 37850
57829 38361
57830 38873
57831 38617
57832 38363
57833 38875
57834 38619
57835 38362
57836 38618
57837 38874
57838 38105
57839 38106
57840 38107
57841 37341
57842 37853
57843 37597
57844 37343
57845 37855
57846 37599
57847 37342
57848 37598
57849 37854
57850 38365
57851 38877
57852 38621
57853 38367
57854 38879
57855 38623
57856 38366
57857 38622
57858 38878
57859 38109
57860 38110
57861 38111
57862 37340
57863 37596
57864 37852
57865 38108
57866 38620
57867 38364
57868 38876
57869 39385
57870 39897
57871 39641
57872 39387
57873 39899
57874 39643
57875 39386
57876 39642
57877 39898
57878 40409
57879 40921
57880 40665
57881 40411
57882 40923
57883 40667
57884 40410
57885 40666
57886 40922
57887 40153
57888 40154
57889 40155
57890 39389
57891 39901
57892 39645
57893 39391
57894 39903
57895 39647
57896 39390
57897 39646
57898 39902
57899 40413
57900 40925
57901 40669
57902 40415
57903 40927
57904 40671
57905 40414
57906 40670
57907 40926
57908 40157
57909 40158
57910 40159
57911 39644
57912 39900
57913 40156
57914 40412
57915 40668
57916 40924
57917 39388
57918 39131
57919 39132
57920 39134
57921 39133
57922 39129
57923 39130
57924 39135
57925 37592
57926 37848
57927 40152
57928 40664
57929 38360
57930 37336
57931 40920
57932 39896
57933 39128
57934 38104
57935 39384
57936 39640
57937 38872
57938 40408
57939 38616
57940 37074
57941 37084
57942 37086
57943 37075
57944 37077
57945 37083
57946 37082
57947 37076
57948 37073
57949 37079
57950 37085
57951 37078
57952 37081
57953 37087
57954 37080
57955 35024
57956 38864
57957 39376
57958 33744
57959 39888
57960 34000
57961 35280
57962 37840
57963 37584
57964 35536
57965 33488
57966 36560
57967 34256
57968 37072
57969 37328
57970 33232
57971 40912
57972 36048
57973 35792
57974 36304
57975 38608
57976 39120
57977 40400
57978 40144
57979 34768
57980 36816
57981 40656
57982 38352
57983 39632
57984 34512
57985 38096
57986 41409
57987 41921
57988 41665
57989 41411
57990 41923
57991 41667
57992 41410
57993 41666
57994 41922
57995 42433
57996 42945
57997 42689
57998 42435
57999 42947
58000 42691
58001 42434
58002 42690
58003 42946
58004 42177
58005 42178
58006 42179
58007 41413
58008 41925
58009 41669
58010 41415
58011 41927
58012 41671
58013 41414
58014 41670
58015 41926
58016 42437
58017 42949
58018 42693
58019 42439
58020 42951
58021 42695
58022 42438
58023 42694
58024 42950
58025 42181
58026 42182
58027 42183
58028 41412
58029 42436
58030 41668
58031 41924
58032 42180
58033 42692
58034 42948
58035 43457
58036 43969
58037 43713
58038 43459
58039 43971
58040 43715
58041 43458
58042 43714
58043 43970
58044 44481
58045 44993
58046 44737
58047 44483
58048 44995
58049 44739
58050 44482
58051 44738
58052 44994
58053 44225
58054 44226
58055 44227
58056 43461
58057 43973
58058 43717
58059 43463
58060 43975
58061 43719
58062 43462
58063 43718
58064 43974
58065 44485
58066 44997
58067 44741
58068 44487
58069 44999
58070 44743
58071 44486
58072 44742
58073 44998
58074 44229
58075 44230
58076 44231
58077 43460
58078 43716
58079 44484
58080 44740
58081 43972
58082 44228
58083 44996
58084 43202
58085 43201
58086 43205
58087 43203
58088 43204
58089 43206
58090 43207
58091 41417
58092 41929
58093 41673
58094 41419
58095 41931
58096 41675
58097 41418
58098 41674
58099 41930
58100 42441
58101 42953
58102 42697
58103 42443
58104 42955
58105 42699
58106 42442
58107 42698
58108 42954
58109 42185
58110 42186
58111 42187
58112 41421
58113 41933
58114 41677
58115 41423
58116 41935
58117 41679
58118 41422
58119 41678
58120 41934
58121 42445
58122 42957
58123 42701
58124 42447
58125 42959
58126 42703
58127 42446
58128 42702
58129 42958
58130 42189
58131 42190
58132 42191
58133 41420
58134 41676
58135 42188
58136 42444
58137 41932
58138 42700
58139 42956
58140 43465
58141 43977
58142 43721
58143 43467
58144 43979
58145 43723
58146 43466
58147 43722
58148 43978
58149 44489
58150 45001
58151 44745
58152 44491
58153 45003
58154 44747
58155 44490
58156 44746
58157 45002
58158 44233
58159 44234
58160 44235
58161 43469
58162 43981
58163 43725
58164 43471
58165 43983
58166 43727
58167 43470
58168 43726
58169 43982
58170 44493
58171 45005
58172 44749
58173 44495
58174 45007
58175 44751
58176 44494
58177 44750
58178 45006
58179 44237
58180 44238
58181 44239
58182 43468
58183 44236
58184 43724
58185 43980
58186 44492
58187 44748
58188 45004
58189 43212
58190 43214
58191 43210
58192 43209
58193 43215
58194 43213
58195 43211
58196 44488
58197 44744
58198 42952
58199 45000
58200 41672
58201 43208
58202 42440
58203 44232
58204 43720
58205 41416
58206 42696
58207 42184
58208 41928
58209 43464
58210 43976
58211 45505
58212 46017
58213 45761
58214 45507
58215 46019
58216 45763
58217 45506
58218 45762
58219 46018
58220 46529
58221 47041
58222 46785
58223 46531
58224 47043
58225 46787
58226 46530
58227 46786
58228 47042
58229 46273
58230 46274
58231 46275
58232 45509
58233 46021
58234 45765
58235 45511
58236 46023
58237 45767
58238 45510
58239 45766
58240 46022
58241 46533
58242 47045
58243 46789
58244 46535
58245 47047
58246 46791
58247 46534
58248 46790
58249 47046
58250 46277
58251 46278
58252 46279
58253 45508
58254 47044
58255 46276
58256 45764
58257 46532
58258 46020
58259 46788
58260 47553
58261 48065
58262 47809
58263 47555
58264 48067
58265 47811
58266 47554
58267 47810
58268 48066
58269 48577
58270 49089
58271 48833
58272 48579
58273 49091
58274 48835
58275 48578
58276 48834
58277 49090
58278 48321
58279 48322
58280 48323
58281 47557
58282 48069
58283 47813
58284 47559
58285 48071
58286 47815
58287 47558
58288 47814
58289 48070
58290 48581
58291 49093
58292 48837
58293 48583
58294 49095
58295 48839
58296 48582
58297 48838
58298 49094
58299 48325
58300 48326
58301 48327
58302 47556
58303 47812
58304 48068
58305 48580
58306 48324
58307 48836
58308 49092
58309 47298
58310 47303
58311 47297
58312 47299
58313 47302
58314 47301
58315 47300
58316 45513
58317 46025
58318 45769
58319 45515
58320 46027
58321 45771
58322 45514
58323 45770
58324 46026
58325 46537
58326 47049
58327 46793
58328 46539
58329 47051
58330 46795
58331 46538
58332 46794
58333 47050
58334 46281
58335 46282
58336 46283
58337 45517
58338 46029
58339 45773
58340 45519
58341 46031
58342 45775
58343 45518
58344 45774
58345 46030
58346 46541
58347 47053
58348 46797
58349 46543
58350 47055
58351 46799
58352 46542
58353 46798
58354 47054
58355 46285
58356 46286
58357 46287
58358 45516
58359 46284
58360 45772
58361 46540
58362 46028
58363 46796
58364 47052
58365 47561
58366 48073
58367 47817
58368 47563
58369 48075
58370 47819
58371 47562
58372 47818
58373 48074
58374 48585
58375 49097
58376 48841
58377 48587
58378 49099
58379 48843
58380 48586
58381 48842
58382 49098
58383 48329
58384 48330
58385 48331
58386 47565
58387 48077
58388 47821
58389 47567
58390 48079
58391 47823
58392 47566
58393 47822
58394 48078
58395 48589
58396 49101
58397 48845
58398 48591
58399 49103
58400 48847
58401 48590
58402 48846
58403 49102
58404 48333
58405 48334
58406 48335
58407 47820
58408 48076
58409 49100
58410 48844
58411 48332
58412 48588
58413 47564
58414 47306
58415 47307
58416 47308
58417 47309
58418 47310
58419 47311
58420 47305
58421 45512
58422 46536
58423 46792
58424 47816
58425 45768
58426 47048
58427 48328
58428 49096
58429 47560
58430 46024
58431 48840
58432 48584
58433 46280
58434 48072
58435 47304
58436 45261
58437 45263
58438 45249
58439 45259
58440 45255
58441 45254
58442 45256
58443 45258
58444 45250
58445 45252
58446 45260
58447 45253
58448 45257
58449 45262
58450 45251
58451 41425
58452 41937
58453 41681
58454 41427
58455 41939
58456 41683
58457 41426
58458 41682
58459 41938
58460 42449
58461 42961
58462 42705
58463 42451
58464 42963
58465 42707
58466 42450
58467 42706
58468 42962
58469 42193
58470 42194
58471 42195
58472 41429
58473 41941
58474 41685
58475 41431
58476 41943
58477 41687
58478 41430
58479 41686
58480 41942
58481 42453
58482 42965
58483 42709
58484 42455
58485 42967
58486 42711
58487 42454
58488 42710
58489 42966
58490 42197
58491 42198
58492 42199
58493 41428
58494 41684
58495 42452
58496 41940
58497 42196
58498 42708
58499 42964
58500 43473
58501 43985
58502 43729
58503 43475
58504 43987
58505 43731
58506 43474
58507 43730
58508 43986
58509 44497
58510 45009
58511 44753
58512 44499
58513 45011
58514 44755
58515 44498
58516 44754
58517 45010
58518 44241
58519 44242
58520 44243
58521 43477
58522 43989
58523 43733
58524 43479
58525 43991
58526 43735
58527 43478
58528 43734
58529 43990
58530 44501
58531 45013
58532 44757
58533 44503
58534 45015
58535 44759
58536 44502
58537 44758
58538 45014
58539 44245
58540 44246
58541 44247
58542 43476
58543 44500
58544 44244
58545 43732
58546 43988
58547 44756
58548 45012
58549 43219
58550 43217
58551 43218
58552 43221
58553 43223
58554 43222
58555 43220
58556 41433
58557 41945
58558 41689
58559 41435
58560 41947
58561 41691
58562 41434
58563 41690
58564 41946
58565 42457
58566 42969
58567 42713
58568 42459
58569 42971
58570 42715
58571 42458
58572 42714
58573 42970
58574 42201
58575 42202
58576 42203
58577 41437
58578 41949
58579 41693
58580 41439
58581 41951
58582 41695
58583 41438
58584 41694
58585 41950
58586 42461
58587 42973
58588 42717
58589 42463
58590 42975
58591 42719
58592 42462
58593 42718
58594 42974
58595 42205
58596 42206
58597 42207
58598 41436
58599 41692
58600 41948
58601 42204
58602 42460
58603 42716
58604 42972
58605 43481
58606 43993
58607 43737
58608 43483
58609 43995
58610 43739
58611 43482
58612 43738
58613 43994
58614 44505
58615 45017
58616 44761
58617 44507
58618 45019
58619 44763
58620 44506
58621 44762
58622 45018
58623 44249
58624 44250
58625 44251
58626 43485
58627 43997
58628 43741
58629 43487
58630 43999
58631 43743
58632 43486
58633 43742
58634 43998
58635 44509
58636 45021
58637 44765
58638 44511
58639 45023
58640 44767
58641 44510
58642 44766
58643 45022
58644 44253
58645 44254
58646 44255
58647 43740
58648 43996
58649 44252
58650 44508
58651 44764
58652 45020
58653 43484
58654 43227
58655 43226
58656 43229
58657 43225
58658 43228
58659 43230
58660 43231
58661 43480
58662 42456
58663 42200
58664 41432
58665 44248
58666 43224
58667 41944
58668 43736
58669 42968
58670 44760
58671 43992
58672 41688
58673 42712
58674 44504
58675 45016
58676 45521
58677 46033
58678 45777
58679 45523
58680 46035
58681 45779
58682 45522
58683 45778
58684 46034
58685 46545
58686 47057
58687 46801
58688 46547
58689 47059
58690 46803
58691 46546
58692 46802
58693 47058
58694 46289
58695 46290
58696 46291
58697 45525
58698 46037
58699 45781
58700 45527
58701 46039
58702 45783
58703 45526
58704 45782
58705 46038
58706 46549
58707 47061
58708 46805
58709 46551
58710 47063
58711 46807
58712 46550
58713 46806
58714 47062
58715 46293
58716 46294
58717 46295
58718 46548
58719 46292
58720 45780
58721 46804
58722 45524
58723 46036
58724 47060
58725 47569
58726 48081
58727 47825
58728 47571
58729 48083
58730 47827
58731 47570
58732 47826
58733 48082
58734 48593
58735 49105
58736 48849
58737 48595
58738 49107
58739 48851
58740 48594
58741 48850
58742 49106
58743 48337
58744 48338
58745 48339
58746 47573
58747 48085
58748 47829
58749 47575
58750 48087
58751 47831
58752 47574
58753 47830
58754 48086
58755 48597
58756 49109
58757 48853
58758 48599
58759 49111
58760 48855
58761 48598
58762 48854
58763 49110
58764 48341
58765 48342
58766 48343
58767 47828
58768 47572
58769 48084
58770 49108
58771 48340
58772 48596
58773 48852
58774 47319
58775 47314
58776 47315
58777 47313
58778 47316
58779 47317
58780 47318
58781 45529
58782 46041
58783 45785
58784 45531
58785 46043
58786 45787
58787 45530
58788 45786
58789 46042
58790 46553
58791 47065
58792 46809
58793 46555
58794 47067
58795 46811
58796 46554
58797 46810
58798 47066
58799 46297
58800 46298
58801 46299
58802 45533
58803 46045
58804 45789
58805 45535
58806 46047
58807 45791
58808 45534
58809 45790
58810 46046
58811 46557
58812 47069
58813 46813
58814 46559
58815 47071
58816 46815
58817 46558
58818 46814
58819 47070
58820 46301
58821 46302
58822 46303
58823 45532
58824 46044
58825 46300
58826 45788
58827 46556
58828 46812
58829 47068
58830 47577
58831 48089
58832 47833
58833 47579
58834 48091
58835 47835
58836 47578
58837 47834
58838 48090
58839 48601
58840 49113
58841 48857
58842 48603
58843 49115
58844 48859
58845 48602
58846 48858
58847 49114
58848 48345
58849 48346
58850 48347
58851 47581
58852 48093
58853 47837
58854 47583
58855 48095
58856 47839
58857 47582
58858 47838
58859 48094
58860 48605
58861 49117
58862 48861
58863 48607
58864 49119
58865 48863
58866 48606
58867 48862
58868 49118
58869 48349
58870 48350
58871 48351
58872 47580
58873 47836
58874 48604
58875 48092
58876 48348
58877 48860
58878 49116
58879 47323
58880 47322
58881 47324
58882 47321
58883 47327
58884 47325
58885 47326
58886 45528
58887 47320
58888 47832
58889 47576
58890 46552
58891 48344
58892 46040
58893 49112
58894 46808
58895 48088
58896 48600
58897 47064
58898 46296
58899 45784
58900 48856
58901 45265
58902 45266
58903 45267
58904 45268
58905 45269
58906 45270
58907 45271
58908 45274
58909 45272
58910 45273
58911 45275
58912 45276
58913 45277
58914 45278
58915 45279
58916 41936
58917 46544
58918 42960
58919 41424
58920 48336
58921 47568
58922 43216
58923 44240
58924 45264
58925 41680
58926 44496
58927 45520
58928 46800
58929 48080
58930 47056
58931 46032
58932 47824
58933 42704
58934 43984
58935 45008
58936 46288
58937 45776
58938 43472
58939 49104
58940 42448
58941 43728
58942 47312
58943 42192
58944 48592
58945 44752
58946 48848
58947 41169
58948 41159
58949 41179
58950 41174
58951 41158
58952 41180
58953 41157
58954 41181
58955 41175
58956 41164
58957 41172
58958 41170
58959 41182
58960 41176
58961 41156
58962 41183
58963 41154
58964 41177
58965 41165
58966 41155
58967 41153
58968 41166
58969 41162
58970 41161
58971 41171
58972 41167
58973 41168
58974 41173
58975 41160
58976 41163
58977 41178
58978 33249
58979 33761
58980 33505
58981 33251
58982 33763
58983 33507
58984 33250
58985 33506
58986 33762
58987 34273
58988 34785
58989 34529
58990 34275
58991 34787
58992 34531
58993 34274
58994 34530
58995 34786
58996 34017
58997 34018
58998 34019
58999 33253
59000 33765
59001 33509
59002 33255
59003 33767
59004 33511
59005 33254
59006 33510
59007 33766
59008 34277
59009 34789
59010 34533
59011 34279
59012 34791
59013 34535
59014 34278
59015 34534
59016 34790
59017 34021
59018 34022
59019 34023
59020 33252
59021 33508
59022 33764
59023 34020
59024 34532
59025 34276
59026 34788
59027 35297
59028 35809
59029 35553
59030 35299
59031 35811
59032 35555
59033 35298
59034 35554
59035 35810
59036 36321
59037 36833
59038 36577
59039 36323
59040 36835
59041 36579
59042 36322
59043 36578
59044 36834
59045 36065
59046 36066
59047 36067
59048 35301
59049 35813
59050 35557
59051 35303
59052 35815
59053 35559
59054 35302
59055 35558
59056 35814
59057 36325
59058 36837
59059 36581
59060 36327
59061 36839
59062 36583
59063 36326
59064 36582
59065 36838
59066 36069
59067 36070
59068 36071
59069 35300
59070 35556
59071 36324
59072 36068
59073 36580
59074 35812
59075 36836
59076 35042
59077 35043
59078 35044
59079 35045
59080 35046
59081 35041
59082 35047
59083 33257
59084 33769
59085 33513
59086 33259
59087 33771
59088 33515
59089 33258
59090 33514
59091 33770
59092 34281
59093 34793
59094 34537
59095 34283
59096 34795
59097 34539
59098 34282
59099 34538
59100 34794
59101 34025
59102 34026
59103 34027
59104 33261
59105 33773
59106 33517
59107 33263
59108 33775
59109 33519
59110 33262
59111 33518
59112 33774
59113 34285
59114 34797
59115 34541
59116 34287
59117 34799
59118 34543
59119 34286
59120 34542
59121 34798
59122 34029
59123 34030
59124 34031
59125 33260
59126 33516
59127 34284
59128 34540
59129 33772
59130 34028
59131 34796
59132 35305
59133 35817
59134 35561
59135 35307
59136 35819
59137 35563
59138 35306
59139 35562
59140 35818
59141 36329
59142 36841
59143 36585
59144 36331
59145 36843
59146 36587
59147 36330
59148 36586
59149 36842
59150 36073
59151 36074
59152 36075
59153 35309
59154 35821
59155 35565
59156 35311
59157 35823
59158 35567
59159 35310
59160 35566
59161 35822
59162 36333
59163 36845
59164 36589
59165 36335
59166 36847
59167 36591
59168 36334
59169 36590
59170 36846
59171 36077
59172 36078
59173 36079
59174 36076
59175 35308
59176 35564
59177 36332
59178 35820
59179 36588
59180 36844
59181 35049
59182 35054
59183 35051
59184 35050
59185 35055
59186 35052
59187 35053
59188 33512
59189 36328
59190 35816
59191 33768
59192 35048
59193 35560
59194 34536
59195 36072
59196 36840
59197 35304
59198 34280
59199 36584
59200 34024
59201 34792
59202 33256
59203 37345
59204 37857
59205 37601
59206 37347
59207 37859
59208 37603
59209 37346
59210 37602
59211 37858
59212 38369
59213 38881
59214 38625
59215 38371
59216 38883
59217 38627
59218 38370
59219 38626
59220 38882
59221 38113
59222 38114
59223 38115
59224 37349
59225 37861
59226 37605
59227 37351
59228 37863
59229 37607
59230 37350
59231 37606
59232 37862
59233 38373
59234 38885
59235 38629
59236 38375
59237 38887
59238 38631
59239 38374
59240 38630
59241 38886
59242 38117
59243 38118
59244 38119
59245 37348
59246 37604
59247 37860
59248 38116
59249 38628
59250 38372
59251 38884
59252 39393
59253 39905
59254 39649
59255 39395
59256 39907
59257 39651
59258 39394
59259 39650
59260 39906
59261 40417
59262 40929
59263 40673
59264 40419
59265 40931
59266 40675
59267 40418
59268 40674
59269 40930
59270 40161
59271 40162
59272 40163
59273 39397
59274 39909
59275 39653
59276 39399
59277 39911
59278 39655
59279 39398
59280 39654
59281 39910
59282 40421
59283 40933
59284 40677
59285 40423
59286 40935
59287 40679
59288 40422
59289 40678
59290 40934
59291 40165
59292 40166
59293 40167
59294 39396
59295 39652
59296 40420
59297 39908
59298 40164
59299 40676
59300 40932
59301 39142
59302 39137
59303 39139
59304 39138
59305 39143
59306 39140
59307 39141
59308 37353
59309 37865
59310 37609
59311 37355
59312 37867
59313 37611
59314 37354
59315 37610
59316 37866
59317 38377
59318 38889
59319 38633
59320 38379
59321 38891
59322 38635
59323 38378
59324 38634
59325 38890
59326 38121
59327 38122
59328 38123
59329 37357
59330 37869
59331 37613
59332 37359
59333 37871
59334 37615
59335 37358
59336 37614
59337 37870
59338 38381
59339 38893
59340 38637
59341 38383
59342 38895
59343 38639
59344 38382
59345 38638
59346 38894
59347 38125
59348 38126
59349 38127
59350 37356
59351 38124
59352 37612
59353 38380
59354 37868
59355 38636
59356 38892
59357 39401
59358 39913
59359 39657
59360 39403
59361 39915
59362 39659
59363 39402
59364 39658
59365 39914
59366 40425
59367 40937
59368 40681
59369 40427
59370 40939
59371 40683
59372 40426
59373 40682
59374 40938
59375 40169
59376 40170
59377 40171
59378 39405
59379 39917
59380 39661
59381 39407
59382 39919
59383 39663
59384 39406
59385 39662
59386 39918
59387 40429
59388 40941
59389 40685
59390 40431
59391 40943
59392 40687
59393 40430
59394 40686
59395 40942
59396 40173
59397 40174
59398 40175
59399 40428
59400 39660
59401 39916
59402 40940
59403 40172
59404 40684
59405 39404
59406 39149
59407 39148
59408 39150
59409 39145
59410 39151
59411 39146
59412 39147
59413 37864
59414 38120
59415 37352
59416 38376
59417 38632
59418 38888
59419 39144
59420 39656
59421 39400
59422 39912
59423 40168
59424 40424
59425 40680
59426 40936
59427 37608
59428 37095
59429 37093
59430 37092
59431 37103
59432 37094
59433 37099
59434 37090
59435 37096
59436 37101
59437 37097
59438 37091
59439 37100
59440 37102
59441 37089
59442 37098
59443 33265
59444 33777
59445 33521
59446 33267
59447 33779
59448 33523
59449 33266
59450 33522
59451 33778
59452 34289
59453 34801
59454 34545
59455 34291
59456 34803
59457 34547
59458 34290
59459 34546
59460 34802
59461 34033
59462 34034
59463 34035
59464 33269
59465 33781
59466 33525
59467 33271
59468 33783
59469 33527
59470 33270
59471 33526
59472 33782
59473 34293
59474 34805
59475 34549
59476 34295
59477 34807
59478 34551
59479 34294
59480 34550
59481 34806
59482 34037
59483 34038
59484 34039
59485 33268
59486 33524
59487 33780
59488 34292
59489 34036
59490 34548
59491 34804
59492 35313
59493 35825
59494 35569
59495 35315
59496 35827
59497 35571
59498 35314
59499 35570
59500 35826
59501 36337
59502 36849
59503 36593
59504 36339
59505 36851
59506 36595
59507 36338
59508 36594
59509 36850
59510 36081
59511 36082
59512 36083
59513 35317
59514 35829
59515 35573
59516 35319
59517 35831
59518 35575
59519 35318
59520 35574
59521 35830
59522 36341
59523 36853
59524 36597
59525 36343
59526 36855
59527 36599
59528 36342
59529 36598
59530 36854
59531 36085
59532 36086
59533 36087
59534 35316
59535 35572
59536 35828
59537 36340
59538 36084
59539 36852
59540 36596
59541 35058
59542 35059
59543 35060
59544 35062
59545 35061
59546 35063
59547 35057
59548 33273
59549 33785
59550 33529
59551 33275
59552 33787
59553 33531
59554 33274
59555 33530
59556 33786
59557 34297
59558 34809
59559 34553
59560 34299
59561 34811
59562 34555
59563 34298
59564 34554
59565 34810
59566 34041
59567 34042
59568 34043
59569 33277
59570 33789
59571 33533
59572 33279
59573 33791
59574 33535
59575 33278
59576 33534
59577 33790
59578 34301
59579 34813
59580 34557
59581 34303
59582 34815
59583 34559
59584 34302
59585 34558
59586 34814
59587 34045
59588 34046
59589 34047
59590 33276
59591 33532
59592 33788
59593 34300
59594 34044
59595 34556
59596 34812
59597 35321
59598 35833
59599 35577
59600 35323
59601 35835
59602 35579
59603 35322
59604 35578
59605 35834
59606 36345
59607 36857
59608 36601
59609 36347
59610 36859
59611 36603
59612 36346
59613 36602
59614 36858
59615 36089
59616 36090
59617 36091
59618 35325
59619 35837
59620 35581
59621 35327
59622 35839
59623 35583
59624 35326
59625 35582
59626 35838
59627 36349
59628 36861
59629 36605
59630 36351
59631 36863
59632 36607
59633 36350
59634 36606
59635 36862
59636 36093
59637 36094
59638 36095
59639 35324
59640 35580
59641 35836
59642 36092
59643 36348
59644 36604
59645 36860
59646 35068
59647 35067
59648 35065
59649 35069
59650 35070
59651 35066
59652 35071
59653 35832
59654 36344
59655 36856
59656 33784
59657 34296
59658 34808
59659 36600
59660 33528
59661 33272
59662 34552
59663 34040
59664 35576
59665 36088
59666 35064
59667 35320
59668 37361
59669 37873
59670 37617
59671 37363
59672 37875
59673 37619
59674 37362
59675 37618
59676 37874
59677 38385
59678 38897
59679 38641
59680 38387
59681 38899
59682 38643
59683 38386
59684 38642
59685 38898
59686 38129
59687 38130
59688 38131
59689 37365
59690 37877
59691 37621
59692 37367
59693 37879
59694 37623
59695 37366
59696 37622
59697 37878
59698 38389
59699 38901
59700 38645
59701 38391
59702 38903
59703 38647
59704 38390
59705 38646
59706 38902
59707 38133
59708 38134
59709 38135
59710 37364
59711 38132
59712 37620
59713 38388
59714 37876
59715 38644
59716 38900
59717 39409
59718 39921
59719 39665
59720 39411
59721 39923
59722 39667
59723 39410
59724 39666
59725 39922
59726 40433
59727 40945
59728 40689
59729 40435
59730 40947
59731 40691
59732 40434
59733 40690
59734 40946
59735 40177
59736 40178
59737 40179
59738 39413
59739 39925
59740 39669
59741 39415
59742 39927
59743 39671
59744 39414
59745 39670
59746 39926
59747 40437
59748 40949
59749 40693
59750 40439
59751 40951
59752 40695
59753 40438
59754 40694
59755 40950
59756 40181
59757 40182
59758 40183
59759 39924
59760 40436
59761 39668
59762 40692
59763 40180
59764 40948
59765 39412
59766 39154
59767 39153
59768 39155
59769 39156
59770 39158
59771 39157
59772 39159
59773 37369
59774 37881
59775 37625
59776 37371
59777 37883
59778 37627
59779 37370
59780 37626
59781 37882
59782 38393
59783 38905
59784 38649
59785 38395
59786 38907
59787 38651
59788 38394
59789 38650
59790 38906
59791 38137
59792 38138
59793 38139
59794 37373
59795 37885
59796 37629
59797 37375
59798 37887
59799 37631
59800 37374
59801 37630
59802 37886
59803 38397
59804 38909
59805 38653
59806 38399
59807 38911
59808 38655
59809 38398
59810 38654
59811 38910
59812 38141
59813 38142
59814 38143
59815 37372
59816 38396
59817 37628
59818 38140
59819 37884
59820 38652
59821 38908
59822 39417
59823 39929
59824 39673
59825 39419
59826 39931
59827 39675
59828 39418
59829 39674
59830 39930
59831 40441
59832 40953
59833 40697
59834 40443
59835 40955
59836 40699
59837 40442
59838 40698
59839 40954
59840 40185
59841 40186
59842 40187
59843 39421
59844 39933
59845 39677
59846 39423
59847 39935
59848 39679
59849 39422
59850 39678
59851 39934
59852 40445
59853 40957
59854 40701
59855 40447
59856 40959
59857 40703
59858 40446
59859 40702
59860 40958
59861 40189
59862 40190
59863 40191
59864 39676
59865 40444
59866 39420
59867 40956
59868 40700
59869 40188
59870 39932
59871 39161
59872 39165
59873 39164
59874 39167
59875 39166
59876 39163
59877 39162
59878 40952
59879 38904
59880 39672
59881 37624
59882 39928
59883 37368
59884 40184
59885 40440
59886 38648
59887 38136
59888 39416
59889 37880
59890 38392
59891 40696
59892 39160
59893 37115
59894 37105
59895 37117
59896 37114
59897 37109
59898 37107
59899 37118
59900 37106
59901 37108
59902 37119
59903 37113
59904 37112
59905 37110
59906 37111
59907 37116
59908 40944
59909 33264
59910 33520
59911 33776
59912 34032
59913 34288
59914 34544
59915 34800
59916 35056
59917 35312
59918 35568
59919 35824
59920 36336
59921 36592
59922 36848
59923 36080
59924 37104
59925 37360
59926 37616
59927 37872
59928 38128
59929 38384
59930 38640
59931 38896
59932 39152
59933 39408
59934 39664
59935 39920
59936 40176
59937 40432
59938 40688
59939 41441
59940 41953
59941 41697
59942 41443
59943 41955
59944 41699
59945 41442
59946 41698
59947 41954
59948 42465
59949 42977
59950 42721
59951 42467
59952 42979
59953 42723
59954 42466
59955 42722
59956 42978
59957 42209
59958 42210
59959 42211
59960 41445
59961 41957
59962 41701
59963 41447
59964 41959
59965 41703
59966 41446
59967 41702
59968 41958
59969 42469
59970 42981
59971 42725
59972 42471
59973 42983
59974 42727
59975 42470
59976 42726
59977 42982
59978 42213
59979 42214
59980 42215
59981 41444
59982 41700
59983 42212
59984 41956
59985 42468
59986 42980
59987 42724
59988 43489
59989 44001
59990 43745
59991 43491
59992 44003
59993 43747
59994 43490
59995 43746
59996 44002
59997 44513
59998 45025
59999 44769
60000 44515
60001 45027
60002 44771
60003 44514
60004 44770
60005 45026
60006 44257
60007 44258
60008 44259
60009 43493
60010 44005
60011 43749
60012 43495
60013 44007
60014 43751
60015 43494
60016 43750
60017 44006
60018 44517
60019 45029
60020 44773
60021 44519
60022 45031
60023 44775
60024 44518
60025 44774
60026 45030
60027 44261
60028 44262
60029 44263
60030 43748
60031 44004
60032 44260
60033 45028
60034 44516
60035 44772
60036 43492
60037 43234
60038 43236
60039 43233
60040 43235
60041 43238
60042 43237
60043 43239
60044 41449
60045 41961
60046 41705
60047 41451
60048 41963
60049 41707
60050 41450
60051 41706
60052 41962
60053 42473
60054 42985
60055 42729
60056 42475
60057 42987
60058 42731
60059 42474
60060 42730
60061 42986
60062 42217
60063 42218
60064 42219
60065 41453
60066 41965
60067 41709
60068 41455
60069 41967
60070 41711
60071 41454
60072 41710
60073 41966
60074 42477
60075 42989
60076 42733
60077 42479
60078 42991
60079 42735
60080 42478
60081 42734
60082 42990
60083 42221
60084 42222
60085 42223
60086 41452
60087 41708
60088 41964
60089 42476
60090 42220
60091 42732
60092 42988
60093 43497
60094 44009
60095 43753
60096 43499
60097 44011
60098 43755
60099 43498
60100 43754
60101 44010
60102 44521
60103 45033
60104 44777
60105 44523
60106 45035
60107 44779
60108 44522
60109 44778
60110 45034
60111 44265
60112 44266
60113 44267
60114 43501
60115 44013
60116 43757
60117 43503
60118 44015
60119 43759
60120 43502
60121 43758
60122 44014
60123 44525
60124 45037
60125 44781
60126 44527
60127 45039
60128 44783
60129 44526
60130 44782
60131 45038
60132 44269
60133 44270
60134 44271
60135 43500
60136 45036
60137 43756
60138 44012
60139 44268
60140 44524
60141 44780
60142 43246
60143 43241
60144 43243
60145 43242
60146 43247
60147 43244
60148 43245
60149 41448
60150 43752
60151 44264
60152 43240
60153 43496
60154 42216
60155 44520
60156 42472
60157 41960
60158 45032
60159 41704
60160 44776
60161 42984
60162 44008
60163 42728
60164 45537
60165 46049
60166 45793
60167 45539
60168 46051
60169 45795
60170 45538
60171 45794
60172 46050
60173 46561
60174 47073
60175 46817
60176 46563
60177 47075
60178 46819
60179 46562
60180 46818
60181 47074
60182 46305
60183 46306
60184 46307
60185 45541
60186 46053
60187 45797
60188 45543
60189 46055
60190 45799
60191 45542
60192 45798
60193 46054
60194 46565
60195 47077
60196 46821
60197 46567
60198 47079
60199 46823
60200 46566
60201 46822
60202 47078
60203 46309
60204 46310
60205 46311
60206 45540
60207 45796
60208 46564
60209 46052
60210 46308
60211 47076
60212 46820
60213 47585
60214 48097
60215 47841
60216 47587
60217 48099
60218 47843
60219 47586
60220 47842
60221 48098
60222 48609
60223 49121
60224 48865
60225 48611
60226 49123
60227 48867
60228 48610
60229 48866
60230 49122
60231 48353
60232 48354
60233 48355
60234 47589
60235 48101
60236 47845
60237 47591
60238 48103
60239 47847
60240 47590
60241 47846
60242 48102
60243 48613
60244 49125
60245 48869
60246 48615
60247 49127
60248 48871
60249 48614
60250 48870
60251 49126
60252 48357
60253 48358
60254 48359
60255 49124
60256 47844
60257 48356
60258 47588
60259 48612
60260 48100
60261 48868
60262 47331
60263 47329
60264 47335
60265 47332
60266 47330
60267 47334
60268 47333
60269 45545
60270 46057
60271 45801
60272 45547
60273 46059
60274 45803
60275 45546
60276 45802
60277 46058
60278 46569
60279 47081
60280 46825
60281 46571
60282 47083
60283 46827
60284 46570
60285 46826
60286 47082
60287 46313
60288 46314
60289 46315
60290 45549
60291 46061
60292 45805
60293 45551
60294 46063
60295 45807
60296 45550
60297 45806
60298 46062
60299 46573
60300 47085
60301 46829
60302 46575
60303 47087
60304 46831
60305 46574
60306 46830
60307 47086
60308 46317
60309 46318
60310 46319
60311 45548
60312 46060
60313 46572
60314 46316
60315 45804
60316 46828
60317 47084
60318 47593
60319 48105
60320 47849
60321 47595
60322 48107
60323 47851
60324 47594
60325 47850
60326 48106
60327 48617
60328 49129
60329 48873
60330 48619
60331 49131
60332 48875
60333 48618
60334 48874
60335 49130
60336 48361
60337 48362
60338 48363
60339 47597
60340 48109
60341 47853
60342 47599
60343 48111
60344 47855
60345 47598
60346 47854
60347 48110
60348 48621
60349 49133
60350 48877
60351 48623
60352 49135
60353 48879
60354 48622
60355 48878
60356 49134
60357 48365
60358 48366
60359 48367
60360 47852
60361 48108
60362 48620
60363 48876
60364 47596
60365 49132
60366 48364
60367 47342
60368 47339
60369 47337
60370 47343
60371 47340
60372 47338
60373 47341
60374 45800
60375 46056
60376 46312
60377 46568
60378 46824
60379 47080
60380 47336
60381 48360
60382 47592
60383 47848
60384 48104
60385 48616
60386 48872
60387 49128
60388 45544
60389 45285
60390 45295
60391 45289
60392 45291
60393 45290
60394 45283
60395 45293
60396 45281
60397 45284
60398 45292
60399 45286
60400 45294
60401 45282
60402 45288
60403 45287
60404 41457
60405 41969
60406 41713
60407 41459
60408 41971
60409 41715
60410 41458
60411 41714
60412 41970
60413 42481
60414 42993
60415 42737
60416 42483
60417 42995
60418 42739
60419 42482
60420 42738
60421 42994
60422 42225
60423 42226
60424 42227
60425 41461
60426 41973
60427 41717
60428 41463
60429 41975
60430 41719
60431 41462
60432 41718
60433 41974
60434 42485
60435 42997
60436 42741
60437 42487
60438 42999
60439 42743
60440 42486
60441 42742
60442 42998
60443 42229
60444 42230
60445 42231
60446 41460
60447 41972
60448 42484
60449 42228
60450 42740
60451 41716
60452 42996
60453 43505
60454 44017
60455 43761
60456 43507
60457 44019
60458 43763
60459 43506
60460 43762
60461 44018
60462 44529
60463 45041
60464 44785
60465 44531
60466 45043
60467 44787
60468 44530
60469 44786
60470 45042
60471 44273
60472 44274
60473 44275
60474 43509
60475 44021
60476 43765
60477 43511
60478 44023
60479 43767
60480 43510
60481 43766
60482 44022
60483 44533
60484 45045
60485 44789
60486 44535
60487 45047
60488 44791
60489 44534
60490 44790
60491 45046
60492 44277
60493 44278
60494 44279
60495 44276
60496 43508
60497 43764
60498 44020
60499 44532
60500 44788
60501 45044
60502 43254
60503 43252
60504 43253
60505 43250
60506 43251
60507 43249
60508 43255
60509 41465
60510 41977
60511 41721
60512 41467
60513 41979
60514 41723
60515 41466
60516 41722
60517 41978
60518 42489
60519 43001
60520 42745
60521 42491
60522 43003
60523 42747
60524 42490
60525 42746
60526 43002
60527 42233
60528 42234
60529 42235
60530 41469
60531 41981
60532 41725
60533 41471
60534 41983
60535 41727
60536 41470
60537 41726
60538 41982
60539 42493
60540 43005
60541 42749
60542 42495
60543 43007
60544 42751
60545 42494
60546 42750
60547 43006
60548 42237
60549 42238
60550 42239
60551 43004
60552 41468
60553 41980
60554 41724
60555 42236
60556 42492
60557 42748
60558 43513
60559 44025
60560 43769
60561 43515
60562 44027
60563 43771
60564 43514
60565 43770
60566 44026
60567 44537
60568 45049
60569 44793
60570 44539
60571 45051
60572 44795
60573 44538
60574 44794
60575 45050
60576 44281
60577 44282
60578 44283
60579 43517
60580 44029
60581 43773
60582 43519
60583 44031
60584 43775
60585 43518
60586 43774
60587 44030
60588 44541
60589 45053
60590 44797
60591 44543
60592 45055
60593 44799
60594 44542
60595 44798
60596 45054
60597 44285
60598 44286
60599 44287
60600 43516
60601 43772
60602 44540
60603 44028
60604 44284
60605 44796
60606 45052
60607 43257
60608 43258
60609 43259
60610 43263
60611 43260
60612 43261
60613 43262
60614 41464
60615 42488
60616 43256
60617 45048
60618 43768
60619 44536
60620 43000
60621 42744
60622 44280
60623 44024
60624 41976
60625 44792
60626 42232
60627 41720
60628 43512
60629 45553
60630 46065
60631 45809
60632 45555
60633 46067
60634 45811
60635 45554
60636 45810
60637 46066
60638 46577
60639 47089
60640 46833
60641 46579
60642 47091
60643 46835
60644 46578
60645 46834
60646 47090
60647 46321
60648 46322
60649 46323
60650 45557
60651 46069
60652 45813
60653 45559
60654 46071
60655 45815
60656 45558
60657 45814
60658 46070
60659 46581
60660 47093
60661 46837
60662 46583
60663 47095
60664 46839
60665 46582
60666 46838
60667 47094
60668 46325
60669 46326
60670 46327
60671 45556
60672 45812
60673 46580
60674 46068
60675 46836
60676 46324
60677 47092
60678 47601
60679 48113
60680 47857
60681 47603
60682 48115
60683 47859
60684 47602
60685 47858
60686 48114
60687 48625
60688 49137
60689 48881
60690 48627
60691 49139
60692 48883
60693 48626
60694 48882
60695 49138
60696 48369
60697 48370
60698 48371
60699 47605
60700 48117
60701 47861
60702 47607
60703 48119
60704 47863
60705 47606
60706 47862
60707 48118
60708 48629
60709 49141
60710 48885
60711 48631
60712 49143
60713 48887
60714 48630
60715 48886
60716 49142
60717 48373
60718 48374
60719 48375
60720 47604
60721 47860
60722 48116
60723 49140
60724 48372
60725 48628
60726 48884
60727 47350
60728 47347
60729 47346
60730 47348
60731 47349
60732 47345
60733 47351
60734 45561
60735 46073
60736 45817
60737 45563
60738 46075
60739 45819
60740 45562
60741 45818
60742 46074
60743 46585
60744 47097
60745 46841
60746 46587
60747 47099
60748 46843
60749 46586
60750 46842
60751 47098
60752 46329
60753 46330
60754 46331
60755 45565
60756 46077
60757 45821
60758 45567
60759 46079
60760 45823
60761 45566
60762 45822
60763 46078
60764 46589
60765 47101
60766 46845
60767 46591
60768 47103
60769 46847
60770 46590
60771 46846
60772 47102
60773 46333
60774 46334
60775 46335
60776 47100
60777 45564
60778 45820
60779 46076
60780 46844
60781 46332
60782 46588
60783 47609
60784 48121
60785 47865
60786 47611
60787 48123
60788 47867
60789 47610
60790 47866
60791 48122
60792 48633
60793 49145
60794 48889
60795 48635
60796 49147
60797 48891
60798 48634
60799 48890
60800 49146
60801 48377
60802 48378
60803 48379
60804 47613
60805 48125
60806 47869
60807 47615
60808 48127
60809 47871
60810 47614
60811 47870
60812 48126
60813 48637
60814 49149
60815 48893
60816 48639
60817 49151
60818 48895
60819 48638
60820 48894
60821 49150
60822 48381
60823 48382
60824 48383
60825 47612
60826 47868
60827 48380
60828 48636
60829 48892
60830 49148
60831 48124
60832 47357
60833 47354
60834 47356
60835 47355
60836 47353
60837 47359
60838 47358
60839 46328
60840 46840
60841 47608
60842 47096
60843 47352
60844 46584
60845 48120
60846 48888
60847 45816
60848 46072
60849 48632
60850 49144
60851 48376
60852 45560
60853 47864
60854 45309
60855 45304
60856 45301
60857 45311
60858 45300
60859 45305
60860 45302
60861 45308
60862 45306
60863 45297
60864 45303
60865 45310
60866 45298
60867 45299
60868 45307
60869 42736
60870 41456
60871 43248
60872 48880
60873 49136
60874 46064
60875 44784
60876 46832
60877 46320
60878 46576
60879 47344
60880 45040
60881 44528
60882 41968
60883 42992
60884 45296
60885 42480
60886 47088
60887 45552
60888 44272
60889 47600
60890 44016
60891 47856
60892 41712
60893 48112
60894 48368
60895 43760
60896 43504
60897 45808
60898 42224
60899 48624
60900 41187
60901 41212
60902 41214
60903 41191
60904 41209
60905 41190
60906 41211
60907 41202
60908 41185
60909 41205
60910 41203
60911 41195
60912 41215
60913 41210
60914 41194
60915 41192
60916 41207
60917 41193
60918 41200
60919 41199
60920 41206
60921 41213
60922 41208
60923 41188
60924 41196
60925 41204
60926 41197
60927 41189
60928 41198
60929 41186
60930 41201
60931 33248
60932 34528
60933 47840
60934 38112
60935 44512
60936 46816
60937 36320
60938 44256
60939 40672
60940 42976
60941 38624
60942 43488
60943 41696
60944 41952
60945 35808
60946 34784
60947 42464
60948 38368
60949 48096
60950 37344
60951 40160
60952 43744
60953 36832
60954 41184
60955 40928
60956 43232
60957 44768
60958 39648
60959 34016
60960 48352
60961 41440
60962 45024
60963 36064
60964 38880
60965 37088
60966 48608
60967 45280
60968 45792
60969 46304
60970 39136
60971 40416
60972 33760
60973 37856
60974 47584
60975 33504
60976 37600
60977 47072
60978 48864
60979 42720
60980 39392
60981 49120
60982 35040
60983 35296
60984 35552
60985 36576
60986 39904
60987 44000
60988 45536
60989 47328
60990 46048
60991 46560
60992 34272
60993 42208
60994 49601
60995 50113
60996 49857
60997 49603
60998 50115
60999 49859
61000 49602
61001 49858
61002 50114
61003 50625
61004 51137
61005 50881
61006 50627
61007 51139
61008 50883
61009 50626
61010 50882
61011 51138
61012 50369
61013 50370
61014 50371
61015 49605
61016 50117
61017 49861
61018 49607
61019 50119
61020 49863
61021 49606
61022 49862
61023 50118
61024 50629
61025 51141
61026 50885
61027 50631
61028 51143
61029 50887
61030 50630
61031 50886
61032 51142
61033 50373
61034 50374
61035 50375
61036 49604
61037 50116
61038 51140
61039 49860
61040 50372
61041 50628
61042 50884
61043 51649
61044 52161
61045 51905
61046 51651
61047 52163
61048 51907
61049 51650
61050 51906
61051 52162
61052 52673
61053 53185
61054 52929
61055 52675
61056 53187
61057 52931
61058 52674
61059 52930
61060 53186
61061 52417
61062 52418
61063 52419
61064 51653
61065 52165
61066 51909
61067 51655
61068 52167
61069 51911
61070 51654
61071 51910
61072 52166
61073 52677
61074 53189
61075 52933
61076 52679
61077 53191
61078 52935
61079 52678
61080 52934
61081 53190
61082 52421
61083 52422
61084 52423
61085 51652
61086 51908
61087 52676
61088 52164
61089 52932
61090 52420
61091 53188
61092 51398
61093 51393
61094 51394
61095 51396
61096 51395
61097 51397
61098 51399
61099 49609
61100 50121
61101 49865
61102 49611
61103 50123
61104 49867
61105 49610
61106 49866
61107 50122
61108 50633
61109 51145
61110 50889
61111 50635
61112 51147
61113 50891
61114 50634
61115 50890
61116 51146
61117 50377
61118 50378
61119 50379
61120 49613
61121 50125
61122 49869
61123 49615
61124 50127
61125 49871
61126 49614
61127 49870
61128 50126
61129 50637
61130 51149
61131 50893
61132 50639
61133 51151
61134 50895
61135 50638
61136 50894
61137 51150
61138 50381
61139 50382
61140 50383
61141 50636
61142 51148
61143 49868
61144 50892
61145 50124
61146 49612
61147 50380
61148 51657
61149 52169
61150 51913
61151 51659
61152 52171
61153 51915
61154 51658
61155 51914
61156 52170
61157 52681
61158 53193
61159 52937
61160 52683
61161 53195
61162 52939
61163 52682
61164 52938
61165 53194
61166 52425
61167 52426
61168 52427
61169 51661
61170 52173
61171 51917
61172 51663
61173 52175
61174 51919
61175 51662
61176 51918
61177 52174
61178 52685
61179 53197
61180 52941
61181 52687
61182 53199
61183 52943
61184 52686
61185 52942
61186 53198
61187 52429
61188 52430
61189 52431
61190 51660
61191 51916
61192 52172
61193 52684
61194 52940
61195 52428
61196 53196
61197 51402
61198 51405
61199 51403
61200 51401
61201 51406
61202 51407
61203 51404
61204 49608
61205 50632
61206 49864
61207 50120
61208 50888
61209 51656
61210 52424
61211 53192
61212 50376
61213 52168
61214 52680
61215 51912
61216 52936
61217 51144
61218 51400
61219 53697
61220 54209
61221 53953
61222 53699
61223 54211
61224 53955
61225 53698
61226 53954
61227 54210
61228 54721
61229 55233
61230 54977
61231 54723
61232 55235
61233 54979
61234 54722
61235 54978
61236 55234
61237 54465
61238 54466
61239 54467
61240 53701
61241 54213
61242 53957
61243 53703
61244 54215
61245 53959
61246 53702
61247 53958
61248 54214
61249 54725
61250 55237
61251 54981
61252 54727
61253 55239
61254 54983
61255 54726
61256 54982
61257 55238
61258 54469
61259 54470
61260 54471
61261 53700
61262 53956
61263 54212
61264 54468
61265 54724
61266 54980
61267 55236
61268 55745
61269 56257
61270 56001
61271 55747
61272 56259
61273 56003
61274 55746
61275 56002
61276 56258
61277 56769
61278 57281
61279 57025
61280 56771
61281 57283
61282 57027
61283 56770
61284 57026
61285 57282
61286 56513
61287 56514
61288 56515
61289 55749
61290 56261
61291 56005
61292 55751
61293 56263
61294 56007
61295 55750
61296 56006
61297 56262
61298 56773
61299 57285
61300 57029
61301 56775
61302 57287
61303 57031
61304 56774
61305 57030
61306 57286
61307 56517
61308 56518
61309 56519
61310 55748
61311 56260
61312 56516
61313 56004
61314 57028
61315 56772
61316 57284
61317 55494
61318 55492
61319 55489
61320 55490
61321 55495
61322 55491
61323 55493
61324 53705
61325 54217
61326 53961
61327 53707
61328 54219
61329 53963
61330 53706
61331 53962
61332 54218
61333 54729
61334 55241
61335 54985
61336 54731
61337 55243
61338 54987
61339 54730
61340 54986
61341 55242
61342 54473
61343 54474
61344 54475
61345 53709
61346 54221
61347 53965
61348 53711
61349 54223
61350 53967
61351 53710
61352 53966
61353 54222
61354 54733
61355 55245
61356 54989
61357 54735
61358 55247
61359 54991
61360 54734
61361 54990
61362 55246
61363 54477
61364 54478
61365 54479
61366 53964
61367 54220
61368 54476
61369 54732
61370 55244
61371 54988
61372 53708
61373 55753
61374 56265
61375 56009
61376 55755
61377 56267
61378 56011
61379 55754
61380 56010
61381 56266
61382 56777
61383 57289
61384 57033
61385 56779
61386 57291
61387 57035
61388 56778
61389 57034
61390 57290
61391 56521
61392 56522
61393 56523
61394 55757
61395 56269
61396 56013
61397 55759
61398 56271
61399 56015
61400 55758
61401 56014
61402 56270
61403 56781
61404 57293
61405 57037
61406 56783
61407 57295
61408 57039
61409 56782
61410 57038
61411 57294
61412 56525
61413 56526
61414 56527
61415 56012
61416 56268
61417 56524
61418 55756
61419 56780
61420 57036
61421 57292
61422 55498
61423 55503
61424 55502
61425 55500
61426 55497
61427 55499
61428 55501
61429 53704
61430 56776
61431 53960
61432 54216
61433 56264
61434 54728
61435 55496
61436 54472
61437 57288
61438 56520
61439 55752
61440 54984
61441 56008
61442 55240
61443 57032
61444 53452
61445 53454
61446 53453
61447 53445
61448 53451
61449 53448
61450 53444
61451 53455
61452 53441
61453 53447
61454 53442
61455 53450
61456 53443
61457 53449
61458 53446
61459 49617
61460 50129
61461 49873
61462 49619
61463 50131
61464 49875
61465 49618
61466 49874
61467 50130
61468 50641
61469 51153
61470 50897
61471 50643
61472 51155
61473 50899
61474 50642
61475 50898
61476 51154
61477 50385
61478 50386
61479 50387
61480 49621
61481 50133
61482 49877
61483 49623
61484 50135
61485 49879
61486 49622
61487 49878
61488 50134
61489 50645
61490 51157
61491 50901
61492 50647
61493 51159
61494 50903
61495 50646
61496 50902
61497 51158
61498 50389
61499 50390
61500 50391
61501 49620
61502 49876
61503 50644
61504 50132
61505 50900
61506 50388
61507 51156
61508 51665
61509 52177
61510 51921
61511 51667
61512 52179
61513 51923
61514 51666
61515 51922
61516 52178
61517 52689
61518 53201
61519 52945
61520 52691
61521 53203
61522 52947
61523 52690
61524 52946
61525 53202
61526 52433
61527 52434
61528 52435
61529 51669
61530 52181
61531 51925
61532 51671
61533 52183
61534 51927
61535 51670
61536 51926
61537 52182
61538 52693
61539 53205
61540 52949
61541 52695
61542 53207
61543 52951
61544 52694
61545 52950
61546 53206
61547 52437
61548 52438
61549 52439
61550 51668
61551 51924
61552 52692
61553 52180
61554 52948
61555 53204
61556 52436
61557 51415
61558 51414
61559 51410
61560 51409
61561 51413
61562 51411
61563 51412
61564 49625
61565 50137
61566 49881
61567 49627
61568 50139
61569 49883
61570 49626
61571 49882
61572 50138
61573 50649
61574 51161
61575 50905
61576 50651
61577 51163
61578 50907
61579 50650
61580 50906
61581 51162
61582 50393
61583 50394
61584 50395
61585 49629
61586 50141
61587 49885
61588 49631
61589 50143
61590 49887
61591 49630
61592 49886
61593 50142
61594 50653
61595 51165
61596 50909
61597 50655
61598 51167
61599 50911
61600 50654
61601 50910
61602 51166
61603 50397
61604 50398
61605 50399
61606 49628
61607 50652
61608 50396
61609 49884
61610 50140
61611 50908
61612 51164
61613 51673
61614 52185
61615 51929
61616 51675
61617 52187
61618 51931
61619 51674
61620 51930
61621 52186
61622 52697
61623 53209
61624 52953
61625 52699
61626 53211
61627 52955
61628 52698
61629 52954
61630 53210
61631 52441
61632 52442
61633 52443
61634 51677
61635 52189
61636 51933
61637 51679
61638 52191
61639 51935
61640 51678
61641 51934
61642 52190
61643 52701
61644 53213
61645 52957
61646 52703
61647 53215
61648 52959
61649 52702
61650 52958
61651 53214
61652 52445
61653 52446
61654 52447
61655 51676
61656 51932
61657 52188
61658 52444
61659 52700
61660 52956
61661 53212
61662 51421
61663 51422
61664 51420
61665 51419
61666 51418
61667 51417
61668 51423
61669 50648
61670 52184
61671 51416
61672 51160
61673 49880
61674 51928
61675 51672
61676 50904
61677 52696
61678 50392
61679 49624
61680 53208
61681 52440
61682 50136
61683 52952
61684 53713
61685 54225
61686 53969
61687 53715
61688 54227
61689 53971
61690 53714
61691 53970
61692 54226
61693 54737
61694 55249
61695 54993
61696 54739
61697 55251
61698 54995
61699 54738
61700 54994
61701 55250
61702 54481
61703 54482
61704 54483
61705 53717
61706 54229
61707 53973
61708 53719
61709 54231
61710 53975
61711 53718
61712 53974
61713 54230
61714 54741
61715 55253
61716 54997
61717 54743
61718 55255
61719 54999
61720 54742
61721 54998
61722 55254
61723 54485
61724 54486
61725 54487
61726 53972
61727 54740
61728 54484
61729 54996
61730 53716
61731 54228
61732 55252
61733 55761
61734 56273
61735 56017
61736 55763
61737 56275
61738 56019
61739 55762
61740 56018
61741 56274
61742 56785
61743 57297
61744 57041
61745 56787
61746 57299
61747 57043
61748 56786
61749 57042
61750 57298
61751 56529
61752 56530
61753 56531
61754 55765
61755 56277
61756 56021
61757 55767
61758 56279
61759 56023
61760 55766
61761 56022
61762 56278
61763 56789
61764 57301
61765 57045
61766 56791
61767 57303
61768 57047
61769 56790
61770 57046
61771 57302
61772 56533
61773 56534
61774 56535
61775 55764
61776 56788
61777 56020
61778 56532
61779 56276
61780 57044
61781 57300
61782 55507
61783 55505
61784 55506
61785 55511
61786 55510
61787 55509
61788 55508
61789 53721
61790 54233
61791 53977
61792 53723
61793 54235
61794 53979
61795 53722
61796 53978
61797 54234
61798 54745
61799 55257
61800 55001
61801 54747
61802 55259
61803 55003
61804 54746
61805 55002
61806 55258
61807 54489
61808 54490
61809 54491
61810 53725
61811 54237
61812 53981
61813 53727
61814 54239
61815 53983
61816 53726
61817 53982
61818 54238
61819 54749
61820 55261
61821 55005
61822 54751
61823 55263
61824 55007
61825 54750
61826 55006
61827 55262
61828 54493
61829 54494
61830 54495
61831 55260
61832 53980
61833 54236
61834 53724
61835 54492
61836 54748
61837 55004
61838 55769
61839 56281
61840 56025
61841 55771
61842 56283
61843 56027
61844 55770
61845 56026
61846 56282
61847 56793
61848 57305
61849 57049
61850 56795
61851 57307
61852 57051
61853 56794
61854 57050
61855 57306
61856 56537
61857 56538
61858 56539
61859 55773
61860 56285
61861 56029
61862 55775
61863 56287
61864 56031
61865 55774
61866 56030
61867 56286
61868 56797
61869 57309
61870 57053
61871 56799
61872 57311
61873 57055
61874 56798
61875 57054
61876 57310
61877 56541
61878 56542
61879 56543
61880 55772
61881 56284
61882 56028
61883 56540
61884 56796
61885 57052
61886 57308
61887 55518
61888 55514
61889 55516
61890 55513
61891 55515
61892 55517
61893 55519
61894 55768
61895 57304
61896 53976
61897 55512
61898 53720
61899 56280
61900 55256
61901 56536
61902 54488
61903 56024
61904 56792
61905 55000
61906 54232
61907 57048
61908 54744
61909 53457
61910 53459
61911 53468
61912 53464
61913 53469
61914 53466
61915 53461
61916 53470
61917 53467
61918 53460
61919 53458
61920 53465
61921 53471
61922 53463
61923 53462
61924 53456
61925 53200
61926 50896
61927 54992
61928 56528
61929 53712
61930 55504
61931 56272
61932 50640
61933 54736
61934 53968
61935 51408
61936 55760
61937 50384
61938 52688
61939 49616
61940 52944
61941 57040
61942 52176
61943 52432
61944 49872
61945 55248
61946 54480
61947 51664
61948 51920
61949 56784
61950 54224
61951 50128
61952 51152
61953 56016
61954 57296
61955 57793
61956 58305
61957 58049
61958 57795
61959 58307
61960 58051
61961 57794
61962 58050
61963 58306
61964 58817
61965 59329
61966 59073
61967 58819
61968 59331
61969 59075
61970 58818
61971 59074
61972 59330
61973 58561
61974 58562
61975 58563
61976 57797
61977 58309
61978 58053
61979 57799
61980 58311
61981 58055
61982 57798
61983 58054
61984 58310
61985 58821
61986 59333
61987 59077
61988 58823
61989 59335
61990 59079
61991 58822
61992 59078
61993 59334
61994 58565
61995 58566
61996 58567
61997 58820
61998 57796
61999 58564
62000 58052
62001 59332
62002 58308
62003 59076
62004 59841
62005 60353
62006 60097
62007 59843
62008 60355
62009 60099
62010 59842
62011 60098
62012 60354
62013 60865
62014 61377
62015 61121
62016 60867
62017 61379
62018 61123
62019 60866
62020 61122
62021 61378
62022 60609
62023 60610
62024 60611
62025 59845
62026 60357
62027 60101
62028 59847
62029 60359
62030 60103
62031 59846
62032 60102
62033 60358
62034 60869
62035 61381
62036 61125
62037 60871
62038 61383
62039 61127
62040 60870
62041 61126
62042 61382
62043 60613
62044 60614
62045 60615
62046 60868
62047 60356
62048 61124
62049 59844
62050 61380
62051 60100
62052 60612
62053 59585
62054 59586
62055 59588
62056 59587
62057 59589
62058 59591
62059 59590
62060 57801
62061 58313
62062 58057
62063 57803
62064 58315
62065 58059
62066 57802
62067 58058
62068 58314
62069 58825
62070 59337
62071 59081
62072 58827
62073 59339
62074 59083
62075 58826
62076 59082
62077 59338
62078 58569
62079 58570
62080 58571
62081 57805
62082 58317
62083 58061
62084 57807
62085 58319
62086 58063
62087 57806
62088 58062
62089 58318
62090 58829
62091 59341
62092 59085
62093 58831
62094 59343
62095 59087
62096 58830
62097 59086
62098 59342
62099 58573
62100 58574
62101 58575
62102 57804
62103 58828
62104 58316
62105 58572
62106 59084
62107 59340
62108 58060
62109 59849
62110 60361
62111 60105
62112 59851
62113 60363
62114 60107
62115 59850
62116 60106
62117 60362
62118 60873
62119 61385
62120 61129
62121 60875
62122 61387
62123 61131
62124 60874
62125 61130
62126 61386
62127 60617
62128 60618
62129 60619
62130 59853
62131 60365
62132 60109
62133 59855
62134 60367
62135 60111
62136 59854
62137 60110
62138 60366
62139 60877
62140 61389
62141 61133
62142 60879
62143 61391
62144 61135
62145 60878
62146 61134
62147 61390
62148 60621
62149 60622
62150 60623
62151 59852
62152 60108
62153 60620
62154 60876
62155 60364
62156 61132
62157 61388
62158 59597
62159 59595
62160 59593
62161 59594
62162 59599
62163 59598
62164 59596
62165 59080
62166 61128
62167 58824
62168 57800
62169 60616
62170 58056
62171 61384
62172 60872
62173 59848
62174 58312
62175 60104
62176 59592
62177 60360
62178 58568
62179 59336
62180 61889
62181 62401
62182 62145
62183 61891
62184 62403
62185 62147
62186 61890
62187 62146
62188 62402
62189 62913
62190 63425
62191 63169
62192 62915
62193 63427
62194 63171
62195 62914
62196 63170
62197 63426
62198 62657
62199 62658
62200 62659
62201 61893
62202 62405
62203 62149
62204 61895
62205 62407
62206 62151
62207 61894
62208 62150
62209 62406
62210 62917
62211 63429
62212 63173
62213 62919
62214 63431
62215 63175
62216 62918
62217 63174
62218 63430
62219 62661
62220 62662
62221 62663
62222 61892
62223 62148
62224 62404
62225 62660
62226 63172
62227 62916
62228 63428
62229 63937
62230 64449
62231 64193
62232 63939
62233 64451
62234 64195
62235 63938
62236 64194
62237 64450
62238 64961
62239 65473
62240 65217
62241 64963
62242 65475
62243 65219
62244 64962
62245 65218
62246 65474
62247 64705
62248 64706
62249 64707
62250 63941
62251 64453
62252 64197
62253 63943
62254 64455
62255 64199
62256 63942
62257 64198
62258 64454
62259 64965
62260 65477
62261 65221
62262 64967
62263 65479
62264 65223
62265 64966
62266 65222
62267 65478
62268 64709
62269 64710
62270 64711
62271 64196
62272 64964
62273 64708
62274 65220
62275 64452
62276 65476
62277 63940
62278 63681
62279 63682
62280 63683
62281 63687
62282 63684
62283 63685
62284 63686
62285 61897
62286 62409
62287 62153
62288 61899
62289 62411
62290 62155
62291 61898
62292 62154
62293 62410
62294 62921
62295 63433
62296 63177
62297 62923
62298 63435
62299 63179
62300 62922
62301 63178
62302 63434
62303 62665
62304 62666
62305 62667
62306 61901
62307 62413
62308 62157
62309 61903
62310 62415
62311 62159
62312 61902
62313 62158
62314 62414
62315 62925
62316 63437
62317 63181
62318 62927
62319 63439
62320 63183
62321 62926
62322 63182
62323 63438
62324 62669
62325 62670
62326 62671
62327 62668
62328 61900
62329 62156
62330 62924
62331 63180
62332 62412
62333 63436
62334 63945
62335 64457
62336 64201
62337 63947
62338 64459
62339 64203
62340 63946
62341 64202
62342 64458
62343 64969
62344 65481
62345 65225
62346 64971
62347 65483
62348 65227
62349 64970
62350 65226
62351 65482
62352 64713
62353 64714
62354 64715
62355 63949
62356 64461
62357 64205
62358 63951
62359 64463
62360 64207
62361 63950
62362 64206
62363 64462
62364 64973
62365 65485
62366 65229
62367 64975
62368 65487
62369 65231
62370 64974
62371 65230
62372 65486
62373 64717
62374 64718
62375 64719
62376 64716
62377 64204
62378 64972
62379 65228
62380 64460
62381 65484
62382 63948
62383 63689
62384 63692
62385 63693
62386 63690
62387 63694
62388 63695
62389 63691
62390 61896
62391 64712
62392 64456
62393 64968
62394 65480
62395 63944
62396 62920
62397 62152
62398 62408
62399 63688
62400 65224
62401 63176
62402 63432
62403 62664
62404 64200
62405 61635
62406 61638
62407 61645
62408 61642
62409 61646
62410 61636
62411 61647
62412 61633
62413 61643
62414 61641
62415 61637
62416 61640
62417 61639
62418 61644
62419 61634
62420 57809
62421 58321
62422 58065
62423 57811
62424 58323
62425 58067
62426 57810
62427 58066
62428 58322
62429 58833
62430 59345
62431 59089
62432 58835
62433 59347
62434 59091
62435 58834
62436 59090
62437 59346
62438 58577
62439 58578
62440 58579
62441 57813
62442 58325
62443 58069
62444 57815
62445 58327
62446 58071
62447 57814
62448 58070
62449 58326
62450 58837
62451 59349
62452 59093
62453 58839
62454 59351
62455 59095
62456 58838
62457 59094
62458 59350
62459 58581
62460 58582
62461 58583
62462 58068
62463 58324
62464 58580
62465 59348
62466 58836
62467 59092
62468 57812
62469 59857
62470 60369
62471 60113
62472 59859
62473 60371
62474 60115
62475 59858
62476 60114
62477 60370
62478 60881
62479 61393
62480 61137
62481 60883
62482 61395
62483 61139
62484 60882
62485 61138
62486 61394
62487 60625
62488 60626
62489 60627
62490 59861
62491 60373
62492 60117
62493 59863
62494 60375
62495 60119
62496 59862
62497 60118
62498 60374
62499 60885
62500 61397
62501 61141
62502 60887
62503 61399
62504 61143
62505 60886
62506 61142
62507 61398
62508 60629
62509 60630
62510 60631
62511 59860
62512 61140
62513 60116
62514 60372
62515 60628
62516 60884
62517 61396
62518 59601
62519 59606
62520 59607
62521 59604
62522 59605
62523 59603
62524 59602
62525 57817
62526 58329
62527 58073
62528 57819
62529 58331
62530 58075
62531 57818
62532 58074
62533 58330
62534 58841
62535 59353
62536 59097
62537 58843
62538 59355
62539 59099
62540 58842
62541 59098
62542 59354
62543 58585
62544 58586
62545 58587
62546 57821
62547 58333
62548 58077
62549 57823
62550 58335
62551 58079
62552 57822
62553 58078
62554 58334
62555 58845
62556 59357
62557 59101
62558 58847
62559 59359
62560 59103
62561 58846
62562 59102
62563 59358
62564 58589
62565 58590
62566 58591
62567 57820
62568 58588
62569 58076
62570 58844
62571 58332
62572 59100
62573 59356
62574 59865
62575 60377
62576 60121
62577 59867
62578 60379
62579 60123
62580 59866
62581 60122
62582 60378
62583 60889
62584 61401
62585 61145
62586 60891
62587 61403
62588 61147
62589 60890
62590 61146
62591 61402
62592 60633
62593 60634
62594 60635
62595 59869
62596 60381
62597 60125
62598 59871
62599 60383
62600 60127
62601 59870
62602 60126
62603 60382
62604 60893
62605 61405
62606 61149
62607 60895
62608 61407
62609 61151
62610 60894
62611 61150
62612 61406
62613 60637
62614 60638
62615 60639
62616 60124
62617 60380
62618 60636
62619 59868
62620 60892
62621 61148
62622 61404
62623 59609
62624 59615
62625 59613
62626 59611
62627 59614
62628 59610
62629 59612
62630 59352
62631 59096
62632 60120
62633 58328
62634 60376
62635 59608
62636 60632
62637 60888
62638 58072
62639 58840
62640 57816
62641 61144
62642 59864
62643 58584
62644 61400
62645 61905
62646 62417
62647 62161
62648 61907
62649 62419
62650 62163
62651 61906
62652 62162
62653 62418
62654 62929
62655 63441
62656 63185
62657 62931
62658 63443
62659 63187
62660 62930
62661 63186
62662 63442
62663 62673
62664 62674
62665 62675
62666 61909
62667 62421
62668 62165
62669 61911
62670 62423
62671 62167
62672 61910
62673 62166
62674 62422
62675 62933
62676 63445
62677 63189
62678 62935
62679 63447
62680 63191
62681 62934
62682 63190
62683 63446
62684 62677
62685 62678
62686 62679
62687 61908
62688 62932
62689 62164
62690 62420
62691 62676
62692 63188
62693 63444
62694 63953
62695 64465
62696 64209
62697 63955
62698 64467
62699 64211
62700 63954
62701 64210
62702 64466
62703 64977
62704 65489
62705 65233
62706 64979
62707 65491
62708 65235
62709 64978
62710 65234
62711 65490
62712 64721
62713 64722
62714 64723
62715 63957
62716 64469
62717 64213
62718 63959
62719 64471
62720 64215
62721 63958
62722 64214
62723 64470
62724 64981
62725 65493
62726 65237
62727 64983
62728 65495
62729 65239
62730 64982
62731 65238
62732 65494
62733 64725
62734 64726
62735 64727
62736 64212
62737 64468
62738 64724
62739 65492
62740 64980
62741 65236
62742 63956
62743 63698
62744 63699
62745 63700
62746 63701
62747 63702
62748 63703
62749 63697
62750 61913
62751 62425
62752 62169
62753 61915
62754 62427
62755 62171
62756 61914
62757 62170
62758 62426
62759 62937
62760 63449
62761 63193
62762 62939
62763 63451
62764 63195
62765 62938
62766 63194
62767 63450
62768 62681
62769 62682
62770 62683
62771 61917
62772 62429
62773 62173
62774 61919
62775 62431
62776 62175
62777 61918
62778 62174
62779 62430
62780 62941
62781 63453
62782 63197
62783 62943
62784 63455
62785 63199
62786 62942
62787 63198
62788 63454
62789 62685
62790 62686
62791 62687
62792 61916
62793 62172
62794 62428
62795 63452
62796 62684
62797 62940
62798 63196
62799 63961
62800 64473
62801 64217
62802 63963
62803 64475
62804 64219
62805 63962
62806 64218
62807 64474
62808 64985
62809 65497
62810 65241
62811 64987
62812 65499
62813 65243
62814 64986
62815 65242
62816 65498
62817 64729
62818 64730
62819 64731
62820 63965
62821 64477
62822 64221
62823 63967
62824 64479
62825 64223
62826 63966
62827 64222
62828 64478
62829 64989
62830 65501
62831 65245
62832 64991
62833 65503
62834 65247
62835 64990
62836 65246
62837 65502
62838 64733
62839 64734
62840 64735
62841 63964
62842 64732
62843 64220
62844 64476
62845 64988
62846 65244
62847 65500
62848 63705
62849 63707
62850 63708
62851 63706
62852 63709
62853 63710
62854 63711
62855 63448
62856 62168
62857 64216
62858 65240
62859 64984
62860 62424
62861 63704
62862 65496
62863 61912
62864 63960
62865 64728
62866 62936
62867 63192
62868 64472
62869 62680
62870 61654
62871 61657
62872 61656
62873 61661
62874 61662
62875 61655
62876 61652
62877 61650
62878 61651
62879 61660
62880 61658
62881 61659
62882 61653
62883 61663
62884 61649
62885 64464
62886 58320
62887 62672
62888 60368
62889 62160
62890 61904
62891 59600
62892 62416
62893 60624
62894 63184
62895 58576
62896 59088
62897 58064
62898 64976
62899 60112
62900 65232
62901 59344
62902 60880
62903 64208
62904 64720
62905 58832
62906 61136
62907 61392
62908 59856
62909 61648
62910 65488
62911 63952
62912 63696
62913 57808
62914 62928
62915 63440
62916 57547
62917 57544
62918 57546
62919 57542
62920 57560
62921 57563
62922 57561
62923 57558
62924 57545
62925 57543
62926 57557
62927 57565
62928 57555
62929 57566
62930 57554
62931 57553
62932 57552
62933 57548
62934 57567
62935 57549
62936 57540
62937 57550
62938 57556
62939 57539
62940 57551
62941 57564
62942 57537
62943 57541
62944 57559
62945 57562
62946 57538
62947 49633
62948 50145
62949 49889
62950 49635
62951 50147
62952 49891
62953 49634
62954 49890
62955 50146
62956 50657
62957 51169
62958 50913
62959 50659
62960 51171
62961 50915
62962 50658
62963 50914
62964 51170
62965 50401
62966 50402
62967 50403
62968 49637
62969 50149
62970 49893
62971 49639
62972 50151
62973 49895
62974 49638
62975 49894
62976 50150
62977 50661
62978 51173
62979 50917
62980 50663
62981 51175
62982 50919
62983 50662
62984 50918
62985 51174
62986 50405
62987 50406
62988 50407
62989 49636
62990 49892
62991 50404
62992 50660
62993 50148
62994 50916
62995 51172
62996 51681
62997 52193
62998 51937
62999 51683
63000 52195
63001 51939
63002 51682
63003 51938
63004 52194
63005 52705
63006 53217
63007 52961
63008 52707
63009 53219
63010 52963
63011 52706
63012 52962
63013 53218
63014 52449
63015 52450
63016 52451
63017 51685
63018 52197
63019 51941
63020 51687
63021 52199
63022 51943
63023 51686
63024 51942
63025 52198
63026 52709
63027 53221
63028 52965
63029 52711
63030 53223
63031 52967
63032 52710
63033 52966
63034 53222
63035 52453
63036 52454
63037 52455
63038 51684
63039 51940
63040 52708
63041 52964
63042 52452
63043 53220
63044 52196
63045 51428
63046 51427
63047 51429
63048 51426
63049 51430
63050 51425
63051 51431
63052 49641
63053 50153
63054 49897
63055 49643
63056 50155
63057 49899
63058 49642
63059 49898
63060 50154
63061 50665
63062 51177
63063 50921
63064 50667
63065 51179
63066 50923
63067 50666
63068 50922
63069 51178
63070 50409
63071 50410
63072 50411
63073 49645
63074 50157
63075 49901
63076 49647
63077 50159
63078 49903
63079 49646
63080 49902
63081 50158
63082 50669
63083 51181
63084 50925
63085 50671
63086 51183
63087 50927
63088 50670
63089 50926
63090 51182
63091 50413
63092 50414
63093 50415
63094 49644
63095 50668
63096 50412
63097 50924
63098 51180
63099 50156
63100 49900
63101 51689
63102 52201
63103 51945
63104 51691
63105 52203
63106 51947
63107 51690
63108 51946
63109 52202
63110 52713
63111 53225
63112 52969
63113 52715
63114 53227
63115 52971
63116 52714
63117 52970
63118 53226
63119 52457
63120 52458
63121 52459
63122 51693
63123 52205
63124 51949
63125 51695
63126 52207
63127 51951
63128 51694
63129 51950
63130 52206
63131 52717
63132 53229
63133 52973
63134 52719
63135 53231
63136 52975
63137 52718
63138 52974
63139 53230
63140 52461
63141 52462
63142 52463
63143 52716
63144 52972
63145 52460
63146 51692
63147 52204
63148 51948
63149 53228
63150 51434
63151 51433
63152 51435
63153 51438
63154 51437
63155 51439
63156 51436
63157 52968
63158 52200
63159 53224
63160 49640
63161 50152
63162 49896
63163 52712
63164 52456
63165 50664
63166 50920
63167 51176
63168 50408
63169 51688
63170 51944
63171 51432
63172 53729
63173 54241
63174 53985
63175 53731
63176 54243
63177 53987
63178 53730
63179 53986
63180 54242
63181 54753
63182 55265
63183 55009
63184 54755
63185 55267
63186 55011
63187 54754
63188 55010
63189 55266
63190 54497
63191 54498
63192 54499
63193 53733
63194 54245
63195 53989
63196 53735
63197 54247
63198 53991
63199 53734
63200 53990
63201 54246
63202 54757
63203 55269
63204 55013
63205 54759
63206 55271
63207 55015
63208 54758
63209 55014
63210 55270
63211 54501
63212 54502
63213 54503
63214 53732
63215 53988
63216 54244
63217 55012
63218 54500
63219 54756
63220 55268
63221 55777
63222 56289
63223 56033
63224 55779
63225 56291
63226 56035
63227 55778
63228 56034
63229 56290
63230 56801
63231 57313
63232 57057
63233 56803
63234 57315
63235 57059
63236 56802
63237 57058
63238 57314
63239 56545
63240 56546
63241 56547
63242 55781
63243 56293
63244 56037
63245 55783
63246 56295
63247 56039
63248 55782
63249 56038
63250 56294
63251 56805
63252 57317
63253 57061
63254 56807
63255 57319
63256 57063
63257 56806
63258 57062
63259 57318
63260 56549
63261 56550
63262 56551
63263 55780
63264 56804
63265 56036
63266 56548
63267 56292
63268 57060
63269 57316
63270 55522
63271 55525
63272 55526
63273 55524
63274 55523
63275 55521
63276 55527
63277 53737
63278 54249
63279 53993
63280 53739
63281 54251
63282 53995
63283 53738
63284 53994
63285 54250
63286 54761
63287 55273
63288 55017
63289 54763
63290 55275
63291 55019
63292 54762
63293 55018
63294 55274
63295 54505
63296 54506
63297 54507
63298 53741
63299 54253
63300 53997
63301 53743
63302 54255
63303 53999
63304 53742
63305 53998
63306 54254
63307 54765
63308 55277
63309 55021
63310 54767
63311 55279
63312 55023
63313 54766
63314 55022
63315 55278
63316 54509
63317 54510
63318 54511
63319 54252
63320 53740
63321 54764
63322 55020
63323 54508
63324 55276
63325 53996
63326 55785
63327 56297
63328 56041
63329 55787
63330 56299
63331 56043
63332 55786
63333 56042
63334 56298
63335 56809
63336 57321
63337 57065
63338 56811
63339 57323
63340 57067
63341 56810
63342 57066
63343 57322
63344 56553
63345 56554
63346 56555
63347 55789
63348 56301
63349 56045
63350 55791
63351 56303
63352 56047
63353 55790
63354 56046
63355 56302
63356 56813
63357 57325
63358 57069
63359 56815
63360 57327
63361 57071
63362 56814
63363 57070
63364 57326
63365 56557
63366 56558
63367 56559
63368 56556
63369 56044
63370 56812
63371 56300
63372 57068
63373 57324
63374 55788
63375 55529
63376 55530
63377 55531
63378 55532
63379 55535
63380 55534
63381 55533
63382 56552
63383 53736
63384 56296
63385 55016
63386 55784
63387 56808
63388 54760
63389 55528
63390 55272
63391 57320
63392 56040
63393 53992
63394 57064
63395 54248
63396 54504
63397 53473
63398 53483
63399 53477
63400 53478
63401 53484
63402 53480
63403 53481
63404 53476
63405 53475
63406 53474
63407 53479
63408 53485
63409 53482
63410 53486
63411 53487
63412 49649
63413 50161
63414 49905
63415 49651
63416 50163
63417 49907
63418 49650
63419 49906
63420 50162
63421 50673
63422 51185
63423 50929
63424 50675
63425 51187
63426 50931
63427 50674
63428 50930
63429 51186
63430 50417
63431 50418
63432 50419
63433 49653
63434 50165
63435 49909
63436 49655
63437 50167
63438 49911
63439 49654
63440 49910
63441 50166
63442 50677
63443 51189
63444 50933
63445 50679
63446 51191
63447 50935
63448 50678
63449 50934
63450 51190
63451 50421
63452 50422
63453 50423
63454 51188
63455 49652
63456 49908
63457 50164
63458 50420
63459 50676
63460 50932
63461 51697
63462 52209
63463 51953
63464 51699
63465 52211
63466 51955
63467 51698
63468 51954
63469 52210
63470 52721
63471 53233
63472 52977
63473 52723
63474 53235
63475 52979
63476 52722
63477 52978
63478 53234
63479 52465
63480 52466
63481 52467
63482 51701
63483 52213
63484 51957
63485 51703
63486 52215
63487 51959
63488 51702
63489 51958
63490 52214
63491 52725
63492 53237
63493 52981
63494 52727
63495 53239
63496 52983
63497 52726
63498 52982
63499 53238
63500 52469
63501 52470
63502 52471
63503 51956
63504 52212
63505 52468
63506 52980
63507 51700
63508 52724
63509 53236
63510 51445
63511 51444
63512 51442
63513 51443
63514 51441
63515 51446
63516 51447
63517 49657
63518 50169
63519 49913
63520 49659
63521 50171
63522 49915
63523 49658
63524 49914
63525 50170
63526 50681
63527 51193
63528 50937
63529 50683
63530 51195
63531 50939
63532 50682
63533 50938
63534 51194
63535 50425
63536 50426
63537 50427
63538 49661
63539 50173
63540 49917
63541 49663
63542 50175
63543 49919
63544 49662
63545 49918
63546 50174
63547 50685
63548 51197
63549 50941
63550 50687
63551 51199
63552 50943
63553 50686
63554 50942
63555 51198
63556 50429
63557 50430
63558 50431
63559 49660
63560 49916
63561 50172
63562 50684
63563 50940
63564 51196
63565 50428
63566 51705
63567 52217
63568 51961
63569 51707
63570 52219
63571 51963
63572 51706
63573 51962
63574 52218
63575 52729
63576 53241
63577 52985
63578 52731
63579 53243
63580 52987
63581 52730
63582 52986
63583 53242
63584 52473
63585 52474
63586 52475
63587 51709
63588 52221
63589 51965
63590 51711
63591 52223
63592 51967
63593 51710
63594 51966
63595 52222
63596 52733
63597 53245
63598 52989
63599 52735
63600 53247
63601 52991
63602 52734
63603 52990
63604 53246
63605 52477
63606 52478
63607 52479
63608 51708
63609 52732
63610 52476
63611 52988
63612 52220
63613 51964
63614 53244
63615 51449
63616 51453
63617 51451
63618 51454
63619 51450
63620 51455
63621 51452
63622 52472
63623 52984
63624 50680
63625 50168
63626 51960
63627 50936
63628 50424
63629 49912
63630 52216
63631 53240
63632 51448
63633 49656
63634 52728
63635 51704
63636 51192
63637 53745
63638 54257
63639 54001
63640 53747
63641 54259
63642 54003
63643 53746
63644 54002
63645 54258
63646 54769
63647 55281
63648 55025
63649 54771
63650 55283
63651 55027
63652 54770
63653 55026
63654 55282
63655 54513
63656 54514
63657 54515
63658 53749
63659 54261
63660 54005
63661 53751
63662 54263
63663 54007
63664 53750
63665 54006
63666 54262
63667 54773
63668 55285
63669 55029
63670 54775
63671 55287
63672 55031
63673 54774
63674 55030
63675 55286
63676 54517
63677 54518
63678 54519
63679 53748
63680 54004
63681 54772
63682 54516
63683 54260
63684 55028
63685 55284
63686 55793
63687 56305
63688 56049
63689 55795
63690 56307
63691 56051
63692 55794
63693 56050
63694 56306
63695 56817
63696 57329
63697 57073
63698 56819
63699 57331
63700 57075
63701 56818
63702 57074
63703 57330
63704 56561
63705 56562
63706 56563
63707 55797
63708 56309
63709 56053
63710 55799
63711 56311
63712 56055
63713 55798
63714 56054
63715 56310
63716 56821
63717 57333
63718 57077
63719 56823
63720 57335
63721 57079
63722 56822
63723 57078
63724 57334
63725 56565
63726 56566
63727 56567
63728 55796
63729 56052
63730 56308
63731 57076
63732 56564
63733 56820
63734 57332
63735 55542
63736 55540
63737 55537
63738 55538
63739 55539
63740 55541
63741 55543
63742 53753
63743 54265
63744 54009
63745 53755
63746 54267
63747 54011
63748 53754
63749 54010
63750 54266
63751 54777
63752 55289
63753 55033
63754 54779
63755 55291
63756 55035
63757 54778
63758 55034
63759 55290
63760 54521
63761 54522
63762 54523
63763 53757
63764 54269
63765 54013
63766 53759
63767 54271
63768 54015
63769 53758
63770 54014
63771 54270
63772 54781
63773 55293
63774 55037
63775 54783
63776 55295
63777 55039
63778 54782
63779 55038
63780 55294
63781 54525
63782 54526
63783 54527
63784 53756
63785 54012
63786 55036
63787 54268
63788 54780
63789 54524
63790 55292
63791 55801
63792 56313
63793 56057
63794 55803
63795 56315
63796 56059
63797 55802
63798 56058
63799 56314
63800 56825
63801 57337
63802 57081
63803 56827
63804 57339
63805 57083
63806 56826
63807 57082
63808 57338
63809 56569
63810 56570
63811 56571
63812 55805
63813 56317
63814 56061
63815 55807
63816 56319
63817 56063
63818 55806
63819 56062
63820 56318
63821 56829
63822 57341
63823 57085
63824 56831
63825 57343
63826 57087
63827 56830
63828 57086
63829 57342
63830 56573
63831 56574
63832 56575
63833 56060
63834 56316
63835 56572
63836 56828
63837 57084
63838 57340
63839 55804
63840 55548
63841 55551
63842 55547
63843 55546
63844 55549
63845 55545
63846 55550
63847 53752
63848 54520
63849 57080
63850 55032
63851 57336
63852 56312
63853 55800
63854 54008
63855 56568
63856 54264
63857 55288
63858 54776
63859 56824
63860 55544
63861 56056
63862 53501
63863 53499
63864 53494
63865 53498
63866 53502
63867 53492
63868 53497
63869 53490
63870 53493
63871 53503
63872 53500
63873 53495
63874 53489
63875 53496
63876 53491
63877 50160
63878 56304
63879 54512
63880 50672
63881 55536
63882 54256
63883 51696
63884 54768
63885 54000
63886 56048
63887 51440
63888 55024
63889 50928
63890 55792
63891 49648
63892 49904
63893 52720
63894 51184
63895 56816
63896 52976
63897 52208
63898 55280
63899 53488
63900 57072
63901 52464
63902 53744
63903 50416
63904 57328
63905 56560
63906 51952
63907 53232
63908 57825
63909 58337
63910 58081
63911 57827
63912 58339
63913 58083
63914 57826
63915 58082
63916 58338
63917 58849
63918 59361
63919 59105
63920 58851
63921 59363
63922 59107
63923 58850
63924 59106
63925 59362
63926 58593
63927 58594
63928 58595
63929 57829
63930 58341
63931 58085
63932 57831
63933 58343
63934 58087
63935 57830
63936 58086
63937 58342
63938 58853
63939 59365
63940 59109
63941 58855
63942 59367
63943 59111
63944 58854
63945 59110
63946 59366
63947 58597
63948 58598
63949 58599
63950 57828
63951 58084
63952 58852
63953 58596
63954 58340
63955 59108
63956 59364
63957 59873
63958 60385
63959 60129
63960 59875
63961 60387
63962 60131
63963 59874
63964 60130
63965 60386
63966 60897
63967 61409
63968 61153
63969 60899
63970 61411
63971 61155
63972 60898
63973 61154
63974 61410
63975 60641
63976 60642
63977 60643
63978 59877
63979 60389
63980 60133
63981 59879
63982 60391
63983 60135
63984 59878
63985 60134
63986 60390
63987 60901
63988 61413
63989 61157
63990 60903
63991 61415
63992 61159
63993 60902
63994 61158
63995 61414
63996 60645
63997 60646
63998 60647
63999 60900
64000 59876
64001 60388
64002 60132
64003 60644
64004 61156
64005 61412
64006 59621
64007 59617
64008 59620
64009 59618
64010 59619
64011 59622
64012 59623
64013 57833
64014 58345
64015 58089
64016 57835
64017 58347
64018 58091
64019 57834
64020 58090
64021 58346
64022 58857
64023 59369
64024 59113
64025 58859
64026 59371
64027 59115
64028 58858
64029 59114
64030 59370
64031 58601
64032 58602
64033 58603
64034 57837
64035 58349
64036 58093
64037 57839
64038 58351
64039 58095
64040 57838
64041 58094
64042 58350
64043 58861
64044 59373
64045 59117
64046 58863
64047 59375
64048 59119
64049 58862
64050 59118
64051 59374
64052 58605
64053 58606
64054 58607
64055 58092
64056 59116
64057 57836
64058 58348
64059 58604
64060 58860
64061 59372
64062 59881
64063 60393
64064 60137
64065 59883
64066 60395
64067 60139
64068 59882
64069 60138
64070 60394
64071 60905
64072 61417
64073 61161
64074 60907
64075 61419
64076 61163
64077 60906
64078 61162
64079 61418
64080 60649
64081 60650
64082 60651
64083 59885
64084 60397
64085 60141
64086 59887
64087 60399
64088 60143
64089 59886
64090 60142
64091 60398
64092 60909
64093 61421
64094 61165
64095 60911
64096 61423
64097 61167
64098 60910
64099 61166
64100 61422
64101 60653
64102 60654
64103 60655
64104 59884
64105 60140
64106 60396
64107 60652
64108 60908
64109 61164
64110 61420
64111 59631
64112 59629
64113 59627
64114 59630
64115 59626
64116 59628
64117 59625
64118 58088
64119 57832
64120 58600
64121 58856
64122 59880
64123 60904
64124 60136
64125 59624
64126 58344
64127 60392
64128 60648
64129 61160
64130 61416
64131 59368
64132 59112
64133 61921
64134 62433
64135 62177
64136 61923
64137 62435
64138 62179
64139 61922
64140 62178
64141 62434
64142 62945
64143 63457
64144 63201
64145 62947
64146 63459
64147 63203
64148 62946
64149 63202
64150 63458
64151 62689
64152 62690
64153 62691
64154 61925
64155 62437
64156 62181
64157 61927
64158 62439
64159 62183
64160 61926
64161 62182
64162 62438
64163 62949
64164 63461
64165 63205
64166 62951
64167 63463
64168 63207
64169 62950
64170 63206
64171 63462
64172 62693
64173 62694
64174 62695
64175 61924
64176 62180
64177 62948
64178 62692
64179 62436
64180 63204
64181 63460
64182 63969
64183 64481
64184 64225
64185 63971
64186 64483
64187 64227
64188 63970
64189 64226
64190 64482
64191 64993
64192 65505
64193 65249
64194 64995
64195 65507
64196 65251
64197 64994
64198 65250
64199 65506
64200 64737
64201 64738
64202 64739
64203 63973
64204 64485
64205 64229
64206 63975
64207 64487
64208 64231
64209 63974
64210 64230
64211 64486
64212 64997
64213 65509
64214 65253
64215 64999
64216 65511
64217 65255
64218 64998
64219 65254
64220 65510
64221 64741
64222 64742
64223 64743
64224 63972
64225 64228
64226 64740
64227 64996
64228 64484
64229 65252
64230 65508
64231 63715
64232 63719
64233 63714
64234 63713
64235 63716
64236 63717
64237 63718
64238 61929
64239 62441
64240 62185
64241 61931
64242 62443
64243 62187
64244 61930
64245 62186
64246 62442
64247 62953
64248 63465
64249 63209
64250 62955
64251 63467
64252 63211
64253 62954
64254 63210
64255 63466
64256 62697
64257 62698
64258 62699
64259 61933
64260 62445
64261 62189
64262 61935
64263 62447
64264 62191
64265 61934
64266 62190
64267 62446
64268 62957
64269 63469
64270 63213
64271 62959
64272 63471
64273 63215
64274 62958
64275 63214
64276 63470
64277 62701
64278 62702
64279 62703
64280 61932
64281 62188
64282 62700
64283 62956
64284 62444
64285 63212
64286 63468
64287 63977
64288 64489
64289 64233
64290 63979
64291 64491
64292 64235
64293 63978
64294 64234
64295 64490
64296 65001
64297 65513
64298 65257
64299 65003
64300 65515
64301 65259
64302 65002
64303 65258
64304 65514
64305 64745
64306 64746
64307 64747
64308 63981
64309 64493
64310 64237
64311 63983
64312 64495
64313 64239
64314 63982
64315 64238
64316 64494
64317 65005
64318 65517
64319 65261
64320 65007
64321 65519
64322 65263
64323 65006
64324 65262
64325 65518
64326 64749
64327 64750
64328 64751
64329 63980
64330 64236
64331 65004
64332 64748
64333 65260
64334 65516
64335 64492
64336 63721
64337 63724
64338 63727
64339 63726
64340 63722
64341 63723
64342 63725
64343 62184
64344 63464
64345 63976
64346 62696
64347 64744
64348 64488
64349 62440
64350 61928
64351 65512
64352 65000
64353 62952
64354 63720
64355 63208
64356 65256
64357 64232
64358 61666
64359 61678
64360 61679
64361 61673
64362 61671
64363 61675
64364 61674
64365 61670
64366 61669
64367 61672
64368 61667
64369 61676
64370 61668
64371 61665
64372 61677
64373 57841
64374 58353
64375 58097
64376 57843
64377 58355
64378 58099
64379 57842
64380 58098
64381 58354
64382 58865
64383 59377
64384 59121
64385 58867
64386 59379
64387 59123
64388 58866
64389 59122
64390 59378
64391 58609
64392 58610
64393 58611
64394 57845
64395 58357
64396 58101
64397 57847
64398 58359
64399 58103
64400 57846
64401 58102
64402 58358
64403 58869
64404 59381
64405 59125
64406 58871
64407 59383
64408 59127
64409 58870
64410 59126
64411 59382
64412 58613
64413 58614
64414 58615
64415 57844
64416 58100
64417 58356
64418 58868
64419 58612
64420 59124
64421 59380
64422 59889
64423 60401
64424 60145
64425 59891
64426 60403
64427 60147
64428 59890
64429 60146
64430 60402
64431 60913
64432 61425
64433 61169
64434 60915
64435 61427
64436 61171
64437 60914
64438 61170
64439 61426
64440 60657
64441 60658
64442 60659
64443 59893
64444 60405
64445 60149
64446 59895
64447 60407
64448 60151
64449 59894
64450 60150
64451 60406
64452 60917
64453 61429
64454 61173
64455 60919
64456 61431
64457 61175
64458 60918
64459 61174
64460 61430
64461 60661
64462 60662
64463 60663
64464 59892
64465 60148
64466 60660
64467 60404
64468 60916
64469 61172
64470 61428
64471 59635
64472 59638
64473 59634
64474 59637
64475 59633
64476 59636
64477 59639
64478 57849
64479 58361
64480 58105
64481 57851
64482 58363
64483 58107
64484 57850
64485 58106
64486 58362
64487 58873
64488 59385
64489 59129
64490 58875
64491 59387
64492 59131
64493 58874
64494 59130
64495 59386
64496 58617
64497 58618
64498 58619
64499 57853
64500 58365
64501 58109
64502 57855
64503 58367
64504 58111
64505 57854
64506 58110
64507 58366
64508 58877
64509 59389
64510 59133
64511 58879
64512 59391
64513 59135
64514 58878
64515 59134
64516 59390
64517 58621
64518 58622
64519 58623
64520 57852
64521 58108
64522 58364
64523 58620
64524 58876
64525 59132
64526 59388
64527 59897
64528 60409
64529 60153
64530 59899
64531 60411
64532 60155
64533 59898
64534 60154
64535 60410
64536 60921
64537 61433
64538 61177
64539 60923
64540 61435
64541 61179
64542 60922
64543 61178
64544 61434
64545 60665
64546 60666
64547 60667
64548 59901
64549 60413
64550 60157
64551 59903
64552 60415
64553 60159
64554 59902
64555 60158
64556 60414
64557 60925
64558 61437
64559 61181
64560 60927
64561 61439
64562 61183
64563 60926
64564 61182
64565 61438
64566 60669
64567 60670
64568 60671
64569 59900
64570 60668
64571 60924
64572 60156
64573 60412
64574 61180
64575 61436
64576 59642
64577 59644
64578 59645
64579 59641
64580 59646
64581 59643
64582 59647
64583 60152
64584 59896
64585 61176
64586 57848
64587 60664
64588 59640
64589 58104
64590 59128
64591 58616
64592 60920
64593 59384
64594 58872
64595 60408
64596 58360
64597 61432
64598 61937
64599 62449
64600 62193
64601 61939
64602 62451
64603 62195
64604 61938
64605 62194
64606 62450
64607 62961
64608 63473
64609 63217
64610 62963
64611 63475
64612 63219
64613 62962
64614 63218
64615 63474
64616 62705
64617 62706
64618 62707
64619 61941
64620 62453
64621 62197
64622 61943
64623 62455
64624 62199
64625 61942
64626 62198
64627 62454
64628 62965
64629 63477
64630 63221
64631 62967
64632 63479
64633 63223
64634 62966
64635 63222
64636 63478
64637 62709
64638 62710
64639 62711
64640 62708
64641 61940
64642 62196
64643 62452
64644 62964
64645 63220
64646 63476
64647 63985
64648 64497
64649 64241
64650 63987
64651 64499
64652 64243
64653 63986
64654 64242
64655 64498
64656 65009
64657 65521
64658 65265
64659 65011
64660 65523
64661 65267
64662 65010
64663 65266
64664 65522
64665 64753
64666 64754
64667 64755
64668 63989
64669 64501
64670 64245
64671 63991
64672 64503
64673 64247
64674 63990
64675 64246
64676 64502
64677 65013
64678 65525
64679 65269
64680 65015
64681 65527
64682 65271
64683 65014
64684 65270
64685 65526
64686 64757
64687 64758
64688 64759
64689 64500
64690 65012
64691 64756
64692 65524
64693 65268
64694 63988
64695 64244
64696 63734
64697 63729
64698 63730
64699 63731
64700 63732
64701 63733
64702 63735
64703 61945
64704 62457
64705 62201
64706 61947
64707 62459
64708 62203
64709 61946
64710 62202
64711 62458
64712 62969
64713 63481
64714 63225
64715 62971
64716 63483
64717 63227
64718 62970
64719 63226
64720 63482
64721 62713
64722 62714
64723 62715
64724 61949
64725 62461
64726 62205
64727 61951
64728 62463
64729 62207
64730 61950
64731 62206
64732 62462
64733 62973
64734 63485
64735 63229
64736 62975
64737 63487
64738 63231
64739 62974
64740 63230
64741 63486
64742 62717
64743 62718
64744 62719
64745 63484
64746 62716
64747 61948
64748 62972
64749 62204
64750 63228
64751 62460
64752 63993
64753 64505
64754 64249
64755 63995
64756 64507
64757 64251
64758 63994
64759 64250
64760 64506
64761 65017
64762 65529
64763 65273
64764 65019
64765 65531
64766 65275
64767 65018
64768 65274
64769 65530
64770 64761
64771 64762
64772 64763
64773 63997
64774 64509
64775 64253
64776 63999
64777 64511
64778 64255
64779 63998
64780 64254
64781 64510
64782 65021
64783 65533
64784 65277
64785 65023
64786 65535
64787 65279
64788 65022
64789 65278
64790 65534
64791 64765
64792 64766
64793 64767
64794 64252
64795 64508
64796 64764
64797 63996
64798 65020
64799 65532
64800 65276
64801 63737
64802 63738
64803 63739
64804 63740
64805 63741
64806 63743
64807 63742
64808 61944
64809 65272
64810 65016
64811 65528
64812 62968
64813 62200
64814 62456
64815 63992
64816 63224
64817 64504
64818 62712
64819 63736
64820 64248
64821 63480
64822 64760
64823 61688
64824 61685
64825 61683
64826 61692
64827 61690
64828 61693
64829 61681
64830 61684
64831 61694
64832 61689
64833 61686
64834 61687
64835 61691
64836 61695
64837 61682
64838 64752
64839 57840
64840 63728
64841 65264
64842 61936
64843 62192
64844 62448
64845 59120
64846 61680
64847 58096
64848 63216
64849 64496
64850 63472
64851 61424
64852 58352
64853 62704
64854 59888
64855 58864
64856 60400
64857 63984
64858 65520
64859 60912
64860 65008
64861 59632
64862 58608
64863 64240
64864 61168
64865 62960
64866 60656
64867 60144
64868 59376
64869 57590
64870 57593
64871 57583
64872 57585
64873 57573
64874 57595
64875 57579
64876 57576
64877 57582
64878 57575
64879 57596
64880 57571
64881 57594
64882 57584
64883 57588
64884 57577
64885 57574
64886 57581
64887 57599
64888 57598
64889 57589
64890 57592
64891 57587
64892 57586
64893 57580
64894 57572
64895 57569
64896 57578
64897 57570
64898 57591
64899 57597
64900 56032
64901 53472
64902 61152
64903 50912
64904 63712
64905 58592
64906 50144
64907 62688
64908 57568
64909 64224
64910 63200
64911 52704
64912 61408
64913 62432
64914 61920
64915 58848
64916 49888
64917 65504
64918 50400
64919 54496
64920 65248
64921 52192
64922 57056
64923 61664
64924 51424
64925 53984
64926 57312
64927 62944
64928 59616
64929 51936
64930 50656
64931 54240
64932 49632
64933 55520
64934 58080
64935 60384
64936 63968
64937 60128
64938 51680
64939 53728
64940 53216
64941 59360
64942 54752
64943 63456
64944 64736
64945 59104
64946 52960
64947 55776
64948 62176
64949 51168
64950 60896
64951 55264
64952 60640
64953 59872
64954 64992
64955 56288
64956 64480
64957 55008
64958 57824
64959 56544
64960 58336
64961 56800
64962 52448
64963 49358
64964 49375
64965 49377
64966 49356
64967 49405
64968 49349
64969 49386
64970 49383
64971 49355
64972 49382
64973 49369
64974 49353
64975 49379
64976 49380
64977 49365
64978 49406
64979 49362
64980 49392
64981 49394
64982 49385
64983 49364
64984 49363
64985 49395
64986 49360
64987 49391
64988 49389
64989 49399
64990 49368
64991 49378
64992 49407
64993 49366
64994 49367
64995 49352
64996 49346
64997 49404
64998 49373
64999 49388
65000 49354
65001 49401
65002 49361
65003 49359
65004 49351
65005 49371
65006 49350
65007 49396
65008 49381
65009 49372
65010 49348
65011 49397
65012 49400
65013 49384
65014 49403
65015 49402
65016 49357
65017 49345
65018 49387
65019 49398
65020 49370
65021 49347
65022 49376
65023 49374
65024 49393
65025 49390
65026 57024
65027 41920
65028 51904
65029 52160
65030 42432
65031 53440
65032 42688
65033 34240
65034 51392
65035 56512
65036 39360
65037 47808
65038 61376
65039 63680
65040 39616
65041 43712
65042 47040
65043 48576
65044 58048
65045 56000
65046 37056
65047 37568
65048 64704
65049 40640
65050 58816
65051 49856
65052 46784
65053 55232
65054 44480
65055 41664
65056 33472
65057 36544
65058 63168
65059 48832
65060 64960
65061 52672
65062 49344
65063 44224
65064 45504
65065 42944
65066 58560
65067 39104
65068 47296
65069 38336
65070 45760
65071 50624
65072 34752
65073 43456
65074 36032
65075 55488
65076 45248
65077 63936
65078 44736
65079 38080
65080 54464
65081 54208
65082 50880
65083 59328
65084 35776
65085 56768
65086 40384
65087 59072
65088 47552
65089 41152
65090 36800
65091 43968
65092 60608
65093 62656
65094 46528
65095 65216
65096 52928
65097 51136
65098 55744
65099 62144
65100 64192
65101 57536
65102 62400
65103 49088
65104 65472
65105 40128
65106 37312
65107 60096
65108 40896
65109 33728
65110 44992
65111 35264
65112 38848
65113 46016
65114 57280
65115 43200
65116 53696
65117 49600
65118 61888
65119 54976
65120 64448
65121 61120
65122 60352
65123 50368
65124 35008
65125 41408
65126 42176
65127 33216
65128 57792
65129 52416
65130 48320
65131 60864
65132 38592
65133 58304
65134 39872
65135 35520
65136 54720
65137 53952
65138 56256
65139 33984
65140 62912
65141 46272
65142 34496
65143 53184
65144 63424
65145 50112
65146 59840
65147 37824
65148 51648
65149 59584
65150 61632
65151 36288
65152 48064
65153 33004
65154 32976
65155 32993
65156 33013
65157 32957
65158 32994
65159 33018
65160 32930
65161 32944
65162 33007
65163 32952
65164 32988
65165 33011
65166 32986
65167 32974
65168 33017
65169 32956
65170 32945
65171 32968
65172 32964
65173 33005
65174 32903
65175 32909
65176 32916
65177 32939
65178 32977
65179 32920
65180 32912
65181 33008
65182 32907
65183 32921
65184 32980
65185 32905
65186 32975
65187 32962
65188 32931
65189 32960
65190 32936
65191 32950
65192 32927
65193 32910
65194 32979
65195 32991
65196 32949
65197 32914
65198 32937
65199 32928
65200 32929
65201 32923
65202 33015
65203 33023
65204 32904
65205 32965
65206 32961
65207 33020
65208 32924
65209 32997
65210 32899
65211 32926
65212 32973
65213 32932
65214 32982
65215 32959
65216 32918
65217 32938
65218 32971
65219 32935
65220 33016
65221 32906
65222 32967
65223 32996
65224 32911
65225 33014
65226 32948
65227 33002
65228 33022
65229 32958
65230 32955
65231 32969
65232 33001
65233 32943
65234 32933
65235 32989
65236 32999
65237 32983
65238 32902
65239 32946
65240 32900
65241 32934
65242 32947
65243 32981
65244 33006
65245 32897
65246 32987
65247 32970
65248 33012
65249 32925
65250 32919
65251 32908
65252 33003
65253 32995
65254 32913
65255 33021
65256 32941
65257 32990
65258 32922
65259 33019
65260 32917
65261 32901
65262 33010
65263 32966
65264 32954
65265 32985
65266 33000
65267 32998
65268 32992
65269 32984
65270 32953
65271 32972
65272 32898
65273 32951
65274 32940
65275 32942
65276 33009
65277 32915
65278 32963
65279 32978
65280 21888
65281 40064
65282 35968
65283 59776
65284 32640
65285 57728
65286 23424
65287 29056
65288 46208
65289 52864
65290 128
65291 54144
65292 42112
65293 45440
65294 55936
65295 32896
65296 58752
65297 16000
65298 49536
65299 18816
65300 43136
65301 59520
65302 27776
65303 14976
65304 11904
65305 4224
65306 54400
65307 30592
65308 28032
65309 18048
65310 51328
65311 40576
65312 7296
65313 9600
65314 46720
65315 31872
65316 640
65317 38016
65318 7808
65319 36480
65320 30848
65321 60032
65322 11136
65323 55680
65324 51584
65325 29312
65326 31616
65327 24192
65328 33152
65329 22912
65330 6528
65331 17792
65332 64896
65333 22400
65334 61056
65335 21632
65336 23168
65337 10368
65338 26240
65339 62336
65340 19840
65341 1920
65342 16256
65343 60288
65344 41088
65345 13696
65346 49280
65347 53376
65348 37504
65349 14208
65350 35712
65351 22656
65352 15488
65353 11648
65354 5760
65355 30080
65356 54656
65357 5504
65358 17024
65359 53120
65360 39040
65361 51072
65362 31104
65363 32384
65364 56448
65365 49024
65366 8320
65367 25216
65368 40832
65369 12928
65370 40320
65371 33408
65372 50816
65373 45184
65374 56192
65375 62592
65376 35200
65377 43648
65378 50048
65379 18304
65380 45952
65381 38784
65382 56704
65383 48000
65384 10880
65385 60544
65386 13184
65387 61568
65388 16512
65389 4480
65390 896
65391 34432
65392 46464
65393 6016
65394 34176
65395 8832
65396 13952
65397 48512
65398 61824
65399 41856
65400 44928
65401 12672
65402 42624
65403 23936
65404 8064
65405 62080
65406 34944
65407 39552
65408 21120
65409 16768
65410 53888
65411 57984
65412 43904
65413 59008
65414 27008
65415 65152
65416 20352
65417 37760
65418 55168
65419 51840
65420 52352
65421 39808
65422 6272
65423 36736
65424 3456
65425 33920
65426 63872
65427 41600
65428 38528
65429 64640
65430 48768
65431 36224
65432 21376
65433 63360
65434 19072
65435 19584
65436 53632
65437 24704
65438 46976
65439 35456
65440 2944
65441 1408
65442 25728
65443 44672
65444 50560
65445 20864
65446 9856
65447 42880
65448 10624
65449 27264
65450 43392
65451 55424
65452 59264
65453 57216
65454 50304
65455 34688
65456 29568
65457 44416
65458 27520
65459 64384
65460 60800
65461 47232
65462 65408
65463 54912
65464 15232
65465 2176
65466 25472
65467 7552
65468 28800
65469 4736
65470 32128
65471 9344
65472 22144
65473 61312
65474 56960
65475 24960
65476 3200
65477 47744
65478 17280
65479 3968
65480 62848
65481 33664
65482 20608
65483 23680
65484 10112
65485 58240
65486 52096
65487 14720
65488 12160
65489 384
65490 63616
65491 9088
65492 4992
65493 36992
65494 52608
65495 3712
65496 41344
65497 63104
65498 2432
65499 1152
65500 47488
65501 6784
65502 49792
65503 25984
65504 24448
65505 20096
65506 28288
65507 30336
65508 64128
65509 19328
65510 15744
65511 29824
65512 17536
65513 48256
65514 8576
65515 38272
65516 11392
65517 58496
65518 37248
65519 44160
65520 5248
65521 28544
65522 1664
65523 31360
65524 57472
65525 14464
65526 18560
65527 26752
65528 12416
65529 13440
65530 45696
65531 7040
65532 26496
65533 39296
65534 42368
65535 2688
