0 0
1 128
2 1
3 129
4 384
5 385
6 256
7 257
8 3
9 131
10 387
11 259
12 2
13 130
14 258
15 386
16 640
17 641
18 896
19 897
20 768
21 769
22 643
23 899
24 771
25 642
26 770
27 898
28 512
29 513
30 514
31 515
32 5
33 133
34 389
35 261
36 7
37 135
38 391
39 263
40 6
41 134
42 262
43 390
44 645
45 901
46 773
47 647
48 903
49 775
50 646
51 774
52 902
53 517
54 518
55 519
56 4
57 388
58 644
59 132
60 260
61 772
62 516
63 900
64 1152
65 1153
66 1408
67 1409
68 1280
69 1281
70 1155
71 1411
72 1283
73 1154
74 1282
75 1410
76 1664
77 1665
78 1920
79 1921
80 1792
81 1793
82 1667
83 1923
84 1795
85 1666
86 1794
87 1922
88 1536
89 1537
90 1538
91 1539
92 1157
93 1413
94 1285
95 1159
96 1415
97 1287
98 1158
99 1286
100 1414
101 1669
102 1925
103 1797
104 1671
105 1927
106 1799
107 1670
108 1798
109 1926
110 1541
111 1542
112 1543
113 1284
114 1668
115 1796
116 1924
117 1156
118 1412
119 1540
120 1028
121 1031
122 1026
123 1029
124 1030
125 1025
126 1024
127 1027
128 9
129 137
130 393
131 265
132 11
133 139
134 395
135 267
136 10
137 138
138 266
139 394
140 649
141 905
142 777
143 651
144 907
145 779
146 650
147 778
148 906
149 521
150 522
151 523
152 13
153 141
154 397
155 269
156 15
157 143
158 399
159 271
160 14
161 142
162 270
163 398
164 653
165 909
166 781
167 655
168 911
169 783
170 654
171 782
172 910
173 525
174 526
175 527
176 12
177 780
178 652
179 140
180 396
181 524
182 268
183 908
184 1161
185 1417
186 1289
187 1163
188 1419
189 1291
190 1162
191 1290
192 1418
193 1673
194 1929
195 1801
196 1675
197 1931
198 1803
199 1674
200 1802
201 1930
202 1545
203 1546
204 1547
205 1165
206 1421
207 1293
208 1167
209 1423
210 1295
211 1166
212 1294
213 1422
214 1677
215 1933
216 1805
217 1679
218 1935
219 1807
220 1678
221 1806
222 1934
223 1549
224 1550
225 1551
226 1164
227 1804
228 1932
229 1292
230 1420
231 1548
232 1676
233 1034
234 1037
235 1038
236 1033
237 1039
238 1035
239 1036
240 1800
241 264
242 1160
243 1288
244 1416
245 1544
246 904
247 136
248 1672
249 392
250 1032
251 520
252 648
253 776
254 1928
255 8
256 2176
257 2177
258 2432
259 2433
260 2304
261 2305
262 2179
263 2435
264 2307
265 2178
266 2306
267 2434
268 2688
269 2689
270 2944
271 2945
272 2816
273 2817
274 2691
275 2947
276 2819
277 2690
278 2818
279 2946
280 2560
281 2561
282 2562
283 2563
284 2181
285 2437
286 2309
287 2183
288 2439
289 2311
290 2182
291 2310
292 2438
293 2693
294 2949
295 2821
296 2695
297 2951
298 2823
299 2694
300 2822
301 2950
302 2565
303 2566
304 2567
305 2308
306 2436
307 2692
308 2820
309 2180
310 2948
311 2564
312 3200
313 3201
314 3456
315 3457
316 3328
317 3329
318 3203
319 3459
320 3331
321 3202
322 3330
323 3458
324 3712
325 3713
326 3968
327 3969
328 3840
329 3841
330 3715
331 3971
332 3843
333 3714
334 3842
335 3970
336 3584
337 3585
338 3586
339 3587
340 3205
341 3461
342 3333
343 3207
344 3463
345 3335
346 3206
347 3334
348 3462
349 3717
350 3973
351 3845
352 3719
353 3975
354 3847
355 3718
356 3846
357 3974
358 3589
359 3590
360 3591
361 3204
362 3332
363 3460
364 3588
365 3844
366 3972
367 3716
368 3078
369 3077
370 3074
371 3076
372 3073
373 3075
374 3072
375 3079
376 2185
377 2441
378 2313
379 2187
380 2443
381 2315
382 2186
383 2314
384 2442
385 2697
386 2953
387 2825
388 2699
389 2955
390 2827
391 2698
392 2826
393 2954
394 2569
395 2570
396 2571
397 2189
398 2445
399 2317
400 2191
401 2447
402 2319
403 2190
404 2318
405 2446
406 2701
407 2957
408 2829
409 2703
410 2959
411 2831
412 2702
413 2830
414 2958
415 2573
416 2574
417 2575
418 2188
419 2700
420 2316
421 2572
422 2444
423 2828
424 2956
425 3209
426 3465
427 3337
428 3211
429 3467
430 3339
431 3210
432 3338
433 3466
434 3721
435 3977
436 3849
437 3723
438 3979
439 3851
440 3722
441 3850
442 3978
443 3593
444 3594
445 3595
446 3213
447 3469
448 3341
449 3215
450 3471
451 3343
452 3214
453 3342
454 3470
455 3725
456 3981
457 3853
458 3727
459 3983
460 3855
461 3726
462 3854
463 3982
464 3597
465 3598
466 3599
467 3340
468 3468
469 3596
470 3212
471 3724
472 3852
473 3980
474 3087
475 3081
476 3082
477 3083
478 3084
479 3085
480 3086
481 2184
482 3336
483 3080
484 2824
485 3592
486 2312
487 2696
488 3208
489 3848
490 3720
491 2440
492 2568
493 2952
494 3976
495 3464
496 2062
497 2048
498 2050
499 2060
500 2061
501 2053
502 2051
503 2055
504 2057
505 2049
506 2052
507 2058
508 2059
509 2056
510 2063
511 2054
512 17
513 145
514 401
515 273
516 19
517 147
518 403
519 275
520 18
521 146
522 274
523 402
524 657
525 913
526 785
527 659
528 915
529 787
530 658
531 786
532 914
533 529
534 530
535 531
536 21
537 149
538 405
539 277
540 23
541 151
542 407
543 279
544 22
545 150
546 278
547 406
548 661
549 917
550 789
551 663
552 919
553 791
554 662
555 790
556 918
557 533
558 534
559 535
560 20
561 148
562 276
563 404
564 660
565 532
566 916
567 788
568 1169
569 1425
570 1297
571 1171
572 1427
573 1299
574 1170
575 1298
576 1426
577 1681
578 1937
579 1809
580 1683
581 1939
582 1811
583 1682
584 1810
585 1938
586 1553
587 1554
588 1555
589 1173
590 1429
591 1301
592 1175
593 1431
594 1303
595 1174
596 1302
597 1430
598 1685
599 1941
600 1813
601 1687
602 1943
603 1815
604 1686
605 1814
606 1942
607 1557
608 1558
609 1559
610 1300
611 1428
612 1556
613 1940
614 1684
615 1812
616 1172
617 1044
618 1047
619 1045
620 1046
621 1041
622 1043
623 1042
624 25
625 153
626 409
627 281
628 27
629 155
630 411
631 283
632 26
633 154
634 282
635 410
636 665
637 921
638 793
639 667
640 923
641 795
642 666
643 794
644 922
645 537
646 538
647 539
648 29
649 157
650 413
651 285
652 31
653 159
654 415
655 287
656 30
657 158
658 286
659 414
660 669
661 925
662 797
663 671
664 927
665 799
666 670
667 798
668 926
669 541
670 542
671 543
672 28
673 156
674 284
675 412
676 540
677 668
678 796
679 924
680 1177
681 1433
682 1305
683 1179
684 1435
685 1307
686 1178
687 1306
688 1434
689 1689
690 1945
691 1817
692 1691
693 1947
694 1819
695 1690
696 1818
697 1946
698 1561
699 1562
700 1563
701 1181
702 1437
703 1309
704 1183
705 1439
706 1311
707 1182
708 1310
709 1438
710 1693
711 1949
712 1821
713 1695
714 1951
715 1823
716 1694
717 1822
718 1950
719 1565
720 1566
721 1567
722 1308
723 1436
724 1564
725 1948
726 1820
727 1180
728 1692
729 1055
730 1052
731 1050
732 1049
733 1054
734 1053
735 1051
736 152
737 1304
738 280
739 408
740 536
741 664
742 792
743 920
744 1432
745 1048
746 1176
747 1560
748 1688
749 1816
750 24
751 1944
752 2193
753 2449
754 2321
755 2195
756 2451
757 2323
758 2194
759 2322
760 2450
761 2705
762 2961
763 2833
764 2707
765 2963
766 2835
767 2706
768 2834
769 2962
770 2577
771 2578
772 2579
773 2197
774 2453
775 2325
776 2199
777 2455
778 2327
779 2198
780 2326
781 2454
782 2709
783 2965
784 2837
785 2711
786 2967
787 2839
788 2710
789 2838
790 2966
791 2581
792 2582
793 2583
794 2580
795 2324
796 2836
797 2196
798 2452
799 2964
800 2708
801 3217
802 3473
803 3345
804 3219
805 3475
806 3347
807 3218
808 3346
809 3474
810 3729
811 3985
812 3857
813 3731
814 3987
815 3859
816 3730
817 3858
818 3986
819 3601
820 3602
821 3603
822 3221
823 3477
824 3349
825 3223
826 3479
827 3351
828 3222
829 3350
830 3478
831 3733
832 3989
833 3861
834 3735
835 3991
836 3863
837 3734
838 3862
839 3990
840 3605
841 3606
842 3607
843 3220
844 3860
845 3476
846 3348
847 3732
848 3604
849 3988
850 3089
851 3092
852 3091
853 3094
854 3090
855 3093
856 3095
857 2201
858 2457
859 2329
860 2203
861 2459
862 2331
863 2202
864 2330
865 2458
866 2713
867 2969
868 2841
869 2715
870 2971
871 2843
872 2714
873 2842
874 2970
875 2585
876 2586
877 2587
878 2205
879 2461
880 2333
881 2207
882 2463
883 2335
884 2206
885 2334
886 2462
887 2717
888 2973
889 2845
890 2719
891 2975
892 2847
893 2718
894 2846
895 2974
896 2589
897 2590
898 2591
899 2204
900 2332
901 2716
902 2588
903 2844
904 2460
905 2972
906 3225
907 3481
908 3353
909 3227
910 3483
911 3355
912 3226
913 3354
914 3482
915 3737
916 3993
917 3865
918 3739
919 3995
920 3867
921 3738
922 3866
923 3994
924 3609
925 3610
926 3611
927 3229
928 3485
929 3357
930 3231
931 3487
932 3359
933 3230
934 3358
935 3486
936 3741
937 3997
938 3869
939 3743
940 3999
941 3871
942 3742
943 3870
944 3998
945 3613
946 3614
947 3615
948 3612
949 3996
950 3228
951 3868
952 3356
953 3484
954 3740
955 3099
956 3101
957 3100
958 3098
959 3103
960 3097
961 3102
962 3992
963 3736
964 2200
965 2840
966 3480
967 2968
968 3864
969 2456
970 3096
971 3608
972 3224
973 2712
974 2584
975 2328
976 3352
977 2065
978 2077
979 2073
980 2074
981 2068
982 2076
983 2072
984 2078
985 2071
986 2066
987 2075
988 2079
989 2069
990 2067
991 2070
992 2960
993 656
994 1040
995 2064
996 1808
997 3472
998 3216
999 1936
1000 528
1001 2448
1002 3600
1003 3088
1004 3856
1005 1552
1006 1296
1007 2320
1008 2192
1009 400
1010 1424
1011 912
1012 2704
1013 3344
1014 1168
1015 3984
1016 2832
1017 1680
1018 3728
1019 16
1020 144
1021 2576
1022 272
1023 784
1024 4224
1025 4225
1026 4480
1027 4481
1028 4352
1029 4353
1030 4227
1031 4483
1032 4355
1033 4226
1034 4354
1035 4482
1036 4736
1037 4737
1038 4992
1039 4993
1040 4864
1041 4865
1042 4739
1043 4995
1044 4867
1045 4738
1046 4866
1047 4994
1048 4608
1049 4609
1050 4610
1051 4611
1052 4229
1053 4485
1054 4357
1055 4231
1056 4487
1057 4359
1058 4230
1059 4358
1060 4486
1061 4741
1062 4997
1063 4869
1064 4743
1065 4999
1066 4871
1067 4742
1068 4870
1069 4998
1070 4613
1071 4614
1072 4615
1073 4228
1074 4740
1075 4612
1076 4484
1077 4868
1078 4996
1079 4356
1080 5248
1081 5249
1082 5504
1083 5505
1084 5376
1085 5377
1086 5251
1087 5507
1088 5379
1089 5250
1090 5378
1091 5506
1092 5760
1093 5761
1094 6016
1095 6017
1096 5888
1097 5889
1098 5763
1099 6019
1100 5891
1101 5762
1102 5890
1103 6018
1104 5632
1105 5633
1106 5634
1107 5635
1108 5253
1109 5509
1110 5381
1111 5255
1112 5511
1113 5383
1114 5254
1115 5382
1116 5510
1117 5765
1118 6021
1119 5893
1120 5767
1121 6023
1122 5895
1123 5766
1124 5894
1125 6022
1126 5637
1127 5638
1128 5639
1129 5764
1130 5636
1131 5892
1132 5508
1133 5380
1134 5252
1135 6020
1136 5124
1137 5120
1138 5126
1139 5121
1140 5125
1141 5123
1142 5122
1143 5127
1144 4233
1145 4489
1146 4361
1147 4235
1148 4491
1149 4363
1150 4234
1151 4362
1152 4490
1153 4745
1154 5001
1155 4873
1156 4747
1157 5003
1158 4875
1159 4746
1160 4874
1161 5002
1162 4617
1163 4618
1164 4619
1165 4237
1166 4493
1167 4365
1168 4239
1169 4495
1170 4367
1171 4238
1172 4366
1173 4494
1174 4749
1175 5005
1176 4877
1177 4751
1178 5007
1179 4879
1180 4750
1181 4878
1182 5006
1183 4621
1184 4622
1185 4623
1186 4492
1187 5004
1188 4364
1189 4236
1190 4620
1191 4748
1192 4876
1193 5257
1194 5513
1195 5385
1196 5259
1197 5515
1198 5387
1199 5258
1200 5386
1201 5514
1202 5769
1203 6025
1204 5897
1205 5771
1206 6027
1207 5899
1208 5770
1209 5898
1210 6026
1211 5641
1212 5642
1213 5643
1214 5261
1215 5517
1216 5389
1217 5263
1218 5519
1219 5391
1220 5262
1221 5390
1222 5518
1223 5773
1224 6029
1225 5901
1226 5775
1227 6031
1228 5903
1229 5774
1230 5902
1231 6030
1232 5645
1233 5646
1234 5647
1235 5260
1236 5644
1237 5772
1238 5516
1239 5900
1240 6028
1241 5388
1242 5132
1243 5135
1244 5129
1245 5130
1246 5133
1247 5134
1248 5131
1249 5896
1250 4744
1251 5768
1252 5384
1253 4488
1254 4616
1255 5000
1256 6024
1257 4872
1258 4360
1259 5128
1260 5640
1261 5512
1262 4232
1263 5256
1264 6272
1265 6273
1266 6528
1267 6529
1268 6400
1269 6401
1270 6275
1271 6531
1272 6403
1273 6274
1274 6402
1275 6530
1276 6784
1277 6785
1278 7040
1279 7041
1280 6912
1281 6913
1282 6787
1283 7043
1284 6915
1285 6786
1286 6914
1287 7042
1288 6656
1289 6657
1290 6658
1291 6659
1292 6277
1293 6533
1294 6405
1295 6279
1296 6535
1297 6407
1298 6278
1299 6406
1300 6534
1301 6789
1302 7045
1303 6917
1304 6791
1305 7047
1306 6919
1307 6790
1308 6918
1309 7046
1310 6661
1311 6662
1312 6663
1313 6276
1314 6788
1315 6916
1316 6404
1317 6532
1318 6660
1319 7044
1320 7296
1321 7297
1322 7552
1323 7553
1324 7424
1325 7425
1326 7299
1327 7555
1328 7427
1329 7298
1330 7426
1331 7554
1332 7808
1333 7809
1334 8064
1335 8065
1336 7936
1337 7937
1338 7811
1339 8067
1340 7939
1341 7810
1342 7938
1343 8066
1344 7680
1345 7681
1346 7682
1347 7683
1348 7301
1349 7557
1350 7429
1351 7303
1352 7559
1353 7431
1354 7302
1355 7430
1356 7558
1357 7813
1358 8069
1359 7941
1360 7815
1361 8071
1362 7943
1363 7814
1364 7942
1365 8070
1366 7685
1367 7686
1368 7687
1369 7300
1370 8068
1371 7556
1372 7684
1373 7428
1374 7812
1375 7940
1376 7168
1377 7172
1378 7173
1379 7174
1380 7175
1381 7169
1382 7170
1383 7171
1384 6281
1385 6537
1386 6409
1387 6283
1388 6539
1389 6411
1390 6282
1391 6410
1392 6538
1393 6793
1394 7049
1395 6921
1396 6795
1397 7051
1398 6923
1399 6794
1400 6922
1401 7050
1402 6665
1403 6666
1404 6667
1405 6285
1406 6541
1407 6413
1408 6287
1409 6543
1410 6415
1411 6286
1412 6414
1413 6542
1414 6797
1415 7053
1416 6925
1417 6799
1418 7055
1419 6927
1420 6798
1421 6926
1422 7054
1423 6669
1424 6670
1425 6671
1426 6284
1427 6924
1428 6412
1429 6668
1430 6796
1431 6540
1432 7052
1433 7305
1434 7561
1435 7433
1436 7307
1437 7563
1438 7435
1439 7306
1440 7434
1441 7562
1442 7817
1443 8073
1444 7945
1445 7819
1446 8075
1447 7947
1448 7818
1449 7946
1450 8074
1451 7689
1452 7690
1453 7691
1454 7309
1455 7565
1456 7437
1457 7311
1458 7567
1459 7439
1460 7310
1461 7438
1462 7566
1463 7821
1464 8077
1465 7949
1466 7823
1467 8079
1468 7951
1469 7822
1470 7950
1471 8078
1472 7693
1473 7694
1474 7695
1475 7820
1476 7308
1477 7436
1478 7564
1479 7948
1480 7692
1481 8076
1482 7178
1483 7179
1484 7181
1485 7182
1486 7177
1487 7180
1488 7183
1489 7432
1490 6664
1491 7816
1492 8072
1493 7688
1494 6920
1495 6536
1496 7944
1497 7560
1498 6792
1499 7304
1500 7048
1501 6280
1502 6408
1503 7176
1504 6156
1505 6149
1506 6150
1507 6151
1508 6154
1509 6152
1510 6145
1511 6157
1512 6153
1513 6155
1514 6159
1515 6147
1516 6146
1517 6144
1518 6148
1519 6158
1520 4241
1521 4497
1522 4369
1523 4243
1524 4499
1525 4371
1526 4242
1527 4370
1528 4498
1529 4753
1530 5009
1531 4881
1532 4755
1533 5011
1534 4883
1535 4754
1536 4882
1537 5010
1538 4625
1539 4626
1540 4627
1541 4245
1542 4501
1543 4373
1544 4247
1545 4503
1546 4375
1547 4246
1548 4374
1549 4502
1550 4757
1551 5013
1552 4885
1553 4759
1554 5015
1555 4887
1556 4758
1557 4886
1558 5014
1559 4629
1560 4630
1561 4631
1562 4244
1563 4500
1564 4628
1565 4372
1566 4756
1567 4884
1568 5012
1569 5265
1570 5521
1571 5393
1572 5267
1573 5523
1574 5395
1575 5266
1576 5394
1577 5522
1578 5777
1579 6033
1580 5905
1581 5779
1582 6035
1583 5907
1584 5778
1585 5906
1586 6034
1587 5649
1588 5650
1589 5651
1590 5269
1591 5525
1592 5397
1593 5271
1594 5527
1595 5399
1596 5270
1597 5398
1598 5526
1599 5781
1600 6037
1601 5909
1602 5783
1603 6039
1604 5911
1605 5782
1606 5910
1607 6038
1608 5653
1609 5654
1610 5655
1611 5268
1612 5396
1613 5780
1614 5524
1615 5652
1616 5908
1617 6036
1618 5137
1619 5142
1620 5138
1621 5141
1622 5140
1623 5139
1624 5143
1625 4249
1626 4505
1627 4377
1628 4251
1629 4507
1630 4379
1631 4250
1632 4378
1633 4506
1634 4761
1635 5017
1636 4889
1637 4763
1638 5019
1639 4891
1640 4762
1641 4890
1642 5018
1643 4633
1644 4634
1645 4635
1646 4253
1647 4509
1648 4381
1649 4255
1650 4511
1651 4383
1652 4254
1653 4382
1654 4510
1655 4765
1656 5021
1657 4893
1658 4767
1659 5023
1660 4895
1661 4766
1662 4894
1663 5022
1664 4637
1665 4638
1666 4639
1667 4380
1668 4636
1669 4252
1670 4764
1671 4508
1672 4892
1673 5020
1674 5273
1675 5529
1676 5401
1677 5275
1678 5531
1679 5403
1680 5274
1681 5402
1682 5530
1683 5785
1684 6041
1685 5913
1686 5787
1687 6043
1688 5915
1689 5786
1690 5914
1691 6042
1692 5657
1693 5658
1694 5659
1695 5277
1696 5533
1697 5405
1698 5279
1699 5535
1700 5407
1701 5278
1702 5406
1703 5534
1704 5789
1705 6045
1706 5917
1707 5791
1708 6047
1709 5919
1710 5790
1711 5918
1712 6046
1713 5661
1714 5662
1715 5663
1716 5404
1717 5788
1718 5916
1719 5532
1720 5660
1721 5276
1722 6044
1723 5151
1724 5148
1725 5147
1726 5145
1727 5149
1728 5146
1729 5150
1730 4248
1731 4888
1732 4632
1733 4376
1734 6040
1735 5912
1736 5400
1737 5272
1738 5528
1739 4760
1740 5144
1741 5656
1742 4504
1743 5784
1744 5016
1745 6289
1746 6545
1747 6417
1748 6291
1749 6547
1750 6419
1751 6290
1752 6418
1753 6546
1754 6801
1755 7057
1756 6929
1757 6803
1758 7059
1759 6931
1760 6802
1761 6930
1762 7058
1763 6673
1764 6674
1765 6675
1766 6293
1767 6549
1768 6421
1769 6295
1770 6551
1771 6423
1772 6294
1773 6422
1774 6550
1775 6805
1776 7061
1777 6933
1778 6807
1779 7063
1780 6935
1781 6806
1782 6934
1783 7062
1784 6677
1785 6678
1786 6679
1787 7060
1788 6292
1789 6420
1790 6548
1791 6676
1792 6804
1793 6932
1794 7313
1795 7569
1796 7441
1797 7315
1798 7571
1799 7443
1800 7314
1801 7442
1802 7570
1803 7825
1804 8081
1805 7953
1806 7827
1807 8083
1808 7955
1809 7826
1810 7954
1811 8082
1812 7697
1813 7698
1814 7699
1815 7317
1816 7573
1817 7445
1818 7319
1819 7575
1820 7447
1821 7318
1822 7446
1823 7574
1824 7829
1825 8085
1826 7957
1827 7831
1828 8087
1829 7959
1830 7830
1831 7958
1832 8086
1833 7701
1834 7702
1835 7703
1836 7316
1837 7828
1838 7700
1839 7444
1840 7572
1841 7956
1842 8084
1843 7186
1844 7187
1845 7188
1846 7191
1847 7189
1848 7190
1849 7185
1850 6297
1851 6553
1852 6425
1853 6299
1854 6555
1855 6427
1856 6298
1857 6426
1858 6554
1859 6809
1860 7065
1861 6937
1862 6811
1863 7067
1864 6939
1865 6810
1866 6938
1867 7066
1868 6681
1869 6682
1870 6683
1871 6301
1872 6557
1873 6429
1874 6303
1875 6559
1876 6431
1877 6302
1878 6430
1879 6558
1880 6813
1881 7069
1882 6941
1883 6815
1884 7071
1885 6943
1886 6814
1887 6942
1888 7070
1889 6685
1890 6686
1891 6687
1892 6428
1893 6556
1894 6684
1895 6812
1896 6940
1897 7068
1898 6300
1899 7321
1900 7577
1901 7449
1902 7323
1903 7579
1904 7451
1905 7322
1906 7450
1907 7578
1908 7833
1909 8089
1910 7961
1911 7835
1912 8091
1913 7963
1914 7834
1915 7962
1916 8090
1917 7705
1918 7706
1919 7707
1920 7325
1921 7581
1922 7453
1923 7327
1924 7583
1925 7455
1926 7326
1927 7454
1928 7582
1929 7837
1930 8093
1931 7965
1932 7839
1933 8095
1934 7967
1935 7838
1936 7966
1937 8094
1938 7709
1939 7710
1940 7711
1941 7324
1942 8092
1943 7836
1944 7452
1945 7708
1946 7580
1947 7964
1948 7196
1949 7193
1950 7199
1951 7194
1952 7197
1953 7198
1954 7195
1955 6296
1956 8088
1957 6424
1958 6552
1959 6808
1960 6936
1961 7064
1962 6680
1963 7192
1964 7320
1965 7448
1966 7576
1967 7704
1968 7832
1969 7960
1970 6172
1971 6173
1972 6165
1973 6170
1974 6168
1975 6163
1976 6171
1977 6162
1978 6166
1979 6167
1980 6175
1981 6164
1982 6169
1983 6174
1984 6161
1985 4368
1986 4752
1987 7440
1988 6160
1989 6672
1990 7312
1991 6544
1992 7056
1993 5136
1994 7696
1995 5648
1996 6416
1997 6800
1998 5264
1999 7952
2000 7568
2001 4496
2002 5392
2003 4240
2004 4880
2005 7824
2006 4624
2007 5776
2008 6928
2009 5008
2010 7184
2011 6032
2012 8080
2013 5520
2014 6288
2015 5904
2016 4124
2017 4120
2018 4117
2019 4107
2020 4125
2021 4097
2022 4116
2023 4121
2024 4115
2025 4108
2026 4122
2027 4111
2028 4127
2029 4098
2030 4099
2031 4123
2032 4113
2033 4112
2034 4126
2035 4102
2036 4109
2037 4118
2038 4110
2039 4114
2040 4119
2041 4103
2042 4104
2043 4105
2044 4101
2045 4096
2046 4100
2047 4106
2048 33
2049 161
2050 417
2051 289
2052 35
2053 163
2054 419
2055 291
2056 34
2057 162
2058 290
2059 418
2060 673
2061 929
2062 801
2063 675
2064 931
2065 803
2066 674
2067 802
2068 930
2069 545
2070 546
2071 547
2072 37
2073 165
2074 421
2075 293
2076 39
2077 167
2078 423
2079 295
2080 38
2081 166
2082 294
2083 422
2084 677
2085 933
2086 805
2087 679
2088 935
2089 807
2090 678
2091 806
2092 934
2093 549
2094 550
2095 551
2096 36
2097 676
2098 164
2099 548
2100 292
2101 420
2102 804
2103 932
2104 1185
2105 1441
2106 1313
2107 1187
2108 1443
2109 1315
2110 1186
2111 1314
2112 1442
2113 1697
2114 1953
2115 1825
2116 1699
2117 1955
2118 1827
2119 1698
2120 1826
2121 1954
2122 1569
2123 1570
2124 1571
2125 1189
2126 1445
2127 1317
2128 1191
2129 1447
2130 1319
2131 1190
2132 1318
2133 1446
2134 1701
2135 1957
2136 1829
2137 1703
2138 1959
2139 1831
2140 1702
2141 1830
2142 1958
2143 1573
2144 1574
2145 1575
2146 1188
2147 1316
2148 1572
2149 1444
2150 1700
2151 1828
2152 1956
2153 1060
2154 1061
2155 1062
2156 1063
2157 1057
2158 1058
2159 1059
2160 41
2161 169
2162 425
2163 297
2164 43
2165 171
2166 427
2167 299
2168 42
2169 170
2170 298
2171 426
2172 681
2173 937
2174 809
2175 683
2176 939
2177 811
2178 682
2179 810
2180 938
2181 553
2182 554
2183 555
2184 45
2185 173
2186 429
2187 301
2188 47
2189 175
2190 431
2191 303
2192 46
2193 174
2194 302
2195 430
2196 685
2197 941
2198 813
2199 687
2200 943
2201 815
2202 686
2203 814
2204 942
2205 557
2206 558
2207 559
2208 684
2209 44
2210 428
2211 172
2212 556
2213 300
2214 812
2215 940
2216 1193
2217 1449
2218 1321
2219 1195
2220 1451
2221 1323
2222 1194
2223 1322
2224 1450
2225 1705
2226 1961
2227 1833
2228 1707
2229 1963
2230 1835
2231 1706
2232 1834
2233 1962
2234 1577
2235 1578
2236 1579
2237 1197
2238 1453
2239 1325
2240 1199
2241 1455
2242 1327
2243 1198
2244 1326
2245 1454
2246 1709
2247 1965
2248 1837
2249 1711
2250 1967
2251 1839
2252 1710
2253 1838
2254 1966
2255 1581
2256 1582
2257 1583
2258 1324
2259 1196
2260 1580
2261 1708
2262 1452
2263 1836
2264 1964
2265 1066
2266 1070
2267 1068
2268 1067
2269 1069
2270 1065
2271 1071
2272 40
2273 424
2274 552
2275 1192
2276 808
2277 680
2278 168
2279 1448
2280 936
2281 1704
2282 1832
2283 296
2284 1576
2285 1064
2286 1960
2287 1320
2288 2209
2289 2465
2290 2337
2291 2211
2292 2467
2293 2339
2294 2210
2295 2338
2296 2466
2297 2721
2298 2977
2299 2849
2300 2723
2301 2979
2302 2851
2303 2722
2304 2850
2305 2978
2306 2593
2307 2594
2308 2595
2309 2213
2310 2469
2311 2341
2312 2215
2313 2471
2314 2343
2315 2214
2316 2342
2317 2470
2318 2725
2319 2981
2320 2853
2321 2727
2322 2983
2323 2855
2324 2726
2325 2854
2326 2982
2327 2597
2328 2598
2329 2599
2330 2340
2331 2468
2332 2596
2333 2724
2334 2852
2335 2212
2336 2980
2337 3233
2338 3489
2339 3361
2340 3235
2341 3491
2342 3363
2343 3234
2344 3362
2345 3490
2346 3745
2347 4001
2348 3873
2349 3747
2350 4003
2351 3875
2352 3746
2353 3874
2354 4002
2355 3617
2356 3618
2357 3619
2358 3237
2359 3493
2360 3365
2361 3239
2362 3495
2363 3367
2364 3238
2365 3366
2366 3494
2367 3749
2368 4005
2369 3877
2370 3751
2371 4007
2372 3879
2373 3750
2374 3878
2375 4006
2376 3621
2377 3622
2378 3623
2379 3236
2380 3364
2381 3748
2382 3492
2383 3876
2384 3620
2385 4004
2386 3106
2387 3108
2388 3110
2389 3107
2390 3109
2391 3111
2392 3105
2393 2217
2394 2473
2395 2345
2396 2219
2397 2475
2398 2347
2399 2218
2400 2346
2401 2474
2402 2729
2403 2985
2404 2857
2405 2731
2406 2987
2407 2859
2408 2730
2409 2858
2410 2986
2411 2601
2412 2602
2413 2603
2414 2221
2415 2477
2416 2349
2417 2223
2418 2479
2419 2351
2420 2222
2421 2350
2422 2478
2423 2733
2424 2989
2425 2861
2426 2735
2427 2991
2428 2863
2429 2734
2430 2862
2431 2990
2432 2605
2433 2606
2434 2607
2435 2220
2436 2348
2437 2732
2438 2604
2439 2476
2440 2860
2441 2988
2442 3241
2443 3497
2444 3369
2445 3243
2446 3499
2447 3371
2448 3242
2449 3370
2450 3498
2451 3753
2452 4009
2453 3881
2454 3755
2455 4011
2456 3883
2457 3754
2458 3882
2459 4010
2460 3625
2461 3626
2462 3627
2463 3245
2464 3501
2465 3373
2466 3247
2467 3503
2468 3375
2469 3246
2470 3374
2471 3502
2472 3757
2473 4013
2474 3885
2475 3759
2476 4015
2477 3887
2478 3758
2479 3886
2480 4014
2481 3629
2482 3630
2483 3631
2484 3244
2485 3372
2486 3500
2487 3884
2488 3628
2489 3756
2490 4012
2491 3116
2492 3114
2493 3113
2494 3118
2495 3119
2496 3115
2497 3117
2498 2216
2499 2600
2500 2344
2501 3368
2502 3112
2503 3240
2504 2728
2505 2856
2506 3752
2507 2984
2508 2472
2509 3880
2510 3496
2511 3624
2512 4008
2513 2083
2514 2082
2515 2093
2516 2088
2517 2089
2518 2084
2519 2086
2520 2087
2521 2085
2522 2092
2523 2090
2524 2081
2525 2095
2526 2091
2527 2094
2528 49
2529 177
2530 433
2531 305
2532 51
2533 179
2534 435
2535 307
2536 50
2537 178
2538 306
2539 434
2540 689
2541 945
2542 817
2543 691
2544 947
2545 819
2546 690
2547 818
2548 946
2549 561
2550 562
2551 563
2552 53
2553 181
2554 437
2555 309
2556 55
2557 183
2558 439
2559 311
2560 54
2561 182
2562 310
2563 438
2564 693
2565 949
2566 821
2567 695
2568 951
2569 823
2570 694
2571 822
2572 950
2573 565
2574 566
2575 567
2576 52
2577 820
2578 308
2579 948
2580 180
2581 436
2582 564
2583 692
2584 1201
2585 1457
2586 1329
2587 1203
2588 1459
2589 1331
2590 1202
2591 1330
2592 1458
2593 1713
2594 1969
2595 1841
2596 1715
2597 1971
2598 1843
2599 1714
2600 1842
2601 1970
2602 1585
2603 1586
2604 1587
2605 1205
2606 1461
2607 1333
2608 1207
2609 1463
2610 1335
2611 1206
2612 1334
2613 1462
2614 1717
2615 1973
2616 1845
2617 1719
2618 1975
2619 1847
2620 1718
2621 1846
2622 1974
2623 1589
2624 1590
2625 1591
2626 1204
2627 1332
2628 1588
2629 1716
2630 1844
2631 1460
2632 1972
2633 1074
2634 1077
2635 1076
2636 1078
2637 1073
2638 1075
2639 1079
2640 57
2641 185
2642 441
2643 313
2644 59
2645 187
2646 443
2647 315
2648 58
2649 186
2650 314
2651 442
2652 697
2653 953
2654 825
2655 699
2656 955
2657 827
2658 698
2659 826
2660 954
2661 569
2662 570
2663 571
2664 61
2665 189
2666 445
2667 317
2668 63
2669 191
2670 447
2671 319
2672 62
2673 190
2674 318
2675 446
2676 701
2677 957
2678 829
2679 703
2680 959
2681 831
2682 702
2683 830
2684 958
2685 573
2686 574
2687 575
2688 60
2689 188
2690 444
2691 828
2692 572
2693 956
2694 316
2695 700
2696 1209
2697 1465
2698 1337
2699 1211
2700 1467
2701 1339
2702 1210
2703 1338
2704 1466
2705 1721
2706 1977
2707 1849
2708 1723
2709 1979
2710 1851
2711 1722
2712 1850
2713 1978
2714 1593
2715 1594
2716 1595
2717 1213
2718 1469
2719 1341
2720 1215
2721 1471
2722 1343
2723 1214
2724 1342
2725 1470
2726 1725
2727 1981
2728 1853
2729 1727
2730 1983
2731 1855
2732 1726
2733 1854
2734 1982
2735 1597
2736 1598
2737 1599
2738 1212
2739 1340
2740 1468
2741 1724
2742 1852
2743 1596
2744 1980
2745 1084
2746 1083
2747 1086
2748 1082
2749 1087
2750 1085
2751 1081
2752 1976
2753 1336
2754 440
2755 56
2756 1208
2757 184
2758 312
2759 952
2760 696
2761 1464
2762 568
2763 1080
2764 1592
2765 1720
2766 824
2767 1848
2768 2225
2769 2481
2770 2353
2771 2227
2772 2483
2773 2355
2774 2226
2775 2354
2776 2482
2777 2737
2778 2993
2779 2865
2780 2739
2781 2995
2782 2867
2783 2738
2784 2866
2785 2994
2786 2609
2787 2610
2788 2611
2789 2229
2790 2485
2791 2357
2792 2231
2793 2487
2794 2359
2795 2230
2796 2358
2797 2486
2798 2741
2799 2997
2800 2869
2801 2743
2802 2999
2803 2871
2804 2742
2805 2870
2806 2998
2807 2613
2808 2614
2809 2615
2810 2228
2811 2356
2812 2740
2813 2612
2814 2484
2815 2868
2816 2996
2817 3249
2818 3505
2819 3377
2820 3251
2821 3507
2822 3379
2823 3250
2824 3378
2825 3506
2826 3761
2827 4017
2828 3889
2829 3763
2830 4019
2831 3891
2832 3762
2833 3890
2834 4018
2835 3633
2836 3634
2837 3635
2838 3253
2839 3509
2840 3381
2841 3255
2842 3511
2843 3383
2844 3254
2845 3382
2846 3510
2847 3765
2848 4021
2849 3893
2850 3767
2851 4023
2852 3895
2853 3766
2854 3894
2855 4022
2856 3637
2857 3638
2858 3639
2859 3252
2860 3380
2861 3508
2862 4020
2863 3636
2864 3764
2865 3892
2866 3121
2867 3123
2868 3124
2869 3122
2870 3125
2871 3126
2872 3127
2873 2233
2874 2489
2875 2361
2876 2235
2877 2491
2878 2363
2879 2234
2880 2362
2881 2490
2882 2745
2883 3001
2884 2873
2885 2747
2886 3003
2887 2875
2888 2746
2889 2874
2890 3002
2891 2617
2892 2618
2893 2619
2894 2237
2895 2493
2896 2365
2897 2239
2898 2495
2899 2367
2900 2238
2901 2366
2902 2494
2903 2749
2904 3005
2905 2877
2906 2751
2907 3007
2908 2879
2909 2750
2910 2878
2911 3006
2912 2621
2913 2622
2914 2623
2915 2236
2916 2364
2917 2492
2918 2748
2919 3004
2920 2620
2921 2876
2922 3257
2923 3513
2924 3385
2925 3259
2926 3515
2927 3387
2928 3258
2929 3386
2930 3514
2931 3769
2932 4025
2933 3897
2934 3771
2935 4027
2936 3899
2937 3770
2938 3898
2939 4026
2940 3641
2941 3642
2942 3643
2943 3261
2944 3517
2945 3389
2946 3263
2947 3519
2948 3391
2949 3262
2950 3390
2951 3518
2952 3773
2953 4029
2954 3901
2955 3775
2956 4031
2957 3903
2958 3774
2959 3902
2960 4030
2961 3645
2962 3646
2963 3647
2964 3260
2965 3516
2966 3644
2967 3388
2968 3772
2969 3900
2970 4028
2971 3131
2972 3130
2973 3133
2974 3135
2975 3132
2976 3134
2977 3129
2978 4024
2979 2232
2980 2872
2981 3512
2982 2360
2983 2616
2984 3896
2985 3640
2986 3128
2987 3384
2988 2488
2989 2744
2990 3768
2991 3000
2992 3256
2993 2100
2994 2099
2995 2103
2996 2108
2997 2106
2998 2110
2999 2107
3000 2101
3001 2098
3002 2111
3003 2102
3004 2105
3005 2104
3006 2109
3007 2097
3008 1328
3009 2352
3010 944
3011 2736
3012 2224
3013 1584
3014 1072
3015 2992
3016 2480
3017 3376
3018 304
3019 176
3020 1968
3021 2864
3022 1712
3023 3888
3024 816
3025 1840
3026 3504
3027 48
3028 1200
3029 432
3030 2608
3031 4016
3032 3248
3033 2096
3034 3120
3035 3760
3036 1456
3037 3632
3038 688
3039 560
3040 4257
3041 4513
3042 4385
3043 4259
3044 4515
3045 4387
3046 4258
3047 4386
3048 4514
3049 4769
3050 5025
3051 4897
3052 4771
3053 5027
3054 4899
3055 4770
3056 4898
3057 5026
3058 4641
3059 4642
3060 4643
3061 4261
3062 4517
3063 4389
3064 4263
3065 4519
3066 4391
3067 4262
3068 4390
3069 4518
3070 4773
3071 5029
3072 4901
3073 4775
3074 5031
3075 4903
3076 4774
3077 4902
3078 5030
3079 4645
3080 4646
3081 4647
3082 4260
3083 4388
3084 4772
3085 4644
3086 4516
3087 5028
3088 4900
3089 5281
3090 5537
3091 5409
3092 5283
3093 5539
3094 5411
3095 5282
3096 5410
3097 5538
3098 5793
3099 6049
3100 5921
3101 5795
3102 6051
3103 5923
3104 5794
3105 5922
3106 6050
3107 5665
3108 5666
3109 5667
3110 5285
3111 5541
3112 5413
3113 5287
3114 5543
3115 5415
3116 5286
3117 5414
3118 5542
3119 5797
3120 6053
3121 5925
3122 5799
3123 6055
3124 5927
3125 5798
3126 5926
3127 6054
3128 5669
3129 5670
3130 5671
3131 5284
3132 5412
3133 5540
3134 5668
3135 5796
3136 5924
3137 6052
3138 5153
3139 5156
3140 5154
3141 5159
3142 5155
3143 5158
3144 5157
3145 4265
3146 4521
3147 4393
3148 4267
3149 4523
3150 4395
3151 4266
3152 4394
3153 4522
3154 4777
3155 5033
3156 4905
3157 4779
3158 5035
3159 4907
3160 4778
3161 4906
3162 5034
3163 4649
3164 4650
3165 4651
3166 4269
3167 4525
3168 4397
3169 4271
3170 4527
3171 4399
3172 4270
3173 4398
3174 4526
3175 4781
3176 5037
3177 4909
3178 4783
3179 5039
3180 4911
3181 4782
3182 4910
3183 5038
3184 4653
3185 4654
3186 4655
3187 4268
3188 4524
3189 4652
3190 4396
3191 4780
3192 4908
3193 5036
3194 5289
3195 5545
3196 5417
3197 5291
3198 5547
3199 5419
3200 5290
3201 5418
3202 5546
3203 5801
3204 6057
3205 5929
3206 5803
3207 6059
3208 5931
3209 5802
3210 5930
3211 6058
3212 5673
3213 5674
3214 5675
3215 5293
3216 5549
3217 5421
3218 5295
3219 5551
3220 5423
3221 5294
3222 5422
3223 5550
3224 5805
3225 6061
3226 5933
3227 5807
3228 6063
3229 5935
3230 5806
3231 5934
3232 6062
3233 5677
3234 5678
3235 5679
3236 5676
3237 5420
3238 5548
3239 5932
3240 5804
3241 6060
3242 5292
3243 5161
3244 5166
3245 5162
3246 5164
3247 5163
3248 5165
3249 5167
3250 4264
3251 4904
3252 5416
3253 5800
3254 4776
3255 4392
3256 4648
3257 5928
3258 5160
3259 5544
3260 5288
3261 6056
3262 4520
3263 5672
3264 5032
3265 6305
3266 6561
3267 6433
3268 6307
3269 6563
3270 6435
3271 6306
3272 6434
3273 6562
3274 6817
3275 7073
3276 6945
3277 6819
3278 7075
3279 6947
3280 6818
3281 6946
3282 7074
3283 6689
3284 6690
3285 6691
3286 6309
3287 6565
3288 6437
3289 6311
3290 6567
3291 6439
3292 6310
3293 6438
3294 6566
3295 6821
3296 7077
3297 6949
3298 6823
3299 7079
3300 6951
3301 6822
3302 6950
3303 7078
3304 6693
3305 6694
3306 6695
3307 6308
3308 6436
3309 6564
3310 7076
3311 6692
3312 6820
3313 6948
3314 7329
3315 7585
3316 7457
3317 7331
3318 7587
3319 7459
3320 7330
3321 7458
3322 7586
3323 7841
3324 8097
3325 7969
3326 7843
3327 8099
3328 7971
3329 7842
3330 7970
3331 8098
3332 7713
3333 7714
3334 7715
3335 7333
3336 7589
3337 7461
3338 7335
3339 7591
3340 7463
3341 7334
3342 7462
3343 7590
3344 7845
3345 8101
3346 7973
3347 7847
3348 8103
3349 7975
3350 7846
3351 7974
3352 8102
3353 7717
3354 7718
3355 7719
3356 7332
3357 7460
3358 7844
3359 7972
3360 7716
3361 8100
3362 7588
3363 7201
3364 7206
3365 7202
3366 7203
3367 7204
3368 7205
3369 7207
3370 6313
3371 6569
3372 6441
3373 6315
3374 6571
3375 6443
3376 6314
3377 6442
3378 6570
3379 6825
3380 7081
3381 6953
3382 6827
3383 7083
3384 6955
3385 6826
3386 6954
3387 7082
3388 6697
3389 6698
3390 6699
3391 6317
3392 6573
3393 6445
3394 6319
3395 6575
3396 6447
3397 6318
3398 6446
3399 6574
3400 6829
3401 7085
3402 6957
3403 6831
3404 7087
3405 6959
3406 6830
3407 6958
3408 7086
3409 6701
3410 6702
3411 6703
3412 6956
3413 6316
3414 6444
3415 6572
3416 6700
3417 6828
3418 7084
3419 7337
3420 7593
3421 7465
3422 7339
3423 7595
3424 7467
3425 7338
3426 7466
3427 7594
3428 7849
3429 8105
3430 7977
3431 7851
3432 8107
3433 7979
3434 7850
3435 7978
3436 8106
3437 7721
3438 7722
3439 7723
3440 7341
3441 7597
3442 7469
3443 7343
3444 7599
3445 7471
3446 7342
3447 7470
3448 7598
3449 7853
3450 8109
3451 7981
3452 7855
3453 8111
3454 7983
3455 7854
3456 7982
3457 8110
3458 7725
3459 7726
3460 7727
3461 7468
3462 7596
3463 7724
3464 8108
3465 7852
3466 7980
3467 7340
3468 7210
3469 7211
3470 7214
3471 7212
3472 7213
3473 7215
3474 7209
3475 6312
3476 7848
3477 6824
3478 7592
3479 6568
3480 6952
3481 8104
3482 6440
3483 7208
3484 7336
3485 7080
3486 7720
3487 7976
3488 6696
3489 7464
3490 6182
3491 6178
3492 6177
3493 6184
3494 6179
3495 6186
3496 6189
3497 6180
3498 6181
3499 6190
3500 6185
3501 6191
3502 6187
3503 6183
3504 6188
3505 4273
3506 4529
3507 4401
3508 4275
3509 4531
3510 4403
3511 4274
3512 4402
3513 4530
3514 4785
3515 5041
3516 4913
3517 4787
3518 5043
3519 4915
3520 4786
3521 4914
3522 5042
3523 4657
3524 4658
3525 4659
3526 4277
3527 4533
3528 4405
3529 4279
3530 4535
3531 4407
3532 4278
3533 4406
3534 4534
3535 4789
3536 5045
3537 4917
3538 4791
3539 5047
3540 4919
3541 4790
3542 4918
3543 5046
3544 4661
3545 4662
3546 4663
3547 4276
3548 4788
3549 4404
3550 4532
3551 4660
3552 4916
3553 5044
3554 5297
3555 5553
3556 5425
3557 5299
3558 5555
3559 5427
3560 5298
3561 5426
3562 5554
3563 5809
3564 6065
3565 5937
3566 5811
3567 6067
3568 5939
3569 5810
3570 5938
3571 6066
3572 5681
3573 5682
3574 5683
3575 5301
3576 5557
3577 5429
3578 5303
3579 5559
3580 5431
3581 5302
3582 5430
3583 5558
3584 5813
3585 6069
3586 5941
3587 5815
3588 6071
3589 5943
3590 5814
3591 5942
3592 6070
3593 5685
3594 5686
3595 5687
3596 5300
3597 6068
3598 5556
3599 5812
3600 5428
3601 5940
3602 5684
3603 5169
3604 5173
3605 5170
3606 5171
3607 5174
3608 5175
3609 5172
3610 4281
3611 4537
3612 4409
3613 4283
3614 4539
3615 4411
3616 4282
3617 4410
3618 4538
3619 4793
3620 5049
3621 4921
3622 4795
3623 5051
3624 4923
3625 4794
3626 4922
3627 5050
3628 4665
3629 4666
3630 4667
3631 4285
3632 4541
3633 4413
3634 4287
3635 4543
3636 4415
3637 4286
3638 4414
3639 4542
3640 4797
3641 5053
3642 4925
3643 4799
3644 5055
3645 4927
3646 4798
3647 4926
3648 5054
3649 4669
3650 4670
3651 4671
3652 4668
3653 4284
3654 4412
3655 4540
3656 4796
3657 4924
3658 5052
3659 5305
3660 5561
3661 5433
3662 5307
3663 5563
3664 5435
3665 5306
3666 5434
3667 5562
3668 5817
3669 6073
3670 5945
3671 5819
3672 6075
3673 5947
3674 5818
3675 5946
3676 6074
3677 5689
3678 5690
3679 5691
3680 5309
3681 5565
3682 5437
3683 5311
3684 5567
3685 5439
3686 5310
3687 5438
3688 5566
3689 5821
3690 6077
3691 5949
3692 5823
3693 6079
3694 5951
3695 5822
3696 5950
3697 6078
3698 5693
3699 5694
3700 5695
3701 5308
3702 5820
3703 5436
3704 5692
3705 5564
3706 6076
3707 5948
3708 5183
3709 5177
3710 5179
3711 5178
3712 5180
3713 5181
3714 5182
3715 4792
3716 5560
3717 5048
3718 5176
3719 5432
3720 5304
3721 4664
3722 4920
3723 4536
3724 5816
3725 4408
3726 5688
3727 5944
3728 6072
3729 4280
3730 6321
3731 6577
3732 6449
3733 6323
3734 6579
3735 6451
3736 6322
3737 6450
3738 6578
3739 6833
3740 7089
3741 6961
3742 6835
3743 7091
3744 6963
3745 6834
3746 6962
3747 7090
3748 6705
3749 6706
3750 6707
3751 6325
3752 6581
3753 6453
3754 6327
3755 6583
3756 6455
3757 6326
3758 6454
3759 6582
3760 6837
3761 7093
3762 6965
3763 6839
3764 7095
3765 6967
3766 6838
3767 6966
3768 7094
3769 6709
3770 6710
3771 6711
3772 6452
3773 6324
3774 6708
3775 6964
3776 6580
3777 6836
3778 7092
3779 7345
3780 7601
3781 7473
3782 7347
3783 7603
3784 7475
3785 7346
3786 7474
3787 7602
3788 7857
3789 8113
3790 7985
3791 7859
3792 8115
3793 7987
3794 7858
3795 7986
3796 8114
3797 7729
3798 7730
3799 7731
3800 7349
3801 7605
3802 7477
3803 7351
3804 7607
3805 7479
3806 7350
3807 7478
3808 7606
3809 7861
3810 8117
3811 7989
3812 7863
3813 8119
3814 7991
3815 7862
3816 7990
3817 8118
3818 7733
3819 7734
3820 7735
3821 7348
3822 7732
3823 7476
3824 7604
3825 7860
3826 7988
3827 8116
3828 7217
3829 7223
3830 7220
3831 7221
3832 7219
3833 7222
3834 7218
3835 6329
3836 6585
3837 6457
3838 6331
3839 6587
3840 6459
3841 6330
3842 6458
3843 6586
3844 6841
3845 7097
3846 6969
3847 6843
3848 7099
3849 6971
3850 6842
3851 6970
3852 7098
3853 6713
3854 6714
3855 6715
3856 6333
3857 6589
3858 6461
3859 6335
3860 6591
3861 6463
3862 6334
3863 6462
3864 6590
3865 6845
3866 7101
3867 6973
3868 6847
3869 7103
3870 6975
3871 6846
3872 6974
3873 7102
3874 6717
3875 6718
3876 6719
3877 6332
3878 6460
3879 6844
3880 6588
3881 6716
3882 6972
3883 7100
3884 7353
3885 7609
3886 7481
3887 7355
3888 7611
3889 7483
3890 7354
3891 7482
3892 7610
3893 7865
3894 8121
3895 7993
3896 7867
3897 8123
3898 7995
3899 7866
3900 7994
3901 8122
3902 7737
3903 7738
3904 7739
3905 7357
3906 7613
3907 7485
3908 7359
3909 7615
3910 7487
3911 7358
3912 7486
3913 7614
3914 7869
3915 8125
3916 7997
3917 7871
3918 8127
3919 7999
3920 7870
3921 7998
3922 8126
3923 7741
3924 7742
3925 7743
3926 7356
3927 7484
3928 7868
3929 7740
3930 7612
3931 7996
3932 8124
3933 7225
3934 7228
3935 7227
3936 7226
3937 7230
3938 7229
3939 7231
3940 6328
3941 6456
3942 6584
3943 6840
3944 6968
3945 7096
3946 7224
3947 6712
3948 7352
3949 7480
3950 7608
3951 7736
3952 7864
3953 7992
3954 8120
3955 6200
3956 6207
3957 6197
3958 6204
3959 6194
3960 6196
3961 6206
3962 6193
3963 6205
3964 6201
3965 6202
3966 6203
3967 6195
3968 6198
3969 6199
3970 4400
3971 5936
3972 5168
3973 7728
3974 6448
3975 4912
3976 4272
3977 5552
3978 6192
3979 5040
3980 6320
3981 6576
3982 4656
3983 6704
3984 7088
3985 5680
3986 4784
3987 5808
3988 7344
3989 5296
3990 6064
3991 7600
3992 7856
3993 7984
3994 7216
3995 6960
3996 7472
3997 6832
3998 4528
3999 8112
4000 5424
4001 4139
4002 4149
4003 4147
4004 4140
4005 4158
4006 4134
4007 4151
4008 4142
4009 4155
4010 4157
4011 4156
4012 4152
4013 4141
4014 4150
4015 4144
4016 4129
4017 4133
4018 4131
4019 4143
4020 4138
4021 4159
4022 4153
4023 4148
4024 4137
4025 4145
4026 4136
4027 4135
4028 4132
4029 4146
4030 4130
4031 4154
4032 3360
4033 7456
4034 4128
4035 6560
4036 160
4037 6944
4038 2464
4039 4000
4040 6048
4041 5792
4042 4896
4043 416
4044 2208
4045 6816
4046 2336
4047 5024
4048 800
4049 5536
4050 7328
4051 1696
4052 544
4053 2080
4054 3104
4055 1312
4056 5920
4057 5664
4058 928
4059 1568
4060 2848
4061 5152
4062 4384
4063 7584
4064 5408
4065 6176
4066 6688
4067 5280
4068 3872
4069 3232
4070 1056
4071 1184
4072 32
4073 4640
4074 6304
4075 7712
4076 6432
4077 7200
4078 4256
4079 672
4080 2592
4081 2976
4082 1440
4083 1952
4084 3616
4085 7840
4086 4768
4087 3744
4088 288
4089 1824
4090 4512
4091 7968
4092 8096
4093 3488
4094 2720
4095 7072
4096 8320
4097 8321
4098 8576
4099 8577
4100 8448
4101 8449
4102 8323
4103 8579
4104 8451
4105 8322
4106 8450
4107 8578
4108 8832
4109 8833
4110 9088
4111 9089
4112 8960
4113 8961
4114 8835
4115 9091
4116 8963
4117 8834
4118 8962
4119 9090
4120 8704
4121 8705
4122 8706
4123 8707
4124 8325
4125 8581
4126 8453
4127 8327
4128 8583
4129 8455
4130 8326
4131 8454
4132 8582
4133 8837
4134 9093
4135 8965
4136 8839
4137 9095
4138 8967
4139 8838
4140 8966
4141 9094
4142 8709
4143 8710
4144 8711
4145 8452
4146 8708
4147 8836
4148 8580
4149 8324
4150 8964
4151 9092
4152 9344
4153 9345
4154 9600
4155 9601
4156 9472
4157 9473
4158 9347
4159 9603
4160 9475
4161 9346
4162 9474
4163 9602
4164 9856
4165 9857
4166 10112
4167 10113
4168 9984
4169 9985
4170 9859
4171 10115
4172 9987
4173 9858
4174 9986
4175 10114
4176 9728
4177 9729
4178 9730
4179 9731
4180 9349
4181 9605
4182 9477
4183 9351
4184 9607
4185 9479
4186 9350
4187 9478
4188 9606
4189 9861
4190 10117
4191 9989
4192 9863
4193 10119
4194 9991
4195 9862
4196 9990
4197 10118
4198 9733
4199 9734
4200 9735
4201 9348
4202 9732
4203 9604
4204 9860
4205 9476
4206 9988
4207 10116
4208 9216
4209 9222
4210 9220
4211 9218
4212 9221
4213 9223
4214 9219
4215 9217
4216 8329
4217 8585
4218 8457
4219 8331
4220 8587
4221 8459
4222 8330
4223 8458
4224 8586
4225 8841
4226 9097
4227 8969
4228 8843
4229 9099
4230 8971
4231 8842
4232 8970
4233 9098
4234 8713
4235 8714
4236 8715
4237 8333
4238 8589
4239 8461
4240 8335
4241 8591
4242 8463
4243 8334
4244 8462
4245 8590
4246 8845
4247 9101
4248 8973
4249 8847
4250 9103
4251 8975
4252 8846
4253 8974
4254 9102
4255 8717
4256 8718
4257 8719
4258 8460
4259 8716
4260 8844
4261 8972
4262 8588
4263 8332
4264 9100
4265 9353
4266 9609
4267 9481
4268 9355
4269 9611
4270 9483
4271 9354
4272 9482
4273 9610
4274 9865
4275 10121
4276 9993
4277 9867
4278 10123
4279 9995
4280 9866
4281 9994
4282 10122
4283 9737
4284 9738
4285 9739
4286 9357
4287 9613
4288 9485
4289 9359
4290 9615
4291 9487
4292 9358
4293 9486
4294 9614
4295 9869
4296 10125
4297 9997
4298 9871
4299 10127
4300 9999
4301 9870
4302 9998
4303 10126
4304 9741
4305 9742
4306 9743
4307 9356
4308 9484
4309 9868
4310 9740
4311 9996
4312 9612
4313 10124
4314 9228
4315 9230
4316 9226
4317 9229
4318 9227
4319 9225
4320 9231
4321 8584
4322 8968
4323 8328
4324 9864
4325 9736
4326 8712
4327 9608
4328 8840
4329 8456
4330 10120
4331 9992
4332 9096
4333 9480
4334 9352
4335 9224
4336 10368
4337 10369
4338 10624
4339 10625
4340 10496
4341 10497
4342 10371
4343 10627
4344 10499
4345 10370
4346 10498
4347 10626
4348 10880
4349 10881
4350 11136
4351 11137
4352 11008
4353 11009
4354 10883
4355 11139
4356 11011
4357 10882
4358 11010
4359 11138
4360 10752
4361 10753
4362 10754
4363 10755
4364 10373
4365 10629
4366 10501
4367 10375
4368 10631
4369 10503
4370 10374
4371 10502
4372 10630
4373 10885
4374 11141
4375 11013
4376 10887
4377 11143
4378 11015
4379 10886
4380 11014
4381 11142
4382 10757
4383 10758
4384 10759
4385 10372
4386 11012
4387 10884
4388 10500
4389 10628
4390 10756
4391 11140
4392 11392
4393 11393
4394 11648
4395 11649
4396 11520
4397 11521
4398 11395
4399 11651
4400 11523
4401 11394
4402 11522
4403 11650
4404 11904
4405 11905
4406 12160
4407 12161
4408 12032
4409 12033
4410 11907
4411 12163
4412 12035
4413 11906
4414 12034
4415 12162
4416 11776
4417 11777
4418 11778
4419 11779
4420 11397
4421 11653
4422 11525
4423 11399
4424 11655
4425 11527
4426 11398
4427 11526
4428 11654
4429 11909
4430 12165
4431 12037
4432 11911
4433 12167
4434 12039
4435 11910
4436 12038
4437 12166
4438 11781
4439 11782
4440 11783
4441 12036
4442 11396
4443 12164
4444 11908
4445 11780
4446 11652
4447 11524
4448 11264
4449 11266
4450 11265
4451 11269
4452 11267
4453 11268
4454 11270
4455 11271
4456 10377
4457 10633
4458 10505
4459 10379
4460 10635
4461 10507
4462 10378
4463 10506
4464 10634
4465 10889
4466 11145
4467 11017
4468 10891
4469 11147
4470 11019
4471 10890
4472 11018
4473 11146
4474 10761
4475 10762
4476 10763
4477 10381
4478 10637
4479 10509
4480 10383
4481 10639
4482 10511
4483 10382
4484 10510
4485 10638
4486 10893
4487 11149
4488 11021
4489 10895
4490 11151
4491 11023
4492 10894
4493 11022
4494 11150
4495 10765
4496 10766
4497 10767
4498 10380
4499 10764
4500 11148
4501 10508
4502 10636
4503 10892
4504 11020
4505 11401
4506 11657
4507 11529
4508 11403
4509 11659
4510 11531
4511 11402
4512 11530
4513 11658
4514 11913
4515 12169
4516 12041
4517 11915
4518 12171
4519 12043
4520 11914
4521 12042
4522 12170
4523 11785
4524 11786
4525 11787
4526 11405
4527 11661
4528 11533
4529 11407
4530 11663
4531 11535
4532 11406
4533 11534
4534 11662
4535 11917
4536 12173
4537 12045
4538 11919
4539 12175
4540 12047
4541 11918
4542 12046
4543 12174
4544 11789
4545 11790
4546 11791
4547 11404
4548 11532
4549 11660
4550 11788
4551 11916
4552 12044
4553 12172
4554 11275
4555 11274
4556 11277
4557 11278
4558 11276
4559 11279
4560 11273
4561 10376
4562 11912
4563 12168
4564 11528
4565 11656
4566 10504
4567 11272
4568 10888
4569 12040
4570 11144
4571 11016
4572 10632
4573 11400
4574 11784
4575 10760
4576 10245
4577 10241
4578 10254
4579 10240
4580 10251
4581 10248
4582 10243
4583 10252
4584 10246
4585 10247
4586 10242
4587 10249
4588 10250
4589 10255
4590 10244
4591 10253
4592 8337
4593 8593
4594 8465
4595 8339
4596 8595
4597 8467
4598 8338
4599 8466
4600 8594
4601 8849
4602 9105
4603 8977
4604 8851
4605 9107
4606 8979
4607 8850
4608 8978
4609 9106
4610 8721
4611 8722
4612 8723
4613 8341
4614 8597
4615 8469
4616 8343
4617 8599
4618 8471
4619 8342
4620 8470
4621 8598
4622 8853
4623 9109
4624 8981
4625 8855
4626 9111
4627 8983
4628 8854
4629 8982
4630 9110
4631 8725
4632 8726
4633 8727
4634 8340
4635 8596
4636 8852
4637 8724
4638 8468
4639 9108
4640 8980
4641 9361
4642 9617
4643 9489
4644 9363
4645 9619
4646 9491
4647 9362
4648 9490
4649 9618
4650 9873
4651 10129
4652 10001
4653 9875
4654 10131
4655 10003
4656 9874
4657 10002
4658 10130
4659 9745
4660 9746
4661 9747
4662 9365
4663 9621
4664 9493
4665 9367
4666 9623
4667 9495
4668 9366
4669 9494
4670 9622
4671 9877
4672 10133
4673 10005
4674 9879
4675 10135
4676 10007
4677 9878
4678 10006
4679 10134
4680 9749
4681 9750
4682 9751
4683 9364
4684 9748
4685 9492
4686 9876
4687 9620
4688 10004
4689 10132
4690 9233
4691 9239
4692 9237
4693 9238
4694 9235
4695 9234
4696 9236
4697 8345
4698 8601
4699 8473
4700 8347
4701 8603
4702 8475
4703 8346
4704 8474
4705 8602
4706 8857
4707 9113
4708 8985
4709 8859
4710 9115
4711 8987
4712 8858
4713 8986
4714 9114
4715 8729
4716 8730
4717 8731
4718 8349
4719 8605
4720 8477
4721 8351
4722 8607
4723 8479
4724 8350
4725 8478
4726 8606
4727 8861
4728 9117
4729 8989
4730 8863
4731 9119
4732 8991
4733 8862
4734 8990
4735 9118
4736 8733
4737 8734
4738 8735
4739 8732
4740 8348
4741 8476
4742 8860
4743 8604
4744 8988
4745 9116
4746 9369
4747 9625
4748 9497
4749 9371
4750 9627
4751 9499
4752 9370
4753 9498
4754 9626
4755 9881
4756 10137
4757 10009
4758 9883
4759 10139
4760 10011
4761 9882
4762 10010
4763 10138
4764 9753
4765 9754
4766 9755
4767 9373
4768 9629
4769 9501
4770 9375
4771 9631
4772 9503
4773 9374
4774 9502
4775 9630
4776 9885
4777 10141
4778 10013
4779 9887
4780 10143
4781 10015
4782 9886
4783 10014
4784 10142
4785 9757
4786 9758
4787 9759
4788 9372
4789 9500
4790 9884
4791 9756
4792 9628
4793 10012
4794 10140
4795 9241
4796 9243
4797 9246
4798 9245
4799 9247
4800 9244
4801 9242
4802 8344
4803 9112
4804 10136
4805 8600
4806 8472
4807 8728
4808 9240
4809 9624
4810 10008
4811 8856
4812 9368
4813 9880
4814 9752
4815 8984
4816 9496
4817 10385
4818 10641
4819 10513
4820 10387
4821 10643
4822 10515
4823 10386
4824 10514
4825 10642
4826 10897
4827 11153
4828 11025
4829 10899
4830 11155
4831 11027
4832 10898
4833 11026
4834 11154
4835 10769
4836 10770
4837 10771
4838 10389
4839 10645
4840 10517
4841 10391
4842 10647
4843 10519
4844 10390
4845 10518
4846 10646
4847 10901
4848 11157
4849 11029
4850 10903
4851 11159
4852 11031
4853 10902
4854 11030
4855 11158
4856 10773
4857 10774
4858 10775
4859 10388
4860 10516
4861 10900
4862 10772
4863 10644
4864 11028
4865 11156
4866 11409
4867 11665
4868 11537
4869 11411
4870 11667
4871 11539
4872 11410
4873 11538
4874 11666
4875 11921
4876 12177
4877 12049
4878 11923
4879 12179
4880 12051
4881 11922
4882 12050
4883 12178
4884 11793
4885 11794
4886 11795
4887 11413
4888 11669
4889 11541
4890 11415
4891 11671
4892 11543
4893 11414
4894 11542
4895 11670
4896 11925
4897 12181
4898 12053
4899 11927
4900 12183
4901 12055
4902 11926
4903 12054
4904 12182
4905 11797
4906 11798
4907 11799
4908 11412
4909 11540
4910 11924
4911 11668
4912 11796
4913 12052
4914 12180
4915 11287
4916 11283
4917 11284
4918 11282
4919 11285
4920 11286
4921 11281
4922 10393
4923 10649
4924 10521
4925 10395
4926 10651
4927 10523
4928 10394
4929 10522
4930 10650
4931 10905
4932 11161
4933 11033
4934 10907
4935 11163
4936 11035
4937 10906
4938 11034
4939 11162
4940 10777
4941 10778
4942 10779
4943 10397
4944 10653
4945 10525
4946 10399
4947 10655
4948 10527
4949 10398
4950 10526
4951 10654
4952 10909
4953 11165
4954 11037
4955 10911
4956 11167
4957 11039
4958 10910
4959 11038
4960 11166
4961 10781
4962 10782
4963 10783
4964 10396
4965 10780
4966 10908
4967 10652
4968 11036
4969 10524
4970 11164
4971 11417
4972 11673
4973 11545
4974 11419
4975 11675
4976 11547
4977 11418
4978 11546
4979 11674
4980 11929
4981 12185
4982 12057
4983 11931
4984 12187
4985 12059
4986 11930
4987 12058
4988 12186
4989 11801
4990 11802
4991 11803
4992 11421
4993 11677
4994 11549
4995 11423
4996 11679
4997 11551
4998 11422
4999 11550
5000 11678
5001 11933
5002 12189
5003 12061
5004 11935
5005 12191
5006 12063
5007 11934
5008 12062
5009 12190
5010 11805
5011 11806
5012 11807
5013 11420
5014 11932
5015 11676
5016 12060
5017 11804
5018 11548
5019 12188
5020 11290
5021 11289
5022 11291
5023 11292
5024 11295
5025 11293
5026 11294
5027 10520
5028 10648
5029 10776
5030 10904
5031 11032
5032 11288
5033 11160
5034 11544
5035 11416
5036 11672
5037 11800
5038 11928
5039 12056
5040 12184
5041 10392
5042 10268
5043 10269
5044 10267
5045 10265
5046 10264
5047 10266
5048 10260
5049 10270
5050 10257
5051 10261
5052 10271
5053 10263
5054 10262
5055 10259
5056 10258
5057 9360
5058 11280
5059 10256
5060 9104
5061 9616
5062 11024
5063 9232
5064 10896
5065 9488
5066 11920
5067 8336
5068 10512
5069 11408
5070 8848
5071 11664
5072 9744
5073 10128
5074 10000
5075 8976
5076 8592
5077 11536
5078 8464
5079 10640
5080 11152
5081 12176
5082 8720
5083 9872
5084 12048
5085 11792
5086 10768
5087 10384
5088 12416
5089 12417
5090 12672
5091 12673
5092 12544
5093 12545
5094 12419
5095 12675
5096 12547
5097 12418
5098 12546
5099 12674
5100 12928
5101 12929
5102 13184
5103 13185
5104 13056
5105 13057
5106 12931
5107 13187
5108 13059
5109 12930
5110 13058
5111 13186
5112 12800
5113 12801
5114 12802
5115 12803
5116 12421
5117 12677
5118 12549
5119 12423
5120 12679
5121 12551
5122 12422
5123 12550
5124 12678
5125 12933
5126 13189
5127 13061
5128 12935
5129 13191
5130 13063
5131 12934
5132 13062
5133 13190
5134 12805
5135 12806
5136 12807
5137 12420
5138 13188
5139 12932
5140 12804
5141 13060
5142 12548
5143 12676
5144 13440
5145 13441
5146 13696
5147 13697
5148 13568
5149 13569
5150 13443
5151 13699
5152 13571
5153 13442
5154 13570
5155 13698
5156 13952
5157 13953
5158 14208
5159 14209
5160 14080
5161 14081
5162 13955
5163 14211
5164 14083
5165 13954
5166 14082
5167 14210
5168 13824
5169 13825
5170 13826
5171 13827
5172 13445
5173 13701
5174 13573
5175 13447
5176 13703
5177 13575
5178 13446
5179 13574
5180 13702
5181 13957
5182 14213
5183 14085
5184 13959
5185 14215
5186 14087
5187 13958
5188 14086
5189 14214
5190 13829
5191 13830
5192 13831
5193 13956
5194 13828
5195 14212
5196 14084
5197 13444
5198 13572
5199 13700
5200 13316
5201 13314
5202 13315
5203 13318
5204 13313
5205 13319
5206 13312
5207 13317
5208 12425
5209 12681
5210 12553
5211 12427
5212 12683
5213 12555
5214 12426
5215 12554
5216 12682
5217 12937
5218 13193
5219 13065
5220 12939
5221 13195
5222 13067
5223 12938
5224 13066
5225 13194
5226 12809
5227 12810
5228 12811
5229 12429
5230 12685
5231 12557
5232 12431
5233 12687
5234 12559
5235 12430
5236 12558
5237 12686
5238 12941
5239 13197
5240 13069
5241 12943
5242 13199
5243 13071
5244 12942
5245 13070
5246 13198
5247 12813
5248 12814
5249 12815
5250 12812
5251 12940
5252 12684
5253 13196
5254 13068
5255 12428
5256 12556
5257 13449
5258 13705
5259 13577
5260 13451
5261 13707
5262 13579
5263 13450
5264 13578
5265 13706
5266 13961
5267 14217
5268 14089
5269 13963
5270 14219
5271 14091
5272 13962
5273 14090
5274 14218
5275 13833
5276 13834
5277 13835
5278 13453
5279 13709
5280 13581
5281 13455
5282 13711
5283 13583
5284 13454
5285 13582
5286 13710
5287 13965
5288 14221
5289 14093
5290 13967
5291 14223
5292 14095
5293 13966
5294 14094
5295 14222
5296 13837
5297 13838
5298 13839
5299 13452
5300 13580
5301 13836
5302 13964
5303 14092
5304 13708
5305 14220
5306 13323
5307 13327
5308 13322
5309 13321
5310 13325
5311 13326
5312 13324
5313 13192
5314 13960
5315 13832
5316 12552
5317 13576
5318 12680
5319 13704
5320 13320
5321 14216
5322 13448
5323 12808
5324 14088
5325 12424
5326 13064
5327 12936
5328 14464
5329 14465
5330 14720
5331 14721
5332 14592
5333 14593
5334 14467
5335 14723
5336 14595
5337 14466
5338 14594
5339 14722
5340 14976
5341 14977
5342 15232
5343 15233
5344 15104
5345 15105
5346 14979
5347 15235
5348 15107
5349 14978
5350 15106
5351 15234
5352 14848
5353 14849
5354 14850
5355 14851
5356 14469
5357 14725
5358 14597
5359 14471
5360 14727
5361 14599
5362 14470
5363 14598
5364 14726
5365 14981
5366 15237
5367 15109
5368 14983
5369 15239
5370 15111
5371 14982
5372 15110
5373 15238
5374 14853
5375 14854
5376 14855
5377 14724
5378 14980
5379 14852
5380 14596
5381 15108
5382 14468
5383 15236
5384 15488
5385 15489
5386 15744
5387 15745
5388 15616
5389 15617
5390 15491
5391 15747
5392 15619
5393 15490
5394 15618
5395 15746
5396 16000
5397 16001
5398 16256
5399 16257
5400 16128
5401 16129
5402 16003
5403 16259
5404 16131
5405 16002
5406 16130
5407 16258
5408 15872
5409 15873
5410 15874
5411 15875
5412 15493
5413 15749
5414 15621
5415 15495
5416 15751
5417 15623
5418 15494
5419 15622
5420 15750
5421 16005
5422 16261
5423 16133
5424 16007
5425 16263
5426 16135
5427 16006
5428 16134
5429 16262
5430 15877
5431 15878
5432 15879
5433 15492
5434 16004
5435 16132
5436 15748
5437 16260
5438 15876
5439 15620
5440 15364
5441 15363
5442 15361
5443 15366
5444 15365
5445 15362
5446 15360
5447 15367
5448 14473
5449 14729
5450 14601
5451 14475
5452 14731
5453 14603
5454 14474
5455 14602
5456 14730
5457 14985
5458 15241
5459 15113
5460 14987
5461 15243
5462 15115
5463 14986
5464 15114
5465 15242
5466 14857
5467 14858
5468 14859
5469 14477
5470 14733
5471 14605
5472 14479
5473 14735
5474 14607
5475 14478
5476 14606
5477 14734
5478 14989
5479 15245
5480 15117
5481 14991
5482 15247
5483 15119
5484 14990
5485 15118
5486 15246
5487 14861
5488 14862
5489 14863
5490 14476
5491 14732
5492 14860
5493 14604
5494 14988
5495 15116
5496 15244
5497 15497
5498 15753
5499 15625
5500 15499
5501 15755
5502 15627
5503 15498
5504 15626
5505 15754
5506 16009
5507 16265
5508 16137
5509 16011
5510 16267
5511 16139
5512 16010
5513 16138
5514 16266
5515 15881
5516 15882
5517 15883
5518 15501
5519 15757
5520 15629
5521 15503
5522 15759
5523 15631
5524 15502
5525 15630
5526 15758
5527 16013
5528 16269
5529 16141
5530 16015
5531 16271
5532 16143
5533 16014
5534 16142
5535 16270
5536 15885
5537 15886
5538 15887
5539 15628
5540 15756
5541 15884
5542 16012
5543 16140
5544 16268
5545 15500
5546 15371
5547 15374
5548 15369
5549 15373
5550 15370
5551 15372
5552 15375
5553 15880
5554 15368
5555 15752
5556 15496
5557 16136
5558 16008
5559 15112
5560 14856
5561 14600
5562 15240
5563 15624
5564 14728
5565 16264
5566 14472
5567 14984
5568 14336
5569 14340
5570 14344
5571 14347
5572 14341
5573 14346
5574 14348
5575 14343
5576 14345
5577 14339
5578 14350
5579 14337
5580 14349
5581 14351
5582 14338
5583 14342
5584 12433
5585 12689
5586 12561
5587 12435
5588 12691
5589 12563
5590 12434
5591 12562
5592 12690
5593 12945
5594 13201
5595 13073
5596 12947
5597 13203
5598 13075
5599 12946
5600 13074
5601 13202
5602 12817
5603 12818
5604 12819
5605 12437
5606 12693
5607 12565
5608 12439
5609 12695
5610 12567
5611 12438
5612 12566
5613 12694
5614 12949
5615 13205
5616 13077
5617 12951
5618 13207
5619 13079
5620 12950
5621 13078
5622 13206
5623 12821
5624 12822
5625 12823
5626 13204
5627 12436
5628 12948
5629 12564
5630 12692
5631 13076
5632 12820
5633 13457
5634 13713
5635 13585
5636 13459
5637 13715
5638 13587
5639 13458
5640 13586
5641 13714
5642 13969
5643 14225
5644 14097
5645 13971
5646 14227
5647 14099
5648 13970
5649 14098
5650 14226
5651 13841
5652 13842
5653 13843
5654 13461
5655 13717
5656 13589
5657 13463
5658 13719
5659 13591
5660 13462
5661 13590
5662 13718
5663 13973
5664 14229
5665 14101
5666 13975
5667 14231
5668 14103
5669 13974
5670 14102
5671 14230
5672 13845
5673 13846
5674 13847
5675 13460
5676 13844
5677 13588
5678 13972
5679 13716
5680 14100
5681 14228
5682 13329
5683 13332
5684 13334
5685 13331
5686 13330
5687 13335
5688 13333
5689 12441
5690 12697
5691 12569
5692 12443
5693 12699
5694 12571
5695 12442
5696 12570
5697 12698
5698 12953
5699 13209
5700 13081
5701 12955
5702 13211
5703 13083
5704 12954
5705 13082
5706 13210
5707 12825
5708 12826
5709 12827
5710 12445
5711 12701
5712 12573
5713 12447
5714 12703
5715 12575
5716 12446
5717 12574
5718 12702
5719 12957
5720 13213
5721 13085
5722 12959
5723 13215
5724 13087
5725 12958
5726 13086
5727 13214
5728 12829
5729 12830
5730 12831
5731 13212
5732 12444
5733 12828
5734 12956
5735 12572
5736 12700
5737 13084
5738 13465
5739 13721
5740 13593
5741 13467
5742 13723
5743 13595
5744 13466
5745 13594
5746 13722
5747 13977
5748 14233
5749 14105
5750 13979
5751 14235
5752 14107
5753 13978
5754 14106
5755 14234
5756 13849
5757 13850
5758 13851
5759 13469
5760 13725
5761 13597
5762 13471
5763 13727
5764 13599
5765 13470
5766 13598
5767 13726
5768 13981
5769 14237
5770 14109
5771 13983
5772 14239
5773 14111
5774 13982
5775 14110
5776 14238
5777 13853
5778 13854
5779 13855
5780 13468
5781 13852
5782 13596
5783 13980
5784 13724
5785 14108
5786 14236
5787 13341
5788 13338
5789 13339
5790 13343
5791 13340
5792 13342
5793 13337
5794 12696
5795 13080
5796 12568
5797 13208
5798 13336
5799 13720
5800 12952
5801 13976
5802 13464
5803 12440
5804 13848
5805 14232
5806 13592
5807 14104
5808 12824
5809 14481
5810 14737
5811 14609
5812 14483
5813 14739
5814 14611
5815 14482
5816 14610
5817 14738
5818 14993
5819 15249
5820 15121
5821 14995
5822 15251
5823 15123
5824 14994
5825 15122
5826 15250
5827 14865
5828 14866
5829 14867
5830 14485
5831 14741
5832 14613
5833 14487
5834 14743
5835 14615
5836 14486
5837 14614
5838 14742
5839 14997
5840 15253
5841 15125
5842 14999
5843 15255
5844 15127
5845 14998
5846 15126
5847 15254
5848 14869
5849 14870
5850 14871
5851 14484
5852 14612
5853 14868
5854 14996
5855 15124
5856 14740
5857 15252
5858 15505
5859 15761
5860 15633
5861 15507
5862 15763
5863 15635
5864 15506
5865 15634
5866 15762
5867 16017
5868 16273
5869 16145
5870 16019
5871 16275
5872 16147
5873 16018
5874 16146
5875 16274
5876 15889
5877 15890
5878 15891
5879 15509
5880 15765
5881 15637
5882 15511
5883 15767
5884 15639
5885 15510
5886 15638
5887 15766
5888 16021
5889 16277
5890 16149
5891 16023
5892 16279
5893 16151
5894 16022
5895 16150
5896 16278
5897 15893
5898 15894
5899 15895
5900 15508
5901 15636
5902 15892
5903 16020
5904 16276
5905 15764
5906 16148
5907 15379
5908 15380
5909 15378
5910 15377
5911 15382
5912 15381
5913 15383
5914 14489
5915 14745
5916 14617
5917 14491
5918 14747
5919 14619
5920 14490
5921 14618
5922 14746
5923 15001
5924 15257
5925 15129
5926 15003
5927 15259
5928 15131
5929 15002
5930 15130
5931 15258
5932 14873
5933 14874
5934 14875
5935 14493
5936 14749
5937 14621
5938 14495
5939 14751
5940 14623
5941 14494
5942 14622
5943 14750
5944 15005
5945 15261
5946 15133
5947 15007
5948 15263
5949 15135
5950 15006
5951 15134
5952 15262
5953 14877
5954 14878
5955 14879
5956 14492
5957 14620
5958 14748
5959 15260
5960 14876
5961 15004
5962 15132
5963 15513
5964 15769
5965 15641
5966 15515
5967 15771
5968 15643
5969 15514
5970 15642
5971 15770
5972 16025
5973 16281
5974 16153
5975 16027
5976 16283
5977 16155
5978 16026
5979 16154
5980 16282
5981 15897
5982 15898
5983 15899
5984 15517
5985 15773
5986 15645
5987 15519
5988 15775
5989 15647
5990 15518
5991 15646
5992 15774
5993 16029
5994 16285
5995 16157
5996 16031
5997 16287
5998 16159
5999 16030
6000 16158
6001 16286
6002 15901
6003 15902
6004 15903
6005 15772
6006 15900
6007 16028
6008 15644
6009 15516
6010 16156
6011 16284
6012 15387
6013 15388
6014 15386
6015 15389
6016 15390
6017 15385
6018 15391
6019 14488
6020 14616
6021 14744
6022 14872
6023 15000
6024 15128
6025 15256
6026 15384
6027 15512
6028 15640
6029 15768
6030 15896
6031 16024
6032 16152
6033 16280
6034 14363
6035 14360
6036 14358
6037 14366
6038 14354
6039 14356
6040 14362
6041 14357
6042 14359
6043 14364
6044 14361
6045 14367
6046 14353
6047 14355
6048 14365
6049 16144
6050 12432
6051 13456
6052 15120
6053 15760
6054 14736
6055 15248
6056 14096
6057 14480
6058 12560
6059 15888
6060 13712
6061 16272
6062 12816
6063 13840
6064 14608
6065 15632
6066 13968
6067 14224
6068 16016
6069 13072
6070 14352
6071 12944
6072 13200
6073 14864
6074 15376
6075 13328
6076 12688
6077 14992
6078 13584
6079 15504
6080 12296
6081 12302
6082 12289
6083 12288
6084 12291
6085 12303
6086 12315
6087 12300
6088 12317
6089 12314
6090 12311
6091 12316
6092 12306
6093 12307
6094 12309
6095 12298
6096 12308
6097 12295
6098 12294
6099 12310
6100 12305
6101 12313
6102 12297
6103 12312
6104 12304
6105 12299
6106 12290
6107 12292
6108 12318
6109 12301
6110 12293
6111 12319
6112 8353
6113 8609
6114 8481
6115 8355
6116 8611
6117 8483
6118 8354
6119 8482
6120 8610
6121 8865
6122 9121
6123 8993
6124 8867
6125 9123
6126 8995
6127 8866
6128 8994
6129 9122
6130 8737
6131 8738
6132 8739
6133 8357
6134 8613
6135 8485
6136 8359
6137 8615
6138 8487
6139 8358
6140 8486
6141 8614
6142 8869
6143 9125
6144 8997
6145 8871
6146 9127
6147 8999
6148 8870
6149 8998
6150 9126
6151 8741
6152 8742
6153 8743
6154 8356
6155 8484
6156 8868
6157 8612
6158 8996
6159 8740
6160 9124
6161 9377
6162 9633
6163 9505
6164 9379
6165 9635
6166 9507
6167 9378
6168 9506
6169 9634
6170 9889
6171 10145
6172 10017
6173 9891
6174 10147
6175 10019
6176 9890
6177 10018
6178 10146
6179 9761
6180 9762
6181 9763
6182 9381
6183 9637
6184 9509
6185 9383
6186 9639
6187 9511
6188 9382
6189 9510
6190 9638
6191 9893
6192 10149
6193 10021
6194 9895
6195 10151
6196 10023
6197 9894
6198 10022
6199 10150
6200 9765
6201 9766
6202 9767
6203 9380
6204 9508
6205 9764
6206 9636
6207 9892
6208 10020
6209 10148
6210 9253
6211 9251
6212 9250
6213 9252
6214 9254
6215 9255
6216 9249
6217 8361
6218 8617
6219 8489
6220 8363
6221 8619
6222 8491
6223 8362
6224 8490
6225 8618
6226 8873
6227 9129
6228 9001
6229 8875
6230 9131
6231 9003
6232 8874
6233 9002
6234 9130
6235 8745
6236 8746
6237 8747
6238 8365
6239 8621
6240 8493
6241 8367
6242 8623
6243 8495
6244 8366
6245 8494
6246 8622
6247 8877
6248 9133
6249 9005
6250 8879
6251 9135
6252 9007
6253 8878
6254 9006
6255 9134
6256 8749
6257 8750
6258 8751
6259 8492
6260 8364
6261 8876
6262 8620
6263 9004
6264 8748
6265 9132
6266 9385
6267 9641
6268 9513
6269 9387
6270 9643
6271 9515
6272 9386
6273 9514
6274 9642
6275 9897
6276 10153
6277 10025
6278 9899
6279 10155
6280 10027
6281 9898
6282 10026
6283 10154
6284 9769
6285 9770
6286 9771
6287 9389
6288 9645
6289 9517
6290 9391
6291 9647
6292 9519
6293 9390
6294 9518
6295 9646
6296 9901
6297 10157
6298 10029
6299 9903
6300 10159
6301 10031
6302 9902
6303 10030
6304 10158
6305 9773
6306 9774
6307 9775
6308 10156
6309 9516
6310 9644
6311 9388
6312 9772
6313 9900
6314 10028
6315 9261
6316 9262
6317 9263
6318 9257
6319 9259
6320 9258
6321 9260
6322 9384
6323 9896
6324 10024
6325 9256
6326 8488
6327 9768
6328 9128
6329 9512
6330 8744
6331 8360
6332 8872
6333 8616
6334 9000
6335 10152
6336 9640
6337 10401
6338 10657
6339 10529
6340 10403
6341 10659
6342 10531
6343 10402
6344 10530
6345 10658
6346 10913
6347 11169
6348 11041
6349 10915
6350 11171
6351 11043
6352 10914
6353 11042
6354 11170
6355 10785
6356 10786
6357 10787
6358 10405
6359 10661
6360 10533
6361 10407
6362 10663
6363 10535
6364 10406
6365 10534
6366 10662
6367 10917
6368 11173
6369 11045
6370 10919
6371 11175
6372 11047
6373 10918
6374 11046
6375 11174
6376 10789
6377 10790
6378 10791
6379 10404
6380 10660
6381 10788
6382 10532
6383 10916
6384 11044
6385 11172
6386 11425
6387 11681
6388 11553
6389 11427
6390 11683
6391 11555
6392 11426
6393 11554
6394 11682
6395 11937
6396 12193
6397 12065
6398 11939
6399 12195
6400 12067
6401 11938
6402 12066
6403 12194
6404 11809
6405 11810
6406 11811
6407 11429
6408 11685
6409 11557
6410 11431
6411 11687
6412 11559
6413 11430
6414 11558
6415 11686
6416 11941
6417 12197
6418 12069
6419 11943
6420 12199
6421 12071
6422 11942
6423 12070
6424 12198
6425 11813
6426 11814
6427 11815
6428 11428
6429 11556
6430 11684
6431 11812
6432 11940
6433 12068
6434 12196
6435 11297
6436 11301
6437 11298
6438 11302
6439 11303
6440 11300
6441 11299
6442 10409
6443 10665
6444 10537
6445 10411
6446 10667
6447 10539
6448 10410
6449 10538
6450 10666
6451 10921
6452 11177
6453 11049
6454 10923
6455 11179
6456 11051
6457 10922
6458 11050
6459 11178
6460 10793
6461 10794
6462 10795
6463 10413
6464 10669
6465 10541
6466 10415
6467 10671
6468 10543
6469 10414
6470 10542
6471 10670
6472 10925
6473 11181
6474 11053
6475 10927
6476 11183
6477 11055
6478 10926
6479 11054
6480 11182
6481 10797
6482 10798
6483 10799
6484 10412
6485 10796
6486 10540
6487 10924
6488 10668
6489 11180
6490 11052
6491 11433
6492 11689
6493 11561
6494 11435
6495 11691
6496 11563
6497 11434
6498 11562
6499 11690
6500 11945
6501 12201
6502 12073
6503 11947
6504 12203
6505 12075
6506 11946
6507 12074
6508 12202
6509 11817
6510 11818
6511 11819
6512 11437
6513 11693
6514 11565
6515 11439
6516 11695
6517 11567
6518 11438
6519 11566
6520 11694
6521 11949
6522 12205
6523 12077
6524 11951
6525 12207
6526 12079
6527 11950
6528 12078
6529 12206
6530 11821
6531 11822
6532 11823
6533 11436
6534 11564
6535 11948
6536 11820
6537 11692
6538 12076
6539 12204
6540 11310
6541 11309
6542 11305
6543 11306
6544 11311
6545 11308
6546 11307
6547 10408
6548 11816
6549 11944
6550 11048
6551 11432
6552 10536
6553 12072
6554 10664
6555 12200
6556 10792
6557 11304
6558 11176
6559 11560
6560 10920
6561 11688
6562 10279
6563 10274
6564 10286
6565 10278
6566 10277
6567 10281
6568 10283
6569 10275
6570 10285
6571 10276
6572 10273
6573 10280
6574 10284
6575 10287
6576 10282
6577 8369
6578 8625
6579 8497
6580 8371
6581 8627
6582 8499
6583 8370
6584 8498
6585 8626
6586 8881
6587 9137
6588 9009
6589 8883
6590 9139
6591 9011
6592 8882
6593 9010
6594 9138
6595 8753
6596 8754
6597 8755
6598 8373
6599 8629
6600 8501
6601 8375
6602 8631
6603 8503
6604 8374
6605 8502
6606 8630
6607 8885
6608 9141
6609 9013
6610 8887
6611 9143
6612 9015
6613 8886
6614 9014
6615 9142
6616 8757
6617 8758
6618 8759
6619 8372
6620 8500
6621 8756
6622 8884
6623 8628
6624 9012
6625 9140
6626 9393
6627 9649
6628 9521
6629 9395
6630 9651
6631 9523
6632 9394
6633 9522
6634 9650
6635 9905
6636 10161
6637 10033
6638 9907
6639 10163
6640 10035
6641 9906
6642 10034
6643 10162
6644 9777
6645 9778
6646 9779
6647 9397
6648 9653
6649 9525
6650 9399
6651 9655
6652 9527
6653 9398
6654 9526
6655 9654
6656 9909
6657 10165
6658 10037
6659 9911
6660 10167
6661 10039
6662 9910
6663 10038
6664 10166
6665 9781
6666 9782
6667 9783
6668 9396
6669 9524
6670 9780
6671 9908
6672 9652
6673 10036
6674 10164
6675 9268
6676 9270
6677 9265
6678 9269
6679 9271
6680 9266
6681 9267
6682 8377
6683 8633
6684 8505
6685 8379
6686 8635
6687 8507
6688 8378
6689 8506
6690 8634
6691 8889
6692 9145
6693 9017
6694 8891
6695 9147
6696 9019
6697 8890
6698 9018
6699 9146
6700 8761
6701 8762
6702 8763
6703 8381
6704 8637
6705 8509
6706 8383
6707 8639
6708 8511
6709 8382
6710 8510
6711 8638
6712 8893
6713 9149
6714 9021
6715 8895
6716 9151
6717 9023
6718 8894
6719 9022
6720 9150
6721 8765
6722 8766
6723 8767
6724 8380
6725 8508
6726 8764
6727 8636
6728 8892
6729 9020
6730 9148
6731 9401
6732 9657
6733 9529
6734 9403
6735 9659
6736 9531
6737 9402
6738 9530
6739 9658
6740 9913
6741 10169
6742 10041
6743 9915
6744 10171
6745 10043
6746 9914
6747 10042
6748 10170
6749 9785
6750 9786
6751 9787
6752 9405
6753 9661
6754 9533
6755 9407
6756 9663
6757 9535
6758 9406
6759 9534
6760 9662
6761 9917
6762 10173
6763 10045
6764 9919
6765 10175
6766 10047
6767 9918
6768 10046
6769 10174
6770 9789
6771 9790
6772 9791
6773 9404
6774 9916
6775 9532
6776 9788
6777 9660
6778 10044
6779 10172
6780 9275
6781 9274
6782 9277
6783 9276
6784 9273
6785 9278
6786 9279
6787 8632
6788 9144
6789 9528
6790 9272
6791 8376
6792 10040
6793 9656
6794 8760
6795 8504
6796 9016
6797 8888
6798 9784
6799 9912
6800 10168
6801 9400
6802 10417
6803 10673
6804 10545
6805 10419
6806 10675
6807 10547
6808 10418
6809 10546
6810 10674
6811 10929
6812 11185
6813 11057
6814 10931
6815 11187
6816 11059
6817 10930
6818 11058
6819 11186
6820 10801
6821 10802
6822 10803
6823 10421
6824 10677
6825 10549
6826 10423
6827 10679
6828 10551
6829 10422
6830 10550
6831 10678
6832 10933
6833 11189
6834 11061
6835 10935
6836 11191
6837 11063
6838 10934
6839 11062
6840 11190
6841 10805
6842 10806
6843 10807
6844 10420
6845 10548
6846 10676
6847 10932
6848 10804
6849 11060
6850 11188
6851 11441
6852 11697
6853 11569
6854 11443
6855 11699
6856 11571
6857 11442
6858 11570
6859 11698
6860 11953
6861 12209
6862 12081
6863 11955
6864 12211
6865 12083
6866 11954
6867 12082
6868 12210
6869 11825
6870 11826
6871 11827
6872 11445
6873 11701
6874 11573
6875 11447
6876 11703
6877 11575
6878 11446
6879 11574
6880 11702
6881 11957
6882 12213
6883 12085
6884 11959
6885 12215
6886 12087
6887 11958
6888 12086
6889 12214
6890 11829
6891 11830
6892 11831
6893 11956
6894 11444
6895 11828
6896 11572
6897 11700
6898 12084
6899 12212
6900 11313
6901 11315
6902 11317
6903 11314
6904 11318
6905 11319
6906 11316
6907 10425
6908 10681
6909 10553
6910 10427
6911 10683
6912 10555
6913 10426
6914 10554
6915 10682
6916 10937
6917 11193
6918 11065
6919 10939
6920 11195
6921 11067
6922 10938
6923 11066
6924 11194
6925 10809
6926 10810
6927 10811
6928 10429
6929 10685
6930 10557
6931 10431
6932 10687
6933 10559
6934 10430
6935 10558
6936 10686
6937 10941
6938 11197
6939 11069
6940 10943
6941 11199
6942 11071
6943 10942
6944 11070
6945 11198
6946 10813
6947 10814
6948 10815
6949 10684
6950 10428
6951 10940
6952 10812
6953 10556
6954 11068
6955 11196
6956 11449
6957 11705
6958 11577
6959 11451
6960 11707
6961 11579
6962 11450
6963 11578
6964 11706
6965 11961
6966 12217
6967 12089
6968 11963
6969 12219
6970 12091
6971 11962
6972 12090
6973 12218
6974 11833
6975 11834
6976 11835
6977 11453
6978 11709
6979 11581
6980 11455
6981 11711
6982 11583
6983 11454
6984 11582
6985 11710
6986 11965
6987 12221
6988 12093
6989 11967
6990 12223
6991 12095
6992 11966
6993 12094
6994 12222
6995 11837
6996 11838
6997 11839
6998 11452
6999 11580
7000 11964
7001 12092
7002 11836
7003 11708
7004 12220
7005 11321
7006 11326
7007 11322
7008 11327
7009 11324
7010 11325
7011 11323
7012 11192
7013 10680
7014 10808
7015 10936
7016 11704
7017 11832
7018 11576
7019 11320
7020 10552
7021 11448
7022 12088
7023 10424
7024 11960
7025 11064
7026 12216
7027 10289
7028 10290
7029 10291
7030 10292
7031 10293
7032 10294
7033 10295
7034 10303
7035 10296
7036 10297
7037 10298
7038 10299
7039 10300
7040 10301
7041 10302
7042 12208
7043 8368
7044 9776
7045 9392
7046 12080
7047 8496
7048 9136
7049 11184
7050 8624
7051 9648
7052 10928
7053 11312
7054 9904
7055 11056
7056 9520
7057 9008
7058 8752
7059 8880
7060 11696
7061 10800
7062 11440
7063 9264
7064 10416
7065 10544
7066 10288
7067 10672
7068 11568
7069 10160
7070 10032
7071 11952
7072 11824
7073 12449
7074 12705
7075 12577
7076 12451
7077 12707
7078 12579
7079 12450
7080 12578
7081 12706
7082 12961
7083 13217
7084 13089
7085 12963
7086 13219
7087 13091
7088 12962
7089 13090
7090 13218
7091 12833
7092 12834
7093 12835
7094 12453
7095 12709
7096 12581
7097 12455
7098 12711
7099 12583
7100 12454
7101 12582
7102 12710
7103 12965
7104 13221
7105 13093
7106 12967
7107 13223
7108 13095
7109 12966
7110 13094
7111 13222
7112 12837
7113 12838
7114 12839
7115 12452
7116 12580
7117 12964
7118 13092
7119 12836
7120 13220
7121 12708
7122 13473
7123 13729
7124 13601
7125 13475
7126 13731
7127 13603
7128 13474
7129 13602
7130 13730
7131 13985
7132 14241
7133 14113
7134 13987
7135 14243
7136 14115
7137 13986
7138 14114
7139 14242
7140 13857
7141 13858
7142 13859
7143 13477
7144 13733
7145 13605
7146 13479
7147 13735
7148 13607
7149 13478
7150 13606
7151 13734
7152 13989
7153 14245
7154 14117
7155 13991
7156 14247
7157 14119
7158 13990
7159 14118
7160 14246
7161 13861
7162 13862
7163 13863
7164 13476
7165 13604
7166 13988
7167 14116
7168 13732
7169 13860
7170 14244
7171 13346
7172 13347
7173 13348
7174 13349
7175 13350
7176 13351
7177 13345
7178 12457
7179 12713
7180 12585
7181 12459
7182 12715
7183 12587
7184 12458
7185 12586
7186 12714
7187 12969
7188 13225
7189 13097
7190 12971
7191 13227
7192 13099
7193 12970
7194 13098
7195 13226
7196 12841
7197 12842
7198 12843
7199 12461
7200 12717
7201 12589
7202 12463
7203 12719
7204 12591
7205 12462
7206 12590
7207 12718
7208 12973
7209 13229
7210 13101
7211 12975
7212 13231
7213 13103
7214 12974
7215 13102
7216 13230
7217 12845
7218 12846
7219 12847
7220 13228
7221 12588
7222 12716
7223 12460
7224 12844
7225 12972
7226 13100
7227 13481
7228 13737
7229 13609
7230 13483
7231 13739
7232 13611
7233 13482
7234 13610
7235 13738
7236 13993
7237 14249
7238 14121
7239 13995
7240 14251
7241 14123
7242 13994
7243 14122
7244 14250
7245 13865
7246 13866
7247 13867
7248 13485
7249 13741
7250 13613
7251 13487
7252 13743
7253 13615
7254 13486
7255 13614
7256 13742
7257 13997
7258 14253
7259 14125
7260 13999
7261 14255
7262 14127
7263 13998
7264 14126
7265 14254
7266 13869
7267 13870
7268 13871
7269 14252
7270 13868
7271 13612
7272 13484
7273 13996
7274 13740
7275 14124
7276 13353
7277 13354
7278 13355
7279 13357
7280 13356
7281 13358
7282 13359
7283 13608
7284 13480
7285 12712
7286 13736
7287 13864
7288 14120
7289 13992
7290 12456
7291 13352
7292 13224
7293 14248
7294 12840
7295 12968
7296 13096
7297 12584
7298 14497
7299 14753
7300 14625
7301 14499
7302 14755
7303 14627
7304 14498
7305 14626
7306 14754
7307 15009
7308 15265
7309 15137
7310 15011
7311 15267
7312 15139
7313 15010
7314 15138
7315 15266
7316 14881
7317 14882
7318 14883
7319 14501
7320 14757
7321 14629
7322 14503
7323 14759
7324 14631
7325 14502
7326 14630
7327 14758
7328 15013
7329 15269
7330 15141
7331 15015
7332 15271
7333 15143
7334 15014
7335 15142
7336 15270
7337 14885
7338 14886
7339 14887
7340 14500
7341 14628
7342 15012
7343 14884
7344 14756
7345 15140
7346 15268
7347 15521
7348 15777
7349 15649
7350 15523
7351 15779
7352 15651
7353 15522
7354 15650
7355 15778
7356 16033
7357 16289
7358 16161
7359 16035
7360 16291
7361 16163
7362 16034
7363 16162
7364 16290
7365 15905
7366 15906
7367 15907
7368 15525
7369 15781
7370 15653
7371 15527
7372 15783
7373 15655
7374 15526
7375 15654
7376 15782
7377 16037
7378 16293
7379 16165
7380 16039
7381 16295
7382 16167
7383 16038
7384 16166
7385 16294
7386 15909
7387 15910
7388 15911
7389 15524
7390 15652
7391 15780
7392 15908
7393 16036
7394 16164
7395 16292
7396 15393
7397 15397
7398 15394
7399 15395
7400 15396
7401 15399
7402 15398
7403 14505
7404 14761
7405 14633
7406 14507
7407 14763
7408 14635
7409 14506
7410 14634
7411 14762
7412 15017
7413 15273
7414 15145
7415 15019
7416 15275
7417 15147
7418 15018
7419 15146
7420 15274
7421 14889
7422 14890
7423 14891
7424 14509
7425 14765
7426 14637
7427 14511
7428 14767
7429 14639
7430 14510
7431 14638
7432 14766
7433 15021
7434 15277
7435 15149
7436 15023
7437 15279
7438 15151
7439 15022
7440 15150
7441 15278
7442 14893
7443 14894
7444 14895
7445 14508
7446 14892
7447 15020
7448 14636
7449 14764
7450 15148
7451 15276
7452 15529
7453 15785
7454 15657
7455 15531
7456 15787
7457 15659
7458 15530
7459 15658
7460 15786
7461 16041
7462 16297
7463 16169
7464 16043
7465 16299
7466 16171
7467 16042
7468 16170
7469 16298
7470 15913
7471 15914
7472 15915
7473 15533
7474 15789
7475 15661
7476 15535
7477 15791
7478 15663
7479 15534
7480 15662
7481 15790
7482 16045
7483 16301
7484 16173
7485 16047
7486 16303
7487 16175
7488 16046
7489 16174
7490 16302
7491 15917
7492 15918
7493 15919
7494 15532
7495 15660
7496 15916
7497 15788
7498 16044
7499 16172
7500 16300
7501 15401
7502 15405
7503 15403
7504 15404
7505 15406
7506 15407
7507 15402
7508 14504
7509 15272
7510 15016
7511 15144
7512 15400
7513 14760
7514 15784
7515 15912
7516 16168
7517 16296
7518 15528
7519 14632
7520 15656
7521 14888
7522 16040
7523 14370
7524 14381
7525 14379
7526 14380
7527 14369
7528 14373
7529 14382
7530 14377
7531 14374
7532 14383
7533 14376
7534 14372
7535 14371
7536 14375
7537 14378
7538 12465
7539 12721
7540 12593
7541 12467
7542 12723
7543 12595
7544 12466
7545 12594
7546 12722
7547 12977
7548 13233
7549 13105
7550 12979
7551 13235
7552 13107
7553 12978
7554 13106
7555 13234
7556 12849
7557 12850
7558 12851
7559 12469
7560 12725
7561 12597
7562 12471
7563 12727
7564 12599
7565 12470
7566 12598
7567 12726
7568 12981
7569 13237
7570 13109
7571 12983
7572 13239
7573 13111
7574 12982
7575 13110
7576 13238
7577 12853
7578 12854
7579 12855
7580 12468
7581 12596
7582 12980
7583 13108
7584 12724
7585 12852
7586 13236
7587 13489
7588 13745
7589 13617
7590 13491
7591 13747
7592 13619
7593 13490
7594 13618
7595 13746
7596 14001
7597 14257
7598 14129
7599 14003
7600 14259
7601 14131
7602 14002
7603 14130
7604 14258
7605 13873
7606 13874
7607 13875
7608 13493
7609 13749
7610 13621
7611 13495
7612 13751
7613 13623
7614 13494
7615 13622
7616 13750
7617 14005
7618 14261
7619 14133
7620 14007
7621 14263
7622 14135
7623 14006
7624 14134
7625 14262
7626 13877
7627 13878
7628 13879
7629 13492
7630 13620
7631 13748
7632 13876
7633 14004
7634 14132
7635 14260
7636 13366
7637 13364
7638 13367
7639 13363
7640 13361
7641 13362
7642 13365
7643 12473
7644 12729
7645 12601
7646 12475
7647 12731
7648 12603
7649 12474
7650 12602
7651 12730
7652 12985
7653 13241
7654 13113
7655 12987
7656 13243
7657 13115
7658 12986
7659 13114
7660 13242
7661 12857
7662 12858
7663 12859
7664 12477
7665 12733
7666 12605
7667 12479
7668 12735
7669 12607
7670 12478
7671 12606
7672 12734
7673 12989
7674 13245
7675 13117
7676 12991
7677 13247
7678 13119
7679 12990
7680 13118
7681 13246
7682 12861
7683 12862
7684 12863
7685 12604
7686 12860
7687 12732
7688 12476
7689 12988
7690 13116
7691 13244
7692 13497
7693 13753
7694 13625
7695 13499
7696 13755
7697 13627
7698 13498
7699 13626
7700 13754
7701 14009
7702 14265
7703 14137
7704 14011
7705 14267
7706 14139
7707 14010
7708 14138
7709 14266
7710 13881
7711 13882
7712 13883
7713 13501
7714 13757
7715 13629
7716 13503
7717 13759
7718 13631
7719 13502
7720 13630
7721 13758
7722 14013
7723 14269
7724 14141
7725 14015
7726 14271
7727 14143
7728 14014
7729 14142
7730 14270
7731 13885
7732 13886
7733 13887
7734 13500
7735 13628
7736 13884
7737 14012
7738 13756
7739 14140
7740 14268
7741 13369
7742 13375
7743 13371
7744 13373
7745 13370
7746 13372
7747 13374
7748 13112
7749 13752
7750 14264
7751 13496
7752 12600
7753 13368
7754 13880
7755 14008
7756 12472
7757 12856
7758 13624
7759 12728
7760 14136
7761 13240
7762 12984
7763 14513
7764 14769
7765 14641
7766 14515
7767 14771
7768 14643
7769 14514
7770 14642
7771 14770
7772 15025
7773 15281
7774 15153
7775 15027
7776 15283
7777 15155
7778 15026
7779 15154
7780 15282
7781 14897
7782 14898
7783 14899
7784 14517
7785 14773
7786 14645
7787 14519
7788 14775
7789 14647
7790 14518
7791 14646
7792 14774
7793 15029
7794 15285
7795 15157
7796 15031
7797 15287
7798 15159
7799 15030
7800 15158
7801 15286
7802 14901
7803 14902
7804 14903
7805 14516
7806 14644
7807 14772
7808 15284
7809 14900
7810 15028
7811 15156
7812 15537
7813 15793
7814 15665
7815 15539
7816 15795
7817 15667
7818 15538
7819 15666
7820 15794
7821 16049
7822 16305
7823 16177
7824 16051
7825 16307
7826 16179
7827 16050
7828 16178
7829 16306
7830 15921
7831 15922
7832 15923
7833 15541
7834 15797
7835 15669
7836 15543
7837 15799
7838 15671
7839 15542
7840 15670
7841 15798
7842 16053
7843 16309
7844 16181
7845 16055
7846 16311
7847 16183
7848 16054
7849 16182
7850 16310
7851 15925
7852 15926
7853 15927
7854 15540
7855 15668
7856 15924
7857 16052
7858 16180
7859 15796
7860 16308
7861 15415
7862 15410
7863 15412
7864 15413
7865 15414
7866 15411
7867 15409
7868 14521
7869 14777
7870 14649
7871 14523
7872 14779
7873 14651
7874 14522
7875 14650
7876 14778
7877 15033
7878 15289
7879 15161
7880 15035
7881 15291
7882 15163
7883 15034
7884 15162
7885 15290
7886 14905
7887 14906
7888 14907
7889 14525
7890 14781
7891 14653
7892 14527
7893 14783
7894 14655
7895 14526
7896 14654
7897 14782
7898 15037
7899 15293
7900 15165
7901 15039
7902 15295
7903 15167
7904 15038
7905 15166
7906 15294
7907 14909
7908 14910
7909 14911
7910 14908
7911 14652
7912 15164
7913 15036
7914 15292
7915 14780
7916 14524
7917 15545
7918 15801
7919 15673
7920 15547
7921 15803
7922 15675
7923 15546
7924 15674
7925 15802
7926 16057
7927 16313
7928 16185
7929 16059
7930 16315
7931 16187
7932 16058
7933 16186
7934 16314
7935 15929
7936 15930
7937 15931
7938 15549
7939 15805
7940 15677
7941 15551
7942 15807
7943 15679
7944 15550
7945 15678
7946 15806
7947 16061
7948 16317
7949 16189
7950 16063
7951 16319
7952 16191
7953 16062
7954 16190
7955 16318
7956 15933
7957 15934
7958 15935
7959 15548
7960 15676
7961 15932
7962 15804
7963 16060
7964 16188
7965 16316
7966 15417
7967 15421
7968 15419
7969 15418
7970 15422
7971 15420
7972 15423
7973 14520
7974 15160
7975 14904
7976 14648
7977 15416
7978 14776
7979 15288
7980 15672
7981 15800
7982 15928
7983 16056
7984 15032
7985 15544
7986 16184
7987 16312
7988 14398
7989 14390
7990 14399
7991 14389
7992 14385
7993 14397
7994 14387
7995 14396
7996 14386
7997 14392
7998 14395
7999 14394
8000 14388
8001 14391
8002 14393
8003 14384
8004 16048
8005 13744
8006 12464
8007 14256
8008 15152
8009 14896
8010 14768
8011 12592
8012 12720
8013 15792
8014 15408
8015 15920
8016 14000
8017 15536
8018 13488
8019 13616
8020 15664
8021 13104
8022 14128
8023 14640
8024 13232
8025 15024
8026 13360
8027 13872
8028 16176
8029 12848
8030 15280
8031 16304
8032 12976
8033 14512
8034 12344
8035 12335
8036 12337
8037 12328
8038 12332
8039 12338
8040 12326
8041 12329
8042 12331
8043 12322
8044 12324
8045 12336
8046 12346
8047 12340
8048 12327
8049 12330
8050 12351
8051 12349
8052 12350
8053 12334
8054 12341
8055 12342
8056 12348
8057 12321
8058 12339
8059 12323
8060 12343
8061 12325
8062 12347
8063 12345
8064 12333
8065 13728
8066 8480
8067 10528
8068 8608
8069 15520
8070 9632
8071 10144
8072 11168
8073 9248
8074 12576
8075 11552
8076 10912
8077 14880
8078 10656
8079 15904
8080 11680
8081 13472
8082 9376
8083 9504
8084 15136
8085 8864
8086 12960
8087 15648
8088 14496
8089 12704
8090 14368
8091 9888
8092 8352
8093 14752
8094 12192
8095 8992
8096 11808
8097 10272
8098 15008
8099 11040
8100 13344
8101 13856
8102 12448
8103 15264
8104 16288
8105 11936
8106 9760
8107 15776
8108 12064
8109 14240
8110 11296
8111 16032
8112 14624
8113 12832
8114 10400
8115 11424
8116 9120
8117 13216
8118 13088
8119 10016
8120 13600
8121 16160
8122 13984
8123 10784
8124 8736
8125 15392
8126 14112
8127 12320
8128 8237
8129 8248
8130 8212
8131 8245
8132 8202
8133 8235
8134 8199
8135 8210
8136 8208
8137 8253
8138 8247
8139 8198
8140 8217
8141 8225
8142 8224
8143 8215
8144 8231
8145 8205
8146 8204
8147 8201
8148 8246
8149 8229
8150 8192
8151 8243
8152 8227
8153 8206
8154 8250
8155 8196
8156 8255
8157 8211
8158 8244
8159 8254
8160 8223
8161 8232
8162 8228
8163 8200
8164 8233
8165 8195
8166 8240
8167 8241
8168 8220
8169 8249
8170 8213
8171 8242
8172 8216
8173 8207
8174 8222
8175 8214
8176 8239
8177 8230
8178 8209
8179 8221
8180 8238
8181 8234
8182 8236
8183 8226
8184 8251
8185 8194
8186 8203
8187 8193
8188 8218
8189 8197
8190 8219
8191 8252
8192 65
8193 193
8194 449
8195 321
8196 67
8197 195
8198 451
8199 323
8200 66
8201 194
8202 322
8203 450
8204 705
8205 961
8206 833
8207 707
8208 963
8209 835
8210 706
8211 834
8212 962
8213 577
8214 578
8215 579
8216 69
8217 197
8218 453
8219 325
8220 71
8221 199
8222 455
8223 327
8224 70
8225 198
8226 326
8227 454
8228 709
8229 965
8230 837
8231 711
8232 967
8233 839
8234 710
8235 838
8236 966
8237 581
8238 582
8239 583
8240 68
8241 196
8242 452
8243 324
8244 708
8245 836
8246 964
8247 580
8248 1217
8249 1473
8250 1345
8251 1219
8252 1475
8253 1347
8254 1218
8255 1346
8256 1474
8257 1729
8258 1985
8259 1857
8260 1731
8261 1987
8262 1859
8263 1730
8264 1858
8265 1986
8266 1601
8267 1602
8268 1603
8269 1221
8270 1477
8271 1349
8272 1223
8273 1479
8274 1351
8275 1222
8276 1350
8277 1478
8278 1733
8279 1989
8280 1861
8281 1735
8282 1991
8283 1863
8284 1734
8285 1862
8286 1990
8287 1605
8288 1606
8289 1607
8290 1476
8291 1220
8292 1348
8293 1604
8294 1860
8295 1732
8296 1988
8297 1092
8298 1089
8299 1095
8300 1090
8301 1094
8302 1091
8303 1093
8304 73
8305 201
8306 457
8307 329
8308 75
8309 203
8310 459
8311 331
8312 74
8313 202
8314 330
8315 458
8316 713
8317 969
8318 841
8319 715
8320 971
8321 843
8322 714
8323 842
8324 970
8325 585
8326 586
8327 587
8328 77
8329 205
8330 461
8331 333
8332 79
8333 207
8334 463
8335 335
8336 78
8337 206
8338 334
8339 462
8340 717
8341 973
8342 845
8343 719
8344 975
8345 847
8346 718
8347 846
8348 974
8349 589
8350 590
8351 591
8352 76
8353 204
8354 460
8355 716
8356 588
8357 844
8358 332
8359 972
8360 1225
8361 1481
8362 1353
8363 1227
8364 1483
8365 1355
8366 1226
8367 1354
8368 1482
8369 1737
8370 1993
8371 1865
8372 1739
8373 1995
8374 1867
8375 1738
8376 1866
8377 1994
8378 1609
8379 1610
8380 1611
8381 1229
8382 1485
8383 1357
8384 1231
8385 1487
8386 1359
8387 1230
8388 1358
8389 1486
8390 1741
8391 1997
8392 1869
8393 1743
8394 1999
8395 1871
8396 1742
8397 1870
8398 1998
8399 1613
8400 1614
8401 1615
8402 1228
8403 1356
8404 1612
8405 1740
8406 1868
8407 1484
8408 1996
8409 1103
8410 1097
8411 1100
8412 1101
8413 1099
8414 1098
8415 1102
8416 1608
8417 1096
8418 584
8419 200
8420 1736
8421 1352
8422 72
8423 712
8424 1864
8425 840
8426 1480
8427 456
8428 328
8429 968
8430 1992
8431 1224
8432 2241
8433 2497
8434 2369
8435 2243
8436 2499
8437 2371
8438 2242
8439 2370
8440 2498
8441 2753
8442 3009
8443 2881
8444 2755
8445 3011
8446 2883
8447 2754
8448 2882
8449 3010
8450 2625
8451 2626
8452 2627
8453 2245
8454 2501
8455 2373
8456 2247
8457 2503
8458 2375
8459 2246
8460 2374
8461 2502
8462 2757
8463 3013
8464 2885
8465 2759
8466 3015
8467 2887
8468 2758
8469 2886
8470 3014
8471 2629
8472 2630
8473 2631
8474 2756
8475 2628
8476 2244
8477 2500
8478 2372
8479 2884
8480 3012
8481 3265
8482 3521
8483 3393
8484 3267
8485 3523
8486 3395
8487 3266
8488 3394
8489 3522
8490 3777
8491 4033
8492 3905
8493 3779
8494 4035
8495 3907
8496 3778
8497 3906
8498 4034
8499 3649
8500 3650
8501 3651
8502 3269
8503 3525
8504 3397
8505 3271
8506 3527
8507 3399
8508 3270
8509 3398
8510 3526
8511 3781
8512 4037
8513 3909
8514 3783
8515 4039
8516 3911
8517 3782
8518 3910
8519 4038
8520 3653
8521 3654
8522 3655
8523 3524
8524 3780
8525 3652
8526 3268
8527 3908
8528 4036
8529 3396
8530 3141
8531 3137
8532 3139
8533 3142
8534 3140
8535 3143
8536 3138
8537 2249
8538 2505
8539 2377
8540 2251
8541 2507
8542 2379
8543 2250
8544 2378
8545 2506
8546 2761
8547 3017
8548 2889
8549 2763
8550 3019
8551 2891
8552 2762
8553 2890
8554 3018
8555 2633
8556 2634
8557 2635
8558 2253
8559 2509
8560 2381
8561 2255
8562 2511
8563 2383
8564 2254
8565 2382
8566 2510
8567 2765
8568 3021
8569 2893
8570 2767
8571 3023
8572 2895
8573 2766
8574 2894
8575 3022
8576 2637
8577 2638
8578 2639
8579 2252
8580 2380
8581 2764
8582 2892
8583 2508
8584 2636
8585 3020
8586 3273
8587 3529
8588 3401
8589 3275
8590 3531
8591 3403
8592 3274
8593 3402
8594 3530
8595 3785
8596 4041
8597 3913
8598 3787
8599 4043
8600 3915
8601 3786
8602 3914
8603 4042
8604 3657
8605 3658
8606 3659
8607 3277
8608 3533
8609 3405
8610 3279
8611 3535
8612 3407
8613 3278
8614 3406
8615 3534
8616 3789
8617 4045
8618 3917
8619 3791
8620 4047
8621 3919
8622 3790
8623 3918
8624 4046
8625 3661
8626 3662
8627 3663
8628 3276
8629 3532
8630 3404
8631 4044
8632 3660
8633 3788
8634 3916
8635 3145
8636 3147
8637 3148
8638 3149
8639 3146
8640 3150
8641 3151
8642 2376
8643 3528
8644 3656
8645 2888
8646 3272
8647 2632
8648 2760
8649 2504
8650 3016
8651 3784
8652 3144
8653 2248
8654 4040
8655 3400
8656 3912
8657 2117
8658 2120
8659 2126
8660 2115
8661 2119
8662 2113
8663 2118
8664 2121
8665 2123
8666 2127
8667 2116
8668 2114
8669 2125
8670 2122
8671 2124
8672 81
8673 209
8674 465
8675 337
8676 83
8677 211
8678 467
8679 339
8680 82
8681 210
8682 338
8683 466
8684 721
8685 977
8686 849
8687 723
8688 979
8689 851
8690 722
8691 850
8692 978
8693 593
8694 594
8695 595
8696 85
8697 213
8698 469
8699 341
8700 87
8701 215
8702 471
8703 343
8704 86
8705 214
8706 342
8707 470
8708 725
8709 981
8710 853
8711 727
8712 983
8713 855
8714 726
8715 854
8716 982
8717 597
8718 598
8719 599
8720 84
8721 212
8722 340
8723 468
8724 596
8725 724
8726 980
8727 852
8728 1233
8729 1489
8730 1361
8731 1235
8732 1491
8733 1363
8734 1234
8735 1362
8736 1490
8737 1745
8738 2001
8739 1873
8740 1747
8741 2003
8742 1875
8743 1746
8744 1874
8745 2002
8746 1617
8747 1618
8748 1619
8749 1237
8750 1493
8751 1365
8752 1239
8753 1495
8754 1367
8755 1238
8756 1366
8757 1494
8758 1749
8759 2005
8760 1877
8761 1751
8762 2007
8763 1879
8764 1750
8765 1878
8766 2006
8767 1621
8768 1622
8769 1623
8770 1236
8771 1620
8772 1364
8773 1492
8774 1748
8775 1876
8776 2004
8777 1111
8778 1105
8779 1106
8780 1110
8781 1108
8782 1109
8783 1107
8784 89
8785 217
8786 473
8787 345
8788 91
8789 219
8790 475
8791 347
8792 90
8793 218
8794 346
8795 474
8796 729
8797 985
8798 857
8799 731
8800 987
8801 859
8802 730
8803 858
8804 986
8805 601
8806 602
8807 603
8808 93
8809 221
8810 477
8811 349
8812 95
8813 223
8814 479
8815 351
8816 94
8817 222
8818 350
8819 478
8820 733
8821 989
8822 861
8823 735
8824 991
8825 863
8826 734
8827 862
8828 990
8829 605
8830 606
8831 607
8832 988
8833 92
8834 220
8835 348
8836 476
8837 604
8838 732
8839 860
8840 1241
8841 1497
8842 1369
8843 1243
8844 1499
8845 1371
8846 1242
8847 1370
8848 1498
8849 1753
8850 2009
8851 1881
8852 1755
8853 2011
8854 1883
8855 1754
8856 1882
8857 2010
8858 1625
8859 1626
8860 1627
8861 1245
8862 1501
8863 1373
8864 1247
8865 1503
8866 1375
8867 1246
8868 1374
8869 1502
8870 1757
8871 2013
8872 1885
8873 1759
8874 2015
8875 1887
8876 1758
8877 1886
8878 2014
8879 1629
8880 1630
8881 1631
8882 1244
8883 1372
8884 1756
8885 1500
8886 1628
8887 1884
8888 2012
8889 1113
8890 1118
8891 1116
8892 1115
8893 1117
8894 1114
8895 1119
8896 88
8897 1496
8898 984
8899 1112
8900 216
8901 1368
8902 344
8903 856
8904 728
8905 1240
8906 1880
8907 600
8908 472
8909 1752
8910 2008
8911 1624
8912 2257
8913 2513
8914 2385
8915 2259
8916 2515
8917 2387
8918 2258
8919 2386
8920 2514
8921 2769
8922 3025
8923 2897
8924 2771
8925 3027
8926 2899
8927 2770
8928 2898
8929 3026
8930 2641
8931 2642
8932 2643
8933 2261
8934 2517
8935 2389
8936 2263
8937 2519
8938 2391
8939 2262
8940 2390
8941 2518
8942 2773
8943 3029
8944 2901
8945 2775
8946 3031
8947 2903
8948 2774
8949 2902
8950 3030
8951 2645
8952 2646
8953 2647
8954 2900
8955 2260
8956 2772
8957 2388
8958 2516
8959 2644
8960 3028
8961 3281
8962 3537
8963 3409
8964 3283
8965 3539
8966 3411
8967 3282
8968 3410
8969 3538
8970 3793
8971 4049
8972 3921
8973 3795
8974 4051
8975 3923
8976 3794
8977 3922
8978 4050
8979 3665
8980 3666
8981 3667
8982 3285
8983 3541
8984 3413
8985 3287
8986 3543
8987 3415
8988 3286
8989 3414
8990 3542
8991 3797
8992 4053
8993 3925
8994 3799
8995 4055
8996 3927
8997 3798
8998 3926
8999 4054
9000 3669
9001 3670
9002 3671
9003 3412
9004 3540
9005 3668
9006 3796
9007 3924
9008 3284
9009 4052
9010 3159
9011 3153
9012 3156
9013 3158
9014 3157
9015 3154
9016 3155
9017 2265
9018 2521
9019 2393
9020 2267
9021 2523
9022 2395
9023 2266
9024 2394
9025 2522
9026 2777
9027 3033
9028 2905
9029 2779
9030 3035
9031 2907
9032 2778
9033 2906
9034 3034
9035 2649
9036 2650
9037 2651
9038 2269
9039 2525
9040 2397
9041 2271
9042 2527
9043 2399
9044 2270
9045 2398
9046 2526
9047 2781
9048 3037
9049 2909
9050 2783
9051 3039
9052 2911
9053 2782
9054 2910
9055 3038
9056 2653
9057 2654
9058 2655
9059 2268
9060 2396
9061 2780
9062 2524
9063 2908
9064 2652
9065 3036
9066 3289
9067 3545
9068 3417
9069 3291
9070 3547
9071 3419
9072 3290
9073 3418
9074 3546
9075 3801
9076 4057
9077 3929
9078 3803
9079 4059
9080 3931
9081 3802
9082 3930
9083 4058
9084 3673
9085 3674
9086 3675
9087 3293
9088 3549
9089 3421
9090 3295
9091 3551
9092 3423
9093 3294
9094 3422
9095 3550
9096 3805
9097 4061
9098 3933
9099 3807
9100 4063
9101 3935
9102 3806
9103 3934
9104 4062
9105 3677
9106 3678
9107 3679
9108 3292
9109 3804
9110 3420
9111 3676
9112 3548
9113 3932
9114 4060
9115 3167
9116 3162
9117 3163
9118 3161
9119 3164
9120 3165
9121 3166
9122 2264
9123 2392
9124 3160
9125 3416
9126 3544
9127 3032
9128 3672
9129 2520
9130 2648
9131 3800
9132 2904
9133 3928
9134 3288
9135 2776
9136 4056
9137 2142
9138 2140
9139 2132
9140 2129
9141 2134
9142 2135
9143 2133
9144 2139
9145 2138
9146 2130
9147 2137
9148 2131
9149 2136
9150 2143
9151 2141
9152 2128
9153 2512
9154 1232
9155 3664
9156 1104
9157 1360
9158 1872
9159 1744
9160 3024
9161 208
9162 3280
9163 592
9164 2768
9165 2640
9166 848
9167 2000
9168 2384
9169 3408
9170 720
9171 976
9172 3792
9173 3536
9174 336
9175 80
9176 2256
9177 4048
9178 1488
9179 3152
9180 464
9181 1616
9182 2896
9183 3920
9184 4289
9185 4545
9186 4417
9187 4291
9188 4547
9189 4419
9190 4290
9191 4418
9192 4546
9193 4801
9194 5057
9195 4929
9196 4803
9197 5059
9198 4931
9199 4802
9200 4930
9201 5058
9202 4673
9203 4674
9204 4675
9205 4293
9206 4549
9207 4421
9208 4295
9209 4551
9210 4423
9211 4294
9212 4422
9213 4550
9214 4805
9215 5061
9216 4933
9217 4807
9218 5063
9219 4935
9220 4806
9221 4934
9222 5062
9223 4677
9224 4678
9225 4679
9226 4292
9227 4420
9228 4676
9229 4804
9230 4932
9231 5060
9232 4548
9233 5313
9234 5569
9235 5441
9236 5315
9237 5571
9238 5443
9239 5314
9240 5442
9241 5570
9242 5825
9243 6081
9244 5953
9245 5827
9246 6083
9247 5955
9248 5826
9249 5954
9250 6082
9251 5697
9252 5698
9253 5699
9254 5317
9255 5573
9256 5445
9257 5319
9258 5575
9259 5447
9260 5318
9261 5446
9262 5574
9263 5829
9264 6085
9265 5957
9266 5831
9267 6087
9268 5959
9269 5830
9270 5958
9271 6086
9272 5701
9273 5702
9274 5703
9275 5316
9276 5444
9277 5828
9278 5572
9279 5700
9280 5956
9281 6084
9282 5187
9283 5189
9284 5186
9285 5190
9286 5188
9287 5185
9288 5191
9289 4297
9290 4553
9291 4425
9292 4299
9293 4555
9294 4427
9295 4298
9296 4426
9297 4554
9298 4809
9299 5065
9300 4937
9301 4811
9302 5067
9303 4939
9304 4810
9305 4938
9306 5066
9307 4681
9308 4682
9309 4683
9310 4301
9311 4557
9312 4429
9313 4303
9314 4559
9315 4431
9316 4302
9317 4430
9318 4558
9319 4813
9320 5069
9321 4941
9322 4815
9323 5071
9324 4943
9325 4814
9326 4942
9327 5070
9328 4685
9329 4686
9330 4687
9331 4300
9332 4556
9333 4812
9334 4428
9335 4684
9336 4940
9337 5068
9338 5321
9339 5577
9340 5449
9341 5323
9342 5579
9343 5451
9344 5322
9345 5450
9346 5578
9347 5833
9348 6089
9349 5961
9350 5835
9351 6091
9352 5963
9353 5834
9354 5962
9355 6090
9356 5705
9357 5706
9358 5707
9359 5325
9360 5581
9361 5453
9362 5327
9363 5583
9364 5455
9365 5326
9366 5454
9367 5582
9368 5837
9369 6093
9370 5965
9371 5839
9372 6095
9373 5967
9374 5838
9375 5966
9376 6094
9377 5709
9378 5710
9379 5711
9380 5324
9381 5836
9382 5708
9383 5452
9384 5580
9385 5964
9386 6092
9387 5193
9388 5197
9389 5195
9390 5198
9391 5194
9392 5196
9393 5199
9394 5448
9395 4552
9396 4680
9397 4808
9398 4936
9399 5064
9400 5192
9401 5704
9402 5320
9403 5576
9404 5832
9405 5960
9406 6088
9407 4296
9408 4424
9409 6337
9410 6593
9411 6465
9412 6339
9413 6595
9414 6467
9415 6338
9416 6466
9417 6594
9418 6849
9419 7105
9420 6977
9421 6851
9422 7107
9423 6979
9424 6850
9425 6978
9426 7106
9427 6721
9428 6722
9429 6723
9430 6341
9431 6597
9432 6469
9433 6343
9434 6599
9435 6471
9436 6342
9437 6470
9438 6598
9439 6853
9440 7109
9441 6981
9442 6855
9443 7111
9444 6983
9445 6854
9446 6982
9447 7110
9448 6725
9449 6726
9450 6727
9451 6468
9452 6596
9453 6724
9454 6340
9455 6852
9456 6980
9457 7108
9458 7361
9459 7617
9460 7489
9461 7363
9462 7619
9463 7491
9464 7362
9465 7490
9466 7618
9467 7873
9468 8129
9469 8001
9470 7875
9471 8131
9472 8003
9473 7874
9474 8002
9475 8130
9476 7745
9477 7746
9478 7747
9479 7365
9480 7621
9481 7493
9482 7367
9483 7623
9484 7495
9485 7366
9486 7494
9487 7622
9488 7877
9489 8133
9490 8005
9491 7879
9492 8135
9493 8007
9494 7878
9495 8006
9496 8134
9497 7749
9498 7750
9499 7751
9500 7748
9501 7876
9502 7620
9503 7492
9504 8004
9505 7364
9506 8132
9507 7233
9508 7234
9509 7237
9510 7235
9511 7239
9512 7236
9513 7238
9514 6345
9515 6601
9516 6473
9517 6347
9518 6603
9519 6475
9520 6346
9521 6474
9522 6602
9523 6857
9524 7113
9525 6985
9526 6859
9527 7115
9528 6987
9529 6858
9530 6986
9531 7114
9532 6729
9533 6730
9534 6731
9535 6349
9536 6605
9537 6477
9538 6351
9539 6607
9540 6479
9541 6350
9542 6478
9543 6606
9544 6861
9545 7117
9546 6989
9547 6863
9548 7119
9549 6991
9550 6862
9551 6990
9552 7118
9553 6733
9554 6734
9555 6735
9556 6348
9557 6476
9558 6860
9559 6732
9560 6604
9561 6988
9562 7116
9563 7369
9564 7625
9565 7497
9566 7371
9567 7627
9568 7499
9569 7370
9570 7498
9571 7626
9572 7881
9573 8137
9574 8009
9575 7883
9576 8139
9577 8011
9578 7882
9579 8010
9580 8138
9581 7753
9582 7754
9583 7755
9584 7373
9585 7629
9586 7501
9587 7375
9588 7631
9589 7503
9590 7374
9591 7502
9592 7630
9593 7885
9594 8141
9595 8013
9596 7887
9597 8143
9598 8015
9599 7886
9600 8014
9601 8142
9602 7757
9603 7758
9604 7759
9605 7372
9606 7500
9607 7756
9608 7628
9609 8012
9610 8140
9611 7884
9612 7241
9613 7245
9614 7244
9615 7243
9616 7242
9617 7246
9618 7247
9619 7496
9620 6600
9621 7752
9622 7112
9623 6728
9624 6472
9625 7624
9626 6344
9627 7368
9628 6984
9629 8008
9630 7880
9631 6856
9632 7240
9633 8136
9634 6219
9635 6211
9636 6220
9637 6221
9638 6222
9639 6210
9640 6213
9641 6214
9642 6209
9643 6212
9644 6218
9645 6217
9646 6223
9647 6215
9648 6216
9649 4305
9650 4561
9651 4433
9652 4307
9653 4563
9654 4435
9655 4306
9656 4434
9657 4562
9658 4817
9659 5073
9660 4945
9661 4819
9662 5075
9663 4947
9664 4818
9665 4946
9666 5074
9667 4689
9668 4690
9669 4691
9670 4309
9671 4565
9672 4437
9673 4311
9674 4567
9675 4439
9676 4310
9677 4438
9678 4566
9679 4821
9680 5077
9681 4949
9682 4823
9683 5079
9684 4951
9685 4822
9686 4950
9687 5078
9688 4693
9689 4694
9690 4695
9691 4308
9692 4948
9693 4820
9694 4436
9695 4564
9696 4692
9697 5076
9698 5329
9699 5585
9700 5457
9701 5331
9702 5587
9703 5459
9704 5330
9705 5458
9706 5586
9707 5841
9708 6097
9709 5969
9710 5843
9711 6099
9712 5971
9713 5842
9714 5970
9715 6098
9716 5713
9717 5714
9718 5715
9719 5333
9720 5589
9721 5461
9722 5335
9723 5591
9724 5463
9725 5334
9726 5462
9727 5590
9728 5845
9729 6101
9730 5973
9731 5847
9732 6103
9733 5975
9734 5846
9735 5974
9736 6102
9737 5717
9738 5718
9739 5719
9740 5332
9741 5844
9742 5716
9743 5588
9744 5972
9745 6100
9746 5460
9747 5201
9748 5205
9749 5206
9750 5203
9751 5202
9752 5207
9753 5204
9754 4313
9755 4569
9756 4441
9757 4315
9758 4571
9759 4443
9760 4314
9761 4442
9762 4570
9763 4825
9764 5081
9765 4953
9766 4827
9767 5083
9768 4955
9769 4826
9770 4954
9771 5082
9772 4697
9773 4698
9774 4699
9775 4317
9776 4573
9777 4445
9778 4319
9779 4575
9780 4447
9781 4318
9782 4446
9783 4574
9784 4829
9785 5085
9786 4957
9787 4831
9788 5087
9789 4959
9790 4830
9791 4958
9792 5086
9793 4701
9794 4702
9795 4703
9796 4828
9797 4316
9798 4444
9799 4700
9800 4572
9801 4956
9802 5084
9803 5337
9804 5593
9805 5465
9806 5339
9807 5595
9808 5467
9809 5338
9810 5466
9811 5594
9812 5849
9813 6105
9814 5977
9815 5851
9816 6107
9817 5979
9818 5850
9819 5978
9820 6106
9821 5721
9822 5722
9823 5723
9824 5341
9825 5597
9826 5469
9827 5343
9828 5599
9829 5471
9830 5342
9831 5470
9832 5598
9833 5853
9834 6109
9835 5981
9836 5855
9837 6111
9838 5983
9839 5854
9840 5982
9841 6110
9842 5725
9843 5726
9844 5727
9845 5468
9846 5596
9847 5724
9848 5340
9849 5980
9850 5852
9851 6108
9852 5210
9853 5211
9854 5215
9855 5213
9856 5214
9857 5212
9858 5209
9859 5976
9860 4312
9861 4824
9862 5592
9863 4696
9864 4952
9865 5336
9866 4440
9867 5848
9868 5464
9869 5080
9870 5720
9871 5208
9872 4568
9873 6104
9874 6353
9875 6609
9876 6481
9877 6355
9878 6611
9879 6483
9880 6354
9881 6482
9882 6610
9883 6865
9884 7121
9885 6993
9886 6867
9887 7123
9888 6995
9889 6866
9890 6994
9891 7122
9892 6737
9893 6738
9894 6739
9895 6357
9896 6613
9897 6485
9898 6359
9899 6615
9900 6487
9901 6358
9902 6486
9903 6614
9904 6869
9905 7125
9906 6997
9907 6871
9908 7127
9909 6999
9910 6870
9911 6998
9912 7126
9913 6741
9914 6742
9915 6743
9916 6356
9917 6996
9918 6484
9919 6868
9920 6740
9921 6612
9922 7124
9923 7377
9924 7633
9925 7505
9926 7379
9927 7635
9928 7507
9929 7378
9930 7506
9931 7634
9932 7889
9933 8145
9934 8017
9935 7891
9936 8147
9937 8019
9938 7890
9939 8018
9940 8146
9941 7761
9942 7762
9943 7763
9944 7381
9945 7637
9946 7509
9947 7383
9948 7639
9949 7511
9950 7382
9951 7510
9952 7638
9953 7893
9954 8149
9955 8021
9956 7895
9957 8151
9958 8023
9959 7894
9960 8022
9961 8150
9962 7765
9963 7766
9964 7767
9965 7380
9966 8148
9967 7892
9968 7508
9969 8020
9970 7636
9971 7764
9972 7251
9973 7249
9974 7253
9975 7254
9976 7250
9977 7255
9978 7252
9979 6361
9980 6617
9981 6489
9982 6363
9983 6619
9984 6491
9985 6362
9986 6490
9987 6618
9988 6873
9989 7129
9990 7001
9991 6875
9992 7131
9993 7003
9994 6874
9995 7002
9996 7130
9997 6745
9998 6746
9999 6747
10000 6365
10001 6621
10002 6493
10003 6367
10004 6623
10005 6495
10006 6366
10007 6494
10008 6622
10009 6877
10010 7133
10011 7005
10012 6879
10013 7135
10014 7007
10015 6878
10016 7006
10017 7134
10018 6749
10019 6750
10020 6751
10021 6876
10022 6492
10023 6748
10024 7004
10025 6364
10026 7132
10027 6620
10028 7385
10029 7641
10030 7513
10031 7387
10032 7643
10033 7515
10034 7386
10035 7514
10036 7642
10037 7897
10038 8153
10039 8025
10040 7899
10041 8155
10042 8027
10043 7898
10044 8026
10045 8154
10046 7769
10047 7770
10048 7771
10049 7389
10050 7645
10051 7517
10052 7391
10053 7647
10054 7519
10055 7390
10056 7518
10057 7646
10058 7901
10059 8157
10060 8029
10061 7903
10062 8159
10063 8031
10064 7902
10065 8030
10066 8158
10067 7773
10068 7774
10069 7775
10070 7388
10071 7516
10072 7772
10073 8028
10074 7900
10075 7644
10076 8156
10077 7257
10078 7259
10079 7261
10080 7260
10081 7258
10082 7262
10083 7263
10084 6360
10085 6488
10086 6616
10087 6744
10088 6872
10089 7000
10090 7128
10091 7256
10092 7384
10093 7512
10094 7640
10095 7768
10096 7896
10097 8024
10098 8152
10099 6226
10100 6238
10101 6233
10102 6230
10103 6239
10104 6235
10105 6225
10106 6236
10107 6227
10108 6232
10109 6231
10110 6229
10111 6234
10112 6237
10113 6228
10114 4560
10115 5200
10116 5840
10117 6608
10118 5712
10119 4688
10120 7632
10121 6992
10122 7376
10123 6096
10124 5072
10125 6864
10126 5584
10127 4944
10128 7504
10129 6480
10130 7120
10131 5968
10132 7888
10133 4816
10134 5456
10135 7760
10136 8144
10137 4304
10138 8016
10139 6736
10140 6224
10141 4432
10142 6352
10143 7248
10144 5328
10145 4186
10146 4167
10147 4172
10148 4190
10149 4182
10150 4188
10151 4185
10152 4178
10153 4191
10154 4175
10155 4177
10156 4163
10157 4161
10158 4181
10159 4164
10160 4162
10161 4169
10162 4168
10163 4183
10164 4171
10165 4176
10166 4187
10167 4180
10168 4184
10169 4189
10170 4170
10171 4174
10172 4173
10173 4166
10174 4179
10175 4165
10176 97
10177 225
10178 481
10179 353
10180 99
10181 227
10182 483
10183 355
10184 98
10185 226
10186 354
10187 482
10188 737
10189 993
10190 865
10191 739
10192 995
10193 867
10194 738
10195 866
10196 994
10197 609
10198 610
10199 611
10200 101
10201 229
10202 485
10203 357
10204 103
10205 231
10206 487
10207 359
10208 102
10209 230
10210 358
10211 486
10212 741
10213 997
10214 869
10215 743
10216 999
10217 871
10218 742
10219 870
10220 998
10221 613
10222 614
10223 615
10224 996
10225 100
10226 228
10227 356
10228 484
10229 612
10230 740
10231 868
10232 1249
10233 1505
10234 1377
10235 1251
10236 1507
10237 1379
10238 1250
10239 1378
10240 1506
10241 1761
10242 2017
10243 1889
10244 1763
10245 2019
10246 1891
10247 1762
10248 1890
10249 2018
10250 1633
10251 1634
10252 1635
10253 1253
10254 1509
10255 1381
10256 1255
10257 1511
10258 1383
10259 1254
10260 1382
10261 1510
10262 1765
10263 2021
10264 1893
10265 1767
10266 2023
10267 1895
10268 1766
10269 1894
10270 2022
10271 1637
10272 1638
10273 1639
10274 2020
10275 1380
10276 1508
10277 1252
10278 1636
10279 1764
10280 1892
10281 1124
10282 1126
10283 1121
10284 1122
10285 1125
10286 1127
10287 1123
10288 105
10289 233
10290 489
10291 361
10292 107
10293 235
10294 491
10295 363
10296 106
10297 234
10298 362
10299 490
10300 745
10301 1001
10302 873
10303 747
10304 1003
10305 875
10306 746
10307 874
10308 1002
10309 617
10310 618
10311 619
10312 109
10313 237
10314 493
10315 365
10316 111
10317 239
10318 495
10319 367
10320 110
10321 238
10322 366
10323 494
10324 749
10325 1005
10326 877
10327 751
10328 1007
10329 879
10330 750
10331 878
10332 1006
10333 621
10334 622
10335 623
10336 108
10337 236
10338 364
10339 620
10340 748
10341 876
10342 492
10343 1004
10344 1257
10345 1513
10346 1385
10347 1259
10348 1515
10349 1387
10350 1258
10351 1386
10352 1514
10353 1769
10354 2025
10355 1897
10356 1771
10357 2027
10358 1899
10359 1770
10360 1898
10361 2026
10362 1641
10363 1642
10364 1643
10365 1261
10366 1517
10367 1389
10368 1263
10369 1519
10370 1391
10371 1262
10372 1390
10373 1518
10374 1773
10375 2029
10376 1901
10377 1775
10378 2031
10379 1903
10380 1774
10381 1902
10382 2030
10383 1645
10384 1646
10385 1647
10386 1388
10387 1772
10388 1644
10389 1900
10390 1516
10391 2028
10392 1260
10393 1135
10394 1131
10395 1133
10396 1129
10397 1130
10398 1132
10399 1134
10400 232
10401 1384
10402 360
10403 488
10404 616
10405 744
10406 872
10407 1000
10408 2024
10409 1128
10410 1256
10411 1512
10412 1768
10413 1640
10414 1896
10415 104
10416 2273
10417 2529
10418 2401
10419 2275
10420 2531
10421 2403
10422 2274
10423 2402
10424 2530
10425 2785
10426 3041
10427 2913
10428 2787
10429 3043
10430 2915
10431 2786
10432 2914
10433 3042
10434 2657
10435 2658
10436 2659
10437 2277
10438 2533
10439 2405
10440 2279
10441 2535
10442 2407
10443 2278
10444 2406
10445 2534
10446 2789
10447 3045
10448 2917
10449 2791
10450 3047
10451 2919
10452 2790
10453 2918
10454 3046
10455 2661
10456 2662
10457 2663
10458 2404
10459 2532
10460 2660
10461 2276
10462 2788
10463 2916
10464 3044
10465 3297
10466 3553
10467 3425
10468 3299
10469 3555
10470 3427
10471 3298
10472 3426
10473 3554
10474 3809
10475 4065
10476 3937
10477 3811
10478 4067
10479 3939
10480 3810
10481 3938
10482 4066
10483 3681
10484 3682
10485 3683
10486 3301
10487 3557
10488 3429
10489 3303
10490 3559
10491 3431
10492 3302
10493 3430
10494 3558
10495 3813
10496 4069
10497 3941
10498 3815
10499 4071
10500 3943
10501 3814
10502 3942
10503 4070
10504 3685
10505 3686
10506 3687
10507 3300
10508 3428
10509 3812
10510 3684
10511 3940
10512 3556
10513 4068
10514 3173
10515 3169
10516 3172
10517 3174
10518 3171
10519 3170
10520 3175
10521 2281
10522 2537
10523 2409
10524 2283
10525 2539
10526 2411
10527 2282
10528 2410
10529 2538
10530 2793
10531 3049
10532 2921
10533 2795
10534 3051
10535 2923
10536 2794
10537 2922
10538 3050
10539 2665
10540 2666
10541 2667
10542 2285
10543 2541
10544 2413
10545 2287
10546 2543
10547 2415
10548 2286
10549 2414
10550 2542
10551 2797
10552 3053
10553 2925
10554 2799
10555 3055
10556 2927
10557 2798
10558 2926
10559 3054
10560 2669
10561 2670
10562 2671
10563 2284
10564 2924
10565 2668
10566 2412
10567 2796
10568 2540
10569 3052
10570 3305
10571 3561
10572 3433
10573 3307
10574 3563
10575 3435
10576 3306
10577 3434
10578 3562
10579 3817
10580 4073
10581 3945
10582 3819
10583 4075
10584 3947
10585 3818
10586 3946
10587 4074
10588 3689
10589 3690
10590 3691
10591 3309
10592 3565
10593 3437
10594 3311
10595 3567
10596 3439
10597 3310
10598 3438
10599 3566
10600 3821
10601 4077
10602 3949
10603 3823
10604 4079
10605 3951
10606 3822
10607 3950
10608 4078
10609 3693
10610 3694
10611 3695
10612 3820
10613 3308
10614 3436
10615 3564
10616 3948
10617 4076
10618 3692
10619 3177
10620 3181
10621 3179
10622 3178
10623 3180
10624 3182
10625 3183
10626 2408
10627 2536
10628 3560
10629 2920
10630 2280
10631 3304
10632 3048
10633 3944
10634 2664
10635 3816
10636 3432
10637 3688
10638 3176
10639 2792
10640 4072
10641 2157
10642 2152
10643 2145
10644 2155
10645 2158
10646 2146
10647 2153
10648 2151
10649 2156
10650 2149
10651 2150
10652 2154
10653 2148
10654 2159
10655 2147
10656 113
10657 241
10658 497
10659 369
10660 115
10661 243
10662 499
10663 371
10664 114
10665 242
10666 370
10667 498
10668 753
10669 1009
10670 881
10671 755
10672 1011
10673 883
10674 754
10675 882
10676 1010
10677 625
10678 626
10679 627
10680 117
10681 245
10682 501
10683 373
10684 119
10685 247
10686 503
10687 375
10688 118
10689 246
10690 374
10691 502
10692 757
10693 1013
10694 885
10695 759
10696 1015
10697 887
10698 758
10699 886
10700 1014
10701 629
10702 630
10703 631
10704 116
10705 1012
10706 756
10707 244
10708 500
10709 372
10710 628
10711 884
10712 1265
10713 1521
10714 1393
10715 1267
10716 1523
10717 1395
10718 1266
10719 1394
10720 1522
10721 1777
10722 2033
10723 1905
10724 1779
10725 2035
10726 1907
10727 1778
10728 1906
10729 2034
10730 1649
10731 1650
10732 1651
10733 1269
10734 1525
10735 1397
10736 1271
10737 1527
10738 1399
10739 1270
10740 1398
10741 1526
10742 1781
10743 2037
10744 1909
10745 1783
10746 2039
10747 1911
10748 1782
10749 1910
10750 2038
10751 1653
10752 1654
10753 1655
10754 1396
10755 1524
10756 1652
10757 2036
10758 1780
10759 1908
10760 1268
10761 1143
10762 1141
10763 1139
10764 1137
10765 1142
10766 1140
10767 1138
10768 121
10769 249
10770 505
10771 377
10772 123
10773 251
10774 507
10775 379
10776 122
10777 250
10778 378
10779 506
10780 761
10781 1017
10782 889
10783 763
10784 1019
10785 891
10786 762
10787 890
10788 1018
10789 633
10790 634
10791 635
10792 125
10793 253
10794 509
10795 381
10796 127
10797 255
10798 511
10799 383
10800 126
10801 254
10802 382
10803 510
10804 765
10805 1021
10806 893
10807 767
10808 1023
10809 895
10810 766
10811 894
10812 1022
10813 637
10814 638
10815 639
10816 252
10817 380
10818 764
10819 636
10820 508
10821 892
10822 124
10823 1020
10824 1273
10825 1529
10826 1401
10827 1275
10828 1531
10829 1403
10830 1274
10831 1402
10832 1530
10833 1785
10834 2041
10835 1913
10836 1787
10837 2043
10838 1915
10839 1786
10840 1914
10841 2042
10842 1657
10843 1658
10844 1659
10845 1277
10846 1533
10847 1405
10848 1279
10849 1535
10850 1407
10851 1278
10852 1406
10853 1534
10854 1789
10855 2045
10856 1917
10857 1791
10858 2047
10859 1919
10860 1790
10861 1918
10862 2046
10863 1661
10864 1662
10865 1663
10866 1276
10867 1660
10868 1532
10869 1404
10870 1788
10871 1916
10872 2044
10873 1151
10874 1147
10875 1149
10876 1145
10877 1150
10878 1146
10879 1148
10880 120
10881 248
10882 376
10883 888
10884 504
10885 1016
10886 1528
10887 1272
10888 632
10889 1656
10890 760
10891 1400
10892 1784
10893 2040
10894 1144
10895 1912
10896 2289
10897 2545
10898 2417
10899 2291
10900 2547
10901 2419
10902 2290
10903 2418
10904 2546
10905 2801
10906 3057
10907 2929
10908 2803
10909 3059
10910 2931
10911 2802
10912 2930
10913 3058
10914 2673
10915 2674
10916 2675
10917 2293
10918 2549
10919 2421
10920 2295
10921 2551
10922 2423
10923 2294
10924 2422
10925 2550
10926 2805
10927 3061
10928 2933
10929 2807
10930 3063
10931 2935
10932 2806
10933 2934
10934 3062
10935 2677
10936 2678
10937 2679
10938 2292
10939 2420
10940 2548
10941 2676
10942 2804
10943 2932
10944 3060
10945 3313
10946 3569
10947 3441
10948 3315
10949 3571
10950 3443
10951 3314
10952 3442
10953 3570
10954 3825
10955 4081
10956 3953
10957 3827
10958 4083
10959 3955
10960 3826
10961 3954
10962 4082
10963 3697
10964 3698
10965 3699
10966 3317
10967 3573
10968 3445
10969 3319
10970 3575
10971 3447
10972 3318
10973 3446
10974 3574
10975 3829
10976 4085
10977 3957
10978 3831
10979 4087
10980 3959
10981 3830
10982 3958
10983 4086
10984 3701
10985 3702
10986 3703
10987 3316
10988 4084
10989 3572
10990 3444
10991 3828
10992 3956
10993 3700
10994 3186
10995 3187
10996 3189
10997 3185
10998 3191
10999 3190
11000 3188
11001 2297
11002 2553
11003 2425
11004 2299
11005 2555
11006 2427
11007 2298
11008 2426
11009 2554
11010 2809
11011 3065
11012 2937
11013 2811
11014 3067
11015 2939
11016 2810
11017 2938
11018 3066
11019 2681
11020 2682
11021 2683
11022 2301
11023 2557
11024 2429
11025 2303
11026 2559
11027 2431
11028 2302
11029 2430
11030 2558
11031 2813
11032 3069
11033 2941
11034 2815
11035 3071
11036 2943
11037 2814
11038 2942
11039 3070
11040 2685
11041 2686
11042 2687
11043 3068
11044 2300
11045 2428
11046 2812
11047 2556
11048 2940
11049 2684
11050 3321
11051 3577
11052 3449
11053 3323
11054 3579
11055 3451
11056 3322
11057 3450
11058 3578
11059 3833
11060 4089
11061 3961
11062 3835
11063 4091
11064 3963
11065 3834
11066 3962
11067 4090
11068 3705
11069 3706
11070 3707
11071 3325
11072 3581
11073 3453
11074 3327
11075 3583
11076 3455
11077 3326
11078 3454
11079 3582
11080 3837
11081 4093
11082 3965
11083 3839
11084 4095
11085 3967
11086 3838
11087 3966
11088 4094
11089 3709
11090 3710
11091 3711
11092 4092
11093 3452
11094 3708
11095 3324
11096 3836
11097 3580
11098 3964
11099 3193
11100 3198
11101 3195
11102 3194
11103 3196
11104 3197
11105 3199
11106 3704
11107 2296
11108 3576
11109 2680
11110 2936
11111 3960
11112 2808
11113 3832
11114 3192
11115 3448
11116 2552
11117 3064
11118 2424
11119 3320
11120 4088
11121 2161
11122 2169
11123 2170
11124 2168
11125 2171
11126 2172
11127 2173
11128 2174
11129 2175
11130 2162
11131 2163
11132 2164
11133 2165
11134 2166
11135 2167
11136 2928
11137 112
11138 1776
11139 752
11140 496
11141 2032
11142 2544
11143 1520
11144 3952
11145 3312
11146 4080
11147 368
11148 240
11149 2160
11150 880
11151 2800
11152 3056
11153 2288
11154 2672
11155 624
11156 1904
11157 3824
11158 1264
11159 1392
11160 1648
11161 3568
11162 1136
11163 1008
11164 3696
11165 2416
11166 3440
11167 3184
11168 4321
11169 4577
11170 4449
11171 4323
11172 4579
11173 4451
11174 4322
11175 4450
11176 4578
11177 4833
11178 5089
11179 4961
11180 4835
11181 5091
11182 4963
11183 4834
11184 4962
11185 5090
11186 4705
11187 4706
11188 4707
11189 4325
11190 4581
11191 4453
11192 4327
11193 4583
11194 4455
11195 4326
11196 4454
11197 4582
11198 4837
11199 5093
11200 4965
11201 4839
11202 5095
11203 4967
11204 4838
11205 4966
11206 5094
11207 4709
11208 4710
11209 4711
11210 4324
11211 4708
11212 4452
11213 4836
11214 4580
11215 4964
11216 5092
11217 5345
11218 5601
11219 5473
11220 5347
11221 5603
11222 5475
11223 5346
11224 5474
11225 5602
11226 5857
11227 6113
11228 5985
11229 5859
11230 6115
11231 5987
11232 5858
11233 5986
11234 6114
11235 5729
11236 5730
11237 5731
11238 5349
11239 5605
11240 5477
11241 5351
11242 5607
11243 5479
11244 5350
11245 5478
11246 5606
11247 5861
11248 6117
11249 5989
11250 5863
11251 6119
11252 5991
11253 5862
11254 5990
11255 6118
11256 5733
11257 5734
11258 5735
11259 5348
11260 5732
11261 5860
11262 5604
11263 5988
11264 5476
11265 6116
11266 5219
11267 5221
11268 5220
11269 5217
11270 5222
11271 5218
11272 5223
11273 4329
11274 4585
11275 4457
11276 4331
11277 4587
11278 4459
11279 4330
11280 4458
11281 4586
11282 4841
11283 5097
11284 4969
11285 4843
11286 5099
11287 4971
11288 4842
11289 4970
11290 5098
11291 4713
11292 4714
11293 4715
11294 4333
11295 4589
11296 4461
11297 4335
11298 4591
11299 4463
11300 4334
11301 4462
11302 4590
11303 4845
11304 5101
11305 4973
11306 4847
11307 5103
11308 4975
11309 4846
11310 4974
11311 5102
11312 4717
11313 4718
11314 4719
11315 4332
11316 4716
11317 4588
11318 4844
11319 4460
11320 4972
11321 5100
11322 5353
11323 5609
11324 5481
11325 5355
11326 5611
11327 5483
11328 5354
11329 5482
11330 5610
11331 5865
11332 6121
11333 5993
11334 5867
11335 6123
11336 5995
11337 5866
11338 5994
11339 6122
11340 5737
11341 5738
11342 5739
11343 5357
11344 5613
11345 5485
11346 5359
11347 5615
11348 5487
11349 5358
11350 5486
11351 5614
11352 5869
11353 6125
11354 5997
11355 5871
11356 6127
11357 5999
11358 5870
11359 5998
11360 6126
11361 5741
11362 5742
11363 5743
11364 5868
11365 5356
11366 5484
11367 5612
11368 5740
11369 5996
11370 6124
11371 5225
11372 5226
11373 5227
11374 5228
11375 5229
11376 5230
11377 5231
11378 4840
11379 4456
11380 5992
11381 5352
11382 5224
11383 5480
11384 4968
11385 4712
11386 5864
11387 5608
11388 5096
11389 6120
11390 4328
11391 4584
11392 5736
11393 6369
11394 6625
11395 6497
11396 6371
11397 6627
11398 6499
11399 6370
11400 6498
11401 6626
11402 6881
11403 7137
11404 7009
11405 6883
11406 7139
11407 7011
11408 6882
11409 7010
11410 7138
11411 6753
11412 6754
11413 6755
11414 6373
11415 6629
11416 6501
11417 6375
11418 6631
11419 6503
11420 6374
11421 6502
11422 6630
11423 6885
11424 7141
11425 7013
11426 6887
11427 7143
11428 7015
11429 6886
11430 7014
11431 7142
11432 6757
11433 6758
11434 6759
11435 6372
11436 6500
11437 6628
11438 6756
11439 6884
11440 7012
11441 7140
11442 7393
11443 7649
11444 7521
11445 7395
11446 7651
11447 7523
11448 7394
11449 7522
11450 7650
11451 7905
11452 8161
11453 8033
11454 7907
11455 8163
11456 8035
11457 7906
11458 8034
11459 8162
11460 7777
11461 7778
11462 7779
11463 7397
11464 7653
11465 7525
11466 7399
11467 7655
11468 7527
11469 7398
11470 7526
11471 7654
11472 7909
11473 8165
11474 8037
11475 7911
11476 8167
11477 8039
11478 7910
11479 8038
11480 8166
11481 7781
11482 7782
11483 7783
11484 7396
11485 7524
11486 7652
11487 8164
11488 7780
11489 7908
11490 8036
11491 7265
11492 7268
11493 7270
11494 7266
11495 7267
11496 7269
11497 7271
11498 6377
11499 6633
11500 6505
11501 6379
11502 6635
11503 6507
11504 6378
11505 6506
11506 6634
11507 6889
11508 7145
11509 7017
11510 6891
11511 7147
11512 7019
11513 6890
11514 7018
11515 7146
11516 6761
11517 6762
11518 6763
11519 6381
11520 6637
11521 6509
11522 6383
11523 6639
11524 6511
11525 6382
11526 6510
11527 6638
11528 6893
11529 7149
11530 7021
11531 6895
11532 7151
11533 7023
11534 6894
11535 7022
11536 7150
11537 6765
11538 6766
11539 6767
11540 6764
11541 6636
11542 7020
11543 6892
11544 6380
11545 6508
11546 7148
11547 7401
11548 7657
11549 7529
11550 7403
11551 7659
11552 7531
11553 7402
11554 7530
11555 7658
11556 7913
11557 8169
11558 8041
11559 7915
11560 8171
11561 8043
11562 7914
11563 8042
11564 8170
11565 7785
11566 7786
11567 7787
11568 7405
11569 7661
11570 7533
11571 7407
11572 7663
11573 7535
11574 7406
11575 7534
11576 7662
11577 7917
11578 8173
11579 8045
11580 7919
11581 8175
11582 8047
11583 7918
11584 8046
11585 8174
11586 7789
11587 7790
11588 7791
11589 7404
11590 7532
11591 7660
11592 7788
11593 7916
11594 8044
11595 8172
11596 7279
11597 7273
11598 7274
11599 7276
11600 7278
11601 7277
11602 7275
11603 6376
11604 7656
11605 7784
11606 6888
11607 8040
11608 6632
11609 7016
11610 7528
11611 6760
11612 8168
11613 7400
11614 7912
11615 7272
11616 6504
11617 7144
11618 6250
11619 6243
11620 6254
11621 6252
11622 6244
11623 6241
11624 6249
11625 6247
11626 6242
11627 6246
11628 6253
11629 6255
11630 6248
11631 6251
11632 6245
11633 4337
11634 4593
11635 4465
11636 4339
11637 4595
11638 4467
11639 4338
11640 4466
11641 4594
11642 4849
11643 5105
11644 4977
11645 4851
11646 5107
11647 4979
11648 4850
11649 4978
11650 5106
11651 4721
11652 4722
11653 4723
11654 4341
11655 4597
11656 4469
11657 4343
11658 4599
11659 4471
11660 4342
11661 4470
11662 4598
11663 4853
11664 5109
11665 4981
11666 4855
11667 5111
11668 4983
11669 4854
11670 4982
11671 5110
11672 4725
11673 4726
11674 4727
11675 4340
11676 4468
11677 4596
11678 4724
11679 4852
11680 4980
11681 5108
11682 5361
11683 5617
11684 5489
11685 5363
11686 5619
11687 5491
11688 5362
11689 5490
11690 5618
11691 5873
11692 6129
11693 6001
11694 5875
11695 6131
11696 6003
11697 5874
11698 6002
11699 6130
11700 5745
11701 5746
11702 5747
11703 5365
11704 5621
11705 5493
11706 5367
11707 5623
11708 5495
11709 5366
11710 5494
11711 5622
11712 5877
11713 6133
11714 6005
11715 5879
11716 6135
11717 6007
11718 5878
11719 6006
11720 6134
11721 5749
11722 5750
11723 5751
11724 5364
11725 5492
11726 5620
11727 5748
11728 5876
11729 6004
11730 6132
11731 5235
11732 5237
11733 5233
11734 5236
11735 5234
11736 5238
11737 5239
11738 4345
11739 4601
11740 4473
11741 4347
11742 4603
11743 4475
11744 4346
11745 4474
11746 4602
11747 4857
11748 5113
11749 4985
11750 4859
11751 5115
11752 4987
11753 4858
11754 4986
11755 5114
11756 4729
11757 4730
11758 4731
11759 4349
11760 4605
11761 4477
11762 4351
11763 4607
11764 4479
11765 4350
11766 4478
11767 4606
11768 4861
11769 5117
11770 4989
11771 4863
11772 5119
11773 4991
11774 4862
11775 4990
11776 5118
11777 4733
11778 4734
11779 4735
11780 4348
11781 4476
11782 4860
11783 4732
11784 4988
11785 4604
11786 5116
11787 5369
11788 5625
11789 5497
11790 5371
11791 5627
11792 5499
11793 5370
11794 5498
11795 5626
11796 5881
11797 6137
11798 6009
11799 5883
11800 6139
11801 6011
11802 5882
11803 6010
11804 6138
11805 5753
11806 5754
11807 5755
11808 5373
11809 5629
11810 5501
11811 5375
11812 5631
11813 5503
11814 5374
11815 5502
11816 5630
11817 5885
11818 6141
11819 6013
11820 5887
11821 6143
11822 6015
11823 5886
11824 6014
11825 6142
11826 5757
11827 5758
11828 5759
11829 5372
11830 5500
11831 5756
11832 5884
11833 6012
11834 6140
11835 5628
11836 5241
11837 5242
11838 5243
11839 5245
11840 5244
11841 5246
11842 5247
11843 4472
11844 4600
11845 4728
11846 4856
11847 4984
11848 5112
11849 5240
11850 5496
11851 5368
11852 5624
11853 5752
11854 5880
11855 6008
11856 6136
11857 4344
11858 6385
11859 6641
11860 6513
11861 6387
11862 6643
11863 6515
11864 6386
11865 6514
11866 6642
11867 6897
11868 7153
11869 7025
11870 6899
11871 7155
11872 7027
11873 6898
11874 7026
11875 7154
11876 6769
11877 6770
11878 6771
11879 6389
11880 6645
11881 6517
11882 6391
11883 6647
11884 6519
11885 6390
11886 6518
11887 6646
11888 6901
11889 7157
11890 7029
11891 6903
11892 7159
11893 7031
11894 6902
11895 7030
11896 7158
11897 6773
11898 6774
11899 6775
11900 6388
11901 6516
11902 6644
11903 6772
11904 6900
11905 7028
11906 7156
11907 7409
11908 7665
11909 7537
11910 7411
11911 7667
11912 7539
11913 7410
11914 7538
11915 7666
11916 7921
11917 8177
11918 8049
11919 7923
11920 8179
11921 8051
11922 7922
11923 8050
11924 8178
11925 7793
11926 7794
11927 7795
11928 7413
11929 7669
11930 7541
11931 7415
11932 7671
11933 7543
11934 7414
11935 7542
11936 7670
11937 7925
11938 8181
11939 8053
11940 7927
11941 8183
11942 8055
11943 7926
11944 8054
11945 8182
11946 7797
11947 7798
11948 7799
11949 7540
11950 7924
11951 7412
11952 7668
11953 7796
11954 8052
11955 8180
11956 7285
11957 7282
11958 7286
11959 7281
11960 7283
11961 7287
11962 7284
11963 6393
11964 6649
11965 6521
11966 6395
11967 6651
11968 6523
11969 6394
11970 6522
11971 6650
11972 6905
11973 7161
11974 7033
11975 6907
11976 7163
11977 7035
11978 6906
11979 7034
11980 7162
11981 6777
11982 6778
11983 6779
11984 6397
11985 6653
11986 6525
11987 6399
11988 6655
11989 6527
11990 6398
11991 6526
11992 6654
11993 6909
11994 7165
11995 7037
11996 6911
11997 7167
11998 7039
11999 6910
12000 7038
12001 7166
12002 6781
12003 6782
12004 6783
12005 6396
12006 6780
12007 6908
12008 7164
12009 6524
12010 6652
12011 7036
12012 7417
12013 7673
12014 7545
12015 7419
12016 7675
12017 7547
12018 7418
12019 7546
12020 7674
12021 7929
12022 8185
12023 8057
12024 7931
12025 8187
12026 8059
12027 7930
12028 8058
12029 8186
12030 7801
12031 7802
12032 7803
12033 7421
12034 7677
12035 7549
12036 7423
12037 7679
12038 7551
12039 7422
12040 7550
12041 7678
12042 7933
12043 8189
12044 8061
12045 7935
12046 8191
12047 8063
12048 7934
12049 8062
12050 8190
12051 7805
12052 7806
12053 7807
12054 7420
12055 7548
12056 7932
12057 7676
12058 7804
12059 8060
12060 8188
12061 7289
12062 7294
12063 7290
12064 7291
12065 7293
12066 7295
12067 7292
12068 6520
12069 6392
12070 6648
12071 6776
12072 6904
12073 7160
12074 7288
12075 7032
12076 7416
12077 7544
12078 7672
12079 7800
12080 7928
12081 8056
12082 8184
12083 6270
12084 6265
12085 6268
12086 6258
12087 6261
12088 6260
12089 6264
12090 6269
12091 6267
12092 6271
12093 6262
12094 6263
12095 6257
12096 6266
12097 6259
12098 7792
12099 5104
12100 4464
12101 7024
12102 6512
12103 4720
12104 6896
12105 5616
12106 8176
12107 6128
12108 7280
12109 5360
12110 7152
12111 6256
12112 6384
12113 7536
12114 5232
12115 5488
12116 6768
12117 6640
12118 8048
12119 7408
12120 4336
12121 5872
12122 4592
12123 7920
12124 7664
12125 4976
12126 4848
12127 6000
12128 5744
12129 4203
12130 4205
12131 4202
12132 4216
12133 4213
12134 4222
12135 4199
12136 4193
12137 4219
12138 4221
12139 4217
12140 4214
12141 4194
12142 4195
12143 4197
12144 4209
12145 4223
12146 4196
12147 4200
12148 4220
12149 4215
12150 4207
12151 4210
12152 4218
12153 4211
12154 4198
12155 4212
12156 4206
12157 4204
12158 4201
12159 4208
12160 736
12161 4320
12162 3552
12163 352
12164 1120
12165 6368
12166 608
12167 1376
12168 4448
12169 5856
12170 480
12171 7008
12172 5216
12173 3168
12174 7776
12175 2016
12176 4704
12177 3040
12178 8032
12179 3808
12180 4832
12181 6880
12182 6752
12183 5728
12184 2528
12185 7648
12186 3936
12187 5344
12188 2784
12189 864
12190 6624
12191 3296
12192 3680
12193 1504
12194 224
12195 6496
12196 992
12197 1888
12198 6240
12199 7520
12200 2400
12201 1760
12202 7392
12203 7136
12204 4192
12205 2272
12206 6112
12207 4064
12208 7904
12209 4576
12210 8160
12211 3424
12212 5472
12213 1248
12214 4960
12215 5600
12216 96
12217 7264
12218 2912
12219 2656
12220 5088
12221 1632
12222 2144
12223 5984
12224 8385
12225 8641
12226 8513
12227 8387
12228 8643
12229 8515
12230 8386
12231 8514
12232 8642
12233 8897
12234 9153
12235 9025
12236 8899
12237 9155
12238 9027
12239 8898
12240 9026
12241 9154
12242 8769
12243 8770
12244 8771
12245 8389
12246 8645
12247 8517
12248 8391
12249 8647
12250 8519
12251 8390
12252 8518
12253 8646
12254 8901
12255 9157
12256 9029
12257 8903
12258 9159
12259 9031
12260 8902
12261 9030
12262 9158
12263 8773
12264 8774
12265 8775
12266 8900
12267 8388
12268 8772
12269 8516
12270 8644
12271 9028
12272 9156
12273 9409
12274 9665
12275 9537
12276 9411
12277 9667
12278 9539
12279 9410
12280 9538
12281 9666
12282 9921
12283 10177
12284 10049
12285 9923
12286 10179
12287 10051
12288 9922
12289 10050
12290 10178
12291 9793
12292 9794
12293 9795
12294 9413
12295 9669
12296 9541
12297 9415
12298 9671
12299 9543
12300 9414
12301 9542
12302 9670
12303 9925
12304 10181
12305 10053
12306 9927
12307 10183
12308 10055
12309 9926
12310 10054
12311 10182
12312 9797
12313 9798
12314 9799
12315 9412
12316 9540
12317 9668
12318 9924
12319 9796
12320 10052
12321 10180
12322 9286
12323 9281
12324 9283
12325 9285
12326 9284
12327 9287
12328 9282
12329 8393
12330 8649
12331 8521
12332 8395
12333 8651
12334 8523
12335 8394
12336 8522
12337 8650
12338 8905
12339 9161
12340 9033
12341 8907
12342 9163
12343 9035
12344 8906
12345 9034
12346 9162
12347 8777
12348 8778
12349 8779
12350 8397
12351 8653
12352 8525
12353 8399
12354 8655
12355 8527
12356 8398
12357 8526
12358 8654
12359 8909
12360 9165
12361 9037
12362 8911
12363 9167
12364 9039
12365 8910
12366 9038
12367 9166
12368 8781
12369 8782
12370 8783
12371 9164
12372 8396
12373 8652
12374 8524
12375 8780
12376 8908
12377 9036
12378 9417
12379 9673
12380 9545
12381 9419
12382 9675
12383 9547
12384 9418
12385 9546
12386 9674
12387 9929
12388 10185
12389 10057
12390 9931
12391 10187
12392 10059
12393 9930
12394 10058
12395 10186
12396 9801
12397 9802
12398 9803
12399 9421
12400 9677
12401 9549
12402 9423
12403 9679
12404 9551
12405 9422
12406 9550
12407 9678
12408 9933
12409 10189
12410 10061
12411 9935
12412 10191
12413 10063
12414 9934
12415 10062
12416 10190
12417 9805
12418 9806
12419 9807
12420 9420
12421 9548
12422 9676
12423 9804
12424 9932
12425 10060
12426 10188
12427 9294
12428 9289
12429 9293
12430 9290
12431 9295
12432 9291
12433 9292
12434 8392
12435 10056
12436 9544
12437 9032
12438 8520
12439 8648
12440 9928
12441 9416
12442 8776
12443 9672
12444 9800
12445 9288
12446 9160
12447 8904
12448 10184
12449 10433
12450 10689
12451 10561
12452 10435
12453 10691
12454 10563
12455 10434
12456 10562
12457 10690
12458 10945
12459 11201
12460 11073
12461 10947
12462 11203
12463 11075
12464 10946
12465 11074
12466 11202
12467 10817
12468 10818
12469 10819
12470 10437
12471 10693
12472 10565
12473 10439
12474 10695
12475 10567
12476 10438
12477 10566
12478 10694
12479 10949
12480 11205
12481 11077
12482 10951
12483 11207
12484 11079
12485 10950
12486 11078
12487 11206
12488 10821
12489 10822
12490 10823
12491 10436
12492 10948
12493 10692
12494 11076
12495 10820
12496 11204
12497 10564
12498 11457
12499 11713
12500 11585
12501 11459
12502 11715
12503 11587
12504 11458
12505 11586
12506 11714
12507 11969
12508 12225
12509 12097
12510 11971
12511 12227
12512 12099
12513 11970
12514 12098
12515 12226
12516 11841
12517 11842
12518 11843
12519 11461
12520 11717
12521 11589
12522 11463
12523 11719
12524 11591
12525 11462
12526 11590
12527 11718
12528 11973
12529 12229
12530 12101
12531 11975
12532 12231
12533 12103
12534 11974
12535 12102
12536 12230
12537 11845
12538 11846
12539 11847
12540 11588
12541 11716
12542 11844
12543 12100
12544 11972
12545 12228
12546 11460
12547 11329
12548 11330
12549 11331
12550 11335
12551 11332
12552 11333
12553 11334
12554 10441
12555 10697
12556 10569
12557 10443
12558 10699
12559 10571
12560 10442
12561 10570
12562 10698
12563 10953
12564 11209
12565 11081
12566 10955
12567 11211
12568 11083
12569 10954
12570 11082
12571 11210
12572 10825
12573 10826
12574 10827
12575 10445
12576 10701
12577 10573
12578 10447
12579 10703
12580 10575
12581 10446
12582 10574
12583 10702
12584 10957
12585 11213
12586 11085
12587 10959
12588 11215
12589 11087
12590 10958
12591 11086
12592 11214
12593 10829
12594 10830
12595 10831
12596 10444
12597 10572
12598 10956
12599 10700
12600 10828
12601 11084
12602 11212
12603 11465
12604 11721
12605 11593
12606 11467
12607 11723
12608 11595
12609 11466
12610 11594
12611 11722
12612 11977
12613 12233
12614 12105
12615 11979
12616 12235
12617 12107
12618 11978
12619 12106
12620 12234
12621 11849
12622 11850
12623 11851
12624 11469
12625 11725
12626 11597
12627 11471
12628 11727
12629 11599
12630 11470
12631 11598
12632 11726
12633 11981
12634 12237
12635 12109
12636 11983
12637 12239
12638 12111
12639 11982
12640 12110
12641 12238
12642 11853
12643 11854
12644 11855
12645 11468
12646 11596
12647 11852
12648 11724
12649 12108
12650 11980
12651 12236
12652 11337
12653 11342
12654 11339
12655 11340
12656 11343
12657 11338
12658 11341
12659 10824
12660 11592
12661 11080
12662 11848
12663 10568
12664 10952
12665 11208
12666 12104
12667 11720
12668 10696
12669 11464
12670 11976
12671 11336
12672 10440
12673 12232
12674 10306
12675 10307
12676 10308
12677 10309
12678 10310
12679 10311
12680 10312
12681 10305
12682 10313
12683 10314
12684 10315
12685 10316
12686 10317
12687 10318
12688 10319
12689 8401
12690 8657
12691 8529
12692 8403
12693 8659
12694 8531
12695 8402
12696 8530
12697 8658
12698 8913
12699 9169
12700 9041
12701 8915
12702 9171
12703 9043
12704 8914
12705 9042
12706 9170
12707 8785
12708 8786
12709 8787
12710 8405
12711 8661
12712 8533
12713 8407
12714 8663
12715 8535
12716 8406
12717 8534
12718 8662
12719 8917
12720 9173
12721 9045
12722 8919
12723 9175
12724 9047
12725 8918
12726 9046
12727 9174
12728 8789
12729 8790
12730 8791
12731 8404
12732 8916
12733 8532
12734 8788
12735 8660
12736 9044
12737 9172
12738 9425
12739 9681
12740 9553
12741 9427
12742 9683
12743 9555
12744 9426
12745 9554
12746 9682
12747 9937
12748 10193
12749 10065
12750 9939
12751 10195
12752 10067
12753 9938
12754 10066
12755 10194
12756 9809
12757 9810
12758 9811
12759 9429
12760 9685
12761 9557
12762 9431
12763 9687
12764 9559
12765 9430
12766 9558
12767 9686
12768 9941
12769 10197
12770 10069
12771 9943
12772 10199
12773 10071
12774 9942
12775 10070
12776 10198
12777 9813
12778 9814
12779 9815
12780 9428
12781 10068
12782 9940
12783 9556
12784 9812
12785 9684
12786 10196
12787 9299
12788 9300
12789 9297
12790 9301
12791 9302
12792 9303
12793 9298
12794 8409
12795 8665
12796 8537
12797 8411
12798 8667
12799 8539
12800 8410
12801 8538
12802 8666
12803 8921
12804 9177
12805 9049
12806 8923
12807 9179
12808 9051
12809 8922
12810 9050
12811 9178
12812 8793
12813 8794
12814 8795
12815 8413
12816 8669
12817 8541
12818 8415
12819 8671
12820 8543
12821 8414
12822 8542
12823 8670
12824 8925
12825 9181
12826 9053
12827 8927
12828 9183
12829 9055
12830 8926
12831 9054
12832 9182
12833 8797
12834 8798
12835 8799
12836 8412
12837 8924
12838 9052
12839 8540
12840 8796
12841 8668
12842 9180
12843 9433
12844 9689
12845 9561
12846 9435
12847 9691
12848 9563
12849 9434
12850 9562
12851 9690
12852 9945
12853 10201
12854 10073
12855 9947
12856 10203
12857 10075
12858 9946
12859 10074
12860 10202
12861 9817
12862 9818
12863 9819
12864 9437
12865 9693
12866 9565
12867 9439
12868 9695
12869 9567
12870 9438
12871 9566
12872 9694
12873 9949
12874 10205
12875 10077
12876 9951
12877 10207
12878 10079
12879 9950
12880 10078
12881 10206
12882 9821
12883 9822
12884 9823
12885 10076
12886 9692
12887 9436
12888 9564
12889 10204
12890 9948
12891 9820
12892 9305
12893 9310
12894 9306
12895 9308
12896 9309
12897 9307
12898 9311
12899 8408
12900 9944
12901 9048
12902 8536
12903 9304
12904 10072
12905 9560
12906 8920
12907 8664
12908 9176
12909 10200
12910 9688
12911 9816
12912 9432
12913 8792
12914 10449
12915 10705
12916 10577
12917 10451
12918 10707
12919 10579
12920 10450
12921 10578
12922 10706
12923 10961
12924 11217
12925 11089
12926 10963
12927 11219
12928 11091
12929 10962
12930 11090
12931 11218
12932 10833
12933 10834
12934 10835
12935 10453
12936 10709
12937 10581
12938 10455
12939 10711
12940 10583
12941 10454
12942 10582
12943 10710
12944 10965
12945 11221
12946 11093
12947 10967
12948 11223
12949 11095
12950 10966
12951 11094
12952 11222
12953 10837
12954 10838
12955 10839
12956 10452
12957 10580
12958 10836
12959 10708
12960 11092
12961 11220
12962 10964
12963 11473
12964 11729
12965 11601
12966 11475
12967 11731
12968 11603
12969 11474
12970 11602
12971 11730
12972 11985
12973 12241
12974 12113
12975 11987
12976 12243
12977 12115
12978 11986
12979 12114
12980 12242
12981 11857
12982 11858
12983 11859
12984 11477
12985 11733
12986 11605
12987 11479
12988 11735
12989 11607
12990 11478
12991 11606
12992 11734
12993 11989
12994 12245
12995 12117
12996 11991
12997 12247
12998 12119
12999 11990
13000 12118
13001 12246
13002 11861
13003 11862
13004 11863
13005 11476
13006 11604
13007 11860
13008 11732
13009 11988
13010 12116
13011 12244
13012 11347
13013 11349
13014 11348
13015 11346
13016 11345
13017 11350
13018 11351
13019 10457
13020 10713
13021 10585
13022 10459
13023 10715
13024 10587
13025 10458
13026 10586
13027 10714
13028 10969
13029 11225
13030 11097
13031 10971
13032 11227
13033 11099
13034 10970
13035 11098
13036 11226
13037 10841
13038 10842
13039 10843
13040 10461
13041 10717
13042 10589
13043 10463
13044 10719
13045 10591
13046 10462
13047 10590
13048 10718
13049 10973
13050 11229
13051 11101
13052 10975
13053 11231
13054 11103
13055 10974
13056 11102
13057 11230
13058 10845
13059 10846
13060 10847
13061 11100
13062 10460
13063 10972
13064 10588
13065 10844
13066 10716
13067 11228
13068 11481
13069 11737
13070 11609
13071 11483
13072 11739
13073 11611
13074 11482
13075 11610
13076 11738
13077 11993
13078 12249
13079 12121
13080 11995
13081 12251
13082 12123
13083 11994
13084 12122
13085 12250
13086 11865
13087 11866
13088 11867
13089 11485
13090 11741
13091 11613
13092 11487
13093 11743
13094 11615
13095 11486
13096 11614
13097 11742
13098 11997
13099 12253
13100 12125
13101 11999
13102 12255
13103 12127
13104 11998
13105 12126
13106 12254
13107 11869
13108 11870
13109 11871
13110 11484
13111 11996
13112 11740
13113 12124
13114 11612
13115 12252
13116 11868
13117 11357
13118 11358
13119 11355
13120 11356
13121 11359
13122 11354
13123 11353
13124 12248
13125 10712
13126 11480
13127 11224
13128 11096
13129 10968
13130 10456
13131 11608
13132 11736
13133 11864
13134 11992
13135 12120
13136 10840
13137 10584
13138 11352
13139 10333
13140 10328
13141 10331
13142 10321
13143 10322
13144 10334
13145 10323
13146 10325
13147 10330
13148 10329
13149 10332
13150 10327
13151 10335
13152 10326
13153 10324
13154 8400
13155 9936
13156 8528
13157 12112
13158 10832
13159 9168
13160 11984
13161 8656
13162 9552
13163 10064
13164 8784
13165 9296
13166 11600
13167 8912
13168 11856
13169 9680
13170 10576
13171 11472
13172 11728
13173 10704
13174 11216
13175 9424
13176 10448
13177 11344
13178 10960
13179 9808
13180 11088
13181 12240
13182 9040
13183 10320
13184 10192
13185 12481
13186 12737
13187 12609
13188 12483
13189 12739
13190 12611
13191 12482
13192 12610
13193 12738
13194 12993
13195 13249
13196 13121
13197 12995
13198 13251
13199 13123
13200 12994
13201 13122
13202 13250
13203 12865
13204 12866
13205 12867
13206 12485
13207 12741
13208 12613
13209 12487
13210 12743
13211 12615
13212 12486
13213 12614
13214 12742
13215 12997
13216 13253
13217 13125
13218 12999
13219 13255
13220 13127
13221 12998
13222 13126
13223 13254
13224 12869
13225 12870
13226 12871
13227 12484
13228 12996
13229 12868
13230 13124
13231 12740
13232 12612
13233 13252
13234 13505
13235 13761
13236 13633
13237 13507
13238 13763
13239 13635
13240 13506
13241 13634
13242 13762
13243 14017
13244 14273
13245 14145
13246 14019
13247 14275
13248 14147
13249 14018
13250 14146
13251 14274
13252 13889
13253 13890
13254 13891
13255 13509
13256 13765
13257 13637
13258 13511
13259 13767
13260 13639
13261 13510
13262 13638
13263 13766
13264 14021
13265 14277
13266 14149
13267 14023
13268 14279
13269 14151
13270 14022
13271 14150
13272 14278
13273 13893
13274 13894
13275 13895
13276 13636
13277 13764
13278 13892
13279 14276
13280 14020
13281 14148
13282 13508
13283 13379
13284 13377
13285 13381
13286 13383
13287 13382
13288 13378
13289 13380
13290 12489
13291 12745
13292 12617
13293 12491
13294 12747
13295 12619
13296 12490
13297 12618
13298 12746
13299 13001
13300 13257
13301 13129
13302 13003
13303 13259
13304 13131
13305 13002
13306 13130
13307 13258
13308 12873
13309 12874
13310 12875
13311 12493
13312 12749
13313 12621
13314 12495
13315 12751
13316 12623
13317 12494
13318 12622
13319 12750
13320 13005
13321 13261
13322 13133
13323 13007
13324 13263
13325 13135
13326 13006
13327 13134
13328 13262
13329 12877
13330 12878
13331 12879
13332 12492
13333 13004
13334 12876
13335 13132
13336 12748
13337 13260
13338 12620
13339 13513
13340 13769
13341 13641
13342 13515
13343 13771
13344 13643
13345 13514
13346 13642
13347 13770
13348 14025
13349 14281
13350 14153
13351 14027
13352 14283
13353 14155
13354 14026
13355 14154
13356 14282
13357 13897
13358 13898
13359 13899
13360 13517
13361 13773
13362 13645
13363 13519
13364 13775
13365 13647
13366 13518
13367 13646
13368 13774
13369 14029
13370 14285
13371 14157
13372 14031
13373 14287
13374 14159
13375 14030
13376 14158
13377 14286
13378 13901
13379 13902
13380 13903
13381 13516
13382 13644
13383 13900
13384 13772
13385 14028
13386 14284
13387 14156
13388 13389
13389 13390
13390 13387
13391 13385
13392 13386
13393 13391
13394 13388
13395 12488
13396 13896
13397 13128
13398 12872
13399 13640
13400 12744
13401 14024
13402 13512
13403 13000
13404 14152
13405 13256
13406 13768
13407 13384
13408 12616
13409 14280
13410 14529
13411 14785
13412 14657
13413 14531
13414 14787
13415 14659
13416 14530
13417 14658
13418 14786
13419 15041
13420 15297
13421 15169
13422 15043
13423 15299
13424 15171
13425 15042
13426 15170
13427 15298
13428 14913
13429 14914
13430 14915
13431 14533
13432 14789
13433 14661
13434 14535
13435 14791
13436 14663
13437 14534
13438 14662
13439 14790
13440 15045
13441 15301
13442 15173
13443 15047
13444 15303
13445 15175
13446 15046
13447 15174
13448 15302
13449 14917
13450 14918
13451 14919
13452 14660
13453 14788
13454 14916
13455 14532
13456 15044
13457 15172
13458 15300
13459 15553
13460 15809
13461 15681
13462 15555
13463 15811
13464 15683
13465 15554
13466 15682
13467 15810
13468 16065
13469 16321
13470 16193
13471 16067
13472 16323
13473 16195
13474 16066
13475 16194
13476 16322
13477 15937
13478 15938
13479 15939
13480 15557
13481 15813
13482 15685
13483 15559
13484 15815
13485 15687
13486 15558
13487 15686
13488 15814
13489 16069
13490 16325
13491 16197
13492 16071
13493 16327
13494 16199
13495 16070
13496 16198
13497 16326
13498 15941
13499 15942
13500 15943
13501 15556
13502 15684
13503 15812
13504 16196
13505 15940
13506 16068
13507 16324
13508 15425
13509 15429
13510 15428
13511 15430
13512 15431
13513 15427
13514 15426
13515 14537
13516 14793
13517 14665
13518 14539
13519 14795
13520 14667
13521 14538
13522 14666
13523 14794
13524 15049
13525 15305
13526 15177
13527 15051
13528 15307
13529 15179
13530 15050
13531 15178
13532 15306
13533 14921
13534 14922
13535 14923
13536 14541
13537 14797
13538 14669
13539 14543
13540 14799
13541 14671
13542 14542
13543 14670
13544 14798
13545 15053
13546 15309
13547 15181
13548 15055
13549 15311
13550 15183
13551 15054
13552 15182
13553 15310
13554 14925
13555 14926
13556 14927
13557 14540
13558 14668
13559 14924
13560 15052
13561 15180
13562 14796
13563 15308
13564 15561
13565 15817
13566 15689
13567 15563
13568 15819
13569 15691
13570 15562
13571 15690
13572 15818
13573 16073
13574 16329
13575 16201
13576 16075
13577 16331
13578 16203
13579 16074
13580 16202
13581 16330
13582 15945
13583 15946
13584 15947
13585 15565
13586 15821
13587 15693
13588 15567
13589 15823
13590 15695
13591 15566
13592 15694
13593 15822
13594 16077
13595 16333
13596 16205
13597 16079
13598 16335
13599 16207
13600 16078
13601 16206
13602 16334
13603 15949
13604 15950
13605 15951
13606 15948
13607 15692
13608 15820
13609 16332
13610 16076
13611 16204
13612 15564
13613 15433
13614 15436
13615 15435
13616 15438
13617 15434
13618 15439
13619 15437
13620 15176
13621 15816
13622 14920
13623 15688
13624 15560
13625 14536
13626 16200
13627 15304
13628 15432
13629 15048
13630 14792
13631 16072
13632 16328
13633 15944
13634 14664
13635 14402
13636 14414
13637 14412
13638 14411
13639 14409
13640 14401
13641 14406
13642 14413
13643 14407
13644 14404
13645 14410
13646 14408
13647 14405
13648 14415
13649 14403
13650 12497
13651 12753
13652 12625
13653 12499
13654 12755
13655 12627
13656 12498
13657 12626
13658 12754
13659 13009
13660 13265
13661 13137
13662 13011
13663 13267
13664 13139
13665 13010
13666 13138
13667 13266
13668 12881
13669 12882
13670 12883
13671 12501
13672 12757
13673 12629
13674 12503
13675 12759
13676 12631
13677 12502
13678 12630
13679 12758
13680 13013
13681 13269
13682 13141
13683 13015
13684 13271
13685 13143
13686 13014
13687 13142
13688 13270
13689 12885
13690 12886
13691 12887
13692 12500
13693 12628
13694 13012
13695 12884
13696 12756
13697 13140
13698 13268
13699 13521
13700 13777
13701 13649
13702 13523
13703 13779
13704 13651
13705 13522
13706 13650
13707 13778
13708 14033
13709 14289
13710 14161
13711 14035
13712 14291
13713 14163
13714 14034
13715 14162
13716 14290
13717 13905
13718 13906
13719 13907
13720 13525
13721 13781
13722 13653
13723 13527
13724 13783
13725 13655
13726 13526
13727 13654
13728 13782
13729 14037
13730 14293
13731 14165
13732 14039
13733 14295
13734 14167
13735 14038
13736 14166
13737 14294
13738 13909
13739 13910
13740 13911
13741 13524
13742 13652
13743 13780
13744 14036
13745 13908
13746 14164
13747 14292
13748 13393
13749 13395
13750 13396
13751 13394
13752 13397
13753 13398
13754 13399
13755 12505
13756 12761
13757 12633
13758 12507
13759 12763
13760 12635
13761 12506
13762 12634
13763 12762
13764 13017
13765 13273
13766 13145
13767 13019
13768 13275
13769 13147
13770 13018
13771 13146
13772 13274
13773 12889
13774 12890
13775 12891
13776 12509
13777 12765
13778 12637
13779 12511
13780 12767
13781 12639
13782 12510
13783 12638
13784 12766
13785 13021
13786 13277
13787 13149
13788 13023
13789 13279
13790 13151
13791 13022
13792 13150
13793 13278
13794 12893
13795 12894
13796 12895
13797 12892
13798 12636
13799 12508
13800 13020
13801 12764
13802 13148
13803 13276
13804 13529
13805 13785
13806 13657
13807 13531
13808 13787
13809 13659
13810 13530
13811 13658
13812 13786
13813 14041
13814 14297
13815 14169
13816 14043
13817 14299
13818 14171
13819 14042
13820 14170
13821 14298
13822 13913
13823 13914
13824 13915
13825 13533
13826 13789
13827 13661
13828 13535
13829 13791
13830 13663
13831 13534
13832 13662
13833 13790
13834 14045
13835 14301
13836 14173
13837 14047
13838 14303
13839 14175
13840 14046
13841 14174
13842 14302
13843 13917
13844 13918
13845 13919
13846 13660
13847 13788
13848 13916
13849 13532
13850 14044
13851 14172
13852 14300
13853 13405
13854 13401
13855 13402
13856 13404
13857 13406
13858 13407
13859 13403
13860 12632
13861 13144
13862 13016
13863 13784
13864 13912
13865 14168
13866 13528
13867 12504
13868 12760
13869 14040
13870 13656
13871 13272
13872 14296
13873 12888
13874 13400
13875 14545
13876 14801
13877 14673
13878 14547
13879 14803
13880 14675
13881 14546
13882 14674
13883 14802
13884 15057
13885 15313
13886 15185
13887 15059
13888 15315
13889 15187
13890 15058
13891 15186
13892 15314
13893 14929
13894 14930
13895 14931
13896 14549
13897 14805
13898 14677
13899 14551
13900 14807
13901 14679
13902 14550
13903 14678
13904 14806
13905 15061
13906 15317
13907 15189
13908 15063
13909 15319
13910 15191
13911 15062
13912 15190
13913 15318
13914 14933
13915 14934
13916 14935
13917 14548
13918 15188
13919 14676
13920 15060
13921 14804
13922 14932
13923 15316
13924 15569
13925 15825
13926 15697
13927 15571
13928 15827
13929 15699
13930 15570
13931 15698
13932 15826
13933 16081
13934 16337
13935 16209
13936 16083
13937 16339
13938 16211
13939 16082
13940 16210
13941 16338
13942 15953
13943 15954
13944 15955
13945 15573
13946 15829
13947 15701
13948 15575
13949 15831
13950 15703
13951 15574
13952 15702
13953 15830
13954 16085
13955 16341
13956 16213
13957 16087
13958 16343
13959 16215
13960 16086
13961 16214
13962 16342
13963 15957
13964 15958
13965 15959
13966 15572
13967 15700
13968 15956
13969 16084
13970 15828
13971 16212
13972 16340
13973 15441
13974 15444
13975 15446
13976 15445
13977 15442
13978 15443
13979 15447
13980 14553
13981 14809
13982 14681
13983 14555
13984 14811
13985 14683
13986 14554
13987 14682
13988 14810
13989 15065
13990 15321
13991 15193
13992 15067
13993 15323
13994 15195
13995 15066
13996 15194
13997 15322
13998 14937
13999 14938
14000 14939
14001 14557
14002 14813
14003 14685
14004 14559
14005 14815
14006 14687
14007 14558
14008 14686
14009 14814
14010 15069
14011 15325
14012 15197
14013 15071
14014 15327
14015 15199
14016 15070
14017 15198
14018 15326
14019 14941
14020 14942
14021 14943
14022 15324
14023 14556
14024 14812
14025 14684
14026 14940
14027 15068
14028 15196
14029 15577
14030 15833
14031 15705
14032 15579
14033 15835
14034 15707
14035 15578
14036 15706
14037 15834
14038 16089
14039 16345
14040 16217
14041 16091
14042 16347
14043 16219
14044 16090
14045 16218
14046 16346
14047 15961
14048 15962
14049 15963
14050 15581
14051 15837
14052 15709
14053 15583
14054 15839
14055 15711
14056 15582
14057 15710
14058 15838
14059 16093
14060 16349
14061 16221
14062 16095
14063 16351
14064 16223
14065 16094
14066 16222
14067 16350
14068 15965
14069 15966
14070 15967
14071 15580
14072 15708
14073 15836
14074 16092
14075 15964
14076 16220
14077 16348
14078 15452
14079 15453
14080 15455
14081 15449
14082 15451
14083 15454
14084 15450
14085 14552
14086 14808
14087 16088
14088 15320
14089 15960
14090 16216
14091 15576
14092 15192
14093 15832
14094 14680
14095 15704
14096 15448
14097 15064
14098 14936
14099 16344
14100 14417
14101 14418
14102 14419
14103 14420
14104 14421
14105 14422
14106 14423
14107 14424
14108 14425
14109 14426
14110 14427
14111 14428
14112 14429
14113 14430
14114 14431
14115 16336
14116 15312
14117 12624
14118 15568
14119 14800
14120 14416
14121 14160
14122 13904
14123 13648
14124 14288
14125 13776
14126 14672
14127 15824
14128 14928
14129 15440
14130 14544
14131 13520
14132 13264
14133 14032
14134 15696
14135 13136
14136 12496
14137 15056
14138 13008
14139 15952
14140 15184
14141 16080
14142 13392
14143 16208
14144 12880
14145 12752
14146 12367
14147 12358
14148 12373
14149 12381
14150 12380
14151 12359
14152 12368
14153 12353
14154 12376
14155 12372
14156 12364
14157 12356
14158 12363
14159 12355
14160 12366
14161 12370
14162 12378
14163 12361
14164 12360
14165 12383
14166 12377
14167 12357
14168 12371
14169 12379
14170 12375
14171 12354
14172 12369
14173 12382
14174 12365
14175 12374
14176 12362
14177 8417
14178 8673
14179 8545
14180 8419
14181 8675
14182 8547
14183 8418
14184 8546
14185 8674
14186 8929
14187 9185
14188 9057
14189 8931
14190 9187
14191 9059
14192 8930
14193 9058
14194 9186
14195 8801
14196 8802
14197 8803
14198 8421
14199 8677
14200 8549
14201 8423
14202 8679
14203 8551
14204 8422
14205 8550
14206 8678
14207 8933
14208 9189
14209 9061
14210 8935
14211 9191
14212 9063
14213 8934
14214 9062
14215 9190
14216 8805
14217 8806
14218 8807
14219 8420
14220 8548
14221 8804
14222 8932
14223 8676
14224 9060
14225 9188
14226 9441
14227 9697
14228 9569
14229 9443
14230 9699
14231 9571
14232 9442
14233 9570
14234 9698
14235 9953
14236 10209
14237 10081
14238 9955
14239 10211
14240 10083
14241 9954
14242 10082
14243 10210
14244 9825
14245 9826
14246 9827
14247 9445
14248 9701
14249 9573
14250 9447
14251 9703
14252 9575
14253 9446
14254 9574
14255 9702
14256 9957
14257 10213
14258 10085
14259 9959
14260 10215
14261 10087
14262 9958
14263 10086
14264 10214
14265 9829
14266 9830
14267 9831
14268 10084
14269 9444
14270 9828
14271 9572
14272 9956
14273 9700
14274 10212
14275 9315
14276 9313
14277 9319
14278 9316
14279 9314
14280 9318
14281 9317
14282 8425
14283 8681
14284 8553
14285 8427
14286 8683
14287 8555
14288 8426
14289 8554
14290 8682
14291 8937
14292 9193
14293 9065
14294 8939
14295 9195
14296 9067
14297 8938
14298 9066
14299 9194
14300 8809
14301 8810
14302 8811
14303 8429
14304 8685
14305 8557
14306 8431
14307 8687
14308 8559
14309 8430
14310 8558
14311 8686
14312 8941
14313 9197
14314 9069
14315 8943
14316 9199
14317 9071
14318 8942
14319 9070
14320 9198
14321 8813
14322 8814
14323 8815
14324 8428
14325 8556
14326 8812
14327 8940
14328 8684
14329 9068
14330 9196
14331 9449
14332 9705
14333 9577
14334 9451
14335 9707
14336 9579
14337 9450
14338 9578
14339 9706
14340 9961
14341 10217
14342 10089
14343 9963
14344 10219
14345 10091
14346 9962
14347 10090
14348 10218
14349 9833
14350 9834
14351 9835
14352 9453
14353 9709
14354 9581
14355 9455
14356 9711
14357 9583
14358 9454
14359 9582
14360 9710
14361 9965
14362 10221
14363 10093
14364 9967
14365 10223
14366 10095
14367 9966
14368 10094
14369 10222
14370 9837
14371 9838
14372 9839
14373 9964
14374 9452
14375 9580
14376 9708
14377 9836
14378 10092
14379 10220
14380 9325
14381 9327
14382 9321
14383 9326
14384 9323
14385 9322
14386 9324
14387 10216
14388 9320
14389 8680
14390 8936
14391 9576
14392 9192
14393 9704
14394 8808
14395 9832
14396 9448
14397 9064
14398 9960
14399 8424
14400 8552
14401 10088
14402 10465
14403 10721
14404 10593
14405 10467
14406 10723
14407 10595
14408 10466
14409 10594
14410 10722
14411 10977
14412 11233
14413 11105
14414 10979
14415 11235
14416 11107
14417 10978
14418 11106
14419 11234
14420 10849
14421 10850
14422 10851
14423 10469
14424 10725
14425 10597
14426 10471
14427 10727
14428 10599
14429 10470
14430 10598
14431 10726
14432 10981
14433 11237
14434 11109
14435 10983
14436 11239
14437 11111
14438 10982
14439 11110
14440 11238
14441 10853
14442 10854
14443 10855
14444 10468
14445 10596
14446 10852
14447 10980
14448 10724
14449 11108
14450 11236
14451 11489
14452 11745
14453 11617
14454 11491
14455 11747
14456 11619
14457 11490
14458 11618
14459 11746
14460 12001
14461 12257
14462 12129
14463 12003
14464 12259
14465 12131
14466 12002
14467 12130
14468 12258
14469 11873
14470 11874
14471 11875
14472 11493
14473 11749
14474 11621
14475 11495
14476 11751
14477 11623
14478 11494
14479 11622
14480 11750
14481 12005
14482 12261
14483 12133
14484 12007
14485 12263
14486 12135
14487 12006
14488 12134
14489 12262
14490 11877
14491 11878
14492 11879
14493 11492
14494 11748
14495 11876
14496 11620
14497 12004
14498 12132
14499 12260
14500 11365
14501 11361
14502 11364
14503 11363
14504 11362
14505 11367
14506 11366
14507 10473
14508 10729
14509 10601
14510 10475
14511 10731
14512 10603
14513 10474
14514 10602
14515 10730
14516 10985
14517 11241
14518 11113
14519 10987
14520 11243
14521 11115
14522 10986
14523 11114
14524 11242
14525 10857
14526 10858
14527 10859
14528 10477
14529 10733
14530 10605
14531 10479
14532 10735
14533 10607
14534 10478
14535 10606
14536 10734
14537 10989
14538 11245
14539 11117
14540 10991
14541 11247
14542 11119
14543 10990
14544 11118
14545 11246
14546 10861
14547 10862
14548 10863
14549 10476
14550 10604
14551 10732
14552 10860
14553 10988
14554 11116
14555 11244
14556 11497
14557 11753
14558 11625
14559 11499
14560 11755
14561 11627
14562 11498
14563 11626
14564 11754
14565 12009
14566 12265
14567 12137
14568 12011
14569 12267
14570 12139
14571 12010
14572 12138
14573 12266
14574 11881
14575 11882
14576 11883
14577 11501
14578 11757
14579 11629
14580 11503
14581 11759
14582 11631
14583 11502
14584 11630
14585 11758
14586 12013
14587 12269
14588 12141
14589 12015
14590 12271
14591 12143
14592 12014
14593 12142
14594 12270
14595 11885
14596 11886
14597 11887
14598 11500
14599 11756
14600 11884
14601 12268
14602 12012
14603 12140
14604 11628
14605 11369
14606 11373
14607 11375
14608 11371
14609 11370
14610 11372
14611 11374
14612 11752
14613 10472
14614 10856
14615 12136
14616 11880
14617 10600
14618 11496
14619 11112
14620 12264
14621 11368
14622 12008
14623 11240
14624 10728
14625 10984
14626 11624
14627 10349
14628 10348
14629 10338
14630 10347
14631 10339
14632 10343
14633 10337
14634 10342
14635 10351
14636 10346
14637 10344
14638 10340
14639 10341
14640 10350
14641 10345
14642 8433
14643 8689
14644 8561
14645 8435
14646 8691
14647 8563
14648 8434
14649 8562
14650 8690
14651 8945
14652 9201
14653 9073
14654 8947
14655 9203
14656 9075
14657 8946
14658 9074
14659 9202
14660 8817
14661 8818
14662 8819
14663 8437
14664 8693
14665 8565
14666 8439
14667 8695
14668 8567
14669 8438
14670 8566
14671 8694
14672 8949
14673 9205
14674 9077
14675 8951
14676 9207
14677 9079
14678 8950
14679 9078
14680 9206
14681 8821
14682 8822
14683 8823
14684 8820
14685 8564
14686 8692
14687 9076
14688 8948
14689 9204
14690 8436
14691 9457
14692 9713
14693 9585
14694 9459
14695 9715
14696 9587
14697 9458
14698 9586
14699 9714
14700 9969
14701 10225
14702 10097
14703 9971
14704 10227
14705 10099
14706 9970
14707 10098
14708 10226
14709 9841
14710 9842
14711 9843
14712 9461
14713 9717
14714 9589
14715 9463
14716 9719
14717 9591
14718 9462
14719 9590
14720 9718
14721 9973
14722 10229
14723 10101
14724 9975
14725 10231
14726 10103
14727 9974
14728 10102
14729 10230
14730 9845
14731 9846
14732 9847
14733 9460
14734 9588
14735 9844
14736 9972
14737 9716
14738 10100
14739 10228
14740 9329
14741 9334
14742 9331
14743 9333
14744 9330
14745 9332
14746 9335
14747 8441
14748 8697
14749 8569
14750 8443
14751 8699
14752 8571
14753 8442
14754 8570
14755 8698
14756 8953
14757 9209
14758 9081
14759 8955
14760 9211
14761 9083
14762 8954
14763 9082
14764 9210
14765 8825
14766 8826
14767 8827
14768 8445
14769 8701
14770 8573
14771 8447
14772 8703
14773 8575
14774 8446
14775 8574
14776 8702
14777 8957
14778 9213
14779 9085
14780 8959
14781 9215
14782 9087
14783 8958
14784 9086
14785 9214
14786 8829
14787 8830
14788 8831
14789 8444
14790 8572
14791 8828
14792 8700
14793 8956
14794 9084
14795 9212
14796 9465
14797 9721
14798 9593
14799 9467
14800 9723
14801 9595
14802 9466
14803 9594
14804 9722
14805 9977
14806 10233
14807 10105
14808 9979
14809 10235
14810 10107
14811 9978
14812 10106
14813 10234
14814 9849
14815 9850
14816 9851
14817 9469
14818 9725
14819 9597
14820 9471
14821 9727
14822 9599
14823 9470
14824 9598
14825 9726
14826 9981
14827 10237
14828 10109
14829 9983
14830 10239
14831 10111
14832 9982
14833 10110
14834 10238
14835 9853
14836 9854
14837 9855
14838 9596
14839 9724
14840 9852
14841 9468
14842 9980
14843 10108
14844 10236
14845 9342
14846 9337
14847 9343
14848 9338
14849 9341
14850 9340
14851 9339
14852 9848
14853 9720
14854 10104
14855 8824
14856 8568
14857 8440
14858 9976
14859 10232
14860 9208
14861 9080
14862 9336
14863 9464
14864 8952
14865 9592
14866 8696
14867 10481
14868 10737
14869 10609
14870 10483
14871 10739
14872 10611
14873 10482
14874 10610
14875 10738
14876 10993
14877 11249
14878 11121
14879 10995
14880 11251
14881 11123
14882 10994
14883 11122
14884 11250
14885 10865
14886 10866
14887 10867
14888 10485
14889 10741
14890 10613
14891 10487
14892 10743
14893 10615
14894 10486
14895 10614
14896 10742
14897 10997
14898 11253
14899 11125
14900 10999
14901 11255
14902 11127
14903 10998
14904 11126
14905 11254
14906 10869
14907 10870
14908 10871
14909 10484
14910 10996
14911 10612
14912 10740
14913 11124
14914 10868
14915 11252
14916 11505
14917 11761
14918 11633
14919 11507
14920 11763
14921 11635
14922 11506
14923 11634
14924 11762
14925 12017
14926 12273
14927 12145
14928 12019
14929 12275
14930 12147
14931 12018
14932 12146
14933 12274
14934 11889
14935 11890
14936 11891
14937 11509
14938 11765
14939 11637
14940 11511
14941 11767
14942 11639
14943 11510
14944 11638
14945 11766
14946 12021
14947 12277
14948 12149
14949 12023
14950 12279
14951 12151
14952 12022
14953 12150
14954 12278
14955 11893
14956 11894
14957 11895
14958 11508
14959 11636
14960 12020
14961 11892
14962 11764
14963 12148
14964 12276
14965 11379
14966 11377
14967 11382
14968 11381
14969 11378
14970 11383
14971 11380
14972 10489
14973 10745
14974 10617
14975 10491
14976 10747
14977 10619
14978 10490
14979 10618
14980 10746
14981 11001
14982 11257
14983 11129
14984 11003
14985 11259
14986 11131
14987 11002
14988 11130
14989 11258
14990 10873
14991 10874
14992 10875
14993 10493
14994 10749
14995 10621
14996 10495
14997 10751
14998 10623
14999 10494
15000 10622
15001 10750
15002 11005
15003 11261
15004 11133
15005 11007
15006 11263
15007 11135
15008 11006
15009 11134
15010 11262
15011 10877
15012 10878
15013 10879
15014 10492
15015 10620
15016 10876
15017 11004
15018 10748
15019 11260
15020 11132
15021 11513
15022 11769
15023 11641
15024 11515
15025 11771
15026 11643
15027 11514
15028 11642
15029 11770
15030 12025
15031 12281
15032 12153
15033 12027
15034 12283
15035 12155
15036 12026
15037 12154
15038 12282
15039 11897
15040 11898
15041 11899
15042 11517
15043 11773
15044 11645
15045 11519
15046 11775
15047 11647
15048 11518
15049 11646
15050 11774
15051 12029
15052 12285
15053 12157
15054 12031
15055 12287
15056 12159
15057 12030
15058 12158
15059 12286
15060 11901
15061 11902
15062 11903
15063 11516
15064 11644
15065 12156
15066 12028
15067 11772
15068 11900
15069 12284
15070 11390
15071 11389
15072 11385
15073 11388
15074 11386
15075 11387
15076 11391
15077 10488
15078 11640
15079 10872
15080 11000
15081 11896
15082 10616
15083 11128
15084 11256
15085 10744
15086 12152
15087 11768
15088 12024
15089 11512
15090 12280
15091 11384
15092 10363
15093 10360
15094 10355
15095 10357
15096 10364
15097 10354
15098 10361
15099 10362
15100 10359
15101 10353
15102 10358
15103 10365
15104 10366
15105 10356
15106 10367
15107 10480
15108 9200
15109 9328
15110 12016
15111 11888
15112 9584
15113 11760
15114 10224
15115 11632
15116 9968
15117 10608
15118 8432
15119 8560
15120 9712
15121 10864
15122 11504
15123 10096
15124 8688
15125 10352
15126 10992
15127 11248
15128 8816
15129 11120
15130 8944
15131 11376
15132 9840
15133 12272
15134 9072
15135 10736
15136 12144
15137 9456
15138 12513
15139 12769
15140 12641
15141 12515
15142 12771
15143 12643
15144 12514
15145 12642
15146 12770
15147 13025
15148 13281
15149 13153
15150 13027
15151 13283
15152 13155
15153 13026
15154 13154
15155 13282
15156 12897
15157 12898
15158 12899
15159 12517
15160 12773
15161 12645
15162 12519
15163 12775
15164 12647
15165 12518
15166 12646
15167 12774
15168 13029
15169 13285
15170 13157
15171 13031
15172 13287
15173 13159
15174 13030
15175 13158
15176 13286
15177 12901
15178 12902
15179 12903
15180 12516
15181 12644
15182 13028
15183 13156
15184 12772
15185 12900
15186 13284
15187 13537
15188 13793
15189 13665
15190 13539
15191 13795
15192 13667
15193 13538
15194 13666
15195 13794
15196 14049
15197 14305
15198 14177
15199 14051
15200 14307
15201 14179
15202 14050
15203 14178
15204 14306
15205 13921
15206 13922
15207 13923
15208 13541
15209 13797
15210 13669
15211 13543
15212 13799
15213 13671
15214 13542
15215 13670
15216 13798
15217 14053
15218 14309
15219 14181
15220 14055
15221 14311
15222 14183
15223 14054
15224 14182
15225 14310
15226 13925
15227 13926
15228 13927
15229 13540
15230 13924
15231 14308
15232 14180
15233 13668
15234 13796
15235 14052
15236 13409
15237 13412
15238 13413
15239 13414
15240 13411
15241 13415
15242 13410
15243 12521
15244 12777
15245 12649
15246 12523
15247 12779
15248 12651
15249 12522
15250 12650
15251 12778
15252 13033
15253 13289
15254 13161
15255 13035
15256 13291
15257 13163
15258 13034
15259 13162
15260 13290
15261 12905
15262 12906
15263 12907
15264 12525
15265 12781
15266 12653
15267 12527
15268 12783
15269 12655
15270 12526
15271 12654
15272 12782
15273 13037
15274 13293
15275 13165
15276 13039
15277 13295
15278 13167
15279 13038
15280 13166
15281 13294
15282 12909
15283 12910
15284 12911
15285 12908
15286 13292
15287 12524
15288 13164
15289 13036
15290 12652
15291 12780
15292 13545
15293 13801
15294 13673
15295 13547
15296 13803
15297 13675
15298 13546
15299 13674
15300 13802
15301 14057
15302 14313
15303 14185
15304 14059
15305 14315
15306 14187
15307 14058
15308 14186
15309 14314
15310 13929
15311 13930
15312 13931
15313 13549
15314 13805
15315 13677
15316 13551
15317 13807
15318 13679
15319 13550
15320 13678
15321 13806
15322 14061
15323 14317
15324 14189
15325 14063
15326 14319
15327 14191
15328 14062
15329 14190
15330 14318
15331 13933
15332 13934
15333 13935
15334 13548
15335 14188
15336 13676
15337 13804
15338 14060
15339 13932
15340 14316
15341 13417
15342 13421
15343 13420
15344 13419
15345 13418
15346 13423
15347 13422
15348 14056
15349 13544
15350 12520
15351 13288
15352 13160
15353 12648
15354 13800
15355 13032
15356 12904
15357 14312
15358 13928
15359 12776
15360 13672
15361 14184
15362 13416
15363 14561
15364 14817
15365 14689
15366 14563
15367 14819
15368 14691
15369 14562
15370 14690
15371 14818
15372 15073
15373 15329
15374 15201
15375 15075
15376 15331
15377 15203
15378 15074
15379 15202
15380 15330
15381 14945
15382 14946
15383 14947
15384 14565
15385 14821
15386 14693
15387 14567
15388 14823
15389 14695
15390 14566
15391 14694
15392 14822
15393 15077
15394 15333
15395 15205
15396 15079
15397 15335
15398 15207
15399 15078
15400 15206
15401 15334
15402 14949
15403 14950
15404 14951
15405 14564
15406 15076
15407 14948
15408 14692
15409 14820
15410 15204
15411 15332
15412 15585
15413 15841
15414 15713
15415 15587
15416 15843
15417 15715
15418 15586
15419 15714
15420 15842
15421 16097
15422 16353
15423 16225
15424 16099
15425 16355
15426 16227
15427 16098
15428 16226
15429 16354
15430 15969
15431 15970
15432 15971
15433 15589
15434 15845
15435 15717
15436 15591
15437 15847
15438 15719
15439 15590
15440 15718
15441 15846
15442 16101
15443 16357
15444 16229
15445 16103
15446 16359
15447 16231
15448 16102
15449 16230
15450 16358
15451 15973
15452 15974
15453 15975
15454 15972
15455 15588
15456 16356
15457 15716
15458 16100
15459 15844
15460 16228
15461 15459
15462 15461
15463 15458
15464 15457
15465 15460
15466 15462
15467 15463
15468 14569
15469 14825
15470 14697
15471 14571
15472 14827
15473 14699
15474 14570
15475 14698
15476 14826
15477 15081
15478 15337
15479 15209
15480 15083
15481 15339
15482 15211
15483 15082
15484 15210
15485 15338
15486 14953
15487 14954
15488 14955
15489 14573
15490 14829
15491 14701
15492 14575
15493 14831
15494 14703
15495 14574
15496 14702
15497 14830
15498 15085
15499 15341
15500 15213
15501 15087
15502 15343
15503 15215
15504 15086
15505 15214
15506 15342
15507 14957
15508 14958
15509 14959
15510 14700
15511 14572
15512 14828
15513 15084
15514 14956
15515 15212
15516 15340
15517 15593
15518 15849
15519 15721
15520 15595
15521 15851
15522 15723
15523 15594
15524 15722
15525 15850
15526 16105
15527 16361
15528 16233
15529 16107
15530 16363
15531 16235
15532 16106
15533 16234
15534 16362
15535 15977
15536 15978
15537 15979
15538 15597
15539 15853
15540 15725
15541 15599
15542 15855
15543 15727
15544 15598
15545 15726
15546 15854
15547 16109
15548 16365
15549 16237
15550 16111
15551 16367
15552 16239
15553 16110
15554 16238
15555 16366
15556 15981
15557 15982
15558 15983
15559 15596
15560 15980
15561 16108
15562 16236
15563 15852
15564 16364
15565 15724
15566 15469
15567 15466
15568 15468
15569 15467
15570 15470
15571 15465
15572 15471
15573 14696
15574 14824
15575 14952
15576 15080
15577 15208
15578 15336
15579 15464
15580 15976
15581 15592
15582 15720
15583 15848
15584 16104
15585 16232
15586 16360
15587 14568
15588 14442
15589 14437
15590 14446
15591 14439
15592 14445
15593 14435
15594 14443
15595 14447
15596 14434
15597 14440
15598 14438
15599 14436
15600 14444
15601 14433
15602 14441
15603 12529
15604 12785
15605 12657
15606 12531
15607 12787
15608 12659
15609 12530
15610 12658
15611 12786
15612 13041
15613 13297
15614 13169
15615 13043
15616 13299
15617 13171
15618 13042
15619 13170
15620 13298
15621 12913
15622 12914
15623 12915
15624 12533
15625 12789
15626 12661
15627 12535
15628 12791
15629 12663
15630 12534
15631 12662
15632 12790
15633 13045
15634 13301
15635 13173
15636 13047
15637 13303
15638 13175
15639 13046
15640 13174
15641 13302
15642 12917
15643 12918
15644 12919
15645 12660
15646 12788
15647 12916
15648 13300
15649 13044
15650 13172
15651 12532
15652 13553
15653 13809
15654 13681
15655 13555
15656 13811
15657 13683
15658 13554
15659 13682
15660 13810
15661 14065
15662 14321
15663 14193
15664 14067
15665 14323
15666 14195
15667 14066
15668 14194
15669 14322
15670 13937
15671 13938
15672 13939
15673 13557
15674 13813
15675 13685
15676 13559
15677 13815
15678 13687
15679 13558
15680 13686
15681 13814
15682 14069
15683 14325
15684 14197
15685 14071
15686 14327
15687 14199
15688 14070
15689 14198
15690 14326
15691 13941
15692 13942
15693 13943
15694 13556
15695 13684
15696 13812
15697 14196
15698 13940
15699 14068
15700 14324
15701 13427
15702 13426
15703 13428
15704 13430
15705 13429
15706 13425
15707 13431
15708 12537
15709 12793
15710 12665
15711 12539
15712 12795
15713 12667
15714 12538
15715 12666
15716 12794
15717 13049
15718 13305
15719 13177
15720 13051
15721 13307
15722 13179
15723 13050
15724 13178
15725 13306
15726 12921
15727 12922
15728 12923
15729 12541
15730 12797
15731 12669
15732 12543
15733 12799
15734 12671
15735 12542
15736 12670
15737 12798
15738 13053
15739 13309
15740 13181
15741 13055
15742 13311
15743 13183
15744 13054
15745 13182
15746 13310
15747 12925
15748 12926
15749 12927
15750 12540
15751 12668
15752 12796
15753 13052
15754 13180
15755 12924
15756 13308
15757 13561
15758 13817
15759 13689
15760 13563
15761 13819
15762 13691
15763 13562
15764 13690
15765 13818
15766 14073
15767 14329
15768 14201
15769 14075
15770 14331
15771 14203
15772 14074
15773 14202
15774 14330
15775 13945
15776 13946
15777 13947
15778 13565
15779 13821
15780 13693
15781 13567
15782 13823
15783 13695
15784 13566
15785 13694
15786 13822
15787 14077
15788 14333
15789 14205
15790 14079
15791 14335
15792 14207
15793 14078
15794 14206
15795 14334
15796 13949
15797 13950
15798 13951
15799 13564
15800 13820
15801 13948
15802 13692
15803 14076
15804 14204
15805 14332
15806 13435
15807 13434
15808 13436
15809 13438
15810 13437
15811 13433
15812 13439
15813 13560
15814 12664
15815 13304
15816 13944
15817 12536
15818 13048
15819 13688
15820 12792
15821 14072
15822 13176
15823 12920
15824 14200
15825 13432
15826 13816
15827 14328
15828 14577
15829 14833
15830 14705
15831 14579
15832 14835
15833 14707
15834 14578
15835 14706
15836 14834
15837 15089
15838 15345
15839 15217
15840 15091
15841 15347
15842 15219
15843 15090
15844 15218
15845 15346
15846 14961
15847 14962
15848 14963
15849 14581
15850 14837
15851 14709
15852 14583
15853 14839
15854 14711
15855 14582
15856 14710
15857 14838
15858 15093
15859 15349
15860 15221
15861 15095
15862 15351
15863 15223
15864 15094
15865 15222
15866 15350
15867 14965
15868 14966
15869 14967
15870 14580
15871 14708
15872 14964
15873 14836
15874 15092
15875 15220
15876 15348
15877 15601
15878 15857
15879 15729
15880 15603
15881 15859
15882 15731
15883 15602
15884 15730
15885 15858
15886 16113
15887 16369
15888 16241
15889 16115
15890 16371
15891 16243
15892 16114
15893 16242
15894 16370
15895 15985
15896 15986
15897 15987
15898 15605
15899 15861
15900 15733
15901 15607
15902 15863
15903 15735
15904 15606
15905 15734
15906 15862
15907 16117
15908 16373
15909 16245
15910 16119
15911 16375
15912 16247
15913 16118
15914 16246
15915 16374
15916 15989
15917 15990
15918 15991
15919 15604
15920 15732
15921 15988
15922 16116
15923 16244
15924 15860
15925 16372
15926 15473
15927 15478
15928 15475
15929 15474
15930 15476
15931 15479
15932 15477
15933 14585
15934 14841
15935 14713
15936 14587
15937 14843
15938 14715
15939 14586
15940 14714
15941 14842
15942 15097
15943 15353
15944 15225
15945 15099
15946 15355
15947 15227
15948 15098
15949 15226
15950 15354
15951 14969
15952 14970
15953 14971
15954 14589
15955 14845
15956 14717
15957 14591
15958 14847
15959 14719
15960 14590
15961 14718
15962 14846
15963 15101
15964 15357
15965 15229
15966 15103
15967 15359
15968 15231
15969 15102
15970 15230
15971 15358
15972 14973
15973 14974
15974 14975
15975 15228
15976 14588
15977 14972
15978 15356
15979 14716
15980 15100
15981 14844
15982 15609
15983 15865
15984 15737
15985 15611
15986 15867
15987 15739
15988 15610
15989 15738
15990 15866
15991 16121
15992 16377
15993 16249
15994 16123
15995 16379
15996 16251
15997 16122
15998 16250
15999 16378
16000 15993
16001 15994
16002 15995
16003 15613
16004 15869
16005 15741
16006 15615
16007 15871
16008 15743
16009 15614
16010 15742
16011 15870
16012 16125
16013 16381
16014 16253
16015 16127
16016 16383
16017 16255
16018 16126
16019 16254
16020 16382
16021 15997
16022 15998
16023 15999
16024 16124
16025 15868
16026 16252
16027 15740
16028 15996
16029 16380
16030 15612
16031 15483
16032 15487
16033 15482
16034 15481
16035 15484
16036 15485
16037 15486
16038 15864
16039 15992
16040 14840
16041 16120
16042 15608
16043 14968
16044 14712
16045 14584
16046 15096
16047 16248
16048 15352
16049 15736
16050 16376
16051 15480
16052 15224
16053 14458
16054 14462
16055 14453
16056 14452
16057 14463
16058 14460
16059 14455
16060 14450
16061 14451
16062 14449
16063 14454
16064 14459
16065 14461
16066 14456
16067 14457
16068 13552
16069 12656
16070 15344
16071 15728
16072 12528
16073 15856
16074 13680
16075 14704
16076 14064
16077 15984
16078 13808
16079 16112
16080 13296
16081 16240
16082 14448
16083 14960
16084 16368
16085 13424
16086 13936
16087 12784
16088 14832
16089 15088
16090 13168
16091 14192
16092 14576
16093 13040
16094 14320
16095 12912
16096 15216
16097 15472
16098 15600
16099 12385
16100 12392
16101 12412
16102 12399
16103 12393
16104 12386
16105 12403
16106 12408
16107 12390
16108 12389
16109 12402
16110 12401
16111 12407
16112 12394
16113 12391
16114 12411
16115 12396
16116 12406
16117 12409
16118 12415
16119 12397
16120 12395
16121 12400
16122 12388
16123 12398
16124 12404
16125 12413
16126 12410
16127 12387
16128 12414
16129 12405
16130 16096
16131 16224
16132 11616
16133 12000
16134 11872
16135 16352
16136 10208
16137 13152
16138 10976
16139 11488
16140 9824
16141 12128
16142 12768
16143 9696
16144 10720
16145 12384
16146 13280
16147 14688
16148 10848
16149 13536
16150 14816
16151 9568
16152 13664
16153 11232
16154 14944
16155 8672
16156 13024
16157 15072
16158 9440
16159 12640
16160 13408
16161 13792
16162 9312
16163 9952
16164 15200
16165 10336
16166 9184
16167 15328
16168 10592
16169 9056
16170 14432
16171 13920
16172 11744
16173 11104
16174 10080
16175 8928
16176 15456
16177 12512
16178 15584
16179 8800
16180 15712
16181 15840
16182 14048
16183 14560
16184 8544
16185 15968
16186 8416
16187 12256
16188 14176
16189 11360
16190 10464
16191 14304
16192 12896
16193 8265
16194 8283
16195 8287
16196 8307
16197 8271
16198 8294
16199 8279
16200 8302
16201 8263
16202 8310
16203 8298
16204 8316
16205 8304
16206 8319
16207 8266
16208 8280
16209 8281
16210 8278
16211 8259
16212 8286
16213 8275
16214 8290
16215 8303
16216 8274
16217 8262
16218 8315
16219 8305
16220 8285
16221 8314
16222 8291
16223 8297
16224 8284
16225 8292
16226 8261
16227 8299
16228 8312
16229 8273
16230 8295
16231 8282
16232 8289
16233 8269
16234 8317
16235 8257
16236 8268
16237 8260
16238 8293
16239 8267
16240 8311
16241 8301
16242 8296
16243 8272
16244 8308
16245 8258
16246 8309
16247 8300
16248 8264
16249 8277
16250 8318
16251 8306
16252 8276
16253 8270
16254 8313
16255 8288
16256 64
16257 10688
16258 7616
16259 9152
16260 13376
16261 6464
16262 3008
16263 5312
16264 960
16265 13120
16266 3136
16267 15424
16268 192
16269 14400
16270 4672
16271 6080
16272 10304
16273 6848
16274 1856
16275 2496
16276 8256
16277 13632
16278 4160
16279 2368
16280 10560
16281 14656
16282 13888
16283 704
16284 10176
16285 2624
16286 4416
16287 1088
16288 9408
16289 12480
16290 320
16291 15296
16292 15936
16293 11584
16294 12608
16295 6592
16296 7360
16297 11072
16298 5696
16299 13248
16300 12736
16301 1728
16302 1216
16303 8896
16304 9024
16305 9536
16306 15040
16307 12352
16308 448
16309 13760
16310 5184
16311 8000
16312 3520
16313 16320
16314 4288
16315 9280
16316 9792
16317 2880
16318 10816
16319 12224
16320 9664
16321 10432
16322 5056
16323 8640
16324 11456
16325 7872
16326 14912
16327 13504
16328 5568
16329 2752
16330 8128
16331 6976
16332 12096
16333 3264
16334 4032
16335 8512
16336 6336
16337 1600
16338 8384
16339 15808
16340 11840
16341 5952
16342 1984
16343 14528
16344 4544
16345 8768
16346 576
16347 7744
16348 7104
16349 1472
16350 2240
16351 2112
16352 3776
16353 15680
16354 14144
16355 6208
16356 7488
16357 11328
16358 7232
16359 11200
16360 16192
16361 11712
16362 14272
16363 832
16364 10048
16365 3648
16366 3392
16367 4800
16368 11968
16369 14016
16370 10944
16371 14784
16372 12992
16373 15168
16374 5440
16375 1344
16376 6720
16377 16064
16378 5824
16379 12864
16380 15552
16381 9920
16382 3904
16383 4928
